t,label,cpu_pct_sum,rss_mb_sum,n_procs
1788950203.4239504,serverless_predictive_fixed:cyclical:0,0.0,36.62,1
1788950203.6261234,serverless_predictive_fixed:cyclical:0,4.9,36.62,1
1788950203.8284118,serverless_predictive_fixed:cyclical:0,0.0,36.62,1
1788950204.0307188,serverless_predictive_fixed:cyclical:0,0.0,36.62,1
1788950204.2330492,serverless_predictive_fixed:cyclical:0,0.0,36.62,1
1788950204.435142,serverless_predictive_fixed:cyclical:0,0.0,36.62,1
1788950204.6373203,serverless_predictive_fixed:cyclical:0,0.0,36.62,1
1788950204.8402596,serverless_predictive_fixed:cyclical:0,0.0,36.62,1
1788950205.0424635,serverless_predictive_fixed:cyclical:0,0.0,36.62,1
1788950205.2446852,serverless_predictive_fixed:cyclical:0,0.0,36.62,1
1788950205.4468408,serverless_predictive_fixed:cyclical:0,0.0,36.62,1
1788950205.649027,serverless_predictive_fixed:cyclical:0,0.0,36.62,1
1788950205.8513916,serverless_predictive_fixed:cyclical:0,0.0,36.62,1
1788950206.0538683,serverless_predictive_fixed:cyclical:0,0.0,36.62,1
1788950206.2560105,serverless_predictive_fixed:cyclical:0,0.0,36.62,1
1788950206.458044,serverless_predictive_fixed:cyclical:0,0.0,36.62,1
1788950206.6602795,serverless_predictive_fixed:cyclical:0,0.0,36.62,1
1788950206.8624039,serverless_predictive_fixed:cyclical:0,0.0,36.62,1
1788950207.0646834,serverless_predictive_fixed:cyclical:0,0.0,36.62,1
1788950207.266796,serverless_predictive_fixed:cyclical:0,0.0,36.62,1
1788950207.4689329,serverless_predictive_fixed:cyclical:0,0.0,36.62,1
1788950207.6709654,serverless_predictive_fixed:cyclical:0,0.0,36.62,1
1788950207.873084,serverless_predictive_fixed:cyclical:0,4.9,36.62,1
1788950208.075288,serverless_predictive_fixed:cyclical:0,0.0,36.62,1
1788950208.2773206,serverless_predictive_fixed:cyclical:0,0.0,36.62,1
1788950208.4796298,serverless_predictive_fixed:cyclical:0,0.0,36.62,1
1788950208.6818085,serverless_predictive_fixed:cyclical:0,0.0,36.62,1
1788950208.8838854,serverless_predictive_fixed:cyclical:0,0.0,36.62,1
1788950209.0865495,serverless_predictive_fixed:cyclical:0,0.0,36.62,1
1788950209.288768,serverless_predictive_fixed:cyclical:0,0.0,36.62,1
1788950209.490971,serverless_predictive_fixed:cyclical:0,0.0,36.62,1
1788950209.693016,serverless_predictive_fixed:cyclical:0,0.0,36.62,1
1788950209.895078,serverless_predictive_fixed:cyclical:0,0.0,36.62,1
1788950210.0971715,serverless_predictive_fixed:cyclical:0,0.0,36.62,1
1788950210.2992637,serverless_predictive_fixed:cyclical:0,0.0,36.62,1
1788950210.5014515,serverless_predictive_fixed:cyclical:0,0.0,36.62,1
1788950210.703537,serverless_predictive_fixed:cyclical:0,0.0,36.62,1
1788950210.9055283,serverless_predictive_fixed:cyclical:0,0.0,36.62,1
1788950211.1080582,serverless_predictive_fixed:cyclical:0,0.0,36.62,1
1788950211.3104527,serverless_predictive_fixed:cyclical:0,0.0,36.62,1
1788950211.512657,serverless_predictive_fixed:cyclical:0,0.0,36.62,1
1788950211.714697,serverless_predictive_fixed:cyclical:0,0.0,36.62,1
1788950211.9167855,serverless_predictive_fixed:cyclical:0,4.9,36.62,1
1788950212.1186514,serverless_predictive_fixed:cyclical:0,0.0,36.62,1
1788950212.3205934,serverless_predictive_fixed:cyclical:0,0.0,36.62,1
1788950212.522461,serverless_predictive_fixed:cyclical:0,0.0,36.62,1
1788950212.7247722,serverless_predictive_fixed:cyclical:0,0.0,36.62,1
1788950212.9266973,serverless_predictive_fixed:cyclical:0,0.0,36.62,1
1788950213.1287644,serverless_predictive_fixed:cyclical:0,0.0,36.62,1
1788950213.3360488,serverless_predictive_fixed:cyclical:0,4.8,64.6,4
1788950213.5439973,serverless_predictive_fixed:cyclical:0,177.9,116.05,4
1788950213.7513092,serverless_predictive_fixed:cyclical:0,207.5,143.52,4
1788950213.9575863,serverless_predictive_fixed:cyclical:0,189.0,152.12,4
1788950214.1607132,serverless_predictive_fixed:cyclical:0,192.0,164.43,4
1788950214.3630388,serverless_predictive_fixed:cyclical:0,29.6,164.83,4
1788950214.5655022,serverless_predictive_fixed:cyclical:0,0.0,164.83,4
1788950214.7680118,serverless_predictive_fixed:cyclical:0,0.0,164.83,4
1788950214.9704497,serverless_predictive_fixed:cyclical:0,0.0,164.83,4
1788950215.17277,serverless_predictive_fixed:cyclical:0,0.0,164.83,4
1788950215.3748817,serverless_predictive_fixed:cyclical:0,0.0,164.83,4
1788950215.577473,serverless_predictive_fixed:cyclical:0,0.0,164.83,4
1788950215.7799795,serverless_predictive_fixed:cyclical:0,0.0,164.83,4
1788950215.9821765,serverless_predictive_fixed:cyclical:0,0.0,164.83,4
1788950216.1851938,serverless_predictive_fixed:cyclical:0,0.0,164.83,4
1788950216.3874273,serverless_predictive_fixed:cyclical:0,0.0,164.83,4
1788950216.5896401,serverless_predictive_fixed:cyclical:0,0.0,164.83,4
1788950216.792341,serverless_predictive_fixed:cyclical:0,4.9,164.83,4
1788950216.9945,serverless_predictive_fixed:cyclical:0,0.0,164.83,4
1788950217.196723,serverless_predictive_fixed:cyclical:0,0.0,164.83,4
1788950217.3989613,serverless_predictive_fixed:cyclical:0,0.0,164.83,4
1788950217.601164,serverless_predictive_fixed:cyclical:0,0.0,164.83,4
1788950217.8035667,serverless_predictive_fixed:cyclical:0,0.0,164.83,4
1788950218.0074415,serverless_predictive_fixed:cyclical:0,0.0,164.83,4
1788950218.2102184,serverless_predictive_fixed:cyclical:0,4.9,164.83,4
1788950218.4129908,serverless_predictive_fixed:cyclical:0,0.0,164.83,4
1788950218.6170363,serverless_predictive_fixed:cyclical:0,0.0,164.83,4
1788950218.819274,serverless_predictive_fixed:cyclical:0,0.0,164.83,4
1788950219.0217135,serverless_predictive_fixed:cyclical:0,4.9,164.83,4
1788950219.2252507,serverless_predictive_fixed:cyclical:0,0.0,164.84,4
1788950219.4281366,serverless_predictive_fixed:cyclical:0,0.0,164.84,4
1788950219.6317387,serverless_predictive_fixed:cyclical:0,0.0,164.84,4
1788950219.834127,serverless_predictive_fixed:cyclical:0,0.0,164.84,4
1788950220.0364091,serverless_predictive_fixed:cyclical:0,4.9,164.84,4
1788950220.2394125,serverless_predictive_fixed:cyclical:0,4.9,164.84,4
1788950220.4422946,serverless_predictive_fixed:cyclical:0,0.0,164.84,4
1788950220.645952,serverless_predictive_fixed:cyclical:0,4.9,149.44,4
1788950220.8496852,serverless_predictive_fixed:cyclical:0,103.1,117.23,3
1788950221.053478,serverless_predictive_fixed:cyclical:0,58.9,79.75,2
1788950221.2555742,serverless_predictive_fixed:cyclical:0,0.0,79.75,2
1788950221.45753,serverless_predictive_fixed:cyclical:0,0.0,79.75,2
1788950221.6595917,serverless_predictive_fixed:cyclical:0,0.0,79.75,2
1788950221.8622162,serverless_predictive_fixed:cyclical:0,0.0,79.75,2
1788950222.0645528,serverless_predictive_fixed:cyclical:0,0.0,79.75,2
1788950222.2665412,serverless_predictive_fixed:cyclical:0,0.0,79.75,2
1788950222.4686947,serverless_predictive_fixed:cyclical:0,0.0,79.75,2
1788950222.67091,serverless_predictive_fixed:cyclical:0,9.8,127.03,4
1788950222.8740125,serverless_predictive_fixed:cyclical:0,192.0,152.99,4
1788950223.0769742,serverless_predictive_fixed:cyclical:0,157.6,164.98,4
1788950223.2791066,serverless_predictive_fixed:cyclical:0,9.8,164.98,4
1788950223.4812953,serverless_predictive_fixed:cyclical:0,4.9,164.98,4
1788950223.6838768,serverless_predictive_fixed:cyclical:0,0.0,164.98,4
1788950223.8862221,serverless_predictive_fixed:cyclical:0,0.0,164.98,4
1788950224.0892603,serverless_predictive_fixed:cyclical:0,0.0,164.98,4
1788950224.2918103,serverless_predictive_fixed:cyclical:0,0.0,164.98,4
1788950224.4944634,serverless_predictive_fixed:cyclical:0,0.0,164.98,4
1788950224.6971595,serverless_predictive_fixed:cyclical:0,0.0,164.98,4
1788950224.8996563,serverless_predictive_fixed:cyclical:0,0.0,164.98,4
1788950225.1020007,serverless_predictive_fixed:cyclical:0,0.0,164.98,4
1788950225.304428,serverless_predictive_fixed:cyclical:0,0.0,164.98,4
1788950225.5070426,serverless_predictive_fixed:cyclical:0,0.0,164.98,4
1788950225.7094004,serverless_predictive_fixed:cyclical:0,0.0,164.98,4
1788950225.911832,serverless_predictive_fixed:cyclical:0,0.0,164.98,4
1788950226.1141284,serverless_predictive_fixed:cyclical:0,0.0,164.98,4
1788950226.3166084,serverless_predictive_fixed:cyclical:0,0.0,164.98,4
1788950226.5189254,serverless_predictive_fixed:cyclical:0,0.0,164.98,4
1788950226.7215848,serverless_predictive_fixed:cyclical:0,0.0,164.98,4
1788950226.9239671,serverless_predictive_fixed:cyclical:0,4.9,164.98,4
1788950227.126304,serverless_predictive_fixed:cyclical:0,0.0,164.98,4
1788950227.328918,serverless_predictive_fixed:cyclical:0,0.0,164.98,4
1788950227.5314612,serverless_predictive_fixed:cyclical:0,4.9,164.98,4
1788950227.7339313,serverless_predictive_fixed:cyclical:0,0.0,164.98,4
1788950227.9363828,serverless_predictive_fixed:cyclical:0,0.0,164.98,4
1788950228.1388302,serverless_predictive_fixed:cyclical:0,0.0,164.98,4
1788950228.3413281,serverless_predictive_fixed:cyclical:0,0.0,164.98,4
1788950228.543704,serverless_predictive_fixed:cyclical:0,4.9,164.98,4
1788950228.7460482,serverless_predictive_fixed:cyclical:0,0.0,164.98,4
1788950228.9485123,serverless_predictive_fixed:cyclical:0,0.0,164.98,4
1788950229.1508765,serverless_predictive_fixed:cyclical:0,0.0,122.38,3
1788950229.3532588,serverless_predictive_fixed:cyclical:0,9.8,132.99,4
1788950229.5562599,serverless_predictive_fixed:cyclical:0,103.4,114.62,3
1788950229.7584379,serverless_predictive_fixed:cyclical:0,98.9,79.66,2
1788950229.9606042,serverless_predictive_fixed:cyclical:0,4.9,79.81,2
1788950230.162674,serverless_predictive_fixed:cyclical:0,0.0,79.81,2
1788950230.3657088,serverless_predictive_fixed:cyclical:0,4.9,79.81,2
1788950230.5681167,serverless_predictive_fixed:cyclical:0,0.0,79.81,2
1788950230.770643,serverless_predictive_fixed:cyclical:0,0.0,79.81,2
1788950230.973269,serverless_predictive_fixed:cyclical:0,0.0,79.81,2
1788950231.1755724,serverless_predictive_fixed:cyclical:0,0.0,79.81,2
1788950231.3778536,serverless_predictive_fixed:cyclical:0,0.0,79.81,2
1788950231.5800886,serverless_predictive_fixed:cyclical:0,0.0,79.81,2
1788950231.783165,serverless_predictive_fixed:cyclical:0,0.0,79.81,2
1788950231.9858458,serverless_predictive_fixed:cyclical:0,0.0,96.84,4
1788950232.1963696,serverless_predictive_fixed:cyclical:0,194.9,144.4,4
1788950232.4036024,serverless_predictive_fixed:cyclical:0,197.8,158.86,4
1788950232.6060596,serverless_predictive_fixed:cyclical:0,59.3,165.12,4
1788950232.808415,serverless_predictive_fixed:cyclical:0,4.9,165.12,4
1788950233.010494,serverless_predictive_fixed:cyclical:0,0.0,165.12,4
1788950233.2127879,serverless_predictive_fixed:cyclical:0,0.0,165.12,4
1788950233.4149823,serverless_predictive_fixed:cyclical:0,0.0,165.12,4
1788950233.6171062,serverless_predictive_fixed:cyclical:0,0.0,165.12,4
1788950233.8194675,serverless_predictive_fixed:cyclical:0,0.0,165.12,4
1788950234.0218892,serverless_predictive_fixed:cyclical:0,0.0,165.12,4
1788950234.224361,serverless_predictive_fixed:cyclical:0,0.0,165.12,4
1788950234.426492,serverless_predictive_fixed:cyclical:0,0.0,165.12,4
1788950234.6290567,serverless_predictive_fixed:cyclical:0,0.0,165.12,4
1788950234.831762,serverless_predictive_fixed:cyclical:0,0.0,165.12,4
1788950235.0342298,serverless_predictive_fixed:cyclical:0,0.0,165.12,4
1788950235.2364302,serverless_predictive_fixed:cyclical:0,4.9,165.12,4
1788950235.4388251,serverless_predictive_fixed:cyclical:0,0.0,165.12,4
1788950235.64141,serverless_predictive_fixed:cyclical:0,0.0,165.12,4
1788950235.8439124,serverless_predictive_fixed:cyclical:0,0.0,165.12,4
1788950236.0461571,serverless_predictive_fixed:cyclical:0,0.0,165.12,4
1788950236.248581,serverless_predictive_fixed:cyclical:0,0.0,165.12,4
1788950236.4510438,serverless_predictive_fixed:cyclical:0,9.8,165.12,4
1788950236.653077,serverless_predictive_fixed:cyclical:0,0.0,165.12,4
1788950236.855744,serverless_predictive_fixed:cyclical:0,0.0,165.12,4
1788950237.0584822,serverless_predictive_fixed:cyclical:0,0.0,165.12,4
1788950237.260737,serverless_predictive_fixed:cyclical:0,0.0,165.12,4
1788950237.463626,serverless_predictive_fixed:cyclical:0,0.0,165.12,4
1788950237.6657946,serverless_predictive_fixed:cyclical:0,0.0,165.12,4
1788950237.8681607,serverless_predictive_fixed:cyclical:0,0.0,165.12,4
1788950238.0704048,serverless_predictive_fixed:cyclical:0,0.0,165.12,4
1788950238.272615,serverless_predictive_fixed:cyclical:0,4.9,165.12,4
1788950238.4752915,serverless_predictive_fixed:cyclical:0,0.0,165.12,4
1788950238.6774714,serverless_predictive_fixed:cyclical:0,0.0,122.55,3
1788950238.8801873,serverless_predictive_fixed:cyclical:0,4.9,140.98,4
1788950239.0821342,serverless_predictive_fixed:cyclical:0,99.0,73.93,2
1788950239.2841253,serverless_predictive_fixed:cyclical:0,89.1,79.92,2
1788950239.486461,serverless_predictive_fixed:cyclical:0,0.0,79.92,2
1788950239.689122,serverless_predictive_fixed:cyclical:0,0.0,79.92,2
1788950239.8911,serverless_predictive_fixed:cyclical:0,0.0,79.92,2
1788950240.0936394,serverless_predictive_fixed:cyclical:0,0.0,79.92,2
1788950240.2960641,serverless_predictive_fixed:cyclical:0,0.0,79.92,2
1788950240.4980676,serverless_predictive_fixed:cyclical:0,0.0,79.92,2
1788950240.700233,serverless_predictive_fixed:cyclical:0,0.0,79.92,2
1788950240.9022067,serverless_predictive_fixed:cyclical:0,0.0,79.92,2
1788950241.105347,serverless_predictive_fixed:cyclical:0,14.8,126.61,4
1788950241.311799,serverless_predictive_fixed:cyclical:0,188.8,153.25,4
1788950241.5146022,serverless_predictive_fixed:cyclical:0,138.0,165.18,4
1788950241.7169268,serverless_predictive_fixed:cyclical:0,0.0,165.18,4
1788950241.9192677,serverless_predictive_fixed:cyclical:0,0.0,165.18,4
1788950242.1217275,serverless_predictive_fixed:cyclical:0,0.0,165.18,4
1788950242.3240077,serverless_predictive_fixed:cyclical:0,0.0,165.18,4
1788950242.526672,serverless_predictive_fixed:cyclical:0,4.9,165.18,4
1788950242.7296093,serverless_predictive_fixed:cyclical:0,0.0,165.18,4
1788950242.9321072,serverless_predictive_fixed:cyclical:0,0.0,165.18,4
1788950243.134316,serverless_predictive_fixed:cyclical:0,0.0,165.18,4
1788950243.3365467,serverless_predictive_fixed:cyclical:0,0.0,165.18,4
1788950243.538683,serverless_predictive_fixed:cyclical:0,0.0,165.18,4
1788950243.7414284,serverless_predictive_fixed:cyclical:0,4.9,165.18,4
1788950243.9444222,serverless_predictive_fixed:cyclical:0,0.0,165.18,4
1788950244.1465778,serverless_predictive_fixed:cyclical:0,0.0,165.18,4
1788950244.348784,serverless_predictive_fixed:cyclical:0,0.0,165.18,4
1788950244.5511425,serverless_predictive_fixed:cyclical:0,0.0,165.18,4
1788950244.753372,serverless_predictive_fixed:cyclical:0,4.9,165.18,4
1788950244.9556017,serverless_predictive_fixed:cyclical:0,0.0,165.18,4
1788950245.1576662,serverless_predictive_fixed:cyclical:0,0.0,165.18,4
1788950245.3599694,serverless_predictive_fixed:cyclical:0,0.0,165.18,4
1788950245.5621068,serverless_predictive_fixed:cyclical:0,4.9,165.18,4
1788950245.7641766,serverless_predictive_fixed:cyclical:0,0.0,165.18,4
1788950245.967388,serverless_predictive_fixed:cyclical:0,0.0,165.18,4
1788950246.1694906,serverless_predictive_fixed:cyclical:0,0.0,165.18,4
1788950246.3716443,serverless_predictive_fixed:cyclical:0,0.0,165.18,4
1788950246.5742238,serverless_predictive_fixed:cyclical:0,4.9,165.18,4
1788950246.7765942,serverless_predictive_fixed:cyclical:0,0.0,165.18,4
1788950246.9799116,serverless_predictive_fixed:cyclical:0,0.0,165.18,4
1788950247.182164,serverless_predictive_fixed:cyclical:0,0.0,165.18,4
1788950247.3854227,serverless_predictive_fixed:cyclical:0,4.9,165.18,4
1788950247.5881255,serverless_predictive_fixed:cyclical:0,0.0,122.53,3
1788950247.7907536,serverless_predictive_fixed:cyclical:0,0.0,128.75,4
1788950247.9929342,serverless_predictive_fixed:cyclical:0,98.9,113.26,3
1788950248.1948504,serverless_predictive_fixed:cyclical:0,109.0,78.15,2
1788950248.396857,serverless_predictive_fixed:cyclical:0,9.9,79.85,2
1788950248.5994456,serverless_predictive_fixed:cyclical:0,0.0,79.85,2
1788950248.802226,serverless_predictive_fixed:cyclical:0,0.0,79.85,2
1788950249.0043077,serverless_predictive_fixed:cyclical:0,0.0,79.85,2
1788950249.2062764,serverless_predictive_fixed:cyclical:0,0.0,79.85,2
1788950249.4083111,serverless_predictive_fixed:cyclical:0,4.9,79.85,2
1788950249.610666,serverless_predictive_fixed:cyclical:0,0.0,79.85,2
1788950249.8127055,serverless_predictive_fixed:cyclical:0,0.0,79.85,2
1788950250.0146613,serverless_predictive_fixed:cyclical:0,0.0,79.85,2
1788950250.2171884,serverless_predictive_fixed:cyclical:0,0.0,79.85,2
1788950250.420355,serverless_predictive_fixed:cyclical:0,0.0,79.85,2
1788950250.6227353,serverless_predictive_fixed:cyclical:0,0.0,79.85,2
1788950250.8249302,serverless_predictive_fixed:cyclical:0,0.0,79.85,2
1788950251.028176,serverless_predictive_fixed:cyclical:0,0.0,79.85,2
1788950251.2302585,serverless_predictive_fixed:cyclical:0,0.0,79.85,2
1788950251.4328463,serverless_predictive_fixed:cyclical:0,14.8,133.66,4
1788950251.6351666,serverless_predictive_fixed:cyclical:0,197.7,154.08,4
1788950252.5849206,serverless_predictive_fixed:cyclical:1,0.0,36.71,1
1788950252.7869184,serverless_predictive_fixed:cyclical:1,0.0,36.71,1
1788950252.9890902,serverless_predictive_fixed:cyclical:1,0.0,36.71,1
1788950253.1910377,serverless_predictive_fixed:cyclical:1,0.0,36.71,1
1788950253.3930418,serverless_predictive_fixed:cyclical:1,0.0,36.71,1
1788950253.5955658,serverless_predictive_fixed:cyclical:1,0.0,36.71,1
1788950253.797538,serverless_predictive_fixed:cyclical:1,0.0,36.71,1
1788950253.999723,serverless_predictive_fixed:cyclical:1,0.0,36.71,1
1788950254.2018306,serverless_predictive_fixed:cyclical:1,0.0,36.71,1
1788950254.403855,serverless_predictive_fixed:cyclical:1,0.0,36.71,1
1788950254.6058614,serverless_predictive_fixed:cyclical:1,0.0,36.71,1
1788950254.8078458,serverless_predictive_fixed:cyclical:1,0.0,36.71,1
1788950255.0097473,serverless_predictive_fixed:cyclical:1,0.0,36.71,1
1788950255.2119455,serverless_predictive_fixed:cyclical:1,0.0,36.71,1
1788950255.4139686,serverless_predictive_fixed:cyclical:1,0.0,36.71,1
1788950255.616042,serverless_predictive_fixed:cyclical:1,0.0,36.71,1
1788950255.8183093,serverless_predictive_fixed:cyclical:1,0.0,36.71,1
1788950256.0203075,serverless_predictive_fixed:cyclical:1,0.0,36.71,1
1788950256.2223532,serverless_predictive_fixed:cyclical:1,4.9,36.71,1
1788950256.4245787,serverless_predictive_fixed:cyclical:1,0.0,36.71,1
1788950256.626628,serverless_predictive_fixed:cyclical:1,0.0,36.71,1
1788950256.828845,serverless_predictive_fixed:cyclical:1,0.0,36.71,1
1788950257.0307775,serverless_predictive_fixed:cyclical:1,0.0,36.71,1
1788950257.232821,serverless_predictive_fixed:cyclical:1,4.9,36.71,1
1788950257.4348683,serverless_predictive_fixed:cyclical:1,0.0,36.71,1
1788950257.6368947,serverless_predictive_fixed:cyclical:1,0.0,36.71,1
1788950257.8388057,serverless_predictive_fixed:cyclical:1,0.0,36.71,1
1788950258.0408115,serverless_predictive_fixed:cyclical:1,0.0,36.71,1
1788950258.2427402,serverless_predictive_fixed:cyclical:1,0.0,36.71,1
1788950258.4448493,serverless_predictive_fixed:cyclical:1,0.0,36.71,1
1788950258.6469371,serverless_predictive_fixed:cyclical:1,0.0,36.71,1
1788950258.8491209,serverless_predictive_fixed:cyclical:1,0.0,36.71,1
1788950259.0510674,serverless_predictive_fixed:cyclical:1,0.0,36.71,1
1788950259.25363,serverless_predictive_fixed:cyclical:1,0.0,36.71,1
1788950259.455713,serverless_predictive_fixed:cyclical:1,0.0,36.71,1
1788950259.6578074,serverless_predictive_fixed:cyclical:1,0.0,36.71,1
1788950259.8598666,serverless_predictive_fixed:cyclical:1,0.0,36.71,1
1788950260.0618744,serverless_predictive_fixed:cyclical:1,0.0,36.71,1
1788950260.263953,serverless_predictive_fixed:cyclical:1,0.0,36.71,1
1788950260.466152,serverless_predictive_fixed:cyclical:1,0.0,36.71,1
1788950260.66838,serverless_predictive_fixed:cyclical:1,0.0,36.71,1
1788950260.8704524,serverless_predictive_fixed:cyclical:1,0.0,36.71,1
1788950261.0801148,serverless_predictive_fixed:cyclical:1,14.3,109.67,4
1788950261.284024,serverless_predictive_fixed:cyclical:1,196.2,137.41,4
1788950261.489084,serverless_predictive_fixed:cyclical:1,195.1,152.08,4
1788950261.6930807,serverless_predictive_fixed:cyclical:1,156.8,164.86,4
1788950261.896191,serverless_predictive_fixed:cyclical:1,4.9,164.93,4
1788950262.098526,serverless_predictive_fixed:cyclical:1,0.0,164.93,4
1788950262.3013685,serverless_predictive_fixed:cyclical:1,0.0,164.93,4
1788950262.5048728,serverless_predictive_fixed:cyclical:1,0.0,164.93,4
1788950262.7074082,serverless_predictive_fixed:cyclical:1,0.0,164.93,4
1788950262.9098737,serverless_predictive_fixed:cyclical:1,0.0,164.93,4
1788950263.1127727,serverless_predictive_fixed:cyclical:1,0.0,164.93,4
1788950263.3154209,serverless_predictive_fixed:cyclical:1,0.0,164.93,4
1788950263.5179021,serverless_predictive_fixed:cyclical:1,4.9,164.93,4
1788950263.7211814,serverless_predictive_fixed:cyclical:1,4.9,164.93,4
1788950263.9236248,serverless_predictive_fixed:cyclical:1,0.0,164.93,4
1788950264.1259422,serverless_predictive_fixed:cyclical:1,0.0,164.93,4
1788950264.3287475,serverless_predictive_fixed:cyclical:1,0.0,164.93,4
1788950264.5313404,serverless_predictive_fixed:cyclical:1,9.8,164.93,4
1788950264.7336612,serverless_predictive_fixed:cyclical:1,0.0,164.93,4
1788950264.9362886,serverless_predictive_fixed:cyclical:1,4.9,164.93,4
1788950265.1387763,serverless_predictive_fixed:cyclical:1,0.0,164.93,4
1788950265.341272,serverless_predictive_fixed:cyclical:1,0.0,164.93,4
1788950265.5438135,serverless_predictive_fixed:cyclical:1,0.0,164.93,4
1788950265.7475445,serverless_predictive_fixed:cyclical:1,0.0,164.93,4
1788950265.9501543,serverless_predictive_fixed:cyclical:1,0.0,164.93,4
1788950266.152781,serverless_predictive_fixed:cyclical:1,0.0,164.93,4
1788950266.3551083,serverless_predictive_fixed:cyclical:1,0.0,164.93,4
1788950266.5577798,serverless_predictive_fixed:cyclical:1,0.0,164.93,4
1788950266.7603936,serverless_predictive_fixed:cyclical:1,0.0,164.93,4
1788950266.9628096,serverless_predictive_fixed:cyclical:1,0.0,164.93,4
1788950267.165467,serverless_predictive_fixed:cyclical:1,4.9,164.93,4
1788950267.3679707,serverless_predictive_fixed:cyclical:1,0.0,164.93,4
1788950267.5703826,serverless_predictive_fixed:cyclical:1,0.0,164.93,4
1788950267.7730362,serverless_predictive_fixed:cyclical:1,0.0,164.93,4
1788950267.975684,serverless_predictive_fixed:cyclical:1,0.0,182.64,5
1788950268.178032,serverless_predictive_fixed:cyclical:1,98.8,158.06,4
1788950268.3805156,serverless_predictive_fixed:cyclical:1,98.7,122.21,3
1788950268.58268,serverless_predictive_fixed:cyclical:1,4.9,79.8,2
1788950268.784892,serverless_predictive_fixed:cyclical:1,0.0,79.8,2
1788950268.9872825,serverless_predictive_fixed:cyclical:1,0.0,79.8,2
1788950269.1894155,serverless_predictive_fixed:cyclical:1,0.0,79.8,2
1788950269.391523,serverless_predictive_fixed:cyclical:1,0.0,79.8,2
1788950269.5935822,serverless_predictive_fixed:cyclical:1,0.0,79.8,2
1788950269.7957535,serverless_predictive_fixed:cyclical:1,0.0,79.8,2
1788950269.9977882,serverless_predictive_fixed:cyclical:1,0.0,79.8,2
1788950270.2000384,serverless_predictive_fixed:cyclical:1,0.0,79.8,2
1788950270.4021463,serverless_predictive_fixed:cyclical:1,0.0,79.8,2
1788950270.6043446,serverless_predictive_fixed:cyclical:1,0.0,79.8,2
1788950270.8064322,serverless_predictive_fixed:cyclical:1,0.0,79.8,2
1788950271.008711,serverless_predictive_fixed:cyclical:1,0.0,79.8,2
1788950271.2111506,serverless_predictive_fixed:cyclical:1,14.8,126.63,4
1788950271.4140048,serverless_predictive_fixed:cyclical:1,202.1,153.08,4
1788950271.61773,serverless_predictive_fixed:cyclical:1,132.5,165.05,4
1788950271.820094,serverless_predictive_fixed:cyclical:1,0.0,165.05,4
1788950272.0223782,serverless_predictive_fixed:cyclical:1,0.0,165.05,4
1788950272.2248006,serverless_predictive_fixed:cyclical:1,0.0,165.05,4
1788950272.4271386,serverless_predictive_fixed:cyclical:1,0.0,165.05,4
1788950272.629569,serverless_predictive_fixed:cyclical:1,0.0,165.05,4
1788950272.8320024,serverless_predictive_fixed:cyclical:1,0.0,165.05,4
1788950273.0345213,serverless_predictive_fixed:cyclical:1,4.9,165.05,4
1788950273.2369506,serverless_predictive_fixed:cyclical:1,9.8,165.05,4
1788950273.4395561,serverless_predictive_fixed:cyclical:1,0.0,165.05,4
1788950273.6417933,serverless_predictive_fixed:cyclical:1,0.0,165.05,4
1788950273.844887,serverless_predictive_fixed:cyclical:1,0.0,165.05,4
1788950274.047441,serverless_predictive_fixed:cyclical:1,0.0,165.05,4
1788950274.24986,serverless_predictive_fixed:cyclical:1,0.0,165.05,4
1788950274.4522598,serverless_predictive_fixed:cyclical:1,0.0,165.05,4
1788950274.6547866,serverless_predictive_fixed:cyclical:1,0.0,165.05,4
1788950274.8574991,serverless_predictive_fixed:cyclical:1,0.0,165.05,4
1788950275.0599008,serverless_predictive_fixed:cyclical:1,0.0,165.05,4
1788950275.262229,serverless_predictive_fixed:cyclical:1,0.0,165.05,4
1788950275.4647532,serverless_predictive_fixed:cyclical:1,0.0,165.05,4
1788950275.6677978,serverless_predictive_fixed:cyclical:1,0.0,165.05,4
1788950275.8700898,serverless_predictive_fixed:cyclical:1,0.0,165.05,4
1788950276.072664,serverless_predictive_fixed:cyclical:1,0.0,165.05,4
1788950276.2752423,serverless_predictive_fixed:cyclical:1,0.0,165.05,4
1788950276.4777162,serverless_predictive_fixed:cyclical:1,0.0,165.05,4
1788950276.6801918,serverless_predictive_fixed:cyclical:1,0.0,165.05,4
1788950276.8826203,serverless_predictive_fixed:cyclical:1,9.8,165.05,4
1788950277.0851626,serverless_predictive_fixed:cyclical:1,4.9,165.05,4
1788950277.2879214,serverless_predictive_fixed:cyclical:1,0.0,165.05,4
1788950277.490255,serverless_predictive_fixed:cyclical:1,0.0,122.5,3
1788950277.6927068,serverless_predictive_fixed:cyclical:1,4.9,122.5,3
1788950277.8950708,serverless_predictive_fixed:cyclical:1,9.8,61.55,3
1788950278.0977488,serverless_predictive_fixed:cyclical:1,103.6,73.91,2
1788950278.299945,serverless_predictive_fixed:cyclical:1,69.2,79.82,2
1788950278.501887,serverless_predictive_fixed:cyclical:1,0.0,79.82,2
1788950278.7039104,serverless_predictive_fixed:cyclical:1,0.0,79.82,2
1788950278.907399,serverless_predictive_fixed:cyclical:1,0.0,79.82,2
1788950279.1098185,serverless_predictive_fixed:cyclical:1,0.0,79.82,2
1788950279.3120766,serverless_predictive_fixed:cyclical:1,0.0,79.82,2
1788950279.514062,serverless_predictive_fixed:cyclical:1,0.0,79.82,2
1788950279.7160888,serverless_predictive_fixed:cyclical:1,0.0,79.82,2
1788950279.9186277,serverless_predictive_fixed:cyclical:1,9.8,106.77,4
1788950280.1207523,serverless_predictive_fixed:cyclical:1,192.9,147.56,4
1788950280.3239942,serverless_predictive_fixed:cyclical:1,192.2,161.71,4
1788950280.5261595,serverless_predictive_fixed:cyclical:1,29.6,164.93,4
1788950280.72847,serverless_predictive_fixed:cyclical:1,0.0,164.93,4
1788950280.9306898,serverless_predictive_fixed:cyclical:1,0.0,164.93,4
1788950281.133483,serverless_predictive_fixed:cyclical:1,0.0,164.93,4
1788950281.336085,serverless_predictive_fixed:cyclical:1,0.0,164.93,4
1788950281.5384452,serverless_predictive_fixed:cyclical:1,0.0,164.93,4
1788950281.7408092,serverless_predictive_fixed:cyclical:1,0.0,164.93,4
1788950281.9431615,serverless_predictive_fixed:cyclical:1,4.9,164.93,4
1788950282.1455367,serverless_predictive_fixed:cyclical:1,0.0,164.93,4
1788950282.34785,serverless_predictive_fixed:cyclical:1,4.9,164.93,4
1788950282.5503163,serverless_predictive_fixed:cyclical:1,0.0,164.93,4
1788950282.753007,serverless_predictive_fixed:cyclical:1,0.0,164.93,4
1788950282.9558406,serverless_predictive_fixed:cyclical:1,4.9,164.93,4
1788950283.1638196,serverless_predictive_fixed:cyclical:1,0.0,164.93,4
1788950283.3663805,serverless_predictive_fixed:cyclical:1,0.0,164.93,4
1788950283.5686324,serverless_predictive_fixed:cyclical:1,0.0,164.93,4
1788950283.7715776,serverless_predictive_fixed:cyclical:1,0.0,164.93,4
1788950283.9742022,serverless_predictive_fixed:cyclical:1,0.0,164.93,4
1788950284.178002,serverless_predictive_fixed:cyclical:1,4.9,164.93,4
1788950284.3818402,serverless_predictive_fixed:cyclical:1,0.0,164.93,4
1788950284.584547,serverless_predictive_fixed:cyclical:1,0.0,164.93,4
1788950284.7873883,serverless_predictive_fixed:cyclical:1,0.0,164.93,4
1788950284.9897997,serverless_predictive_fixed:cyclical:1,4.9,164.93,4
1788950285.1922626,serverless_predictive_fixed:cyclical:1,0.0,164.93,4
1788950285.3947918,serverless_predictive_fixed:cyclical:1,0.0,164.93,4
1788950285.5972416,serverless_predictive_fixed:cyclical:1,0.0,164.93,4
1788950285.799714,serverless_predictive_fixed:cyclical:1,0.0,164.93,4
1788950286.0020497,serverless_predictive_fixed:cyclical:1,0.0,164.93,4
1788950286.204467,serverless_predictive_fixed:cyclical:1,4.9,164.93,4
1788950286.4070525,serverless_predictive_fixed:cyclical:1,4.9,122.41,3
1788950286.6098592,serverless_predictive_fixed:cyclical:1,0.0,122.41,3
1788950286.8126023,serverless_predictive_fixed:cyclical:1,4.9,149.28,4
1788950287.0150905,serverless_predictive_fixed:cyclical:1,103.7,116.63,3
1788950287.2171857,serverless_predictive_fixed:cyclical:1,69.2,80.06,2
1788950287.4195259,serverless_predictive_fixed:cyclical:1,0.0,80.06,2
1788950287.621809,serverless_predictive_fixed:cyclical:1,0.0,80.06,2
1788950287.8253021,serverless_predictive_fixed:cyclical:1,0.0,80.06,2
1788950288.0289302,serverless_predictive_fixed:cyclical:1,0.0,80.06,2
1788950288.2314441,serverless_predictive_fixed:cyclical:1,0.0,80.06,2
1788950288.4348862,serverless_predictive_fixed:cyclical:1,0.0,80.06,2
1788950288.6383967,serverless_predictive_fixed:cyclical:1,0.0,80.06,2
1788950288.8444574,serverless_predictive_fixed:cyclical:1,14.6,120.46,4
1788950289.0517938,serverless_predictive_fixed:cyclical:1,197.6,151.81,4
1788950289.2544339,serverless_predictive_fixed:cyclical:1,172.7,162.02,4
1788950289.4588213,serverless_predictive_fixed:cyclical:1,29.4,165.24,4
1788950289.662113,serverless_predictive_fixed:cyclical:1,4.9,165.24,4
1788950289.8646204,serverless_predictive_fixed:cyclical:1,0.0,165.24,4
1788950290.0670803,serverless_predictive_fixed:cyclical:1,0.0,165.24,4
1788950290.2693703,serverless_predictive_fixed:cyclical:1,0.0,165.24,4
1788950290.4721813,serverless_predictive_fixed:cyclical:1,0.0,165.24,4
1788950290.6756418,serverless_predictive_fixed:cyclical:1,0.0,165.24,4
1788950290.8779902,serverless_predictive_fixed:cyclical:1,0.0,165.24,4
1788950291.0811262,serverless_predictive_fixed:cyclical:1,0.0,165.24,4
1788950291.2839398,serverless_predictive_fixed:cyclical:1,0.0,165.24,4
1788950291.4863086,serverless_predictive_fixed:cyclical:1,0.0,165.24,4
1788950291.6888123,serverless_predictive_fixed:cyclical:1,0.0,165.24,4
1788950291.8911753,serverless_predictive_fixed:cyclical:1,0.0,165.24,4
1788950292.0935762,serverless_predictive_fixed:cyclical:1,0.0,165.24,4
1788950292.296101,serverless_predictive_fixed:cyclical:1,4.9,165.24,4
1788950292.4989555,serverless_predictive_fixed:cyclical:1,0.0,165.24,4
1788950292.7014263,serverless_predictive_fixed:cyclical:1,0.0,165.24,4
1788950292.9038866,serverless_predictive_fixed:cyclical:1,0.0,165.24,4
1788950293.1063955,serverless_predictive_fixed:cyclical:1,4.9,165.24,4
1788950293.3088734,serverless_predictive_fixed:cyclical:1,0.0,165.24,4
1788950293.511893,serverless_predictive_fixed:cyclical:1,0.0,165.24,4
1788950293.71446,serverless_predictive_fixed:cyclical:1,4.9,165.24,4
1788950293.9170322,serverless_predictive_fixed:cyclical:1,0.0,165.24,4
1788950294.119418,serverless_predictive_fixed:cyclical:1,0.0,165.24,4
1788950294.3215988,serverless_predictive_fixed:cyclical:1,4.9,165.24,4
1788950294.5239952,serverless_predictive_fixed:cyclical:1,0.0,165.24,4
1788950294.726083,serverless_predictive_fixed:cyclical:1,0.0,165.24,4
1788950294.9307063,serverless_predictive_fixed:cyclical:1,0.0,165.24,4
1788950295.132911,serverless_predictive_fixed:cyclical:1,0.0,165.24,4
1788950295.3354025,serverless_predictive_fixed:cyclical:1,0.0,122.51,3
1788950295.537613,serverless_predictive_fixed:cyclical:1,0.0,122.51,3
1788950295.7398279,serverless_predictive_fixed:cyclical:1,4.9,149.43,4
1788950295.9421833,serverless_predictive_fixed:cyclical:1,113.6,75.03,3
1788950296.1444764,serverless_predictive_fixed:cyclical:1,44.5,79.9,2
1788950296.3464234,serverless_predictive_fixed:cyclical:1,0.0,79.9,2
1788950296.5486748,serverless_predictive_fixed:cyclical:1,0.0,79.9,2
1788950296.7505999,serverless_predictive_fixed:cyclical:1,0.0,79.9,2
1788950296.9528396,serverless_predictive_fixed:cyclical:1,0.0,79.9,2
1788950297.155423,serverless_predictive_fixed:cyclical:1,4.9,79.9,2
1788950297.357429,serverless_predictive_fixed:cyclical:1,0.0,79.9,2
1788950297.5649655,serverless_predictive_fixed:cyclical:1,4.8,115.05,4
1788950297.769061,serverless_predictive_fixed:cyclical:1,122.5,138.56,4
1788950297.9711342,serverless_predictive_fixed:cyclical:1,188.0,155.53,4
1788950298.9000652,serverless_predictive_fixed:cyclical:2,0.0,36.74,1
1788950299.1021752,serverless_predictive_fixed:cyclical:2,0.0,36.74,1
1788950299.3042324,serverless_predictive_fixed:cyclical:2,0.0,36.74,1
1788950299.5075474,serverless_predictive_fixed:cyclical:2,0.0,36.74,1
1788950299.7099924,serverless_predictive_fixed:cyclical:2,0.0,36.74,1
1788950299.9120793,serverless_predictive_fixed:cyclical:2,0.0,36.74,1
1788950300.113971,serverless_predictive_fixed:cyclical:2,0.0,36.74,1
1788950300.3162832,serverless_predictive_fixed:cyclical:2,0.0,36.74,1
1788950300.518126,serverless_predictive_fixed:cyclical:2,0.0,36.74,1
1788950300.7202985,serverless_predictive_fixed:cyclical:2,0.0,36.74,1
1788950300.922132,serverless_predictive_fixed:cyclical:2,0.0,36.74,1
1788950301.1244226,serverless_predictive_fixed:cyclical:2,0.0,36.74,1
1788950301.3266358,serverless_predictive_fixed:cyclical:2,0.0,36.74,1
1788950301.5287883,serverless_predictive_fixed:cyclical:2,0.0,36.74,1
1788950301.730824,serverless_predictive_fixed:cyclical:2,0.0,36.74,1
1788950301.932994,serverless_predictive_fixed:cyclical:2,4.9,36.74,1
1788950302.1351006,serverless_predictive_fixed:cyclical:2,0.0,36.74,1
1788950302.3371506,serverless_predictive_fixed:cyclical:2,0.0,36.74,1
1788950302.53931,serverless_predictive_fixed:cyclical:2,0.0,36.74,1
1788950302.741677,serverless_predictive_fixed:cyclical:2,0.0,36.74,1
1788950302.9437013,serverless_predictive_fixed:cyclical:2,0.0,36.74,1
1788950303.1454957,serverless_predictive_fixed:cyclical:2,0.0,36.74,1
1788950303.34753,serverless_predictive_fixed:cyclical:2,0.0,36.74,1
1788950303.549905,serverless_predictive_fixed:cyclical:2,0.0,36.74,1
1788950303.7520604,serverless_predictive_fixed:cyclical:2,0.0,36.74,1
1788950303.9541147,serverless_predictive_fixed:cyclical:2,0.0,36.74,1
1788950304.1560333,serverless_predictive_fixed:cyclical:2,0.0,36.74,1
1788950304.3579097,serverless_predictive_fixed:cyclical:2,0.0,36.74,1
1788950304.560278,serverless_predictive_fixed:cyclical:2,0.0,36.74,1
1788950304.762728,serverless_predictive_fixed:cyclical:2,0.0,36.74,1
1788950304.9646745,serverless_predictive_fixed:cyclical:2,0.0,36.74,1
1788950305.1665418,serverless_predictive_fixed:cyclical:2,0.0,36.74,1
1788950305.368546,serverless_predictive_fixed:cyclical:2,0.0,36.74,1
1788950305.570449,serverless_predictive_fixed:cyclical:2,0.0,36.74,1
1788950305.7723682,serverless_predictive_fixed:cyclical:2,5.0,36.74,1
1788950305.9741778,serverless_predictive_fixed:cyclical:2,0.0,36.74,1
1788950306.1761405,serverless_predictive_fixed:cyclical:2,0.0,36.74,1
1788950306.3780007,serverless_predictive_fixed:cyclical:2,0.0,36.74,1
1788950306.5802138,serverless_predictive_fixed:cyclical:2,0.0,36.74,1
1788950306.7821214,serverless_predictive_fixed:cyclical:2,0.0,36.74,1
1788950306.9841008,serverless_predictive_fixed:cyclical:2,0.0,36.74,1
1788950307.186006,serverless_predictive_fixed:cyclical:2,0.0,36.74,1
1788950307.3879354,serverless_predictive_fixed:cyclical:2,0.0,36.74,1
1788950307.5898087,serverless_predictive_fixed:cyclical:2,0.0,36.74,1
1788950307.79171,serverless_predictive_fixed:cyclical:2,0.0,36.74,1
1788950307.9941623,serverless_predictive_fixed:cyclical:2,0.0,36.74,1
1788950308.1960282,serverless_predictive_fixed:cyclical:2,0.0,36.74,1
1788950308.3979104,serverless_predictive_fixed:cyclical:2,0.0,36.74,1
1788950308.5999684,serverless_predictive_fixed:cyclical:2,0.0,36.74,1
1788950308.8051083,serverless_predictive_fixed:cyclical:2,9.8,113.77,4
1788950309.0071108,serverless_predictive_fixed:cyclical:2,188.3,143.25,4
1788950309.2169359,serverless_predictive_fixed:cyclical:2,204.9,155.59,4
1788950309.41944,serverless_predictive_fixed:cyclical:2,88.9,164.91,4
1788950309.6215615,serverless_predictive_fixed:cyclical:2,0.0,164.91,4
1788950309.8238492,serverless_predictive_fixed:cyclical:2,9.8,164.91,4
1788950310.026465,serverless_predictive_fixed:cyclical:2,0.0,164.91,4
1788950310.228642,serverless_predictive_fixed:cyclical:2,0.0,164.91,4
1788950310.4308043,serverless_predictive_fixed:cyclical:2,0.0,164.91,4
1788950310.6329994,serverless_predictive_fixed:cyclical:2,0.0,164.91,4
1788950310.8353946,serverless_predictive_fixed:cyclical:2,0.0,164.91,4
1788950311.0386975,serverless_predictive_fixed:cyclical:2,4.9,164.91,4
1788950311.240847,serverless_predictive_fixed:cyclical:2,0.0,164.91,4
1788950311.442958,serverless_predictive_fixed:cyclical:2,0.0,164.91,4
1788950311.6451814,serverless_predictive_fixed:cyclical:2,0.0,164.91,4
1788950311.8484046,serverless_predictive_fixed:cyclical:2,4.9,164.91,4
1788950312.0506968,serverless_predictive_fixed:cyclical:2,0.0,164.91,4
1788950312.2536056,serverless_predictive_fixed:cyclical:2,0.0,164.91,4
1788950312.4559908,serverless_predictive_fixed:cyclical:2,0.0,164.91,4
1788950312.6581585,serverless_predictive_fixed:cyclical:2,0.0,164.91,4
1788950312.8604224,serverless_predictive_fixed:cyclical:2,0.0,164.91,4
1788950313.0626385,serverless_predictive_fixed:cyclical:2,0.0,164.91,4
1788950313.265159,serverless_predictive_fixed:cyclical:2,4.9,164.91,4
1788950313.4674377,serverless_predictive_fixed:cyclical:2,0.0,164.91,4
1788950313.6701672,serverless_predictive_fixed:cyclical:2,4.9,164.91,4
1788950313.8726215,serverless_predictive_fixed:cyclical:2,0.0,164.91,4
1788950314.0751197,serverless_predictive_fixed:cyclical:2,4.9,164.91,4
1788950314.27775,serverless_predictive_fixed:cyclical:2,0.0,164.91,4
1788950314.480024,serverless_predictive_fixed:cyclical:2,0.0,164.92,4
1788950314.6821826,serverless_predictive_fixed:cyclical:2,0.0,164.92,4
1788950314.8845341,serverless_predictive_fixed:cyclical:2,0.0,164.92,4
1788950315.0869408,serverless_predictive_fixed:cyclical:2,0.0,164.92,4
1788950315.2899966,serverless_predictive_fixed:cyclical:2,0.0,164.92,4
1788950315.4925117,serverless_predictive_fixed:cyclical:2,0.0,182.82,5
1788950315.694583,serverless_predictive_fixed:cyclical:2,103.9,158.59,4
1788950315.896608,serverless_predictive_fixed:cyclical:2,94.0,122.38,3
1788950316.0985546,serverless_predictive_fixed:cyclical:2,0.0,79.84,2
1788950316.3005943,serverless_predictive_fixed:cyclical:2,0.0,79.84,2
1788950316.5027852,serverless_predictive_fixed:cyclical:2,0.0,79.84,2
1788950316.7049932,serverless_predictive_fixed:cyclical:2,0.0,79.84,2
1788950316.9075623,serverless_predictive_fixed:cyclical:2,0.0,79.84,2
1788950317.1099162,serverless_predictive_fixed:cyclical:2,0.0,79.84,2
1788950317.3121972,serverless_predictive_fixed:cyclical:2,0.0,79.84,2
1788950317.5146756,serverless_predictive_fixed:cyclical:2,0.0,79.84,2
1788950317.7172966,serverless_predictive_fixed:cyclical:2,0.0,79.84,2
1788950317.919489,serverless_predictive_fixed:cyclical:2,4.9,79.84,2
1788950318.1228056,serverless_predictive_fixed:cyclical:2,19.7,141.42,4
1788950318.3250375,serverless_predictive_fixed:cyclical:2,192.7,155.84,4
1788950318.5288928,serverless_predictive_fixed:cyclical:2,93.2,165.09,4
1788950318.7310994,serverless_predictive_fixed:cyclical:2,0.0,165.09,4
1788950318.933376,serverless_predictive_fixed:cyclical:2,0.0,165.09,4
1788950319.1374855,serverless_predictive_fixed:cyclical:2,0.0,165.09,4
1788950319.3400686,serverless_predictive_fixed:cyclical:2,4.9,165.09,4
1788950319.5424352,serverless_predictive_fixed:cyclical:2,0.0,165.09,4
1788950319.7455533,serverless_predictive_fixed:cyclical:2,0.0,165.09,4
1788950319.9483213,serverless_predictive_fixed:cyclical:2,0.0,165.09,4
1788950320.1508627,serverless_predictive_fixed:cyclical:2,0.0,165.09,4
1788950320.3531322,serverless_predictive_fixed:cyclical:2,0.0,165.09,4
1788950320.5563922,serverless_predictive_fixed:cyclical:2,0.0,165.09,4
1788950320.7591448,serverless_predictive_fixed:cyclical:2,0.0,165.09,4
1788950320.9616983,serverless_predictive_fixed:cyclical:2,0.0,165.09,4
1788950321.164828,serverless_predictive_fixed:cyclical:2,0.0,165.09,4
1788950321.367455,serverless_predictive_fixed:cyclical:2,0.0,165.09,4
1788950321.5699282,serverless_predictive_fixed:cyclical:2,0.0,165.09,4
1788950321.772215,serverless_predictive_fixed:cyclical:2,0.0,165.09,4
1788950321.9747272,serverless_predictive_fixed:cyclical:2,0.0,165.09,4
1788950322.1776257,serverless_predictive_fixed:cyclical:2,9.8,165.09,4
1788950322.3803492,serverless_predictive_fixed:cyclical:2,0.0,165.09,4
1788950322.5828288,serverless_predictive_fixed:cyclical:2,0.0,165.09,4
1788950322.7850783,serverless_predictive_fixed:cyclical:2,0.0,165.09,4
1788950322.987791,serverless_predictive_fixed:cyclical:2,0.0,165.09,4
1788950323.1900015,serverless_predictive_fixed:cyclical:2,4.9,165.09,4
1788950323.3922505,serverless_predictive_fixed:cyclical:2,4.9,165.09,4
1788950323.594875,serverless_predictive_fixed:cyclical:2,0.0,165.09,4
1788950323.7975078,serverless_predictive_fixed:cyclical:2,0.0,165.09,4
1788950323.9998744,serverless_predictive_fixed:cyclical:2,0.0,165.09,4
1788950324.2020042,serverless_predictive_fixed:cyclical:2,0.0,165.09,4
1788950324.4045272,serverless_predictive_fixed:cyclical:2,0.0,165.09,4
1788950324.6067805,serverless_predictive_fixed:cyclical:2,0.0,122.55,3
1788950324.808892,serverless_predictive_fixed:cyclical:2,0.0,122.55,3
1788950325.0112858,serverless_predictive_fixed:cyclical:2,4.9,110.54,3
1788950325.215085,serverless_predictive_fixed:cyclical:2,103.0,76.23,2
1788950325.4170985,serverless_predictive_fixed:cyclical:2,34.6,79.97,2
1788950325.6193192,serverless_predictive_fixed:cyclical:2,0.0,79.97,2
1788950325.8214011,serverless_predictive_fixed:cyclical:2,4.9,79.97,2
1788950326.0235124,serverless_predictive_fixed:cyclical:2,0.0,79.97,2
1788950326.2255087,serverless_predictive_fixed:cyclical:2,0.0,79.97,2
1788950326.428442,serverless_predictive_fixed:cyclical:2,0.0,79.97,2
1788950326.630449,serverless_predictive_fixed:cyclical:2,0.0,79.97,2
1788950326.8333967,serverless_predictive_fixed:cyclical:2,4.9,118.66,4
1788950327.0398803,serverless_predictive_fixed:cyclical:2,198.6,150.74,4
1788950327.2440553,serverless_predictive_fixed:cyclical:2,191.1,163.73,4
1788950327.4470522,serverless_predictive_fixed:cyclical:2,24.6,165.25,4
1788950327.6496575,serverless_predictive_fixed:cyclical:2,0.0,165.25,4
1788950327.8520632,serverless_predictive_fixed:cyclical:2,0.0,165.25,4
1788950328.0544343,serverless_predictive_fixed:cyclical:2,4.9,165.25,4
1788950328.256951,serverless_predictive_fixed:cyclical:2,0.0,165.25,4
1788950328.459337,serverless_predictive_fixed:cyclical:2,0.0,165.25,4
1788950328.661962,serverless_predictive_fixed:cyclical:2,0.0,165.25,4
1788950328.8644104,serverless_predictive_fixed:cyclical:2,0.0,165.25,4
1788950329.0667977,serverless_predictive_fixed:cyclical:2,0.0,165.25,4
1788950329.2715857,serverless_predictive_fixed:cyclical:2,4.9,165.25,4
1788950329.4744809,serverless_predictive_fixed:cyclical:2,0.0,165.25,4
1788950329.676642,serverless_predictive_fixed:cyclical:2,0.0,165.25,4
1788950329.8788462,serverless_predictive_fixed:cyclical:2,4.9,165.25,4
1788950330.0815825,serverless_predictive_fixed:cyclical:2,0.0,165.25,4
1788950330.2838335,serverless_predictive_fixed:cyclical:2,0.0,165.25,4
1788950330.4869606,serverless_predictive_fixed:cyclical:2,0.0,165.25,4
1788950330.6891446,serverless_predictive_fixed:cyclical:2,0.0,165.25,4
1788950330.8914394,serverless_predictive_fixed:cyclical:2,0.0,165.25,4
1788950331.0938144,serverless_predictive_fixed:cyclical:2,0.0,165.25,4
1788950331.2960577,serverless_predictive_fixed:cyclical:2,0.0,165.25,4
1788950331.498211,serverless_predictive_fixed:cyclical:2,0.0,165.25,4
1788950331.700607,serverless_predictive_fixed:cyclical:2,0.0,165.25,4
1788950331.9029803,serverless_predictive_fixed:cyclical:2,4.9,165.25,4
1788950332.1052058,serverless_predictive_fixed:cyclical:2,0.0,165.25,4
1788950332.307565,serverless_predictive_fixed:cyclical:2,0.0,165.25,4
1788950332.5099354,serverless_predictive_fixed:cyclical:2,0.0,165.25,4
1788950332.7124076,serverless_predictive_fixed:cyclical:2,0.0,165.25,4
1788950332.9147408,serverless_predictive_fixed:cyclical:2,0.0,165.25,4
1788950333.1169968,serverless_predictive_fixed:cyclical:2,9.8,122.62,4
1788950333.3192728,serverless_predictive_fixed:cyclical:2,0.0,122.62,3
1788950333.5216627,serverless_predictive_fixed:cyclical:2,4.9,145.13,4
1788950333.7238898,serverless_predictive_fixed:cyclical:2,98.9,116.59,3
1788950333.9261107,serverless_predictive_fixed:cyclical:2,69.2,79.93,2
1788950334.128512,serverless_predictive_fixed:cyclical:2,0.0,79.93,2
1788950334.3306358,serverless_predictive_fixed:cyclical:2,0.0,79.93,2
1788950334.5328608,serverless_predictive_fixed:cyclical:2,0.0,79.93,2
1788950334.734938,serverless_predictive_fixed:cyclical:2,0.0,79.93,2
1788950334.9370854,serverless_predictive_fixed:cyclical:2,0.0,79.93,2
1788950335.1391685,serverless_predictive_fixed:cyclical:2,0.0,79.93,2
1788950335.3413875,serverless_predictive_fixed:cyclical:2,0.0,79.93,2
1788950335.5435326,serverless_predictive_fixed:cyclical:2,0.0,79.93,2
1788950335.74562,serverless_predictive_fixed:cyclical:2,0.0,79.93,2
1788950335.9477599,serverless_predictive_fixed:cyclical:2,0.0,79.93,2
1788950336.1498854,serverless_predictive_fixed:cyclical:2,0.0,79.93,2
1788950336.3520668,serverless_predictive_fixed:cyclical:2,0.0,79.93,2
1788950336.5542064,serverless_predictive_fixed:cyclical:2,0.0,79.93,2
1788950336.7565007,serverless_predictive_fixed:cyclical:2,0.0,79.93,2
1788950336.9587471,serverless_predictive_fixed:cyclical:2,9.8,95.73,4
1788950337.1650393,serverless_predictive_fixed:cyclical:2,193.8,144.8,4
1788950337.3676763,serverless_predictive_fixed:cyclical:2,192.5,159.49,4
1788950337.5703182,serverless_predictive_fixed:cyclical:2,39.5,165.0,4
1788950337.7727678,serverless_predictive_fixed:cyclical:2,0.0,165.0,4
1788950337.975033,serverless_predictive_fixed:cyclical:2,0.0,165.0,4
1788950338.1772187,serverless_predictive_fixed:cyclical:2,0.0,165.0,4
1788950338.3796241,serverless_predictive_fixed:cyclical:2,0.0,165.0,4
1788950338.5819373,serverless_predictive_fixed:cyclical:2,0.0,165.0,4
1788950338.784333,serverless_predictive_fixed:cyclical:2,4.9,165.0,4
1788950338.9874926,serverless_predictive_fixed:cyclical:2,0.0,165.0,4
1788950339.1897385,serverless_predictive_fixed:cyclical:2,0.0,165.0,4
1788950339.392135,serverless_predictive_fixed:cyclical:2,0.0,165.0,4
1788950339.5944037,serverless_predictive_fixed:cyclical:2,4.9,165.0,4
1788950339.7967172,serverless_predictive_fixed:cyclical:2,0.0,165.0,4
1788950339.9989433,serverless_predictive_fixed:cyclical:2,0.0,165.0,4
1788950340.201152,serverless_predictive_fixed:cyclical:2,4.9,165.0,4
1788950340.4034462,serverless_predictive_fixed:cyclical:2,0.0,165.0,4
1788950340.6057158,serverless_predictive_fixed:cyclical:2,0.0,165.0,4
1788950340.8081996,serverless_predictive_fixed:cyclical:2,4.9,165.0,4
1788950341.0105674,serverless_predictive_fixed:cyclical:2,0.0,165.0,4
1788950341.2130518,serverless_predictive_fixed:cyclical:2,0.0,165.0,4
1788950341.4154582,serverless_predictive_fixed:cyclical:2,0.0,165.0,4
1788950341.6180048,serverless_predictive_fixed:cyclical:2,0.0,165.0,4
1788950341.8216572,serverless_predictive_fixed:cyclical:2,0.0,165.0,4
1788950342.0240278,serverless_predictive_fixed:cyclical:2,0.0,165.0,4
1788950342.2263515,serverless_predictive_fixed:cyclical:2,4.9,165.0,4
1788950342.4291868,serverless_predictive_fixed:cyclical:2,0.0,165.0,4
1788950342.632334,serverless_predictive_fixed:cyclical:2,0.0,165.0,4
1788950342.8349273,serverless_predictive_fixed:cyclical:2,4.9,165.0,4
1788950343.0372434,serverless_predictive_fixed:cyclical:2,0.0,165.0,4
1788950343.2400038,serverless_predictive_fixed:cyclical:2,0.0,165.0,4
1788950343.4430091,serverless_predictive_fixed:cyclical:2,0.0,165.0,4
1788950343.6452055,serverless_predictive_fixed:cyclical:2,0.0,122.44,3
1788950343.847547,serverless_predictive_fixed:cyclical:2,0.0,133.0,4
1788950344.0518954,serverless_predictive_fixed:cyclical:2,112.6,71.36,3
1788950344.2539454,serverless_predictive_fixed:cyclical:2,98.9,77.81,2
1788950344.4560437,serverless_predictive_fixed:cyclical:2,19.8,79.9,2
1788950344.6579854,serverless_predictive_fixed:cyclical:2,0.0,79.9,2
1788950344.8600693,serverless_predictive_fixed:cyclical:2,0.0,79.9,2
1788950345.062006,serverless_predictive_fixed:cyclical:2,0.0,79.9,2
1788950345.2642312,serverless_predictive_fixed:cyclical:2,0.0,79.9,2
1788950345.4662938,serverless_predictive_fixed:cyclical:2,0.0,79.9,2
1788950345.6685915,serverless_predictive_fixed:cyclical:2,0.0,79.9,2
1788950345.870788,serverless_predictive_fixed:cyclical:2,0.0,79.9,2
1788950346.0729783,serverless_predictive_fixed:cyclical:2,0.0,79.9,2
1788950346.2751071,serverless_predictive_fixed:cyclical:2,0.0,79.9,2
1788950346.477287,serverless_predictive_fixed:cyclical:2,0.0,79.9,2
1788950346.679736,serverless_predictive_fixed:cyclical:2,0.0,79.9,2
1788950346.8879771,serverless_predictive_fixed:cyclical:2,4.8,92.98,4
1788950347.0908058,serverless_predictive_fixed:cyclical:2,187.4,140.71,4
1788950347.2929854,serverless_predictive_fixed:cyclical:2,197.9,155.62,4
1788950348.2323854,serverless_predictive_fixed:cyclical:3,0.0,36.65,1
1788950348.4345152,serverless_predictive_fixed:cyclical:3,0.0,36.65,1
1788950348.6364672,serverless_predictive_fixed:cyclical:3,0.0,36.65,1
1788950348.838651,serverless_predictive_fixed:cyclical:3,0.0,36.65,1
1788950349.0405877,serverless_predictive_fixed:cyclical:3,0.0,36.65,1
1788950349.2436814,serverless_predictive_fixed:cyclical:3,0.0,36.65,1
1788950349.4457784,serverless_predictive_fixed:cyclical:3,0.0,36.65,1
1788950349.64793,serverless_predictive_fixed:cyclical:3,0.0,36.65,1
1788950349.8500516,serverless_predictive_fixed:cyclical:3,0.0,36.65,1
1788950350.0524979,serverless_predictive_fixed:cyclical:3,0.0,36.65,1
1788950350.254694,serverless_predictive_fixed:cyclical:3,0.0,36.65,1
1788950350.4565458,serverless_predictive_fixed:cyclical:3,0.0,36.65,1
1788950350.6584365,serverless_predictive_fixed:cyclical:3,0.0,36.65,1
1788950350.8604193,serverless_predictive_fixed:cyclical:3,0.0,36.65,1
1788950351.062572,serverless_predictive_fixed:cyclical:3,0.0,36.65,1
1788950351.264576,serverless_predictive_fixed:cyclical:3,0.0,36.65,1
1788950351.4666317,serverless_predictive_fixed:cyclical:3,0.0,36.65,1
1788950351.6686764,serverless_predictive_fixed:cyclical:3,0.0,36.65,1
1788950351.8706775,serverless_predictive_fixed:cyclical:3,0.0,36.65,1
1788950352.072758,serverless_predictive_fixed:cyclical:3,0.0,36.65,1
1788950352.2746437,serverless_predictive_fixed:cyclical:3,0.0,36.65,1
1788950352.4768074,serverless_predictive_fixed:cyclical:3,4.9,36.65,1
1788950352.6787913,serverless_predictive_fixed:cyclical:3,0.0,36.65,1
1788950352.8807797,serverless_predictive_fixed:cyclical:3,0.0,36.65,1
1788950353.0828633,serverless_predictive_fixed:cyclical:3,0.0,36.65,1
1788950353.2848356,serverless_predictive_fixed:cyclical:3,0.0,36.65,1
1788950353.4882488,serverless_predictive_fixed:cyclical:3,0.0,36.65,1
1788950353.6904757,serverless_predictive_fixed:cyclical:3,0.0,36.65,1
1788950353.8925831,serverless_predictive_fixed:cyclical:3,0.0,36.65,1
1788950354.094537,serverless_predictive_fixed:cyclical:3,0.0,36.65,1
1788950354.2967,serverless_predictive_fixed:cyclical:3,0.0,36.65,1
1788950354.4986086,serverless_predictive_fixed:cyclical:3,0.0,36.65,1
1788950354.7006989,serverless_predictive_fixed:cyclical:3,0.0,36.65,1
1788950354.9036455,serverless_predictive_fixed:cyclical:3,0.0,36.65,1
1788950355.1056213,serverless_predictive_fixed:cyclical:3,0.0,36.65,1
1788950355.3076372,serverless_predictive_fixed:cyclical:3,0.0,36.65,1
1788950355.5096812,serverless_predictive_fixed:cyclical:3,0.0,36.65,1
1788950355.7119193,serverless_predictive_fixed:cyclical:3,0.0,36.65,1
1788950355.9139502,serverless_predictive_fixed:cyclical:3,0.0,36.65,1
1788950356.11652,serverless_predictive_fixed:cyclical:3,0.0,36.65,1
1788950356.3187594,serverless_predictive_fixed:cyclical:3,0.0,36.65,1
1788950356.5211446,serverless_predictive_fixed:cyclical:3,4.9,36.65,1
1788950356.723176,serverless_predictive_fixed:cyclical:3,0.0,36.65,1
1788950356.9255836,serverless_predictive_fixed:cyclical:3,0.0,36.65,1
1788950357.1278183,serverless_predictive_fixed:cyclical:3,0.0,36.65,1
1788950357.3301218,serverless_predictive_fixed:cyclical:3,0.0,36.65,1
1788950357.539032,serverless_predictive_fixed:cyclical:3,9.6,79.77,4
1788950357.7490568,serverless_predictive_fixed:cyclical:3,190.5,124.5,4
1788950357.957027,serverless_predictive_fixed:cyclical:3,201.9,144.92,4
1788950358.1665313,serverless_predictive_fixed:cyclical:3,190.8,155.27,4
1788950358.3694139,serverless_predictive_fixed:cyclical:3,113.4,164.77,4
1788950358.5720227,serverless_predictive_fixed:cyclical:3,0.0,164.77,4
1788950358.7744973,serverless_predictive_fixed:cyclical:3,0.0,164.77,4
1788950358.9772313,serverless_predictive_fixed:cyclical:3,0.0,164.77,4
1788950359.179871,serverless_predictive_fixed:cyclical:3,0.0,164.77,4
1788950359.3828454,serverless_predictive_fixed:cyclical:3,4.9,164.77,4
1788950359.5858958,serverless_predictive_fixed:cyclical:3,4.9,164.77,4
1788950359.7888336,serverless_predictive_fixed:cyclical:3,0.0,164.77,4
1788950359.9914124,serverless_predictive_fixed:cyclical:3,0.0,164.77,4
1788950360.1943903,serverless_predictive_fixed:cyclical:3,0.0,164.77,4
1788950360.3972116,serverless_predictive_fixed:cyclical:3,4.9,164.77,4
1788950360.6001604,serverless_predictive_fixed:cyclical:3,0.0,164.77,4
1788950360.8027601,serverless_predictive_fixed:cyclical:3,0.0,164.77,4
1788950361.005187,serverless_predictive_fixed:cyclical:3,0.0,164.77,4
1788950361.207746,serverless_predictive_fixed:cyclical:3,0.0,164.77,4
1788950361.410347,serverless_predictive_fixed:cyclical:3,0.0,164.77,4
1788950361.6130097,serverless_predictive_fixed:cyclical:3,0.0,164.77,4
1788950361.8162346,serverless_predictive_fixed:cyclical:3,0.0,164.77,4
1788950362.0188966,serverless_predictive_fixed:cyclical:3,0.0,164.77,4
1788950362.2214339,serverless_predictive_fixed:cyclical:3,0.0,164.77,4
1788950362.4240835,serverless_predictive_fixed:cyclical:3,0.0,164.77,4
1788950362.6268039,serverless_predictive_fixed:cyclical:3,0.0,164.77,4
1788950362.830938,serverless_predictive_fixed:cyclical:3,0.0,164.77,4
1788950363.033634,serverless_predictive_fixed:cyclical:3,0.0,164.77,4
1788950363.2361476,serverless_predictive_fixed:cyclical:3,4.9,164.77,4
1788950363.4384844,serverless_predictive_fixed:cyclical:3,0.0,164.77,4
1788950363.6408238,serverless_predictive_fixed:cyclical:3,0.0,164.77,4
1788950363.844506,serverless_predictive_fixed:cyclical:3,9.8,164.77,4
1788950364.047433,serverless_predictive_fixed:cyclical:3,0.0,164.77,4
1788950364.24977,serverless_predictive_fixed:cyclical:3,4.9,164.77,4
1788950364.452357,serverless_predictive_fixed:cyclical:3,0.0,164.77,4
1788950364.6562562,serverless_predictive_fixed:cyclical:3,0.0,184.23,5
1788950364.859673,serverless_predictive_fixed:cyclical:3,108.1,116.14,4
1788950365.062373,serverless_predictive_fixed:cyclical:3,93.7,79.71,3
1788950365.2646215,serverless_predictive_fixed:cyclical:3,0.0,79.71,2
1788950365.467026,serverless_predictive_fixed:cyclical:3,0.0,79.71,2
1788950365.6693552,serverless_predictive_fixed:cyclical:3,0.0,79.71,2
1788950365.8717444,serverless_predictive_fixed:cyclical:3,0.0,79.71,2
1788950366.0742404,serverless_predictive_fixed:cyclical:3,0.0,79.71,2
1788950366.2765813,serverless_predictive_fixed:cyclical:3,4.9,79.71,2
1788950366.4789183,serverless_predictive_fixed:cyclical:3,0.0,79.71,2
1788950366.6811776,serverless_predictive_fixed:cyclical:3,0.0,79.71,2
1788950366.8835506,serverless_predictive_fixed:cyclical:3,0.0,79.71,2
1788950367.0857506,serverless_predictive_fixed:cyclical:3,0.0,79.71,2
1788950367.2880704,serverless_predictive_fixed:cyclical:3,0.0,79.71,2
1788950367.4910314,serverless_predictive_fixed:cyclical:3,0.0,79.71,2
1788950367.693328,serverless_predictive_fixed:cyclical:3,0.0,79.71,2
1788950367.8973253,serverless_predictive_fixed:cyclical:3,19.6,128.48,4
1788950368.1039257,serverless_predictive_fixed:cyclical:3,183.9,153.04,4
1788950368.3066268,serverless_predictive_fixed:cyclical:3,162.7,165.02,4
1788950368.5092762,serverless_predictive_fixed:cyclical:3,0.0,165.02,4
1788950368.7118795,serverless_predictive_fixed:cyclical:3,0.0,165.02,4
1788950368.914324,serverless_predictive_fixed:cyclical:3,4.9,165.02,4
1788950369.1171112,serverless_predictive_fixed:cyclical:3,9.8,165.02,4
1788950369.319723,serverless_predictive_fixed:cyclical:3,0.0,165.02,4
1788950369.5233877,serverless_predictive_fixed:cyclical:3,0.0,165.02,4
1788950369.7259529,serverless_predictive_fixed:cyclical:3,0.0,165.02,4
1788950369.9285426,serverless_predictive_fixed:cyclical:3,0.0,165.02,4
1788950370.131054,serverless_predictive_fixed:cyclical:3,0.0,165.02,4
1788950370.3335464,serverless_predictive_fixed:cyclical:3,0.0,165.02,4
1788950370.537568,serverless_predictive_fixed:cyclical:3,0.0,165.02,4
1788950370.7412186,serverless_predictive_fixed:cyclical:3,0.0,165.02,4
1788950370.9443505,serverless_predictive_fixed:cyclical:3,0.0,165.02,4
1788950371.1476016,serverless_predictive_fixed:cyclical:3,0.0,165.02,4
1788950371.350079,serverless_predictive_fixed:cyclical:3,0.0,165.02,4
1788950371.552704,serverless_predictive_fixed:cyclical:3,0.0,165.02,4
1788950371.754939,serverless_predictive_fixed:cyclical:3,0.0,165.02,4
1788950371.9573722,serverless_predictive_fixed:cyclical:3,4.9,165.02,4
1788950372.1598945,serverless_predictive_fixed:cyclical:3,0.0,165.02,4
1788950372.3624854,serverless_predictive_fixed:cyclical:3,0.0,165.02,4
1788950372.5648427,serverless_predictive_fixed:cyclical:3,0.0,165.02,4
1788950372.7675076,serverless_predictive_fixed:cyclical:3,0.0,165.02,4
1788950372.9698973,serverless_predictive_fixed:cyclical:3,0.0,165.02,4
1788950373.172316,serverless_predictive_fixed:cyclical:3,0.0,165.02,4
1788950373.3745167,serverless_predictive_fixed:cyclical:3,4.9,165.02,4
1788950373.576753,serverless_predictive_fixed:cyclical:3,0.0,165.02,4
1788950373.7791834,serverless_predictive_fixed:cyclical:3,0.0,165.02,4
1788950373.9817102,serverless_predictive_fixed:cyclical:3,0.0,165.02,4
1788950374.18418,serverless_predictive_fixed:cyclical:3,0.0,165.02,4
1788950374.3865676,serverless_predictive_fixed:cyclical:3,9.8,122.48,3
1788950374.588904,serverless_predictive_fixed:cyclical:3,0.0,138.79,4
1788950374.79111,serverless_predictive_fixed:cyclical:3,98.9,115.63,3
1788950374.9930427,serverless_predictive_fixed:cyclical:3,99.1,79.96,2
1788950375.1954188,serverless_predictive_fixed:cyclical:3,0.0,79.96,2
1788950375.3977304,serverless_predictive_fixed:cyclical:3,0.0,79.96,2
1788950375.5999157,serverless_predictive_fixed:cyclical:3,0.0,79.96,2
1788950375.8020766,serverless_predictive_fixed:cyclical:3,0.0,79.96,2
1788950376.0042155,serverless_predictive_fixed:cyclical:3,0.0,79.96,2
1788950376.2063587,serverless_predictive_fixed:cyclical:3,0.0,79.96,2
1788950376.4085703,serverless_predictive_fixed:cyclical:3,4.9,79.96,2
1788950376.6106677,serverless_predictive_fixed:cyclical:3,0.0,79.96,2
1788950376.8143284,serverless_predictive_fixed:cyclical:3,0.0,79.96,2
1788950377.0172837,serverless_predictive_fixed:cyclical:3,24.7,140.86,4
1788950377.223868,serverless_predictive_fixed:cyclical:3,193.5,155.52,4
1788950377.428515,serverless_predictive_fixed:cyclical:3,97.7,165.11,4
1788950377.6314836,serverless_predictive_fixed:cyclical:3,0.0,165.11,4
1788950377.8338602,serverless_predictive_fixed:cyclical:3,0.0,165.11,4
1788950378.0363643,serverless_predictive_fixed:cyclical:3,0.0,165.11,4
1788950378.2387502,serverless_predictive_fixed:cyclical:3,0.0,165.11,4
1788950378.4421563,serverless_predictive_fixed:cyclical:3,0.0,165.11,4
1788950378.644696,serverless_predictive_fixed:cyclical:3,0.0,165.11,4
1788950378.8468606,serverless_predictive_fixed:cyclical:3,0.0,165.11,4
1788950379.0492783,serverless_predictive_fixed:cyclical:3,0.0,165.11,4
1788950379.251631,serverless_predictive_fixed:cyclical:3,0.0,165.11,4
1788950379.4539194,serverless_predictive_fixed:cyclical:3,0.0,165.11,4
1788950379.6569254,serverless_predictive_fixed:cyclical:3,4.9,165.11,4
1788950379.859164,serverless_predictive_fixed:cyclical:3,4.9,165.11,4
1788950380.0614316,serverless_predictive_fixed:cyclical:3,4.9,165.11,4
1788950380.2636871,serverless_predictive_fixed:cyclical:3,4.9,165.11,4
1788950380.4660242,serverless_predictive_fixed:cyclical:3,0.0,165.11,4
1788950380.668515,serverless_predictive_fixed:cyclical:3,0.0,165.11,4
1788950380.8708646,serverless_predictive_fixed:cyclical:3,0.0,165.11,4
1788950381.0736747,serverless_predictive_fixed:cyclical:3,0.0,165.11,4
1788950381.276478,serverless_predictive_fixed:cyclical:3,0.0,165.11,4
1788950381.478698,serverless_predictive_fixed:cyclical:3,0.0,165.11,4
1788950381.6810558,serverless_predictive_fixed:cyclical:3,0.0,165.11,4
1788950381.8837662,serverless_predictive_fixed:cyclical:3,0.0,165.11,4
1788950382.0862236,serverless_predictive_fixed:cyclical:3,4.9,165.11,4
1788950382.288786,serverless_predictive_fixed:cyclical:3,0.0,165.11,4
1788950382.4914148,serverless_predictive_fixed:cyclical:3,0.0,165.11,4
1788950382.6935759,serverless_predictive_fixed:cyclical:3,0.0,165.11,4
1788950382.8958683,serverless_predictive_fixed:cyclical:3,0.0,165.11,4
1788950383.098158,serverless_predictive_fixed:cyclical:3,0.0,165.11,4
1788950383.3004873,serverless_predictive_fixed:cyclical:3,4.9,165.11,4
1788950383.5026224,serverless_predictive_fixed:cyclical:3,0.0,122.4,3
1788950383.7079225,serverless_predictive_fixed:cyclical:3,0.0,139.97,4
1788950383.910073,serverless_predictive_fixed:cyclical:3,93.9,72.3,2
1788950384.1121702,serverless_predictive_fixed:cyclical:3,99.0,79.68,2
1788950384.3164625,serverless_predictive_fixed:cyclical:3,4.9,79.84,2
1788950384.518676,serverless_predictive_fixed:cyclical:3,4.9,79.84,2
1788950384.7207472,serverless_predictive_fixed:cyclical:3,0.0,79.84,2
1788950384.9227102,serverless_predictive_fixed:cyclical:3,0.0,79.84,2
1788950385.124743,serverless_predictive_fixed:cyclical:3,0.0,79.84,2
1788950385.3268743,serverless_predictive_fixed:cyclical:3,0.0,79.84,2
1788950385.5289063,serverless_predictive_fixed:cyclical:3,0.0,79.84,2
1788950385.7309537,serverless_predictive_fixed:cyclical:3,0.0,79.84,2
1788950385.9329412,serverless_predictive_fixed:cyclical:3,0.0,79.84,2
1788950386.1349168,serverless_predictive_fixed:cyclical:3,0.0,79.84,2
1788950386.3371964,serverless_predictive_fixed:cyclical:3,0.0,79.84,2
1788950386.5394437,serverless_predictive_fixed:cyclical:3,14.8,142.06,4
1788950386.7418883,serverless_predictive_fixed:cyclical:3,192.6,157.11,4
1788950386.9442017,serverless_predictive_fixed:cyclical:3,69.2,165.17,4
1788950387.1463175,serverless_predictive_fixed:cyclical:3,0.0,165.17,4
1788950387.349304,serverless_predictive_fixed:cyclical:3,4.9,165.17,4
1788950387.552135,serverless_predictive_fixed:cyclical:3,0.0,165.17,4
1788950387.7542956,serverless_predictive_fixed:cyclical:3,0.0,165.17,4
1788950387.956591,serverless_predictive_fixed:cyclical:3,4.9,165.17,4
1788950388.1587605,serverless_predictive_fixed:cyclical:3,0.0,165.17,4
1788950388.3610003,serverless_predictive_fixed:cyclical:3,0.0,165.17,4
1788950388.5631177,serverless_predictive_fixed:cyclical:3,0.0,165.17,4
1788950388.7652946,serverless_predictive_fixed:cyclical:3,0.0,165.17,4
1788950388.9675925,serverless_predictive_fixed:cyclical:3,0.0,165.17,4
1788950389.1701846,serverless_predictive_fixed:cyclical:3,4.9,165.17,4
1788950389.3723583,serverless_predictive_fixed:cyclical:3,4.9,165.17,4
1788950389.5745769,serverless_predictive_fixed:cyclical:3,0.0,165.17,4
1788950389.7767808,serverless_predictive_fixed:cyclical:3,0.0,165.17,4
1788950389.9789066,serverless_predictive_fixed:cyclical:3,0.0,165.17,4
1788950390.1812303,serverless_predictive_fixed:cyclical:3,0.0,165.17,4
1788950390.3835425,serverless_predictive_fixed:cyclical:3,0.0,165.17,4
1788950390.585876,serverless_predictive_fixed:cyclical:3,0.0,165.17,4
1788950390.7881784,serverless_predictive_fixed:cyclical:3,0.0,165.17,4
1788950390.9904034,serverless_predictive_fixed:cyclical:3,0.0,165.17,4
1788950391.1928458,serverless_predictive_fixed:cyclical:3,0.0,165.17,4
1788950391.395089,serverless_predictive_fixed:cyclical:3,0.0,165.17,4
1788950391.5976562,serverless_predictive_fixed:cyclical:3,0.0,165.17,4
1788950391.800032,serverless_predictive_fixed:cyclical:3,0.0,165.17,4
1788950392.0023148,serverless_predictive_fixed:cyclical:3,0.0,165.17,4
1788950392.2046244,serverless_predictive_fixed:cyclical:3,0.0,165.17,4
1788950392.4074142,serverless_predictive_fixed:cyclical:3,0.0,165.17,4
1788950392.6100647,serverless_predictive_fixed:cyclical:3,0.0,165.17,4
1788950392.8124661,serverless_predictive_fixed:cyclical:3,0.0,165.17,4
1788950393.014737,serverless_predictive_fixed:cyclical:3,0.0,122.61,3
1788950393.2181199,serverless_predictive_fixed:cyclical:3,4.9,139.5,4
1788950393.4202986,serverless_predictive_fixed:cyclical:3,113.6,115.06,3
1788950393.6226888,serverless_predictive_fixed:cyclical:3,98.8,79.82,2
1788950393.8247194,serverless_predictive_fixed:cyclical:3,0.0,79.98,2
1788950394.0267231,serverless_predictive_fixed:cyclical:3,0.0,79.98,2
1788950394.2288692,serverless_predictive_fixed:cyclical:3,4.9,79.98,2
1788950394.4307828,serverless_predictive_fixed:cyclical:3,0.0,79.98,2
1788950394.632896,serverless_predictive_fixed:cyclical:3,0.0,79.98,2
1788950394.8348668,serverless_predictive_fixed:cyclical:3,0.0,79.98,2
1788950395.03727,serverless_predictive_fixed:cyclical:3,0.0,79.98,2
1788950395.2393267,serverless_predictive_fixed:cyclical:3,0.0,79.98,2
1788950395.4430618,serverless_predictive_fixed:cyclical:3,14.7,118.73,4
1788950395.6467907,serverless_predictive_fixed:cyclical:3,162.0,148.04,4
1788950395.853203,serverless_predictive_fixed:cyclical:3,179.2,160.94,4
1788950396.7543945,serverless_predictive_fixed:cyclical:4,0.0,36.64,1
1788950396.9564795,serverless_predictive_fixed:cyclical:4,0.0,36.64,1
1788950397.1583736,serverless_predictive_fixed:cyclical:4,0.0,36.64,1
1788950397.360502,serverless_predictive_fixed:cyclical:4,0.0,36.64,1
1788950397.5623112,serverless_predictive_fixed:cyclical:4,0.0,36.64,1
1788950397.76427,serverless_predictive_fixed:cyclical:4,0.0,36.64,1
1788950397.9661431,serverless_predictive_fixed:cyclical:4,0.0,36.64,1
1788950398.1680722,serverless_predictive_fixed:cyclical:4,0.0,36.64,1
1788950398.369982,serverless_predictive_fixed:cyclical:4,0.0,36.64,1
1788950398.5719213,serverless_predictive_fixed:cyclical:4,0.0,36.64,1
1788950398.7739444,serverless_predictive_fixed:cyclical:4,0.0,36.64,1
1788950398.9759178,serverless_predictive_fixed:cyclical:4,0.0,36.64,1
1788950399.1778696,serverless_predictive_fixed:cyclical:4,0.0,36.64,1
1788950399.3800225,serverless_predictive_fixed:cyclical:4,0.0,36.64,1
1788950399.5818896,serverless_predictive_fixed:cyclical:4,0.0,36.64,1
1788950399.7838058,serverless_predictive_fixed:cyclical:4,0.0,36.64,1
1788950399.9860423,serverless_predictive_fixed:cyclical:4,0.0,36.64,1
1788950400.1891394,serverless_predictive_fixed:cyclical:4,0.0,36.64,1
1788950400.3916476,serverless_predictive_fixed:cyclical:4,4.9,36.65,1
1788950400.5937507,serverless_predictive_fixed:cyclical:4,0.0,36.65,1
1788950400.7961092,serverless_predictive_fixed:cyclical:4,0.0,36.65,1
1788950400.9980068,serverless_predictive_fixed:cyclical:4,0.0,36.65,1
1788950401.2000644,serverless_predictive_fixed:cyclical:4,0.0,36.65,1
1788950401.4031818,serverless_predictive_fixed:cyclical:4,0.0,36.65,1
1788950401.6050892,serverless_predictive_fixed:cyclical:4,0.0,36.65,1
1788950401.8078609,serverless_predictive_fixed:cyclical:4,0.0,36.65,1
1788950402.0101383,serverless_predictive_fixed:cyclical:4,0.0,36.65,1
1788950402.2122147,serverless_predictive_fixed:cyclical:4,0.0,36.65,1
1788950402.4141228,serverless_predictive_fixed:cyclical:4,0.0,36.65,1
1788950402.6166475,serverless_predictive_fixed:cyclical:4,0.0,36.65,1
1788950402.819739,serverless_predictive_fixed:cyclical:4,0.0,36.65,1
1788950403.0217605,serverless_predictive_fixed:cyclical:4,0.0,36.65,1
1788950403.224836,serverless_predictive_fixed:cyclical:4,0.0,36.65,1
1788950403.4267504,serverless_predictive_fixed:cyclical:4,0.0,36.65,1
1788950403.6287806,serverless_predictive_fixed:cyclical:4,0.0,36.65,1
1788950403.8318348,serverless_predictive_fixed:cyclical:4,4.9,36.65,1
1788950404.0337162,serverless_predictive_fixed:cyclical:4,0.0,36.65,1
1788950404.2356691,serverless_predictive_fixed:cyclical:4,0.0,36.65,1
1788950404.4375403,serverless_predictive_fixed:cyclical:4,0.0,36.65,1
1788950404.6395636,serverless_predictive_fixed:cyclical:4,0.0,36.65,1
1788950404.8414178,serverless_predictive_fixed:cyclical:4,0.0,36.65,1
1788950405.0435243,serverless_predictive_fixed:cyclical:4,0.0,36.65,1
1788950405.2457917,serverless_predictive_fixed:cyclical:4,0.0,36.65,1
1788950405.447603,serverless_predictive_fixed:cyclical:4,0.0,36.65,1
1788950405.6538048,serverless_predictive_fixed:cyclical:4,4.9,47.91,3
1788950405.8593848,serverless_predictive_fixed:cyclical:4,131.3,115.66,4
1788950406.061467,serverless_predictive_fixed:cyclical:4,192.9,142.48,4
1788950406.2651403,serverless_predictive_fixed:cyclical:4,196.4,156.29,4
1788950406.4690592,serverless_predictive_fixed:cyclical:4,107.8,164.73,4
1788950406.6713612,serverless_predictive_fixed:cyclical:4,0.0,164.73,4
1788950406.873542,serverless_predictive_fixed:cyclical:4,4.9,164.73,4
1788950407.0757396,serverless_predictive_fixed:cyclical:4,0.0,164.73,4
1788950407.2779894,serverless_predictive_fixed:cyclical:4,0.0,164.73,4
1788950407.480253,serverless_predictive_fixed:cyclical:4,4.9,164.73,4
1788950407.6825793,serverless_predictive_fixed:cyclical:4,0.0,164.73,4
1788950407.8848264,serverless_predictive_fixed:cyclical:4,0.0,164.73,4
1788950408.0882936,serverless_predictive_fixed:cyclical:4,0.0,164.73,4
1788950408.2908244,serverless_predictive_fixed:cyclical:4,0.0,164.73,4
1788950408.4931507,serverless_predictive_fixed:cyclical:4,0.0,164.73,4
1788950408.695744,serverless_predictive_fixed:cyclical:4,0.0,164.73,4
1788950408.898153,serverless_predictive_fixed:cyclical:4,0.0,164.73,4
1788950409.1005034,serverless_predictive_fixed:cyclical:4,0.0,164.73,4
1788950409.3029888,serverless_predictive_fixed:cyclical:4,0.0,164.73,4
1788950409.505297,serverless_predictive_fixed:cyclical:4,0.0,164.73,4
1788950409.7081983,serverless_predictive_fixed:cyclical:4,4.9,164.73,4
1788950409.9107382,serverless_predictive_fixed:cyclical:4,0.0,164.73,4
1788950410.1129723,serverless_predictive_fixed:cyclical:4,0.0,164.73,4
1788950410.315273,serverless_predictive_fixed:cyclical:4,0.0,164.73,4
1788950410.5174634,serverless_predictive_fixed:cyclical:4,0.0,164.73,4
1788950410.7197232,serverless_predictive_fixed:cyclical:4,0.0,164.73,4
1788950410.9224477,serverless_predictive_fixed:cyclical:4,0.0,164.73,4
1788950411.125908,serverless_predictive_fixed:cyclical:4,0.0,164.73,4
1788950411.3282704,serverless_predictive_fixed:cyclical:4,4.9,164.73,4
1788950411.5310314,serverless_predictive_fixed:cyclical:4,4.9,164.73,4
1788950411.7338393,serverless_predictive_fixed:cyclical:4,0.0,164.73,4
1788950411.9371154,serverless_predictive_fixed:cyclical:4,0.0,164.73,4
1788950412.1400359,serverless_predictive_fixed:cyclical:4,0.0,164.73,4
1788950412.3422146,serverless_predictive_fixed:cyclical:4,0.0,164.73,4
1788950412.5444071,serverless_predictive_fixed:cyclical:4,0.0,164.81,4
1788950412.747714,serverless_predictive_fixed:cyclical:4,9.8,144.31,4
1788950412.9502904,serverless_predictive_fixed:cyclical:4,98.8,116.32,4
1788950413.1525583,serverless_predictive_fixed:cyclical:4,64.2,79.7,3
1788950413.35492,serverless_predictive_fixed:cyclical:4,0.0,79.7,2
1788950413.5594263,serverless_predictive_fixed:cyclical:4,0.0,79.7,2
1788950413.7614696,serverless_predictive_fixed:cyclical:4,0.0,79.7,2
1788950413.9637845,serverless_predictive_fixed:cyclical:4,4.9,79.7,2
1788950414.1659193,serverless_predictive_fixed:cyclical:4,0.0,79.7,2
1788950414.368659,serverless_predictive_fixed:cyclical:4,0.0,79.7,2
1788950414.5706859,serverless_predictive_fixed:cyclical:4,0.0,79.7,2
1788950414.7731392,serverless_predictive_fixed:cyclical:4,0.0,79.7,2
1788950414.9751005,serverless_predictive_fixed:cyclical:4,0.0,79.7,2
1788950415.17818,serverless_predictive_fixed:cyclical:4,0.0,79.7,2
1788950415.3802483,serverless_predictive_fixed:cyclical:4,0.0,79.7,2
1788950415.5824814,serverless_predictive_fixed:cyclical:4,4.9,99.43,4
1788950415.7848573,serverless_predictive_fixed:cyclical:4,192.6,146.32,4
1788950415.987125,serverless_predictive_fixed:cyclical:4,187.8,162.14,4
1788950416.1901677,serverless_predictive_fixed:cyclical:4,24.6,164.91,4
1788950416.3923528,serverless_predictive_fixed:cyclical:4,4.9,164.91,4
1788950416.5945747,serverless_predictive_fixed:cyclical:4,4.9,164.91,4
1788950416.79686,serverless_predictive_fixed:cyclical:4,0.0,164.91,4
1788950416.9990034,serverless_predictive_fixed:cyclical:4,0.0,164.91,4
1788950417.2011588,serverless_predictive_fixed:cyclical:4,0.0,164.91,4
1788950417.403427,serverless_predictive_fixed:cyclical:4,4.9,164.91,4
1788950417.6056395,serverless_predictive_fixed:cyclical:4,0.0,164.91,4
1788950417.8095734,serverless_predictive_fixed:cyclical:4,0.0,164.91,4
1788950418.0127926,serverless_predictive_fixed:cyclical:4,4.9,164.91,4
1788950418.21611,serverless_predictive_fixed:cyclical:4,0.0,164.91,4
1788950418.419469,serverless_predictive_fixed:cyclical:4,0.0,164.91,4
1788950418.6218672,serverless_predictive_fixed:cyclical:4,0.0,164.91,4
1788950418.824043,serverless_predictive_fixed:cyclical:4,0.0,164.91,4
1788950419.0264392,serverless_predictive_fixed:cyclical:4,0.0,164.91,4
1788950419.228638,serverless_predictive_fixed:cyclical:4,0.0,164.91,4
1788950419.4308436,serverless_predictive_fixed:cyclical:4,0.0,164.91,4
1788950419.6330373,serverless_predictive_fixed:cyclical:4,0.0,164.91,4
1788950419.8356323,serverless_predictive_fixed:cyclical:4,0.0,164.91,4
1788950420.0383716,serverless_predictive_fixed:cyclical:4,0.0,164.91,4
1788950420.2413304,serverless_predictive_fixed:cyclical:4,0.0,164.91,4
1788950420.4436147,serverless_predictive_fixed:cyclical:4,0.0,164.91,4
1788950420.6459131,serverless_predictive_fixed:cyclical:4,0.0,164.91,4
1788950420.8484194,serverless_predictive_fixed:cyclical:4,0.0,164.91,4
1788950421.0506127,serverless_predictive_fixed:cyclical:4,0.0,164.91,4
1788950421.254383,serverless_predictive_fixed:cyclical:4,4.9,164.91,4
1788950421.4567137,serverless_predictive_fixed:cyclical:4,4.9,164.91,4
1788950421.6590862,serverless_predictive_fixed:cyclical:4,4.9,164.91,4
1788950421.8614361,serverless_predictive_fixed:cyclical:4,0.0,164.91,4
1788950422.0639572,serverless_predictive_fixed:cyclical:4,0.0,164.91,4
1788950422.2663813,serverless_predictive_fixed:cyclical:4,0.0,122.38,3
1788950422.468672,serverless_predictive_fixed:cyclical:4,0.0,133.73,4
1788950422.67069,serverless_predictive_fixed:cyclical:4,99.0,71.88,2
1788950422.8726084,serverless_predictive_fixed:cyclical:4,108.9,78.14,2
1788950423.074639,serverless_predictive_fixed:cyclical:4,9.9,79.8,2
1788950423.2766674,serverless_predictive_fixed:cyclical:4,0.0,79.8,2
1788950423.4786348,serverless_predictive_fixed:cyclical:4,0.0,79.8,2
1788950423.6813464,serverless_predictive_fixed:cyclical:4,0.0,79.8,2
1788950423.8836055,serverless_predictive_fixed:cyclical:4,0.0,79.8,2
1788950424.085713,serverless_predictive_fixed:cyclical:4,4.9,79.8,2
1788950424.2880366,serverless_predictive_fixed:cyclical:4,0.0,79.8,2
1788950424.4902644,serverless_predictive_fixed:cyclical:4,0.0,79.8,2
1788950424.6925828,serverless_predictive_fixed:cyclical:4,0.0,79.8,2
1788950424.8945932,serverless_predictive_fixed:cyclical:4,0.0,79.8,2
1788950425.0984893,serverless_predictive_fixed:cyclical:4,0.0,79.8,2
1788950425.3006167,serverless_predictive_fixed:cyclical:4,0.0,79.8,2
1788950425.502585,serverless_predictive_fixed:cyclical:4,0.0,79.8,2
1788950425.7048614,serverless_predictive_fixed:cyclical:4,4.9,79.8,2
1788950425.9082706,serverless_predictive_fixed:cyclical:4,0.0,79.8,2
1788950426.115515,serverless_predictive_fixed:cyclical:4,19.8,136.0,4
1788950426.3199253,serverless_predictive_fixed:cyclical:4,195.5,154.79,4
1788950426.5229268,serverless_predictive_fixed:cyclical:4,118.2,165.02,4
1788950426.7268574,serverless_predictive_fixed:cyclical:4,4.9,165.02,4
1788950426.9294891,serverless_predictive_fixed:cyclical:4,0.0,165.02,4
1788950427.1325111,serverless_predictive_fixed:cyclical:4,4.9,165.02,4
1788950427.3348315,serverless_predictive_fixed:cyclical:4,0.0,165.02,4
1788950427.538404,serverless_predictive_fixed:cyclical:4,0.0,165.02,4
1788950427.7417364,serverless_predictive_fixed:cyclical:4,0.0,165.02,4
1788950427.9443536,serverless_predictive_fixed:cyclical:4,4.9,165.02,4
1788950428.1470625,serverless_predictive_fixed:cyclical:4,0.0,165.02,4
1788950428.349631,serverless_predictive_fixed:cyclical:4,0.0,165.02,4
1788950428.553261,serverless_predictive_fixed:cyclical:4,0.0,165.02,4
1788950428.7559178,serverless_predictive_fixed:cyclical:4,0.0,165.02,4
1788950428.958685,serverless_predictive_fixed:cyclical:4,0.0,165.02,4
1788950429.1611235,serverless_predictive_fixed:cyclical:4,0.0,165.02,4
1788950429.3634784,serverless_predictive_fixed:cyclical:4,0.0,165.02,4
1788950429.5666995,serverless_predictive_fixed:cyclical:4,9.8,165.02,4
1788950429.7704768,serverless_predictive_fixed:cyclical:4,0.0,165.02,4
1788950429.9731584,serverless_predictive_fixed:cyclical:4,0.0,165.02,4
1788950430.1757836,serverless_predictive_fixed:cyclical:4,0.0,165.02,4
1788950430.378257,serverless_predictive_fixed:cyclical:4,0.0,165.02,4
1788950430.580953,serverless_predictive_fixed:cyclical:4,0.0,165.02,4
1788950430.7839878,serverless_predictive_fixed:cyclical:4,0.0,165.02,4
1788950430.9866004,serverless_predictive_fixed:cyclical:4,4.9,165.02,4
1788950431.18947,serverless_predictive_fixed:cyclical:4,4.9,165.02,4
1788950431.392094,serverless_predictive_fixed:cyclical:4,0.0,165.02,4
1788950431.5946467,serverless_predictive_fixed:cyclical:4,0.0,165.02,4
1788950431.7975893,serverless_predictive_fixed:cyclical:4,0.0,165.02,4
1788950432.0001783,serverless_predictive_fixed:cyclical:4,0.0,165.02,4
1788950432.204862,serverless_predictive_fixed:cyclical:4,0.0,165.02,4
1788950432.4073575,serverless_predictive_fixed:cyclical:4,0.0,122.45,3
1788950432.6104271,serverless_predictive_fixed:cyclical:4,0.0,122.45,3
1788950432.816628,serverless_predictive_fixed:cyclical:4,4.8,104.7,3
1788950433.0188794,serverless_predictive_fixed:cyclical:4,103.8,73.97,2
1788950433.2211387,serverless_predictive_fixed:cyclical:4,88.9,79.91,2
1788950433.4233918,serverless_predictive_fixed:cyclical:4,0.0,79.91,2
1788950433.64936,serverless_predictive_fixed:cyclical:4,0.0,79.91,2
1788950433.8517706,serverless_predictive_fixed:cyclical:4,0.0,79.91,2
1788950434.0542092,serverless_predictive_fixed:cyclical:4,0.0,79.91,2
1788950434.2575843,serverless_predictive_fixed:cyclical:4,0.0,79.91,2
1788950434.4603684,serverless_predictive_fixed:cyclical:4,0.0,79.91,2
1788950434.6626909,serverless_predictive_fixed:cyclical:4,4.9,79.91,2
1788950434.8650854,serverless_predictive_fixed:cyclical:4,0.0,79.91,2
1788950435.0675569,serverless_predictive_fixed:cyclical:4,0.0,79.91,2
1788950435.2699301,serverless_predictive_fixed:cyclical:4,0.0,79.91,2
1788950435.472417,serverless_predictive_fixed:cyclical:4,0.0,79.91,2
1788950435.6807368,serverless_predictive_fixed:cyclical:4,19.2,130.59,4
1788950435.8878405,serverless_predictive_fixed:cyclical:4,188.2,153.15,4
1788950436.0903287,serverless_predictive_fixed:cyclical:4,158.0,165.04,4
1788950436.29297,serverless_predictive_fixed:cyclical:4,0.0,165.04,4
1788950436.4955897,serverless_predictive_fixed:cyclical:4,0.0,165.04,4
1788950436.6978922,serverless_predictive_fixed:cyclical:4,0.0,165.04,4
1788950436.90042,serverless_predictive_fixed:cyclical:4,4.9,165.04,4
1788950437.1026921,serverless_predictive_fixed:cyclical:4,0.0,165.04,4
1788950437.3052979,serverless_predictive_fixed:cyclical:4,0.0,165.04,4
1788950437.507798,serverless_predictive_fixed:cyclical:4,0.0,165.04,4
1788950437.7101612,serverless_predictive_fixed:cyclical:4,0.0,165.04,4
1788950437.9126701,serverless_predictive_fixed:cyclical:4,0.0,165.04,4
1788950438.1150937,serverless_predictive_fixed:cyclical:4,0.0,165.04,4
1788950438.317763,serverless_predictive_fixed:cyclical:4,0.0,165.04,4
1788950438.5202382,serverless_predictive_fixed:cyclical:4,0.0,165.04,4
1788950438.7228644,serverless_predictive_fixed:cyclical:4,0.0,165.04,4
1788950438.925201,serverless_predictive_fixed:cyclical:4,0.0,165.04,4
1788950439.1284618,serverless_predictive_fixed:cyclical:4,0.0,165.04,4
1788950439.3310099,serverless_predictive_fixed:cyclical:4,0.0,165.04,4
1788950439.5335085,serverless_predictive_fixed:cyclical:4,4.9,165.04,4
1788950439.7362578,serverless_predictive_fixed:cyclical:4,4.9,165.04,4
1788950439.9389498,serverless_predictive_fixed:cyclical:4,0.0,165.04,4
1788950440.1412687,serverless_predictive_fixed:cyclical:4,0.0,165.04,4
1788950440.3439503,serverless_predictive_fixed:cyclical:4,0.0,165.04,4
1788950440.5462363,serverless_predictive_fixed:cyclical:4,9.8,165.04,4
1788950440.7485547,serverless_predictive_fixed:cyclical:4,0.0,165.04,4
1788950440.9508286,serverless_predictive_fixed:cyclical:4,0.0,165.04,4
1788950441.1532211,serverless_predictive_fixed:cyclical:4,0.0,165.04,4
1788950441.355819,serverless_predictive_fixed:cyclical:4,0.0,165.04,4
1788950441.5581586,serverless_predictive_fixed:cyclical:4,0.0,165.04,4
1788950441.7604818,serverless_predictive_fixed:cyclical:4,0.0,165.04,4
1788950441.9634526,serverless_predictive_fixed:cyclical:4,0.0,122.37,3
1788950442.1659503,serverless_predictive_fixed:cyclical:4,0.0,140.92,4
1788950442.368356,serverless_predictive_fixed:cyclical:4,108.7,116.33,3
1788950442.570456,serverless_predictive_fixed:cyclical:4,89.0,79.79,2
1788950442.772719,serverless_predictive_fixed:cyclical:4,9.8,79.95,2
1788950442.9748833,serverless_predictive_fixed:cyclical:4,0.0,79.95,2
1788950443.1779156,serverless_predictive_fixed:cyclical:4,0.0,79.95,2
1788950443.3809621,serverless_predictive_fixed:cyclical:4,0.0,79.95,2
1788950443.5834475,serverless_predictive_fixed:cyclical:4,0.0,79.95,2
1788950443.7858772,serverless_predictive_fixed:cyclical:4,0.0,79.95,2
1788950443.9886923,serverless_predictive_fixed:cyclical:4,0.0,79.95,2
1788950444.191081,serverless_predictive_fixed:cyclical:4,0.0,79.95,2
1788950444.393157,serverless_predictive_fixed:cyclical:4,0.0,79.95,2
1788950444.5951633,serverless_predictive_fixed:cyclical:4,0.0,79.95,2
1788950444.7972903,serverless_predictive_fixed:cyclical:4,0.0,79.95,2
1788950444.9999259,serverless_predictive_fixed:cyclical:4,0.0,79.95,2
1788950445.2081442,serverless_predictive_fixed:cyclical:4,19.2,128.07,4
1788950445.4109037,serverless_predictive_fixed:cyclical:4,202.1,153.2,4
1788950446.4001207,serverless_predictive_fixed:cyclical:5,0.0,36.66,1
1788950446.6019497,serverless_predictive_fixed:cyclical:5,0.0,36.66,1
1788950446.804014,serverless_predictive_fixed:cyclical:5,0.0,36.66,1
1788950447.005984,serverless_predictive_fixed:cyclical:5,0.0,36.66,1
1788950447.2096217,serverless_predictive_fixed:cyclical:5,0.0,36.66,1
1788950447.411716,serverless_predictive_fixed:cyclical:5,0.0,36.66,1
1788950447.613555,serverless_predictive_fixed:cyclical:5,0.0,36.66,1
1788950447.8156745,serverless_predictive_fixed:cyclical:5,0.0,36.66,1
1788950448.0175738,serverless_predictive_fixed:cyclical:5,0.0,36.66,1
1788950448.2197895,serverless_predictive_fixed:cyclical:5,0.0,36.66,1
1788950448.4221957,serverless_predictive_fixed:cyclical:5,0.0,36.66,1
1788950448.6241946,serverless_predictive_fixed:cyclical:5,0.0,36.66,1
1788950448.8261235,serverless_predictive_fixed:cyclical:5,5.0,36.66,1
1788950449.0280862,serverless_predictive_fixed:cyclical:5,0.0,36.66,1
1788950449.2299902,serverless_predictive_fixed:cyclical:5,0.0,36.66,1
1788950449.4320593,serverless_predictive_fixed:cyclical:5,0.0,36.66,1
1788950449.6345444,serverless_predictive_fixed:cyclical:5,0.0,36.66,1
1788950449.8365288,serverless_predictive_fixed:cyclical:5,0.0,36.66,1
1788950450.038844,serverless_predictive_fixed:cyclical:5,0.0,36.66,1
1788950450.2407336,serverless_predictive_fixed:cyclical:5,0.0,36.66,1
1788950450.4425972,serverless_predictive_fixed:cyclical:5,0.0,36.66,1
1788950450.6444714,serverless_predictive_fixed:cyclical:5,0.0,36.66,1
1788950450.84641,serverless_predictive_fixed:cyclical:5,0.0,36.66,1
1788950451.0485172,serverless_predictive_fixed:cyclical:5,0.0,36.66,1
1788950451.2504191,serverless_predictive_fixed:cyclical:5,0.0,36.66,1
1788950451.4535782,serverless_predictive_fixed:cyclical:5,0.0,36.66,1
1788950451.6565375,serverless_predictive_fixed:cyclical:5,0.0,36.66,1
1788950451.8594074,serverless_predictive_fixed:cyclical:5,0.0,36.66,1
1788950452.0613518,serverless_predictive_fixed:cyclical:5,0.0,36.66,1
1788950452.2633939,serverless_predictive_fixed:cyclical:5,0.0,36.66,1
1788950452.4653087,serverless_predictive_fixed:cyclical:5,0.0,36.66,1
1788950452.6679368,serverless_predictive_fixed:cyclical:5,4.9,36.66,1
1788950452.8700254,serverless_predictive_fixed:cyclical:5,0.0,36.66,1
1788950453.072006,serverless_predictive_fixed:cyclical:5,0.0,36.66,1
1788950453.2738912,serverless_predictive_fixed:cyclical:5,0.0,36.66,1
1788950453.475865,serverless_predictive_fixed:cyclical:5,0.0,36.66,1
1788950453.677814,serverless_predictive_fixed:cyclical:5,0.0,36.66,1
1788950453.8798132,serverless_predictive_fixed:cyclical:5,0.0,36.66,1
1788950454.081822,serverless_predictive_fixed:cyclical:5,0.0,36.66,1
1788950454.2848125,serverless_predictive_fixed:cyclical:5,0.0,36.67,1
1788950454.486651,serverless_predictive_fixed:cyclical:5,0.0,36.67,1
1788950454.6887596,serverless_predictive_fixed:cyclical:5,0.0,36.67,1
1788950454.8906827,serverless_predictive_fixed:cyclical:5,0.0,36.67,1
1788950455.092566,serverless_predictive_fixed:cyclical:5,0.0,36.67,1
1788950455.2943897,serverless_predictive_fixed:cyclical:5,0.0,36.67,1
1788950455.4963224,serverless_predictive_fixed:cyclical:5,0.0,36.67,1
1788950455.6981628,serverless_predictive_fixed:cyclical:5,0.0,36.67,1
1788950455.900449,serverless_predictive_fixed:cyclical:5,0.0,36.67,1
1788950456.1023283,serverless_predictive_fixed:cyclical:5,0.0,36.67,1
1788950456.3091514,serverless_predictive_fixed:cyclical:5,4.8,62.71,4
1788950456.5193818,serverless_predictive_fixed:cyclical:5,195.2,119.65,4
1788950456.7217479,serverless_predictive_fixed:cyclical:5,201.6,146.59,4
1788950456.923742,serverless_predictive_fixed:cyclical:5,202.9,157.55,4
1788950457.1266453,serverless_predictive_fixed:cyclical:5,59.1,164.87,4
1788950457.3298817,serverless_predictive_fixed:cyclical:5,4.9,164.87,4
1788950457.532267,serverless_predictive_fixed:cyclical:5,4.9,164.87,4
1788950457.735753,serverless_predictive_fixed:cyclical:5,0.0,164.87,4
1788950457.9389095,serverless_predictive_fixed:cyclical:5,0.0,164.87,4
1788950458.1421654,serverless_predictive_fixed:cyclical:5,0.0,164.87,4
1788950458.3456395,serverless_predictive_fixed:cyclical:5,0.0,164.87,4
1788950458.54899,serverless_predictive_fixed:cyclical:5,4.9,164.87,4
1788950458.7523108,serverless_predictive_fixed:cyclical:5,0.0,164.87,4
1788950458.9557061,serverless_predictive_fixed:cyclical:5,0.0,164.87,4
1788950459.1594272,serverless_predictive_fixed:cyclical:5,0.0,164.87,4
1788950459.3627088,serverless_predictive_fixed:cyclical:5,0.0,164.87,4
1788950459.5649579,serverless_predictive_fixed:cyclical:5,4.9,164.87,4
1788950459.767375,serverless_predictive_fixed:cyclical:5,0.0,164.87,4
1788950459.9701202,serverless_predictive_fixed:cyclical:5,0.0,164.87,4
1788950460.1729298,serverless_predictive_fixed:cyclical:5,0.0,164.87,4
1788950460.375129,serverless_predictive_fixed:cyclical:5,0.0,164.87,4
1788950460.5774066,serverless_predictive_fixed:cyclical:5,0.0,164.87,4
1788950460.7796907,serverless_predictive_fixed:cyclical:5,0.0,164.87,4
1788950460.9821262,serverless_predictive_fixed:cyclical:5,0.0,164.87,4
1788950461.1846175,serverless_predictive_fixed:cyclical:5,4.9,164.87,4
1788950461.3873096,serverless_predictive_fixed:cyclical:5,0.0,164.87,4
1788950461.5895624,serverless_predictive_fixed:cyclical:5,0.0,164.87,4
1788950461.7920837,serverless_predictive_fixed:cyclical:5,0.0,164.87,4
1788950461.9949303,serverless_predictive_fixed:cyclical:5,0.0,164.87,4
1788950462.197316,serverless_predictive_fixed:cyclical:5,0.0,164.88,4
1788950462.4002025,serverless_predictive_fixed:cyclical:5,0.0,164.88,4
1788950462.6025407,serverless_predictive_fixed:cyclical:5,0.0,164.88,4
1788950462.8243356,serverless_predictive_fixed:cyclical:5,4.5,164.88,4
1788950463.0266569,serverless_predictive_fixed:cyclical:5,0.0,164.88,4
1788950463.229024,serverless_predictive_fixed:cyclical:5,0.0,164.95,4
1788950463.4314272,serverless_predictive_fixed:cyclical:5,9.9,154.27,4
1788950463.6335459,serverless_predictive_fixed:cyclical:5,108.8,118.88,3
1788950463.837026,serverless_predictive_fixed:cyclical:5,24.6,79.71,2
1788950464.0390728,serverless_predictive_fixed:cyclical:5,0.0,79.71,2
1788950464.2411952,serverless_predictive_fixed:cyclical:5,0.0,79.71,2
1788950464.4433014,serverless_predictive_fixed:cyclical:5,0.0,79.71,2
1788950464.645449,serverless_predictive_fixed:cyclical:5,0.0,79.71,2
1788950464.8475723,serverless_predictive_fixed:cyclical:5,0.0,79.71,2
1788950465.049684,serverless_predictive_fixed:cyclical:5,0.0,79.71,2
1788950465.2517684,serverless_predictive_fixed:cyclical:5,0.0,79.71,2
1788950465.4537055,serverless_predictive_fixed:cyclical:5,0.0,79.71,2
1788950465.6556523,serverless_predictive_fixed:cyclical:5,0.0,79.71,2
1788950465.8587167,serverless_predictive_fixed:cyclical:5,0.0,79.71,2
1788950466.0608644,serverless_predictive_fixed:cyclical:5,0.0,79.71,2
1788950466.2637107,serverless_predictive_fixed:cyclical:5,9.8,101.02,4
1788950466.4656942,serverless_predictive_fixed:cyclical:5,183.3,146.66,4
1788950466.6719913,serverless_predictive_fixed:cyclical:5,198.8,161.39,4
1788950466.8753102,serverless_predictive_fixed:cyclical:5,29.6,164.91,4
1788950467.0775855,serverless_predictive_fixed:cyclical:5,0.0,164.91,4
1788950467.279974,serverless_predictive_fixed:cyclical:5,4.9,164.91,4
1788950467.4823782,serverless_predictive_fixed:cyclical:5,0.0,164.91,4
1788950467.684867,serverless_predictive_fixed:cyclical:5,0.0,164.91,4
1788950467.8871207,serverless_predictive_fixed:cyclical:5,4.9,164.91,4
1788950468.0894485,serverless_predictive_fixed:cyclical:5,0.0,164.91,4
1788950468.292098,serverless_predictive_fixed:cyclical:5,0.0,164.91,4
1788950468.494554,serverless_predictive_fixed:cyclical:5,0.0,164.91,4
1788950468.696921,serverless_predictive_fixed:cyclical:5,0.0,164.91,4
1788950468.9007463,serverless_predictive_fixed:cyclical:5,0.0,164.91,4
1788950469.1033561,serverless_predictive_fixed:cyclical:5,0.0,164.91,4
1788950469.3057182,serverless_predictive_fixed:cyclical:5,0.0,164.91,4
1788950469.5080535,serverless_predictive_fixed:cyclical:5,0.0,164.91,4
1788950469.71025,serverless_predictive_fixed:cyclical:5,0.0,164.91,4
1788950469.9127352,serverless_predictive_fixed:cyclical:5,0.0,164.91,4
1788950470.1150448,serverless_predictive_fixed:cyclical:5,0.0,164.91,4
1788950470.3178043,serverless_predictive_fixed:cyclical:5,0.0,164.91,4
1788950470.5201943,serverless_predictive_fixed:cyclical:5,0.0,164.91,4
1788950470.722481,serverless_predictive_fixed:cyclical:5,0.0,164.91,4
1788950470.9249063,serverless_predictive_fixed:cyclical:5,4.9,164.91,4
1788950471.1272824,serverless_predictive_fixed:cyclical:5,0.0,164.91,4
1788950471.329649,serverless_predictive_fixed:cyclical:5,4.9,164.91,4
1788950471.5319755,serverless_predictive_fixed:cyclical:5,4.9,164.91,4
1788950471.7343721,serverless_predictive_fixed:cyclical:5,0.0,164.91,4
1788950471.93707,serverless_predictive_fixed:cyclical:5,4.9,164.91,4
1788950472.1395364,serverless_predictive_fixed:cyclical:5,0.0,164.91,4
1788950472.3421295,serverless_predictive_fixed:cyclical:5,0.0,164.91,4
1788950472.5444884,serverless_predictive_fixed:cyclical:5,0.0,164.91,4
1788950472.7469852,serverless_predictive_fixed:cyclical:5,0.0,122.39,3
1788950472.9491003,serverless_predictive_fixed:cyclical:5,0.0,122.39,3
1788950473.1515112,serverless_predictive_fixed:cyclical:5,4.9,104.38,4
1788950473.3541083,serverless_predictive_fixed:cyclical:5,113.5,73.95,3
1788950473.5566573,serverless_predictive_fixed:cyclical:5,74.0,79.87,2
1788950473.7599754,serverless_predictive_fixed:cyclical:5,0.0,79.87,2
1788950473.9623747,serverless_predictive_fixed:cyclical:5,0.0,79.87,2
1788950474.1647818,serverless_predictive_fixed:cyclical:5,0.0,79.87,2
1788950474.3670974,serverless_predictive_fixed:cyclical:5,0.0,79.87,2
1788950474.5693703,serverless_predictive_fixed:cyclical:5,0.0,79.87,2
1788950474.7715666,serverless_predictive_fixed:cyclical:5,0.0,79.87,2
1788950474.9743743,serverless_predictive_fixed:cyclical:5,4.9,96.47,4
1788950475.1773834,serverless_predictive_fixed:cyclical:5,197.1,144.37,4
1788950475.3837135,serverless_predictive_fixed:cyclical:5,193.8,160.59,4
1788950475.5862894,serverless_predictive_fixed:cyclical:5,39.5,165.12,4
1788950475.7892685,serverless_predictive_fixed:cyclical:5,4.9,165.12,4
1788950475.9919229,serverless_predictive_fixed:cyclical:5,0.0,165.12,4
1788950476.1943467,serverless_predictive_fixed:cyclical:5,0.0,165.12,4
1788950476.396748,serverless_predictive_fixed:cyclical:5,0.0,165.12,4
1788950476.5991347,serverless_predictive_fixed:cyclical:5,0.0,165.12,4
1788950476.8016248,serverless_predictive_fixed:cyclical:5,0.0,165.12,4
1788950477.0067508,serverless_predictive_fixed:cyclical:5,0.0,165.12,4
1788950477.2096362,serverless_predictive_fixed:cyclical:5,0.0,165.12,4
1788950477.412576,serverless_predictive_fixed:cyclical:5,0.0,165.12,4
1788950477.61515,serverless_predictive_fixed:cyclical:5,4.9,165.12,4
1788950477.820785,serverless_predictive_fixed:cyclical:5,0.0,165.12,4
1788950478.0234218,serverless_predictive_fixed:cyclical:5,0.0,165.12,4
1788950478.2257593,serverless_predictive_fixed:cyclical:5,0.0,165.12,4
1788950478.428089,serverless_predictive_fixed:cyclical:5,0.0,165.12,4
1788950478.630492,serverless_predictive_fixed:cyclical:5,0.0,165.12,4
1788950478.8332798,serverless_predictive_fixed:cyclical:5,0.0,165.12,4
1788950479.0355237,serverless_predictive_fixed:cyclical:5,0.0,165.12,4
1788950479.2377377,serverless_predictive_fixed:cyclical:5,0.0,165.12,4
1788950479.440065,serverless_predictive_fixed:cyclical:5,0.0,165.12,4
1788950479.6429186,serverless_predictive_fixed:cyclical:5,0.0,165.12,4
1788950479.8451498,serverless_predictive_fixed:cyclical:5,0.0,165.12,4
1788950480.0474162,serverless_predictive_fixed:cyclical:5,0.0,165.12,4
1788950480.249664,serverless_predictive_fixed:cyclical:5,4.9,165.12,4
1788950480.4521708,serverless_predictive_fixed:cyclical:5,4.9,165.12,4
1788950480.6543913,serverless_predictive_fixed:cyclical:5,4.9,165.12,4
1788950480.8568218,serverless_predictive_fixed:cyclical:5,0.0,165.12,4
1788950481.0591702,serverless_predictive_fixed:cyclical:5,0.0,165.12,4
1788950481.2615933,serverless_predictive_fixed:cyclical:5,4.9,165.12,4
1788950481.4642303,serverless_predictive_fixed:cyclical:5,0.0,122.51,3
1788950481.6665273,serverless_predictive_fixed:cyclical:5,4.9,130.73,4
1788950481.8689926,serverless_predictive_fixed:cyclical:5,98.8,71.21,3
1788950482.0712857,serverless_predictive_fixed:cyclical:5,103.8,77.5,2
1788950482.2735147,serverless_predictive_fixed:cyclical:5,19.8,79.86,2
1788950482.4759903,serverless_predictive_fixed:cyclical:5,4.9,79.86,2
1788950482.6804442,serverless_predictive_fixed:cyclical:5,0.0,79.86,2
1788950482.8835068,serverless_predictive_fixed:cyclical:5,0.0,79.86,2
1788950483.0861545,serverless_predictive_fixed:cyclical:5,0.0,79.86,2
1788950483.288378,serverless_predictive_fixed:cyclical:5,0.0,79.86,2
1788950483.49222,serverless_predictive_fixed:cyclical:5,0.0,79.86,2
1788950483.6959457,serverless_predictive_fixed:cyclical:5,0.0,79.86,2
1788950483.8988106,serverless_predictive_fixed:cyclical:5,0.0,79.86,2
1788950484.101023,serverless_predictive_fixed:cyclical:5,0.0,79.86,2
1788950484.3033178,serverless_predictive_fixed:cyclical:5,0.0,79.86,2
1788950484.5055559,serverless_predictive_fixed:cyclical:5,4.9,79.86,2
1788950484.713595,serverless_predictive_fixed:cyclical:5,14.4,136.8,4
1788950484.921191,serverless_predictive_fixed:cyclical:5,192.6,154.79,4
1788950485.1246092,serverless_predictive_fixed:cyclical:5,113.1,165.0,4
1788950485.3270066,serverless_predictive_fixed:cyclical:5,0.0,165.0,4
1788950485.5298104,serverless_predictive_fixed:cyclical:5,9.9,165.0,4
1788950485.7337463,serverless_predictive_fixed:cyclical:5,4.9,165.0,4
1788950485.9364355,serverless_predictive_fixed:cyclical:5,0.0,165.0,4
1788950486.1391602,serverless_predictive_fixed:cyclical:5,0.0,165.0,4
1788950486.3416328,serverless_predictive_fixed:cyclical:5,4.9,165.0,4
1788950486.544682,serverless_predictive_fixed:cyclical:5,0.0,165.0,4
1788950486.7485716,serverless_predictive_fixed:cyclical:5,0.0,165.0,4
1788950486.9510958,serverless_predictive_fixed:cyclical:5,0.0,165.0,4
1788950487.1534088,serverless_predictive_fixed:cyclical:5,0.0,165.0,4
1788950487.3569894,serverless_predictive_fixed:cyclical:5,0.0,165.0,4
1788950487.5593746,serverless_predictive_fixed:cyclical:5,0.0,165.0,4
1788950487.761665,serverless_predictive_fixed:cyclical:5,0.0,165.0,4
1788950487.9640374,serverless_predictive_fixed:cyclical:5,0.0,165.0,4
1788950488.1668468,serverless_predictive_fixed:cyclical:5,0.0,165.0,4
1788950488.3694184,serverless_predictive_fixed:cyclical:5,0.0,165.0,4
1788950488.5717702,serverless_predictive_fixed:cyclical:5,0.0,165.0,4
1788950488.7753353,serverless_predictive_fixed:cyclical:5,0.0,165.0,4
1788950488.9787738,serverless_predictive_fixed:cyclical:5,0.0,165.0,4
1788950489.1811743,serverless_predictive_fixed:cyclical:5,0.0,165.0,4
1788950489.3835902,serverless_predictive_fixed:cyclical:5,0.0,165.0,4
1788950489.585873,serverless_predictive_fixed:cyclical:5,4.9,165.0,4
1788950489.7884815,serverless_predictive_fixed:cyclical:5,4.9,165.0,4
1788950489.9908693,serverless_predictive_fixed:cyclical:5,0.0,165.0,4
1788950490.1932955,serverless_predictive_fixed:cyclical:5,0.0,165.0,4
1788950490.3957098,serverless_predictive_fixed:cyclical:5,0.0,165.0,4
1788950490.5979958,serverless_predictive_fixed:cyclical:5,0.0,165.0,4
1788950490.8006945,serverless_predictive_fixed:cyclical:5,0.0,165.0,4
1788950491.0051892,serverless_predictive_fixed:cyclical:5,0.0,165.0,4
1788950491.2075925,serverless_predictive_fixed:cyclical:5,4.9,122.43,3
1788950491.4102857,serverless_predictive_fixed:cyclical:5,0.0,133.8,4
1788950491.6132815,serverless_predictive_fixed:cyclical:5,103.4,72.29,2
1788950491.8161938,serverless_predictive_fixed:cyclical:5,108.4,78.48,2
1788950492.0182295,serverless_predictive_fixed:cyclical:5,9.9,79.82,2
1788950492.2205057,serverless_predictive_fixed:cyclical:5,0.0,79.82,2
1788950492.4224987,serverless_predictive_fixed:cyclical:5,0.0,79.82,2
1788950492.624785,serverless_predictive_fixed:cyclical:5,0.0,79.82,2
1788950492.8273633,serverless_predictive_fixed:cyclical:5,0.0,79.82,2
1788950493.029415,serverless_predictive_fixed:cyclical:5,0.0,79.82,2
1788950493.2326524,serverless_predictive_fixed:cyclical:5,9.8,79.82,2
1788950493.434871,serverless_predictive_fixed:cyclical:5,0.0,79.82,2
1788950493.636929,serverless_predictive_fixed:cyclical:5,14.9,138.59,4
1788950493.8434,serverless_predictive_fixed:cyclical:5,195.7,156.7,4
1788950494.7690237,serverless_predictive_fixed:cyclical:0,0.0,36.66,1
1788950494.9710214,serverless_predictive_fixed:cyclical:0,0.0,36.66,1
1788950495.172815,serverless_predictive_fixed:cyclical:0,0.0,36.66,1
1788950495.3750207,serverless_predictive_fixed:cyclical:0,0.0,36.66,1
1788950495.5770295,serverless_predictive_fixed:cyclical:0,0.0,36.66,1
1788950495.778952,serverless_predictive_fixed:cyclical:0,0.0,36.66,1
1788950495.9810288,serverless_predictive_fixed:cyclical:0,0.0,36.66,1
1788950496.1828804,serverless_predictive_fixed:cyclical:0,0.0,36.66,1
1788950496.3857863,serverless_predictive_fixed:cyclical:0,0.0,36.66,1
1788950496.5878444,serverless_predictive_fixed:cyclical:0,0.0,36.66,1
1788950496.7898355,serverless_predictive_fixed:cyclical:0,0.0,36.66,1
1788950496.9918664,serverless_predictive_fixed:cyclical:0,0.0,36.66,1
1788950497.19379,serverless_predictive_fixed:cyclical:0,0.0,36.66,1
1788950497.395939,serverless_predictive_fixed:cyclical:0,0.0,36.66,1
1788950497.5979924,serverless_predictive_fixed:cyclical:0,0.0,36.66,1
1788950497.8004062,serverless_predictive_fixed:cyclical:0,0.0,36.66,1
1788950498.0028894,serverless_predictive_fixed:cyclical:0,4.9,36.66,1
1788950498.2051725,serverless_predictive_fixed:cyclical:0,0.0,36.66,1
1788950498.4073079,serverless_predictive_fixed:cyclical:0,0.0,36.66,1
1788950498.6095977,serverless_predictive_fixed:cyclical:0,0.0,36.66,1
1788950498.8122308,serverless_predictive_fixed:cyclical:0,0.0,36.66,1
1788950499.0156372,serverless_predictive_fixed:cyclical:0,0.0,36.66,1
1788950499.2177765,serverless_predictive_fixed:cyclical:0,0.0,36.66,1
1788950499.4204268,serverless_predictive_fixed:cyclical:0,0.0,36.66,1
1788950499.6221402,serverless_predictive_fixed:cyclical:0,0.0,36.66,1
1788950499.825775,serverless_predictive_fixed:cyclical:0,0.0,36.66,1
1788950500.0278034,serverless_predictive_fixed:cyclical:0,0.0,36.66,1
1788950500.2297523,serverless_predictive_fixed:cyclical:0,0.0,36.66,1
1788950500.431778,serverless_predictive_fixed:cyclical:0,0.0,36.66,1
1788950500.6337156,serverless_predictive_fixed:cyclical:0,0.0,36.66,1
1788950500.8359375,serverless_predictive_fixed:cyclical:0,0.0,36.66,1
1788950501.0377953,serverless_predictive_fixed:cyclical:0,0.0,36.66,1
1788950501.239985,serverless_predictive_fixed:cyclical:0,0.0,36.66,1
1788950501.4420202,serverless_predictive_fixed:cyclical:0,0.0,36.66,1
1788950501.6440318,serverless_predictive_fixed:cyclical:0,0.0,36.66,1
1788950501.8458803,serverless_predictive_fixed:cyclical:0,5.0,36.66,1
1788950502.048316,serverless_predictive_fixed:cyclical:0,0.0,36.66,1
1788950502.2507193,serverless_predictive_fixed:cyclical:0,0.0,36.66,1
1788950502.4527164,serverless_predictive_fixed:cyclical:0,0.0,36.66,1
1788950502.6545782,serverless_predictive_fixed:cyclical:0,0.0,36.66,1
1788950502.8565896,serverless_predictive_fixed:cyclical:0,0.0,36.66,1
1788950503.0589767,serverless_predictive_fixed:cyclical:0,0.0,36.66,1
1788950503.262024,serverless_predictive_fixed:cyclical:0,0.0,36.66,1
1788950503.4639745,serverless_predictive_fixed:cyclical:0,0.0,36.66,1
1788950503.6657593,serverless_predictive_fixed:cyclical:0,0.0,36.66,1
1788950503.8682282,serverless_predictive_fixed:cyclical:0,0.0,36.66,1
1788950504.070086,serverless_predictive_fixed:cyclical:0,0.0,36.66,1
1788950504.272089,serverless_predictive_fixed:cyclical:0,0.0,36.66,1
1788950504.4740064,serverless_predictive_fixed:cyclical:0,0.0,36.66,1
1788950504.6811635,serverless_predictive_fixed:cyclical:0,4.8,64.18,4
1788950504.8875313,serverless_predictive_fixed:cyclical:0,195.7,118.26,4
1788950505.090021,serverless_predictive_fixed:cyclical:0,196.2,142.25,4
1788950505.293366,serverless_predictive_fixed:cyclical:0,191.6,153.72,4
1788950505.495615,serverless_predictive_fixed:cyclical:0,143.4,164.71,4
1788950505.6985357,serverless_predictive_fixed:cyclical:0,0.0,164.72,4
1788950505.9008377,serverless_predictive_fixed:cyclical:0,0.0,164.72,4
1788950506.1030354,serverless_predictive_fixed:cyclical:0,0.0,164.72,4
1788950506.3050842,serverless_predictive_fixed:cyclical:0,4.9,164.72,4
1788950506.5073278,serverless_predictive_fixed:cyclical:0,0.0,164.72,4
1788950506.7095988,serverless_predictive_fixed:cyclical:0,0.0,164.72,4
1788950506.9119997,serverless_predictive_fixed:cyclical:0,0.0,164.72,4
1788950507.114569,serverless_predictive_fixed:cyclical:0,0.0,164.72,4
1788950507.3167021,serverless_predictive_fixed:cyclical:0,0.0,164.72,4
1788950507.5189092,serverless_predictive_fixed:cyclical:0,0.0,164.72,4
1788950507.7210977,serverless_predictive_fixed:cyclical:0,0.0,164.72,4
1788950507.9234314,serverless_predictive_fixed:cyclical:0,0.0,164.72,4
1788950508.125609,serverless_predictive_fixed:cyclical:0,0.0,164.72,4
1788950508.3278475,serverless_predictive_fixed:cyclical:0,0.0,164.72,4
1788950508.530064,serverless_predictive_fixed:cyclical:0,0.0,164.72,4
1788950508.7322798,serverless_predictive_fixed:cyclical:0,0.0,164.72,4
1788950508.934445,serverless_predictive_fixed:cyclical:0,4.9,164.72,4
1788950509.1365874,serverless_predictive_fixed:cyclical:0,0.0,164.72,4
1788950509.339015,serverless_predictive_fixed:cyclical:0,0.0,164.72,4
1788950509.5411325,serverless_predictive_fixed:cyclical:0,4.9,164.72,4
1788950509.7441356,serverless_predictive_fixed:cyclical:0,0.0,164.72,4
1788950509.946324,serverless_predictive_fixed:cyclical:0,0.0,164.72,4
1788950510.1485178,serverless_predictive_fixed:cyclical:0,4.9,164.72,4
1788950510.3515418,serverless_predictive_fixed:cyclical:0,4.9,164.72,4
1788950510.554096,serverless_predictive_fixed:cyclical:0,0.0,164.72,4
1788950510.756323,serverless_predictive_fixed:cyclical:0,0.0,164.72,4
1788950510.9584417,serverless_predictive_fixed:cyclical:0,0.0,164.72,4
1788950511.1607368,serverless_predictive_fixed:cyclical:0,0.0,164.72,4
1788950511.3628645,serverless_predictive_fixed:cyclical:0,0.0,164.72,4
1788950511.5650604,serverless_predictive_fixed:cyclical:0,0.0,164.8,4
1788950511.7673235,serverless_predictive_fixed:cyclical:0,4.9,152.93,4
1788950511.9693573,serverless_predictive_fixed:cyclical:0,108.8,118.79,3
1788950512.1714427,serverless_predictive_fixed:cyclical:0,24.7,79.73,2
1788950512.374034,serverless_predictive_fixed:cyclical:0,0.0,79.73,2
1788950512.576581,serverless_predictive_fixed:cyclical:0,0.0,79.73,2
1788950512.7785847,serverless_predictive_fixed:cyclical:0,0.0,79.73,2
1788950512.980694,serverless_predictive_fixed:cyclical:0,0.0,79.73,2
1788950513.1828136,serverless_predictive_fixed:cyclical:0,0.0,79.73,2
1788950513.3848789,serverless_predictive_fixed:cyclical:0,0.0,79.73,2
1788950513.5868914,serverless_predictive_fixed:cyclical:0,0.0,79.73,2
1788950513.7889588,serverless_predictive_fixed:cyclical:0,0.0,79.73,2
1788950513.991599,serverless_predictive_fixed:cyclical:0,29.6,133.13,4
1788950514.194231,serverless_predictive_fixed:cyclical:0,192.5,154.39,4
1788950514.3967953,serverless_predictive_fixed:cyclical:0,128.3,164.97,4
1788950514.5989904,serverless_predictive_fixed:cyclical:0,0.0,164.97,4
1788950514.8011427,serverless_predictive_fixed:cyclical:0,0.0,164.97,4
1788950515.0035017,serverless_predictive_fixed:cyclical:0,0.0,164.97,4
1788950515.2060134,serverless_predictive_fixed:cyclical:0,0.0,164.97,4
1788950515.4083028,serverless_predictive_fixed:cyclical:0,0.0,164.97,4
1788950515.6108546,serverless_predictive_fixed:cyclical:0,0.0,164.97,4
1788950515.813123,serverless_predictive_fixed:cyclical:0,0.0,164.97,4
1788950516.0154803,serverless_predictive_fixed:cyclical:0,0.0,164.97,4
1788950516.2177024,serverless_predictive_fixed:cyclical:0,4.9,164.97,4
1788950516.420825,serverless_predictive_fixed:cyclical:0,0.0,164.97,4
1788950516.6233656,serverless_predictive_fixed:cyclical:0,0.0,164.97,4
1788950516.8256083,serverless_predictive_fixed:cyclical:0,0.0,164.97,4
1788950517.0283623,serverless_predictive_fixed:cyclical:0,0.0,164.97,4
1788950517.2305918,serverless_predictive_fixed:cyclical:0,0.0,164.97,4
1788950517.4328196,serverless_predictive_fixed:cyclical:0,4.9,164.97,4
1788950517.6350172,serverless_predictive_fixed:cyclical:0,0.0,164.97,4
1788950517.837338,serverless_predictive_fixed:cyclical:0,0.0,164.97,4
1788950518.0396132,serverless_predictive_fixed:cyclical:0,0.0,164.97,4
1788950518.2422736,serverless_predictive_fixed:cyclical:0,0.0,164.97,4
1788950518.4446805,serverless_predictive_fixed:cyclical:0,0.0,164.97,4
1788950518.6475198,serverless_predictive_fixed:cyclical:0,4.9,164.97,4
1788950518.8498843,serverless_predictive_fixed:cyclical:0,4.9,164.97,4
1788950519.052231,serverless_predictive_fixed:cyclical:0,0.0,164.97,4
1788950519.254688,serverless_predictive_fixed:cyclical:0,0.0,164.97,4
1788950519.4568105,serverless_predictive_fixed:cyclical:0,0.0,164.97,4
1788950519.659089,serverless_predictive_fixed:cyclical:0,0.0,164.97,4
1788950519.861203,serverless_predictive_fixed:cyclical:0,0.0,164.97,4
1788950520.063527,serverless_predictive_fixed:cyclical:0,0.0,164.97,4
1788950520.2656553,serverless_predictive_fixed:cyclical:0,0.0,164.97,4
1788950520.4680405,serverless_predictive_fixed:cyclical:0,0.0,122.45,3
1788950520.6701717,serverless_predictive_fixed:cyclical:0,0.0,122.45,3
1788950520.8723948,serverless_predictive_fixed:cyclical:0,4.9,110.54,3
1788950521.0744436,serverless_predictive_fixed:cyclical:0,103.9,75.54,2
1788950521.2766263,serverless_predictive_fixed:cyclical:0,49.5,79.82,2
1788950521.4788523,serverless_predictive_fixed:cyclical:0,0.0,79.82,2
1788950521.6813266,serverless_predictive_fixed:cyclical:0,0.0,79.82,2
1788950521.884685,serverless_predictive_fixed:cyclical:0,0.0,79.82,2
1788950522.0878055,serverless_predictive_fixed:cyclical:0,0.0,79.82,2
1788950522.2898889,serverless_predictive_fixed:cyclical:0,0.0,79.82,2
1788950522.492051,serverless_predictive_fixed:cyclical:0,4.9,79.82,2
1788950522.6940722,serverless_predictive_fixed:cyclical:0,0.0,79.82,2
1788950522.8963084,serverless_predictive_fixed:cyclical:0,0.0,79.82,2
1788950523.1011064,serverless_predictive_fixed:cyclical:0,0.0,79.82,2
1788950523.303733,serverless_predictive_fixed:cyclical:0,0.0,95.45,4
1788950523.5058336,serverless_predictive_fixed:cyclical:0,188.0,142.47,4
1788950523.7119727,serverless_predictive_fixed:cyclical:0,199.0,157.25,4
1788950523.914294,serverless_predictive_fixed:cyclical:0,74.1,164.88,4
1788950524.1169374,serverless_predictive_fixed:cyclical:0,0.0,164.88,4
1788950524.3197637,serverless_predictive_fixed:cyclical:0,0.0,164.88,4
1788950524.5220053,serverless_predictive_fixed:cyclical:0,4.9,164.88,4
1788950524.7242634,serverless_predictive_fixed:cyclical:0,0.0,164.88,4
1788950524.9264545,serverless_predictive_fixed:cyclical:0,0.0,164.88,4
1788950525.128754,serverless_predictive_fixed:cyclical:0,0.0,164.88,4
1788950525.3309286,serverless_predictive_fixed:cyclical:0,4.9,164.88,4
1788950525.5331857,serverless_predictive_fixed:cyclical:0,0.0,164.88,4
1788950525.7362514,serverless_predictive_fixed:cyclical:0,0.0,164.88,4
1788950525.938737,serverless_predictive_fixed:cyclical:0,0.0,164.88,4
1788950526.141174,serverless_predictive_fixed:cyclical:0,0.0,164.88,4
1788950526.3436568,serverless_predictive_fixed:cyclical:0,0.0,164.88,4
1788950526.5468755,serverless_predictive_fixed:cyclical:0,4.9,164.88,4
1788950526.7492633,serverless_predictive_fixed:cyclical:0,0.0,164.88,4
1788950526.951729,serverless_predictive_fixed:cyclical:0,0.0,164.88,4
1788950527.1542335,serverless_predictive_fixed:cyclical:0,0.0,164.88,4
1788950527.3566108,serverless_predictive_fixed:cyclical:0,0.0,164.88,4
1788950527.558789,serverless_predictive_fixed:cyclical:0,0.0,164.88,4
1788950527.7611592,serverless_predictive_fixed:cyclical:0,0.0,164.88,4
1788950527.9640589,serverless_predictive_fixed:cyclical:0,0.0,164.88,4
1788950528.16787,serverless_predictive_fixed:cyclical:0,4.9,164.88,4
1788950528.370187,serverless_predictive_fixed:cyclical:0,0.0,164.88,4
1788950528.5724595,serverless_predictive_fixed:cyclical:0,0.0,164.88,4
1788950528.7746947,serverless_predictive_fixed:cyclical:0,0.0,164.88,4
1788950528.9771295,serverless_predictive_fixed:cyclical:0,0.0,164.88,4
1788950529.1796362,serverless_predictive_fixed:cyclical:0,0.0,164.88,4
1788950529.3818347,serverless_predictive_fixed:cyclical:0,0.0,164.88,4
1788950529.5843184,serverless_predictive_fixed:cyclical:0,0.0,164.88,4
1788950529.787549,serverless_predictive_fixed:cyclical:0,4.9,122.32,3
1788950529.989635,serverless_predictive_fixed:cyclical:0,4.9,122.32,3
1788950530.1917934,serverless_predictive_fixed:cyclical:0,0.0,110.26,3
1788950530.3937054,serverless_predictive_fixed:cyclical:0,104.1,76.21,2
1788950530.595718,serverless_predictive_fixed:cyclical:0,34.7,79.85,2
1788950530.7981713,serverless_predictive_fixed:cyclical:0,0.0,79.85,2
1788950531.0003474,serverless_predictive_fixed:cyclical:0,0.0,79.85,2
1788950531.2023642,serverless_predictive_fixed:cyclical:0,0.0,79.85,2
1788950531.4049518,serverless_predictive_fixed:cyclical:0,0.0,79.85,2
1788950531.6074517,serverless_predictive_fixed:cyclical:0,0.0,79.85,2
1788950531.809426,serverless_predictive_fixed:cyclical:0,4.9,79.85,2
1788950532.011594,serverless_predictive_fixed:cyclical:0,0.0,79.85,2
1788950532.2136502,serverless_predictive_fixed:cyclical:0,0.0,79.85,2
1788950532.4163074,serverless_predictive_fixed:cyclical:0,9.8,122.67,4
1788950532.6238565,serverless_predictive_fixed:cyclical:0,202.3,153.04,4
1788950532.826689,serverless_predictive_fixed:cyclical:0,157.8,164.91,4
1788950533.029436,serverless_predictive_fixed:cyclical:0,9.8,165.06,4
1788950533.2316706,serverless_predictive_fixed:cyclical:0,0.0,165.06,4
1788950533.4338193,serverless_predictive_fixed:cyclical:0,0.0,165.06,4
1788950533.6362016,serverless_predictive_fixed:cyclical:0,0.0,165.06,4
1788950533.8383317,serverless_predictive_fixed:cyclical:0,0.0,165.06,4
1788950534.040815,serverless_predictive_fixed:cyclical:0,0.0,165.06,4
1788950534.2430115,serverless_predictive_fixed:cyclical:0,0.0,165.06,4
1788950534.4453921,serverless_predictive_fixed:cyclical:0,0.0,165.06,4
1788950534.6477056,serverless_predictive_fixed:cyclical:0,0.0,165.06,4
1788950534.8499348,serverless_predictive_fixed:cyclical:0,0.0,165.06,4
1788950535.05218,serverless_predictive_fixed:cyclical:0,0.0,165.06,4
1788950535.2543259,serverless_predictive_fixed:cyclical:0,0.0,165.06,4
1788950535.456594,serverless_predictive_fixed:cyclical:0,0.0,165.06,4
1788950535.6589673,serverless_predictive_fixed:cyclical:0,0.0,165.06,4
1788950535.8616285,serverless_predictive_fixed:cyclical:0,4.9,165.06,4
1788950536.0641358,serverless_predictive_fixed:cyclical:0,0.0,165.06,4
1788950536.2664697,serverless_predictive_fixed:cyclical:0,4.9,165.06,4
1788950536.4706109,serverless_predictive_fixed:cyclical:0,0.0,165.06,4
1788950536.6749127,serverless_predictive_fixed:cyclical:0,4.9,165.06,4
1788950536.877856,serverless_predictive_fixed:cyclical:0,0.0,165.06,4
1788950537.0827012,serverless_predictive_fixed:cyclical:0,4.9,165.06,4
1788950537.2851198,serverless_predictive_fixed:cyclical:0,0.0,165.06,4
1788950537.489569,serverless_predictive_fixed:cyclical:0,0.0,165.06,4
1788950537.6925256,serverless_predictive_fixed:cyclical:0,0.0,165.06,4
1788950537.8947,serverless_predictive_fixed:cyclical:0,0.0,165.06,4
1788950538.097046,serverless_predictive_fixed:cyclical:0,4.9,165.06,4
1788950538.2993786,serverless_predictive_fixed:cyclical:0,0.0,165.06,4
1788950538.501506,serverless_predictive_fixed:cyclical:0,0.0,165.06,4
1788950538.7038438,serverless_predictive_fixed:cyclical:0,0.0,165.06,4
1788950538.9060128,serverless_predictive_fixed:cyclical:0,4.9,122.5,3
1788950539.1085942,serverless_predictive_fixed:cyclical:0,0.0,129.07,4
1788950539.3116424,serverless_predictive_fixed:cyclical:0,103.4,112.54,3
1788950539.5135832,serverless_predictive_fixed:cyclical:0,99.0,77.21,2
1788950539.7159145,serverless_predictive_fixed:cyclical:0,24.7,79.9,2
1788950539.9182408,serverless_predictive_fixed:cyclical:0,0.0,79.9,2
1788950540.1203938,serverless_predictive_fixed:cyclical:0,4.9,79.9,2
1788950540.3226905,serverless_predictive_fixed:cyclical:0,0.0,79.9,2
1788950540.5249965,serverless_predictive_fixed:cyclical:0,0.0,79.9,2
1788950540.7271202,serverless_predictive_fixed:cyclical:0,0.0,79.9,2
1788950540.929083,serverless_predictive_fixed:cyclical:0,0.0,79.9,2
1788950541.131115,serverless_predictive_fixed:cyclical:0,0.0,79.9,2
1788950541.3331573,serverless_predictive_fixed:cyclical:0,0.0,79.9,2
1788950541.5354543,serverless_predictive_fixed:cyclical:0,0.0,79.9,2
1788950541.737588,serverless_predictive_fixed:cyclical:0,0.0,79.9,2
1788950541.939674,serverless_predictive_fixed:cyclical:0,0.0,79.9,2
1788950542.141674,serverless_predictive_fixed:cyclical:0,0.0,79.9,2
1788950542.343761,serverless_predictive_fixed:cyclical:0,0.0,79.9,2
1788950542.5468278,serverless_predictive_fixed:cyclical:0,0.0,79.9,2
1788950542.7507634,serverless_predictive_fixed:cyclical:0,19.6,130.98,4
1788950542.9590907,serverless_predictive_fixed:cyclical:0,201.6,153.56,4
1788950543.1628578,serverless_predictive_fixed:cyclical:0,142.3,164.99,4
1788950543.975264,serverless_predictive_fixed:cyclical:1,0.0,36.75,1
1788950544.178117,serverless_predictive_fixed:cyclical:1,4.9,36.75,1
1788950544.3805304,serverless_predictive_fixed:cyclical:1,0.0,36.75,1
1788950544.5828795,serverless_predictive_fixed:cyclical:1,0.0,36.75,1
1788950544.7850602,serverless_predictive_fixed:cyclical:1,0.0,36.75,1
1788950544.9873717,serverless_predictive_fixed:cyclical:1,0.0,36.75,1
1788950545.1894922,serverless_predictive_fixed:cyclical:1,0.0,36.75,1
1788950545.3916626,serverless_predictive_fixed:cyclical:1,0.0,36.75,1
1788950545.5937877,serverless_predictive_fixed:cyclical:1,0.0,36.75,1
1788950545.796113,serverless_predictive_fixed:cyclical:1,0.0,36.75,1
1788950545.998261,serverless_predictive_fixed:cyclical:1,0.0,36.75,1
1788950546.2002625,serverless_predictive_fixed:cyclical:1,0.0,36.75,1
1788950546.4024808,serverless_predictive_fixed:cyclical:1,0.0,36.75,1
1788950546.604636,serverless_predictive_fixed:cyclical:1,0.0,36.75,1
1788950546.8067641,serverless_predictive_fixed:cyclical:1,0.0,36.75,1
1788950547.0090287,serverless_predictive_fixed:cyclical:1,0.0,36.75,1
1788950547.2112846,serverless_predictive_fixed:cyclical:1,0.0,36.75,1
1788950547.4134028,serverless_predictive_fixed:cyclical:1,0.0,36.75,1
1788950547.615682,serverless_predictive_fixed:cyclical:1,0.0,36.75,1
1788950547.818514,serverless_predictive_fixed:cyclical:1,0.0,36.75,1
1788950548.021455,serverless_predictive_fixed:cyclical:1,0.0,36.75,1
1788950548.2238119,serverless_predictive_fixed:cyclical:1,4.9,36.75,1
1788950548.42594,serverless_predictive_fixed:cyclical:1,0.0,36.75,1
1788950548.6281333,serverless_predictive_fixed:cyclical:1,0.0,36.75,1
1788950548.8302236,serverless_predictive_fixed:cyclical:1,0.0,36.75,1
1788950549.0323539,serverless_predictive_fixed:cyclical:1,0.0,36.75,1
1788950549.234445,serverless_predictive_fixed:cyclical:1,0.0,36.75,1
1788950549.4365702,serverless_predictive_fixed:cyclical:1,0.0,36.75,1
1788950549.639828,serverless_predictive_fixed:cyclical:1,4.9,36.75,1
1788950549.8429854,serverless_predictive_fixed:cyclical:1,0.0,36.75,1
1788950550.0459263,serverless_predictive_fixed:cyclical:1,0.0,36.75,1
1788950550.2480276,serverless_predictive_fixed:cyclical:1,0.0,36.75,1
1788950550.4500036,serverless_predictive_fixed:cyclical:1,0.0,36.75,1
1788950550.6521122,serverless_predictive_fixed:cyclical:1,0.0,36.75,1
1788950550.854251,serverless_predictive_fixed:cyclical:1,0.0,36.75,1
1788950551.056503,serverless_predictive_fixed:cyclical:1,0.0,36.75,1
1788950551.2613487,serverless_predictive_fixed:cyclical:1,0.0,36.75,1
1788950551.4641438,serverless_predictive_fixed:cyclical:1,0.0,36.75,1
1788950551.6668031,serverless_predictive_fixed:cyclical:1,0.0,36.75,1
1788950551.8692758,serverless_predictive_fixed:cyclical:1,0.0,36.75,1
1788950552.0719097,serverless_predictive_fixed:cyclical:1,0.0,36.75,1
1788950552.2745044,serverless_predictive_fixed:cyclical:1,4.9,41.34,2
1788950552.4840815,serverless_predictive_fixed:cyclical:1,47.8,112.87,4
1788950552.6931908,serverless_predictive_fixed:cyclical:1,205.6,141.06,4
1788950552.900059,serverless_predictive_fixed:cyclical:1,193.4,150.71,4
1788950553.1027343,serverless_predictive_fixed:cyclical:1,162.9,164.84,4
1788950553.3068101,serverless_predictive_fixed:cyclical:1,14.7,164.99,4
1788950553.509292,serverless_predictive_fixed:cyclical:1,0.0,164.99,4
1788950553.7117004,serverless_predictive_fixed:cyclical:1,0.0,164.99,4
1788950553.9145474,serverless_predictive_fixed:cyclical:1,0.0,164.99,4
1788950554.116887,serverless_predictive_fixed:cyclical:1,0.0,164.99,4
1788950554.3192527,serverless_predictive_fixed:cyclical:1,0.0,164.99,4
1788950554.5216334,serverless_predictive_fixed:cyclical:1,4.9,164.99,4
1788950554.7255275,serverless_predictive_fixed:cyclical:1,0.0,164.99,4
1788950554.929132,serverless_predictive_fixed:cyclical:1,0.0,164.99,4
1788950555.1318707,serverless_predictive_fixed:cyclical:1,0.0,164.99,4
1788950555.3344367,serverless_predictive_fixed:cyclical:1,0.0,164.99,4
1788950555.5368407,serverless_predictive_fixed:cyclical:1,0.0,164.99,4
1788950555.7391899,serverless_predictive_fixed:cyclical:1,4.9,164.99,4
1788950555.9416375,serverless_predictive_fixed:cyclical:1,0.0,164.99,4
1788950556.1440134,serverless_predictive_fixed:cyclical:1,0.0,164.99,4
1788950556.346597,serverless_predictive_fixed:cyclical:1,0.0,164.99,4
1788950556.5491018,serverless_predictive_fixed:cyclical:1,0.0,164.99,4
1788950556.752143,serverless_predictive_fixed:cyclical:1,0.0,164.99,4
1788950556.9544694,serverless_predictive_fixed:cyclical:1,0.0,164.99,4
1788950557.1573145,serverless_predictive_fixed:cyclical:1,0.0,164.99,4
1788950557.3597858,serverless_predictive_fixed:cyclical:1,0.0,164.99,4
1788950557.5622764,serverless_predictive_fixed:cyclical:1,0.0,164.99,4
1788950557.7664127,serverless_predictive_fixed:cyclical:1,0.0,164.99,4
1788950557.9709196,serverless_predictive_fixed:cyclical:1,4.9,164.99,4
1788950558.1733806,serverless_predictive_fixed:cyclical:1,4.9,164.99,4
1788950558.3757842,serverless_predictive_fixed:cyclical:1,0.0,164.99,4
1788950558.5780706,serverless_predictive_fixed:cyclical:1,0.0,164.99,4
1788950558.7806814,serverless_predictive_fixed:cyclical:1,0.0,164.99,4
1788950558.9829047,serverless_predictive_fixed:cyclical:1,0.0,164.99,4
1788950559.1851022,serverless_predictive_fixed:cyclical:1,0.0,164.99,4
1788950559.3875453,serverless_predictive_fixed:cyclical:1,4.9,184.82,5
1788950559.5920174,serverless_predictive_fixed:cyclical:1,97.8,116.35,3
1788950559.794222,serverless_predictive_fixed:cyclical:1,89.0,79.81,2
1788950559.996372,serverless_predictive_fixed:cyclical:1,0.0,79.81,2
1788950560.1984277,serverless_predictive_fixed:cyclical:1,0.0,79.81,2
1788950560.4006827,serverless_predictive_fixed:cyclical:1,0.0,79.81,2
1788950560.6039064,serverless_predictive_fixed:cyclical:1,0.0,79.81,2
1788950560.8062387,serverless_predictive_fixed:cyclical:1,0.0,79.81,2
1788950561.0087092,serverless_predictive_fixed:cyclical:1,4.9,79.81,2
1788950561.210778,serverless_predictive_fixed:cyclical:1,0.0,79.81,2
1788950561.4130852,serverless_predictive_fixed:cyclical:1,0.0,79.81,2
1788950561.6153998,serverless_predictive_fixed:cyclical:1,0.0,79.81,2
1788950561.8176491,serverless_predictive_fixed:cyclical:1,0.0,79.81,2
1788950562.0199075,serverless_predictive_fixed:cyclical:1,0.0,79.81,2
1788950562.2220662,serverless_predictive_fixed:cyclical:1,4.9,79.81,2
1788950562.4244416,serverless_predictive_fixed:cyclical:1,0.0,79.81,2
1788950562.6315494,serverless_predictive_fixed:cyclical:1,238.3,125.0,4
1788950562.8339918,serverless_predictive_fixed:cyclical:1,197.4,152.93,4
1788950563.0365043,serverless_predictive_fixed:cyclical:1,162.9,164.96,4
1788950563.2388766,serverless_predictive_fixed:cyclical:1,0.0,164.96,4
1788950563.441889,serverless_predictive_fixed:cyclical:1,0.0,164.96,4
1788950563.6447098,serverless_predictive_fixed:cyclical:1,0.0,164.96,4
1788950563.8484213,serverless_predictive_fixed:cyclical:1,0.0,164.96,4
1788950564.0509155,serverless_predictive_fixed:cyclical:1,0.0,164.96,4
1788950564.2532642,serverless_predictive_fixed:cyclical:1,0.0,164.96,4
1788950564.4556372,serverless_predictive_fixed:cyclical:1,0.0,164.96,4
1788950564.657977,serverless_predictive_fixed:cyclical:1,4.9,164.96,4
1788950564.8604972,serverless_predictive_fixed:cyclical:1,0.0,164.96,4
1788950565.0629325,serverless_predictive_fixed:cyclical:1,0.0,164.96,4
1788950565.2656856,serverless_predictive_fixed:cyclical:1,0.0,164.96,4
1788950565.4681244,serverless_predictive_fixed:cyclical:1,0.0,164.96,4
1788950565.6705801,serverless_predictive_fixed:cyclical:1,0.0,164.96,4
1788950565.8731046,serverless_predictive_fixed:cyclical:1,4.9,164.96,4
1788950566.0755458,serverless_predictive_fixed:cyclical:1,0.0,164.96,4
1788950566.278155,serverless_predictive_fixed:cyclical:1,0.0,164.96,4
1788950566.4806788,serverless_predictive_fixed:cyclical:1,0.0,164.96,4
1788950566.683424,serverless_predictive_fixed:cyclical:1,0.0,164.96,4
1788950566.886781,serverless_predictive_fixed:cyclical:1,0.0,164.96,4
1788950567.0892365,serverless_predictive_fixed:cyclical:1,0.0,164.96,4
1788950567.291997,serverless_predictive_fixed:cyclical:1,0.0,164.96,4
1788950567.49436,serverless_predictive_fixed:cyclical:1,4.9,164.96,4
1788950567.6968448,serverless_predictive_fixed:cyclical:1,0.0,164.96,4
1788950567.8991451,serverless_predictive_fixed:cyclical:1,0.0,164.96,4
1788950568.1016047,serverless_predictive_fixed:cyclical:1,4.9,164.96,4
1788950568.3040116,serverless_predictive_fixed:cyclical:1,0.0,164.96,4
1788950568.506328,serverless_predictive_fixed:cyclical:1,0.0,164.96,4
1788950568.7087295,serverless_predictive_fixed:cyclical:1,0.0,164.96,4
1788950568.911143,serverless_predictive_fixed:cyclical:1,4.9,122.44,4
1788950569.1134727,serverless_predictive_fixed:cyclical:1,4.9,122.44,3
1788950569.3159041,serverless_predictive_fixed:cyclical:1,0.0,145.67,4
1788950569.5181363,serverless_predictive_fixed:cyclical:1,103.8,116.5,3
1788950569.7204862,serverless_predictive_fixed:cyclical:1,64.3,79.89,2
1788950569.9237444,serverless_predictive_fixed:cyclical:1,0.0,79.89,2
1788950570.126191,serverless_predictive_fixed:cyclical:1,0.0,79.89,2
1788950570.3285077,serverless_predictive_fixed:cyclical:1,0.0,79.89,2
1788950570.5305798,serverless_predictive_fixed:cyclical:1,0.0,79.89,2
1788950570.7328238,serverless_predictive_fixed:cyclical:1,4.9,79.89,2
1788950570.9349725,serverless_predictive_fixed:cyclical:1,0.0,79.89,2
1788950571.1384363,serverless_predictive_fixed:cyclical:1,0.0,79.89,2
1788950571.343594,serverless_predictive_fixed:cyclical:1,0.0,99.09,4
1788950571.545772,serverless_predictive_fixed:cyclical:1,192.9,144.38,4
1788950571.7479568,serverless_predictive_fixed:cyclical:1,187.9,160.46,4
1788950571.9514146,serverless_predictive_fixed:cyclical:1,54.0,165.06,4
1788950572.1537418,serverless_predictive_fixed:cyclical:1,0.0,165.06,4
1788950572.3560655,serverless_predictive_fixed:cyclical:1,0.0,165.06,4
1788950572.5586078,serverless_predictive_fixed:cyclical:1,0.0,165.06,4
1788950572.7609704,serverless_predictive_fixed:cyclical:1,0.0,165.06,4
1788950572.9635782,serverless_predictive_fixed:cyclical:1,0.0,165.06,4
1788950573.1685348,serverless_predictive_fixed:cyclical:1,0.0,165.06,4
1788950573.3708012,serverless_predictive_fixed:cyclical:1,0.0,165.06,4
1788950573.5732608,serverless_predictive_fixed:cyclical:1,0.0,165.06,4
1788950573.7755969,serverless_predictive_fixed:cyclical:1,0.0,165.06,4
1788950573.9778981,serverless_predictive_fixed:cyclical:1,0.0,165.06,4
1788950574.180488,serverless_predictive_fixed:cyclical:1,4.9,165.06,4
1788950574.382811,serverless_predictive_fixed:cyclical:1,0.0,165.06,4
1788950574.585193,serverless_predictive_fixed:cyclical:1,0.0,165.06,4
1788950574.787632,serverless_predictive_fixed:cyclical:1,0.0,165.06,4
1788950574.989905,serverless_predictive_fixed:cyclical:1,0.0,165.06,4
1788950575.1931257,serverless_predictive_fixed:cyclical:1,0.0,165.06,4
1788950575.395564,serverless_predictive_fixed:cyclical:1,0.0,165.06,4
1788950575.597963,serverless_predictive_fixed:cyclical:1,4.9,165.06,4
1788950575.8004074,serverless_predictive_fixed:cyclical:1,0.0,165.06,4
1788950576.002547,serverless_predictive_fixed:cyclical:1,0.0,165.06,4
1788950576.2047443,serverless_predictive_fixed:cyclical:1,0.0,165.06,4
1788950576.4068894,serverless_predictive_fixed:cyclical:1,4.9,165.06,4
1788950576.6092374,serverless_predictive_fixed:cyclical:1,0.0,165.06,4
1788950576.8114994,serverless_predictive_fixed:cyclical:1,0.0,165.06,4
1788950577.0143166,serverless_predictive_fixed:cyclical:1,0.0,165.06,4
1788950577.2168887,serverless_predictive_fixed:cyclical:1,9.8,165.06,4
1788950577.4190633,serverless_predictive_fixed:cyclical:1,0.0,165.06,4
1788950577.6212783,serverless_predictive_fixed:cyclical:1,0.0,165.06,4
1788950577.8241138,serverless_predictive_fixed:cyclical:1,0.0,122.51,3
1788950578.0262496,serverless_predictive_fixed:cyclical:1,0.0,122.51,3
1788950578.2286448,serverless_predictive_fixed:cyclical:1,9.8,105.85,4
1788950578.43183,serverless_predictive_fixed:cyclical:1,103.4,117.27,3
1788950578.634076,serverless_predictive_fixed:cyclical:1,54.3,79.95,2
1788950578.8362997,serverless_predictive_fixed:cyclical:1,0.0,79.95,2
1788950579.0385332,serverless_predictive_fixed:cyclical:1,0.0,79.95,2
1788950579.2407756,serverless_predictive_fixed:cyclical:1,0.0,79.95,2
1788950579.4428823,serverless_predictive_fixed:cyclical:1,0.0,79.95,2
1788950579.6449962,serverless_predictive_fixed:cyclical:1,0.0,79.95,2
1788950579.847292,serverless_predictive_fixed:cyclical:1,0.0,79.95,2
1788950580.049336,serverless_predictive_fixed:cyclical:1,0.0,79.95,2
1788950580.2563057,serverless_predictive_fixed:cyclical:1,9.6,113.91,4
1788950580.4640846,serverless_predictive_fixed:cyclical:1,173.2,146.87,4
1788950580.6675892,serverless_predictive_fixed:cyclical:1,117.9,155.62,4
1788950580.8731728,serverless_predictive_fixed:cyclical:1,116.7,164.27,4
1788950581.0761578,serverless_predictive_fixed:cyclical:1,4.9,165.02,4
1788950581.27852,serverless_predictive_fixed:cyclical:1,4.9,165.02,4
1788950581.481009,serverless_predictive_fixed:cyclical:1,0.0,165.02,4
1788950581.6849213,serverless_predictive_fixed:cyclical:1,4.9,165.02,4
1788950581.8876073,serverless_predictive_fixed:cyclical:1,0.0,165.02,4
1788950582.0897496,serverless_predictive_fixed:cyclical:1,0.0,165.02,4
1788950582.2925177,serverless_predictive_fixed:cyclical:1,0.0,165.02,4
1788950582.4947743,serverless_predictive_fixed:cyclical:1,0.0,165.02,4
1788950582.6970844,serverless_predictive_fixed:cyclical:1,4.9,165.02,4
1788950582.8993092,serverless_predictive_fixed:cyclical:1,4.9,165.02,4
1788950583.1021128,serverless_predictive_fixed:cyclical:1,0.0,165.02,4
1788950583.3044782,serverless_predictive_fixed:cyclical:1,0.0,165.02,4
1788950583.5069208,serverless_predictive_fixed:cyclical:1,0.0,165.02,4
1788950583.7102757,serverless_predictive_fixed:cyclical:1,0.0,165.02,4
1788950583.913147,serverless_predictive_fixed:cyclical:1,0.0,165.02,4
1788950584.1154265,serverless_predictive_fixed:cyclical:1,0.0,165.02,4
1788950584.317678,serverless_predictive_fixed:cyclical:1,0.0,165.02,4
1788950584.519926,serverless_predictive_fixed:cyclical:1,0.0,165.02,4
1788950584.7220995,serverless_predictive_fixed:cyclical:1,0.0,165.02,4
1788950584.9243035,serverless_predictive_fixed:cyclical:1,0.0,165.02,4
1788950585.1264515,serverless_predictive_fixed:cyclical:1,0.0,165.02,4
1788950585.3286328,serverless_predictive_fixed:cyclical:1,0.0,165.02,4
1788950585.5307782,serverless_predictive_fixed:cyclical:1,0.0,165.02,4
1788950585.7336972,serverless_predictive_fixed:cyclical:1,4.9,165.02,4
1788950585.9358854,serverless_predictive_fixed:cyclical:1,0.0,165.02,4
1788950586.1379874,serverless_predictive_fixed:cyclical:1,0.0,165.02,4
1788950586.3401918,serverless_predictive_fixed:cyclical:1,4.9,165.02,4
1788950586.5425358,serverless_predictive_fixed:cyclical:1,0.0,165.02,4
1788950586.744815,serverless_predictive_fixed:cyclical:1,0.0,122.44,3
1788950586.9468231,serverless_predictive_fixed:cyclical:1,0.0,122.44,3
1788950587.1494544,serverless_predictive_fixed:cyclical:1,4.9,106.38,3
1788950587.3520944,serverless_predictive_fixed:cyclical:1,103.6,74.97,3
1788950587.5544882,serverless_predictive_fixed:cyclical:1,44.5,79.95,2
1788950587.7565136,serverless_predictive_fixed:cyclical:1,4.9,79.95,2
1788950587.9584763,serverless_predictive_fixed:cyclical:1,0.0,79.95,2
1788950588.1609955,serverless_predictive_fixed:cyclical:1,0.0,79.95,2
1788950588.3629897,serverless_predictive_fixed:cyclical:1,0.0,79.95,2
1788950588.5650837,serverless_predictive_fixed:cyclical:1,0.0,79.95,2
1788950588.7671125,serverless_predictive_fixed:cyclical:1,0.0,79.95,2
1788950588.9691474,serverless_predictive_fixed:cyclical:1,0.0,79.95,2
1788950589.1716733,serverless_predictive_fixed:cyclical:1,9.9,119.52,4
1788950589.3741198,serverless_predictive_fixed:cyclical:1,202.6,151.35,4
1788950589.5766795,serverless_predictive_fixed:cyclical:1,182.7,164.4,4
1788950590.417008,serverless_predictive_fixed:cyclical:2,0.0,36.65,1
1788950590.6190083,serverless_predictive_fixed:cyclical:2,5.0,36.65,1
1788950590.82202,serverless_predictive_fixed:cyclical:2,0.0,36.65,1
1788950591.0241349,serverless_predictive_fixed:cyclical:2,0.0,36.65,1
1788950591.2262323,serverless_predictive_fixed:cyclical:2,0.0,36.65,1
1788950591.428663,serverless_predictive_fixed:cyclical:2,0.0,36.65,1
1788950591.6307707,serverless_predictive_fixed:cyclical:2,0.0,36.65,1
1788950591.8329318,serverless_predictive_fixed:cyclical:2,0.0,36.65,1
1788950592.0349946,serverless_predictive_fixed:cyclical:2,0.0,36.65,1
1788950592.2372088,serverless_predictive_fixed:cyclical:2,0.0,36.65,1
1788950592.4393895,serverless_predictive_fixed:cyclical:2,0.0,36.65,1
1788950592.6414392,serverless_predictive_fixed:cyclical:2,0.0,36.65,1
1788950592.8435585,serverless_predictive_fixed:cyclical:2,0.0,36.65,1
1788950593.0456352,serverless_predictive_fixed:cyclical:2,0.0,36.65,1
1788950593.247804,serverless_predictive_fixed:cyclical:2,0.0,36.65,1
1788950593.4498918,serverless_predictive_fixed:cyclical:2,0.0,36.65,1
1788950593.6520593,serverless_predictive_fixed:cyclical:2,4.9,36.65,1
1788950593.85411,serverless_predictive_fixed:cyclical:2,0.0,36.65,1
1788950594.0561528,serverless_predictive_fixed:cyclical:2,0.0,36.65,1
1788950594.258374,serverless_predictive_fixed:cyclical:2,0.0,36.65,1
1788950594.4606564,serverless_predictive_fixed:cyclical:2,0.0,36.65,1
1788950594.6628556,serverless_predictive_fixed:cyclical:2,0.0,36.65,1
1788950594.8649664,serverless_predictive_fixed:cyclical:2,0.0,36.65,1
1788950595.067038,serverless_predictive_fixed:cyclical:2,0.0,36.65,1
1788950595.2690997,serverless_predictive_fixed:cyclical:2,0.0,36.65,1
1788950595.4711046,serverless_predictive_fixed:cyclical:2,0.0,36.65,1
1788950595.6730647,serverless_predictive_fixed:cyclical:2,0.0,36.65,1
1788950595.8749955,serverless_predictive_fixed:cyclical:2,0.0,36.65,1
1788950596.0769477,serverless_predictive_fixed:cyclical:2,0.0,36.65,1
1788950596.2788236,serverless_predictive_fixed:cyclical:2,0.0,36.65,1
1788950596.481034,serverless_predictive_fixed:cyclical:2,4.9,36.65,1
1788950596.683277,serverless_predictive_fixed:cyclical:2,0.0,36.65,1
1788950596.8857472,serverless_predictive_fixed:cyclical:2,0.0,36.65,1
1788950597.0878289,serverless_predictive_fixed:cyclical:2,0.0,36.65,1
1788950597.2898507,serverless_predictive_fixed:cyclical:2,0.0,36.65,1
1788950597.492588,serverless_predictive_fixed:cyclical:2,0.0,36.65,1
1788950597.694594,serverless_predictive_fixed:cyclical:2,0.0,36.65,1
1788950597.8968463,serverless_predictive_fixed:cyclical:2,0.0,36.65,1
1788950598.099784,serverless_predictive_fixed:cyclical:2,0.0,36.65,1
1788950598.3017037,serverless_predictive_fixed:cyclical:2,0.0,36.65,1
1788950598.5037866,serverless_predictive_fixed:cyclical:2,0.0,36.65,1
1788950598.705651,serverless_predictive_fixed:cyclical:2,0.0,36.65,1
1788950598.9077086,serverless_predictive_fixed:cyclical:2,0.0,36.65,1
1788950599.1095545,serverless_predictive_fixed:cyclical:2,0.0,36.65,1
1788950599.3115454,serverless_predictive_fixed:cyclical:2,0.0,36.65,1
1788950599.5134587,serverless_predictive_fixed:cyclical:2,0.0,36.65,1
1788950599.7154698,serverless_predictive_fixed:cyclical:2,0.0,36.65,1
1788950599.9173884,serverless_predictive_fixed:cyclical:2,0.0,36.65,1
1788950600.1194184,serverless_predictive_fixed:cyclical:2,0.0,36.65,1
1788950600.3252313,serverless_predictive_fixed:cyclical:2,9.7,113.85,4
1788950600.5289896,serverless_predictive_fixed:cyclical:2,196.3,144.19,4
1788950600.7310047,serverless_predictive_fixed:cyclical:2,198.2,156.72,4
1788950600.9333158,serverless_predictive_fixed:cyclical:2,93.9,164.73,4
1788950601.1356921,serverless_predictive_fixed:cyclical:2,0.0,164.73,4
1788950601.3381026,serverless_predictive_fixed:cyclical:2,0.0,164.73,4
1788950601.5403833,serverless_predictive_fixed:cyclical:2,0.0,164.73,4
1788950601.7426362,serverless_predictive_fixed:cyclical:2,0.0,164.73,4
1788950601.9453719,serverless_predictive_fixed:cyclical:2,0.0,164.73,4
1788950602.147642,serverless_predictive_fixed:cyclical:2,0.0,164.73,4
1788950602.3498125,serverless_predictive_fixed:cyclical:2,0.0,164.73,4
1788950602.5523434,serverless_predictive_fixed:cyclical:2,0.0,164.73,4
1788950602.754879,serverless_predictive_fixed:cyclical:2,0.0,164.73,4
1788950602.957517,serverless_predictive_fixed:cyclical:2,4.9,164.73,4
1788950603.160184,serverless_predictive_fixed:cyclical:2,4.9,164.73,4
1788950603.3626554,serverless_predictive_fixed:cyclical:2,0.0,164.73,4
1788950603.5651066,serverless_predictive_fixed:cyclical:2,0.0,164.73,4
1788950603.7675931,serverless_predictive_fixed:cyclical:2,4.9,164.73,4
1788950603.970267,serverless_predictive_fixed:cyclical:2,0.0,164.73,4
1788950604.1728811,serverless_predictive_fixed:cyclical:2,0.0,164.73,4
1788950604.393928,serverless_predictive_fixed:cyclical:2,4.5,164.73,4
1788950604.5963361,serverless_predictive_fixed:cyclical:2,0.0,164.73,4
1788950604.7988517,serverless_predictive_fixed:cyclical:2,0.0,164.73,4
1788950605.001258,serverless_predictive_fixed:cyclical:2,0.0,164.73,4
1788950605.203789,serverless_predictive_fixed:cyclical:2,0.0,164.73,4
1788950605.4061785,serverless_predictive_fixed:cyclical:2,0.0,164.73,4
1788950605.608581,serverless_predictive_fixed:cyclical:2,0.0,164.73,4
1788950605.8109612,serverless_predictive_fixed:cyclical:2,0.0,164.73,4
1788950606.0139487,serverless_predictive_fixed:cyclical:2,0.0,164.73,4
1788950606.2169182,serverless_predictive_fixed:cyclical:2,0.0,164.73,4
1788950606.4193547,serverless_predictive_fixed:cyclical:2,0.0,164.73,4
1788950606.6217594,serverless_predictive_fixed:cyclical:2,0.0,164.73,4
1788950606.824235,serverless_predictive_fixed:cyclical:2,4.9,164.73,4
1788950607.0268233,serverless_predictive_fixed:cyclical:2,0.0,185.04,5
1788950607.229255,serverless_predictive_fixed:cyclical:2,103.7,158.7,4
1788950607.4346805,serverless_predictive_fixed:cyclical:2,102.3,122.14,3
1788950607.637037,serverless_predictive_fixed:cyclical:2,0.0,79.73,2
1788950607.839744,serverless_predictive_fixed:cyclical:2,0.0,79.73,2
1788950608.0419133,serverless_predictive_fixed:cyclical:2,0.0,79.73,2
1788950608.244155,serverless_predictive_fixed:cyclical:2,0.0,79.73,2
1788950608.4464521,serverless_predictive_fixed:cyclical:2,0.0,79.73,2
1788950608.6489456,serverless_predictive_fixed:cyclical:2,0.0,79.73,2
1788950608.8511183,serverless_predictive_fixed:cyclical:2,0.0,79.73,2
1788950609.0533595,serverless_predictive_fixed:cyclical:2,0.0,79.73,2
1788950609.256143,serverless_predictive_fixed:cyclical:2,0.0,79.73,2
1788950609.461795,serverless_predictive_fixed:cyclical:2,14.6,100.01,4
1788950609.6760893,serverless_predictive_fixed:cyclical:2,121.4,133.73,4
1788950609.8784633,serverless_predictive_fixed:cyclical:2,118.6,150.06,4
1788950610.0809984,serverless_predictive_fixed:cyclical:2,103.7,154.74,4
1788950610.2892094,serverless_predictive_fixed:cyclical:2,96.0,161.34,4
1788950610.4919708,serverless_predictive_fixed:cyclical:2,44.4,164.91,4
1788950610.6952724,serverless_predictive_fixed:cyclical:2,0.0,164.91,4
1788950610.8982098,serverless_predictive_fixed:cyclical:2,0.0,164.91,4
1788950611.1021118,serverless_predictive_fixed:cyclical:2,0.0,164.91,4
1788950611.3047981,serverless_predictive_fixed:cyclical:2,4.9,164.91,4
1788950611.5073762,serverless_predictive_fixed:cyclical:2,0.0,164.91,4
1788950611.709896,serverless_predictive_fixed:cyclical:2,0.0,164.91,4
1788950611.9140038,serverless_predictive_fixed:cyclical:2,0.0,164.91,4
1788950612.1165786,serverless_predictive_fixed:cyclical:2,0.0,164.91,4
1788950612.3189132,serverless_predictive_fixed:cyclical:2,0.0,164.91,4
1788950612.5219727,serverless_predictive_fixed:cyclical:2,0.0,164.91,4
1788950612.7242494,serverless_predictive_fixed:cyclical:2,0.0,164.91,4
1788950612.9446514,serverless_predictive_fixed:cyclical:2,0.0,164.91,4
1788950613.147126,serverless_predictive_fixed:cyclical:2,0.0,164.91,4
1788950613.3495731,serverless_predictive_fixed:cyclical:2,0.0,164.91,4
1788950613.552043,serverless_predictive_fixed:cyclical:2,4.9,164.91,4
1788950613.754478,serverless_predictive_fixed:cyclical:2,0.0,164.91,4
1788950613.9570465,serverless_predictive_fixed:cyclical:2,0.0,164.91,4
1788950614.159825,serverless_predictive_fixed:cyclical:2,9.8,164.91,4
1788950614.3622854,serverless_predictive_fixed:cyclical:2,0.0,164.91,4
1788950614.5646884,serverless_predictive_fixed:cyclical:2,0.0,164.91,4
1788950614.7669368,serverless_predictive_fixed:cyclical:2,4.9,164.91,4
1788950614.9692583,serverless_predictive_fixed:cyclical:2,0.0,164.91,4
1788950615.1717181,serverless_predictive_fixed:cyclical:2,0.0,164.91,4
1788950615.3740835,serverless_predictive_fixed:cyclical:2,0.0,164.91,4
1788950615.5764265,serverless_predictive_fixed:cyclical:2,0.0,164.91,4
1788950615.7788324,serverless_predictive_fixed:cyclical:2,0.0,164.91,4
1788950615.9812183,serverless_predictive_fixed:cyclical:2,4.9,164.91,4
1788950616.1838644,serverless_predictive_fixed:cyclical:2,0.0,122.34,3
1788950616.386074,serverless_predictive_fixed:cyclical:2,0.0,122.34,3
1788950616.5885494,serverless_predictive_fixed:cyclical:2,0.0,122.34,3
1788950616.7912486,serverless_predictive_fixed:cyclical:2,9.9,110.27,3
1788950616.9941082,serverless_predictive_fixed:cyclical:2,98.6,75.52,2
1788950617.1963754,serverless_predictive_fixed:cyclical:2,54.3,79.86,2
1788950617.398721,serverless_predictive_fixed:cyclical:2,0.0,79.86,2
1788950617.6037142,serverless_predictive_fixed:cyclical:2,0.0,79.86,2
1788950617.805746,serverless_predictive_fixed:cyclical:2,0.0,79.86,2
1788950618.0078535,serverless_predictive_fixed:cyclical:2,0.0,79.86,2
1788950618.210364,serverless_predictive_fixed:cyclical:2,0.0,79.86,2
1788950618.4125342,serverless_predictive_fixed:cyclical:2,0.0,79.86,2
1788950618.6146953,serverless_predictive_fixed:cyclical:2,0.0,79.86,2
1788950618.817357,serverless_predictive_fixed:cyclical:2,14.8,119.82,4
1788950619.0242748,serverless_predictive_fixed:cyclical:2,193.2,152.29,4
1788950619.2264516,serverless_predictive_fixed:cyclical:2,187.9,165.03,4
1788950619.429183,serverless_predictive_fixed:cyclical:2,4.9,165.18,4
1788950619.631582,serverless_predictive_fixed:cyclical:2,0.0,165.18,4
1788950619.8339798,serverless_predictive_fixed:cyclical:2,0.0,165.18,4
1788950620.0364904,serverless_predictive_fixed:cyclical:2,0.0,165.18,4
1788950620.2392871,serverless_predictive_fixed:cyclical:2,0.0,165.18,4
1788950620.441723,serverless_predictive_fixed:cyclical:2,0.0,165.18,4
1788950620.64411,serverless_predictive_fixed:cyclical:2,0.0,165.18,4
1788950620.846424,serverless_predictive_fixed:cyclical:2,4.9,165.18,4
1788950621.0488982,serverless_predictive_fixed:cyclical:2,0.0,165.18,4
1788950621.2514668,serverless_predictive_fixed:cyclical:2,0.0,165.18,4
1788950621.4539998,serverless_predictive_fixed:cyclical:2,0.0,165.18,4
1788950621.6564288,serverless_predictive_fixed:cyclical:2,0.0,165.18,4
1788950621.8588636,serverless_predictive_fixed:cyclical:2,4.9,165.18,4
1788950622.0614095,serverless_predictive_fixed:cyclical:2,0.0,165.18,4
1788950622.2640648,serverless_predictive_fixed:cyclical:2,0.0,165.18,4
1788950622.4664326,serverless_predictive_fixed:cyclical:2,0.0,165.18,4
1788950622.6688712,serverless_predictive_fixed:cyclical:2,4.9,165.18,4
1788950622.8711517,serverless_predictive_fixed:cyclical:2,4.9,165.18,4
1788950623.0735428,serverless_predictive_fixed:cyclical:2,0.0,165.18,4
1788950623.2761436,serverless_predictive_fixed:cyclical:2,0.0,165.18,4
1788950623.479578,serverless_predictive_fixed:cyclical:2,0.0,165.18,4
1788950623.6820674,serverless_predictive_fixed:cyclical:2,0.0,165.18,4
1788950623.88463,serverless_predictive_fixed:cyclical:2,0.0,165.18,4
1788950624.088149,serverless_predictive_fixed:cyclical:2,0.0,165.18,4
1788950624.2906685,serverless_predictive_fixed:cyclical:2,0.0,165.18,4
1788950624.4960103,serverless_predictive_fixed:cyclical:2,4.9,165.18,4
1788950624.698383,serverless_predictive_fixed:cyclical:2,0.0,165.18,4
1788950624.9010875,serverless_predictive_fixed:cyclical:2,0.0,165.18,4
1788950625.103911,serverless_predictive_fixed:cyclical:2,0.0,165.18,4
1788950625.3062172,serverless_predictive_fixed:cyclical:2,0.0,122.57,3
1788950625.5088258,serverless_predictive_fixed:cyclical:2,0.0,141.43,4
1788950625.7110984,serverless_predictive_fixed:cyclical:2,103.8,115.61,3
1788950625.9131231,serverless_predictive_fixed:cyclical:2,103.9,79.64,2
1788950626.1153746,serverless_predictive_fixed:cyclical:2,9.9,79.86,2
1788950626.3174863,serverless_predictive_fixed:cyclical:2,0.0,79.86,2
1788950626.5197108,serverless_predictive_fixed:cyclical:2,0.0,79.86,2
1788950626.7218418,serverless_predictive_fixed:cyclical:2,0.0,79.86,2
1788950626.9240477,serverless_predictive_fixed:cyclical:2,0.0,79.86,2
1788950627.1262164,serverless_predictive_fixed:cyclical:2,0.0,79.86,2
1788950627.3284214,serverless_predictive_fixed:cyclical:2,0.0,79.86,2
1788950627.5308483,serverless_predictive_fixed:cyclical:2,0.0,79.86,2
1788950627.7330682,serverless_predictive_fixed:cyclical:2,0.0,79.86,2
1788950627.9354336,serverless_predictive_fixed:cyclical:2,4.9,79.86,2
1788950628.13772,serverless_predictive_fixed:cyclical:2,0.0,79.86,2
1788950628.3399827,serverless_predictive_fixed:cyclical:2,0.0,79.86,2
1788950628.5422018,serverless_predictive_fixed:cyclical:2,0.0,79.86,2
1788950628.744486,serverless_predictive_fixed:cyclical:2,0.0,79.86,2
1788950628.9523382,serverless_predictive_fixed:cyclical:2,9.6,98.95,4
1788950629.1553907,serverless_predictive_fixed:cyclical:2,192.0,142.98,4
1788950629.357616,serverless_predictive_fixed:cyclical:2,192.7,156.83,4
1788950629.5602243,serverless_predictive_fixed:cyclical:2,88.9,165.09,4
1788950629.7627175,serverless_predictive_fixed:cyclical:2,4.9,165.09,4
1788950629.9651284,serverless_predictive_fixed:cyclical:2,0.0,165.09,4
1788950630.167654,serverless_predictive_fixed:cyclical:2,4.9,165.09,4
1788950630.370004,serverless_predictive_fixed:cyclical:2,0.0,165.09,4
1788950630.5724123,serverless_predictive_fixed:cyclical:2,0.0,165.09,4
1788950630.774871,serverless_predictive_fixed:cyclical:2,0.0,165.09,4
1788950630.9772778,serverless_predictive_fixed:cyclical:2,0.0,165.09,4
1788950631.1796186,serverless_predictive_fixed:cyclical:2,0.0,165.09,4
1788950631.382316,serverless_predictive_fixed:cyclical:2,0.0,165.09,4
1788950631.58507,serverless_predictive_fixed:cyclical:2,0.0,165.09,4
1788950631.787403,serverless_predictive_fixed:cyclical:2,0.0,165.09,4
1788950631.9899905,serverless_predictive_fixed:cyclical:2,0.0,165.09,4
1788950632.1925955,serverless_predictive_fixed:cyclical:2,0.0,165.09,4
1788950632.3949552,serverless_predictive_fixed:cyclical:2,0.0,165.09,4
1788950632.597273,serverless_predictive_fixed:cyclical:2,0.0,165.09,4
1788950632.7997606,serverless_predictive_fixed:cyclical:2,0.0,165.09,4
1788950633.0022147,serverless_predictive_fixed:cyclical:2,0.0,165.09,4
1788950633.2045689,serverless_predictive_fixed:cyclical:2,0.0,165.09,4
1788950633.4070027,serverless_predictive_fixed:cyclical:2,0.0,165.09,4
1788950633.6094337,serverless_predictive_fixed:cyclical:2,4.9,165.09,4
1788950633.8120134,serverless_predictive_fixed:cyclical:2,4.9,165.09,4
1788950634.014521,serverless_predictive_fixed:cyclical:2,0.0,165.09,4
1788950634.2169652,serverless_predictive_fixed:cyclical:2,0.0,165.09,4
1788950634.4197712,serverless_predictive_fixed:cyclical:2,0.0,165.09,4
1788950634.6223595,serverless_predictive_fixed:cyclical:2,0.0,165.09,4
1788950634.8280802,serverless_predictive_fixed:cyclical:2,0.0,165.09,4
1788950635.0317485,serverless_predictive_fixed:cyclical:2,0.0,165.09,4
1788950635.2342093,serverless_predictive_fixed:cyclical:2,4.9,165.09,4
1788950635.4367645,serverless_predictive_fixed:cyclical:2,0.0,165.09,4
1788950635.6391087,serverless_predictive_fixed:cyclical:2,4.9,122.5,3
1788950635.8412442,serverless_predictive_fixed:cyclical:2,4.9,139.46,4
1788950636.04334,serverless_predictive_fixed:cyclical:2,104.0,72.86,2
1788950636.2453337,serverless_predictive_fixed:cyclical:2,94.1,79.91,2
1788950636.4478538,serverless_predictive_fixed:cyclical:2,0.0,79.91,2
1788950636.6499622,serverless_predictive_fixed:cyclical:2,0.0,79.91,2
1788950636.8523126,serverless_predictive_fixed:cyclical:2,0.0,79.91,2
1788950637.0546675,serverless_predictive_fixed:cyclical:2,0.0,79.91,2
1788950637.2568507,serverless_predictive_fixed:cyclical:2,0.0,79.91,2
1788950637.4593172,serverless_predictive_fixed:cyclical:2,0.0,79.91,2
1788950637.6618516,serverless_predictive_fixed:cyclical:2,4.9,79.91,2
1788950637.8640597,serverless_predictive_fixed:cyclical:2,0.0,79.91,2
1788950638.0660613,serverless_predictive_fixed:cyclical:2,0.0,79.91,2
1788950638.2681203,serverless_predictive_fixed:cyclical:2,4.9,79.91,2
1788950638.470208,serverless_predictive_fixed:cyclical:2,0.0,79.91,2
1788950638.6722727,serverless_predictive_fixed:cyclical:2,0.0,79.91,2
1788950638.874286,serverless_predictive_fixed:cyclical:2,0.0,79.91,2
1788950639.080583,serverless_predictive_fixed:cyclical:2,14.6,136.86,4
1788950639.2828784,serverless_predictive_fixed:cyclical:2,192.7,154.27,4
1788950640.2304509,serverless_predictive_fixed:cyclical:3,0.0,36.67,1
1788950640.432422,serverless_predictive_fixed:cyclical:3,0.0,36.67,1
1788950640.6344097,serverless_predictive_fixed:cyclical:3,0.0,36.67,1
1788950640.8367298,serverless_predictive_fixed:cyclical:3,0.0,36.67,1
1788950641.0388322,serverless_predictive_fixed:cyclical:3,0.0,36.67,1
1788950641.2409892,serverless_predictive_fixed:cyclical:3,0.0,36.67,1
1788950641.4429655,serverless_predictive_fixed:cyclical:3,0.0,36.67,1
1788950641.6448596,serverless_predictive_fixed:cyclical:3,0.0,36.67,1
1788950641.8468473,serverless_predictive_fixed:cyclical:3,0.0,36.67,1
1788950642.0488584,serverless_predictive_fixed:cyclical:3,5.0,36.67,1
1788950642.250834,serverless_predictive_fixed:cyclical:3,0.0,36.67,1
1788950642.4538753,serverless_predictive_fixed:cyclical:3,0.0,36.67,1
1788950642.655931,serverless_predictive_fixed:cyclical:3,0.0,36.67,1
1788950642.8580613,serverless_predictive_fixed:cyclical:3,0.0,36.67,1
1788950643.0602188,serverless_predictive_fixed:cyclical:3,0.0,36.67,1
1788950643.262342,serverless_predictive_fixed:cyclical:3,0.0,36.67,1
1788950643.464421,serverless_predictive_fixed:cyclical:3,0.0,36.67,1
1788950643.6665235,serverless_predictive_fixed:cyclical:3,0.0,36.67,1
1788950643.8688278,serverless_predictive_fixed:cyclical:3,0.0,36.67,1
1788950644.0709028,serverless_predictive_fixed:cyclical:3,0.0,36.67,1
1788950644.2730117,serverless_predictive_fixed:cyclical:3,0.0,36.67,1
1788950644.4761386,serverless_predictive_fixed:cyclical:3,0.0,36.67,1
1788950644.678228,serverless_predictive_fixed:cyclical:3,0.0,36.67,1
1788950644.8803315,serverless_predictive_fixed:cyclical:3,0.0,36.67,1
1788950645.0823867,serverless_predictive_fixed:cyclical:3,0.0,36.67,1
1788950645.2844286,serverless_predictive_fixed:cyclical:3,0.0,36.67,1
1788950645.4865947,serverless_predictive_fixed:cyclical:3,4.9,36.67,1
1788950645.688642,serverless_predictive_fixed:cyclical:3,0.0,36.67,1
1788950645.8918881,serverless_predictive_fixed:cyclical:3,0.0,36.67,1
1788950646.0939484,serverless_predictive_fixed:cyclical:3,0.0,36.67,1
1788950646.2960393,serverless_predictive_fixed:cyclical:3,0.0,36.67,1
1788950646.498179,serverless_predictive_fixed:cyclical:3,0.0,36.67,1
1788950646.70023,serverless_predictive_fixed:cyclical:3,0.0,36.67,1
1788950646.9022582,serverless_predictive_fixed:cyclical:3,0.0,36.67,1
1788950647.104521,serverless_predictive_fixed:cyclical:3,0.0,36.67,1
1788950647.307005,serverless_predictive_fixed:cyclical:3,0.0,36.67,1
1788950647.5089655,serverless_predictive_fixed:cyclical:3,0.0,36.67,1
1788950647.7110314,serverless_predictive_fixed:cyclical:3,0.0,36.67,1
1788950647.9170325,serverless_predictive_fixed:cyclical:3,0.0,36.67,1
1788950648.1198554,serverless_predictive_fixed:cyclical:3,0.0,36.67,1
1788950648.322849,serverless_predictive_fixed:cyclical:3,0.0,36.67,1
1788950648.5258126,serverless_predictive_fixed:cyclical:3,0.0,36.67,1
1788950648.728125,serverless_predictive_fixed:cyclical:3,0.0,36.67,1
1788950648.9310224,serverless_predictive_fixed:cyclical:3,0.0,36.67,1
1788950649.1342032,serverless_predictive_fixed:cyclical:3,0.0,36.67,1
1788950649.3375146,serverless_predictive_fixed:cyclical:3,4.9,36.67,1
1788950649.5442865,serverless_predictive_fixed:cyclical:3,4.8,88.75,4
1788950649.7464273,serverless_predictive_fixed:cyclical:3,197.9,132.12,4
1788950649.9508739,serverless_predictive_fixed:cyclical:3,200.6,148.3,4
1788950650.1537623,serverless_predictive_fixed:cyclical:3,192.3,161.5,4
1788950650.3570628,serverless_predictive_fixed:cyclical:3,39.3,164.73,4
1788950650.5605364,serverless_predictive_fixed:cyclical:3,4.9,164.73,4
1788950650.764919,serverless_predictive_fixed:cyclical:3,0.0,164.73,4
1788950650.96746,serverless_predictive_fixed:cyclical:3,0.0,164.73,4
1788950651.1706488,serverless_predictive_fixed:cyclical:3,4.9,164.73,4
1788950651.374047,serverless_predictive_fixed:cyclical:3,0.0,164.73,4
1788950651.576851,serverless_predictive_fixed:cyclical:3,0.0,164.73,4
1788950651.7809772,serverless_predictive_fixed:cyclical:3,0.0,164.73,4
1788950651.9834187,serverless_predictive_fixed:cyclical:3,0.0,164.73,4
1788950652.18585,serverless_predictive_fixed:cyclical:3,4.9,164.73,4
1788950652.3884015,serverless_predictive_fixed:cyclical:3,0.0,164.73,4
1788950652.5908654,serverless_predictive_fixed:cyclical:3,0.0,164.73,4
1788950652.7932029,serverless_predictive_fixed:cyclical:3,0.0,164.73,4
1788950652.995623,serverless_predictive_fixed:cyclical:3,0.0,164.73,4
1788950653.1996803,serverless_predictive_fixed:cyclical:3,0.0,164.73,4
1788950653.4058466,serverless_predictive_fixed:cyclical:3,0.0,164.73,4
1788950653.6084447,serverless_predictive_fixed:cyclical:3,0.0,164.73,4
1788950653.8109396,serverless_predictive_fixed:cyclical:3,0.0,164.73,4
1788950654.0133471,serverless_predictive_fixed:cyclical:3,0.0,164.73,4
1788950654.2159176,serverless_predictive_fixed:cyclical:3,0.0,164.73,4
1788950654.4184535,serverless_predictive_fixed:cyclical:3,0.0,164.73,4
1788950654.6208963,serverless_predictive_fixed:cyclical:3,0.0,164.73,4
1788950654.823327,serverless_predictive_fixed:cyclical:3,4.9,164.73,4
1788950655.0256631,serverless_predictive_fixed:cyclical:3,4.9,164.73,4
1788950655.22847,serverless_predictive_fixed:cyclical:3,0.0,164.73,4
1788950655.4308937,serverless_predictive_fixed:cyclical:3,4.9,164.73,4
1788950655.6332185,serverless_predictive_fixed:cyclical:3,0.0,164.73,4
1788950655.8356547,serverless_predictive_fixed:cyclical:3,0.0,164.73,4
1788950656.0378985,serverless_predictive_fixed:cyclical:3,0.0,164.73,4
1788950656.2403219,serverless_predictive_fixed:cyclical:3,0.0,164.73,4
1788950656.4427176,serverless_predictive_fixed:cyclical:3,9.8,153.64,5
1788950656.6449368,serverless_predictive_fixed:cyclical:3,108.8,118.97,3
1788950656.8471637,serverless_predictive_fixed:cyclical:3,29.7,79.83,2
1788950657.0493577,serverless_predictive_fixed:cyclical:3,0.0,79.83,2
1788950657.2515693,serverless_predictive_fixed:cyclical:3,0.0,79.83,2
1788950657.4536889,serverless_predictive_fixed:cyclical:3,0.0,79.83,2
1788950657.656023,serverless_predictive_fixed:cyclical:3,0.0,79.83,2
1788950657.8582397,serverless_predictive_fixed:cyclical:3,0.0,79.83,2
1788950658.061145,serverless_predictive_fixed:cyclical:3,0.0,79.83,2
1788950658.2636242,serverless_predictive_fixed:cyclical:3,0.0,79.83,2
1788950658.465826,serverless_predictive_fixed:cyclical:3,4.9,79.83,2
1788950658.668158,serverless_predictive_fixed:cyclical:3,0.0,79.83,2
1788950658.8704963,serverless_predictive_fixed:cyclical:3,0.0,79.83,2
1788950659.0729253,serverless_predictive_fixed:cyclical:3,0.0,79.83,2
1788950659.2754018,serverless_predictive_fixed:cyclical:3,0.0,79.83,2
1788950659.4777052,serverless_predictive_fixed:cyclical:3,0.0,79.83,2
1788950659.680705,serverless_predictive_fixed:cyclical:3,0.0,94.58,4
1788950659.884008,serverless_predictive_fixed:cyclical:3,172.2,141.28,4
1788950660.0919092,serverless_predictive_fixed:cyclical:3,206.8,156.7,4
1788950660.2940953,serverless_predictive_fixed:cyclical:3,79.1,165.01,4
1788950660.49646,serverless_predictive_fixed:cyclical:3,0.0,165.01,4
1788950660.6989963,serverless_predictive_fixed:cyclical:3,0.0,165.01,4
1788950660.9013534,serverless_predictive_fixed:cyclical:3,0.0,165.01,4
1788950661.1041155,serverless_predictive_fixed:cyclical:3,4.9,165.01,4
1788950661.3080614,serverless_predictive_fixed:cyclical:3,0.0,165.01,4
1788950661.5117524,serverless_predictive_fixed:cyclical:3,0.0,165.01,4
1788950661.7161703,serverless_predictive_fixed:cyclical:3,4.9,165.01,4
1788950661.9188473,serverless_predictive_fixed:cyclical:3,0.0,165.01,4
1788950662.1214485,serverless_predictive_fixed:cyclical:3,0.0,165.01,4
1788950662.323966,serverless_predictive_fixed:cyclical:3,0.0,165.01,4
1788950662.5275724,serverless_predictive_fixed:cyclical:3,0.0,165.01,4
1788950662.7301662,serverless_predictive_fixed:cyclical:3,0.0,165.01,4
1788950662.932451,serverless_predictive_fixed:cyclical:3,0.0,165.01,4
1788950663.1347566,serverless_predictive_fixed:cyclical:3,0.0,165.01,4
1788950663.3372037,serverless_predictive_fixed:cyclical:3,4.9,165.01,4
1788950663.539985,serverless_predictive_fixed:cyclical:3,0.0,165.01,4
1788950663.74376,serverless_predictive_fixed:cyclical:3,0.0,165.01,4
1788950663.9467578,serverless_predictive_fixed:cyclical:3,4.9,165.01,4
1788950664.1493628,serverless_predictive_fixed:cyclical:3,0.0,165.01,4
1788950664.353947,serverless_predictive_fixed:cyclical:3,0.0,165.01,4
1788950664.556544,serverless_predictive_fixed:cyclical:3,0.0,165.01,4
1788950664.7588522,serverless_predictive_fixed:cyclical:3,0.0,165.01,4
1788950664.9611466,serverless_predictive_fixed:cyclical:3,4.9,165.01,4
1788950665.1635742,serverless_predictive_fixed:cyclical:3,0.0,165.01,4
1788950665.36595,serverless_predictive_fixed:cyclical:3,0.0,165.01,4
1788950665.5683234,serverless_predictive_fixed:cyclical:3,4.9,165.01,4
1788950665.770561,serverless_predictive_fixed:cyclical:3,0.0,165.01,4
1788950665.9731476,serverless_predictive_fixed:cyclical:3,0.0,165.01,4
1788950666.1755753,serverless_predictive_fixed:cyclical:3,0.0,165.01,4
1788950666.3785334,serverless_predictive_fixed:cyclical:3,0.0,122.39,3
1788950666.5807989,serverless_predictive_fixed:cyclical:3,0.0,130.75,4
1788950666.7829773,serverless_predictive_fixed:cyclical:3,103.8,112.82,3
1788950666.9849002,serverless_predictive_fixed:cyclical:3,99.1,76.98,2
1788950667.187398,serverless_predictive_fixed:cyclical:3,24.7,79.83,2
1788950667.3894,serverless_predictive_fixed:cyclical:3,0.0,79.83,2
1788950667.5921006,serverless_predictive_fixed:cyclical:3,0.0,79.83,2
1788950667.7946227,serverless_predictive_fixed:cyclical:3,0.0,79.83,2
1788950667.9967659,serverless_predictive_fixed:cyclical:3,0.0,79.83,2
1788950668.1987567,serverless_predictive_fixed:cyclical:3,0.0,79.83,2
1788950668.4008546,serverless_predictive_fixed:cyclical:3,4.9,79.83,2
1788950668.6029515,serverless_predictive_fixed:cyclical:3,0.0,79.83,2
1788950668.805847,serverless_predictive_fixed:cyclical:3,4.9,117.71,4
1788950669.0080597,serverless_predictive_fixed:cyclical:3,197.8,151.07,4
1788950669.2101545,serverless_predictive_fixed:cyclical:3,183.1,164.88,4
1788950669.4126558,serverless_predictive_fixed:cyclical:3,9.8,165.0,4
1788950669.6149094,serverless_predictive_fixed:cyclical:3,0.0,165.0,4
1788950669.817254,serverless_predictive_fixed:cyclical:3,4.9,165.0,4
1788950670.0194714,serverless_predictive_fixed:cyclical:3,0.0,165.0,4
1788950670.2217112,serverless_predictive_fixed:cyclical:3,4.9,165.0,4
1788950670.4239867,serverless_predictive_fixed:cyclical:3,0.0,165.0,4
1788950670.626237,serverless_predictive_fixed:cyclical:3,0.0,165.0,4
1788950670.828717,serverless_predictive_fixed:cyclical:3,0.0,165.0,4
1788950671.0310774,serverless_predictive_fixed:cyclical:3,0.0,165.0,4
1788950671.2331808,serverless_predictive_fixed:cyclical:3,0.0,165.0,4
1788950671.436492,serverless_predictive_fixed:cyclical:3,0.0,165.0,4
1788950671.6395142,serverless_predictive_fixed:cyclical:3,0.0,165.0,4
1788950671.8420935,serverless_predictive_fixed:cyclical:3,4.9,165.0,4
1788950672.0446365,serverless_predictive_fixed:cyclical:3,0.0,165.0,4
1788950672.2471814,serverless_predictive_fixed:cyclical:3,0.0,165.0,4
1788950672.4496531,serverless_predictive_fixed:cyclical:3,0.0,165.0,4
1788950672.6522686,serverless_predictive_fixed:cyclical:3,0.0,165.0,4
1788950672.8551707,serverless_predictive_fixed:cyclical:3,0.0,165.0,4
1788950673.073057,serverless_predictive_fixed:cyclical:3,0.0,165.0,4
1788950673.2757344,serverless_predictive_fixed:cyclical:3,4.9,165.0,4
1788950673.4784548,serverless_predictive_fixed:cyclical:3,0.0,165.0,4
1788950673.6809866,serverless_predictive_fixed:cyclical:3,4.9,165.0,4
1788950673.885568,serverless_predictive_fixed:cyclical:3,0.0,165.0,4
1788950674.0879586,serverless_predictive_fixed:cyclical:3,0.0,165.0,4
1788950674.2903032,serverless_predictive_fixed:cyclical:3,0.0,165.0,4
1788950674.492506,serverless_predictive_fixed:cyclical:3,4.9,165.0,4
1788950674.6946537,serverless_predictive_fixed:cyclical:3,0.0,165.0,4
1788950674.8972325,serverless_predictive_fixed:cyclical:3,4.9,165.0,4
1788950675.0996332,serverless_predictive_fixed:cyclical:3,0.0,165.0,4
1788950675.302054,serverless_predictive_fixed:cyclical:3,0.0,122.43,4
1788950675.5047245,serverless_predictive_fixed:cyclical:3,0.0,122.43,3
1788950675.7082844,serverless_predictive_fixed:cyclical:3,4.9,146.67,4
1788950675.9115415,serverless_predictive_fixed:cyclical:3,98.4,116.59,3
1788950676.1138735,serverless_predictive_fixed:cyclical:3,74.1,79.95,2
1788950676.316628,serverless_predictive_fixed:cyclical:3,0.0,79.95,2
1788950676.5188498,serverless_predictive_fixed:cyclical:3,0.0,79.95,2
1788950676.7211542,serverless_predictive_fixed:cyclical:3,4.9,79.95,2
1788950676.9239578,serverless_predictive_fixed:cyclical:3,0.0,79.95,2
1788950677.1265202,serverless_predictive_fixed:cyclical:3,0.0,79.95,2
1788950677.3289163,serverless_predictive_fixed:cyclical:3,0.0,79.95,2
1788950677.5311291,serverless_predictive_fixed:cyclical:3,4.9,79.95,2
1788950677.7333343,serverless_predictive_fixed:cyclical:3,0.0,79.95,2
1788950677.9357042,serverless_predictive_fixed:cyclical:3,0.0,79.95,2
1788950678.1383097,serverless_predictive_fixed:cyclical:3,0.0,79.95,2
1788950678.3418396,serverless_predictive_fixed:cyclical:3,14.7,139.92,4
1788950678.5451133,serverless_predictive_fixed:cyclical:3,167.3,154.84,4
1788950678.748501,serverless_predictive_fixed:cyclical:3,127.9,165.11,4
1788950678.9511518,serverless_predictive_fixed:cyclical:3,0.0,165.24,4
1788950679.1536186,serverless_predictive_fixed:cyclical:3,0.0,165.24,4
1788950679.3561547,serverless_predictive_fixed:cyclical:3,9.8,165.24,4
1788950679.5587878,serverless_predictive_fixed:cyclical:3,0.0,165.24,4
1788950679.7611916,serverless_predictive_fixed:cyclical:3,0.0,165.24,4
1788950679.9638844,serverless_predictive_fixed:cyclical:3,0.0,165.24,4
1788950680.1666462,serverless_predictive_fixed:cyclical:3,9.8,165.24,4
1788950680.3694487,serverless_predictive_fixed:cyclical:3,0.0,165.24,4
1788950680.5720303,serverless_predictive_fixed:cyclical:3,0.0,165.24,4
1788950680.7746682,serverless_predictive_fixed:cyclical:3,0.0,165.24,4
1788950680.9771204,serverless_predictive_fixed:cyclical:3,0.0,165.24,4
1788950681.1798413,serverless_predictive_fixed:cyclical:3,0.0,165.24,4
1788950681.382189,serverless_predictive_fixed:cyclical:3,0.0,165.24,4
1788950681.5848024,serverless_predictive_fixed:cyclical:3,0.0,165.24,4
1788950681.7874253,serverless_predictive_fixed:cyclical:3,0.0,165.24,4
1788950681.989647,serverless_predictive_fixed:cyclical:3,0.0,165.24,4
1788950682.1918812,serverless_predictive_fixed:cyclical:3,0.0,165.24,4
1788950682.3940086,serverless_predictive_fixed:cyclical:3,0.0,165.24,4
1788950682.5962608,serverless_predictive_fixed:cyclical:3,0.0,165.24,4
1788950682.7998617,serverless_predictive_fixed:cyclical:3,4.9,165.24,4
1788950683.0024912,serverless_predictive_fixed:cyclical:3,0.0,165.24,4
1788950683.2048512,serverless_predictive_fixed:cyclical:3,0.0,165.24,4
1788950683.406945,serverless_predictive_fixed:cyclical:3,0.0,165.24,4
1788950683.609168,serverless_predictive_fixed:cyclical:3,0.0,165.24,4
1788950683.8117232,serverless_predictive_fixed:cyclical:3,0.0,165.24,4
1788950684.0140195,serverless_predictive_fixed:cyclical:3,0.0,165.24,4
1788950684.2164335,serverless_predictive_fixed:cyclical:3,0.0,165.24,4
1788950684.418648,serverless_predictive_fixed:cyclical:3,4.9,165.24,4
1788950684.6208813,serverless_predictive_fixed:cyclical:3,4.9,165.24,4
1788950684.8231194,serverless_predictive_fixed:cyclical:3,0.0,122.59,3
1788950685.0251124,serverless_predictive_fixed:cyclical:3,0.0,122.59,3
1788950685.227602,serverless_predictive_fixed:cyclical:3,2142.7,112.36,3
1788950685.4296916,serverless_predictive_fixed:cyclical:3,99.0,77.5,2
1788950685.6317992,serverless_predictive_fixed:cyclical:3,24.7,79.84,2
1788950685.8337996,serverless_predictive_fixed:cyclical:3,0.0,79.84,2
1788950686.0365777,serverless_predictive_fixed:cyclical:3,0.0,79.84,2
1788950686.2386074,serverless_predictive_fixed:cyclical:3,0.0,79.84,2
1788950686.4411423,serverless_predictive_fixed:cyclical:3,0.0,79.84,2
1788950686.643643,serverless_predictive_fixed:cyclical:3,0.0,79.84,2
1788950686.8464072,serverless_predictive_fixed:cyclical:3,0.0,79.84,2
1788950687.0485091,serverless_predictive_fixed:cyclical:3,0.0,79.84,2
1788950687.2507157,serverless_predictive_fixed:cyclical:3,4.9,94.84,4
1788950687.453102,serverless_predictive_fixed:cyclical:3,192.6,144.32,4
1788950687.6551607,serverless_predictive_fixed:cyclical:3,192.9,158.14,4
1788950688.5522048,serverless_predictive_fixed:cyclical:4,0.0,36.61,1
1788950688.7541816,serverless_predictive_fixed:cyclical:4,0.0,36.61,1
1788950688.9564455,serverless_predictive_fixed:cyclical:4,0.0,36.62,1
1788950689.1583493,serverless_predictive_fixed:cyclical:4,0.0,36.62,1
1788950689.3603806,serverless_predictive_fixed:cyclical:4,0.0,36.62,1
1788950689.562225,serverless_predictive_fixed:cyclical:4,0.0,36.62,1
1788950689.7641547,serverless_predictive_fixed:cyclical:4,0.0,36.62,1
1788950689.9660823,serverless_predictive_fixed:cyclical:4,0.0,36.62,1
1788950690.168362,serverless_predictive_fixed:cyclical:4,0.0,36.62,1
1788950690.3716455,serverless_predictive_fixed:cyclical:4,0.0,36.62,1
1788950690.574319,serverless_predictive_fixed:cyclical:4,0.0,36.62,1
1788950690.7762594,serverless_predictive_fixed:cyclical:4,0.0,36.62,1
1788950690.9780717,serverless_predictive_fixed:cyclical:4,0.0,36.62,1
1788950691.180106,serverless_predictive_fixed:cyclical:4,0.0,36.62,1
1788950691.3820002,serverless_predictive_fixed:cyclical:4,0.0,36.62,1
1788950691.584205,serverless_predictive_fixed:cyclical:4,0.0,36.62,1
1788950691.78605,serverless_predictive_fixed:cyclical:4,5.0,36.62,1
1788950691.98804,serverless_predictive_fixed:cyclical:4,0.0,36.62,1
1788950692.1901138,serverless_predictive_fixed:cyclical:4,0.0,36.62,1
1788950692.3930175,serverless_predictive_fixed:cyclical:4,0.0,36.62,1
1788950692.595027,serverless_predictive_fixed:cyclical:4,0.0,36.62,1
1788950692.7971175,serverless_predictive_fixed:cyclical:4,0.0,36.62,1
1788950692.999301,serverless_predictive_fixed:cyclical:4,0.0,36.62,1
1788950693.2013435,serverless_predictive_fixed:cyclical:4,0.0,36.62,1
1788950693.4041388,serverless_predictive_fixed:cyclical:4,0.0,36.62,1
1788950693.60619,serverless_predictive_fixed:cyclical:4,0.0,36.62,1
1788950693.8086119,serverless_predictive_fixed:cyclical:4,0.0,36.62,1
1788950694.0106547,serverless_predictive_fixed:cyclical:4,0.0,36.62,1
1788950694.2127771,serverless_predictive_fixed:cyclical:4,0.0,36.62,1
1788950694.414947,serverless_predictive_fixed:cyclical:4,0.0,36.62,1
1788950694.618072,serverless_predictive_fixed:cyclical:4,0.0,36.62,1
1788950694.8201733,serverless_predictive_fixed:cyclical:4,0.0,36.62,1
1788950695.0221655,serverless_predictive_fixed:cyclical:4,0.0,36.62,1
1788950695.22462,serverless_predictive_fixed:cyclical:4,0.0,36.62,1
1788950695.4266584,serverless_predictive_fixed:cyclical:4,0.0,36.62,1
1788950695.6287596,serverless_predictive_fixed:cyclical:4,4.9,36.62,1
1788950695.830757,serverless_predictive_fixed:cyclical:4,0.0,36.62,1
1788950696.0327528,serverless_predictive_fixed:cyclical:4,0.0,36.62,1
1788950696.2348766,serverless_predictive_fixed:cyclical:4,0.0,36.62,1
1788950696.4368725,serverless_predictive_fixed:cyclical:4,0.0,36.62,1
1788950696.6388586,serverless_predictive_fixed:cyclical:4,0.0,36.62,1
1788950696.841026,serverless_predictive_fixed:cyclical:4,0.0,36.62,1
1788950697.043046,serverless_predictive_fixed:cyclical:4,0.0,36.62,1
1788950697.2459517,serverless_predictive_fixed:cyclical:4,0.0,36.62,1
1788950697.4530423,serverless_predictive_fixed:cyclical:4,4.8,53.91,4
1788950697.6594155,serverless_predictive_fixed:cyclical:4,177.2,113.21,4
1788950697.8615525,serverless_predictive_fixed:cyclical:4,194.9,139.55,4
1788950698.064521,serverless_predictive_fixed:cyclical:4,197.1,154.44,4
1788950698.2669942,serverless_predictive_fixed:cyclical:4,123.5,164.78,4
1788950698.4693127,serverless_predictive_fixed:cyclical:4,0.0,164.78,4
1788950698.6716945,serverless_predictive_fixed:cyclical:4,0.0,164.78,4
1788950698.874821,serverless_predictive_fixed:cyclical:4,0.0,164.78,4
1788950699.0777273,serverless_predictive_fixed:cyclical:4,0.0,164.78,4
1788950699.2804983,serverless_predictive_fixed:cyclical:4,0.0,164.78,4
1788950699.4829674,serverless_predictive_fixed:cyclical:4,0.0,164.78,4
1788950699.685438,serverless_predictive_fixed:cyclical:4,0.0,164.78,4
1788950699.8891373,serverless_predictive_fixed:cyclical:4,0.0,164.78,4
1788950700.0916023,serverless_predictive_fixed:cyclical:4,0.0,164.78,4
1788950700.294098,serverless_predictive_fixed:cyclical:4,4.9,164.78,4
1788950700.4964828,serverless_predictive_fixed:cyclical:4,0.0,164.78,4
1788950700.6988966,serverless_predictive_fixed:cyclical:4,0.0,164.78,4
1788950700.9021237,serverless_predictive_fixed:cyclical:4,0.0,164.78,4
1788950701.104568,serverless_predictive_fixed:cyclical:4,0.0,164.78,4
1788950701.308075,serverless_predictive_fixed:cyclical:4,0.0,164.78,4
1788950701.510423,serverless_predictive_fixed:cyclical:4,0.0,164.78,4
1788950701.7128947,serverless_predictive_fixed:cyclical:4,4.9,164.78,4
1788950701.9155917,serverless_predictive_fixed:cyclical:4,4.9,164.78,4
1788950702.1179671,serverless_predictive_fixed:cyclical:4,0.0,164.78,4
1788950702.320224,serverless_predictive_fixed:cyclical:4,0.0,164.78,4
1788950702.5236485,serverless_predictive_fixed:cyclical:4,0.0,164.78,4
1788950702.7258718,serverless_predictive_fixed:cyclical:4,0.0,164.78,4
1788950702.9281604,serverless_predictive_fixed:cyclical:4,0.0,164.78,4
1788950703.1307385,serverless_predictive_fixed:cyclical:4,0.0,164.78,4
1788950703.3329966,serverless_predictive_fixed:cyclical:4,0.0,164.78,4
1788950703.5353565,serverless_predictive_fixed:cyclical:4,4.9,164.78,4
1788950703.7374966,serverless_predictive_fixed:cyclical:4,0.0,164.78,4
1788950703.9399302,serverless_predictive_fixed:cyclical:4,0.0,164.78,4
1788950704.1422153,serverless_predictive_fixed:cyclical:4,0.0,164.78,4
1788950704.345026,serverless_predictive_fixed:cyclical:4,4.9,164.84,4
1788950704.5478535,serverless_predictive_fixed:cyclical:4,0.0,145.27,4
1788950704.750723,serverless_predictive_fixed:cyclical:4,108.5,116.24,3
1788950704.9528675,serverless_predictive_fixed:cyclical:4,69.3,79.7,2
1788950705.155442,serverless_predictive_fixed:cyclical:4,0.0,79.7,2
1788950705.3575974,serverless_predictive_fixed:cyclical:4,0.0,79.7,2
1788950705.5597272,serverless_predictive_fixed:cyclical:4,0.0,79.7,2
1788950705.7621267,serverless_predictive_fixed:cyclical:4,0.0,79.7,2
1788950705.964378,serverless_predictive_fixed:cyclical:4,0.0,79.7,2
1788950706.1663644,serverless_predictive_fixed:cyclical:4,0.0,79.7,2
1788950706.3685405,serverless_predictive_fixed:cyclical:4,0.0,79.7,2
1788950706.5705566,serverless_predictive_fixed:cyclical:4,4.9,79.7,2
1788950706.7732265,serverless_predictive_fixed:cyclical:4,0.0,79.7,2
1788950706.9755905,serverless_predictive_fixed:cyclical:4,0.0,79.7,2
1788950707.1784742,serverless_predictive_fixed:cyclical:4,0.0,79.7,2
1788950707.3854856,serverless_predictive_fixed:cyclical:4,4.8,97.67,4
1788950707.588434,serverless_predictive_fixed:cyclical:4,187.3,144.63,4
1788950707.7906349,serverless_predictive_fixed:cyclical:4,202.7,158.51,4
1788950707.9948971,serverless_predictive_fixed:cyclical:4,49.0,164.94,4
1788950708.1975062,serverless_predictive_fixed:cyclical:4,0.0,164.94,4
1788950708.400212,serverless_predictive_fixed:cyclical:4,0.0,164.94,4
1788950708.602462,serverless_predictive_fixed:cyclical:4,4.9,164.94,4
1788950708.8053224,serverless_predictive_fixed:cyclical:4,0.0,164.94,4
1788950709.007961,serverless_predictive_fixed:cyclical:4,0.0,164.94,4
1788950709.21062,serverless_predictive_fixed:cyclical:4,4.9,164.94,4
1788950709.413069,serverless_predictive_fixed:cyclical:4,0.0,164.94,4
1788950709.6153228,serverless_predictive_fixed:cyclical:4,0.0,164.94,4
1788950709.8176012,serverless_predictive_fixed:cyclical:4,0.0,164.94,4
1788950710.0199578,serverless_predictive_fixed:cyclical:4,0.0,164.94,4
1788950710.222227,serverless_predictive_fixed:cyclical:4,0.0,164.94,4
1788950710.4245756,serverless_predictive_fixed:cyclical:4,0.0,164.94,4
1788950710.6269243,serverless_predictive_fixed:cyclical:4,0.0,164.94,4
1788950710.8291776,serverless_predictive_fixed:cyclical:4,4.9,164.94,4
1788950711.031563,serverless_predictive_fixed:cyclical:4,4.9,164.94,4
1788950711.233952,serverless_predictive_fixed:cyclical:4,0.0,164.94,4
1788950711.436221,serverless_predictive_fixed:cyclical:4,0.0,164.94,4
1788950711.638558,serverless_predictive_fixed:cyclical:4,0.0,164.94,4
1788950711.841248,serverless_predictive_fixed:cyclical:4,0.0,164.94,4
1788950712.0438542,serverless_predictive_fixed:cyclical:4,0.0,164.94,4
1788950712.24659,serverless_predictive_fixed:cyclical:4,0.0,164.94,4
1788950712.4491384,serverless_predictive_fixed:cyclical:4,0.0,164.94,4
1788950712.6517138,serverless_predictive_fixed:cyclical:4,4.9,164.94,4
1788950712.8544521,serverless_predictive_fixed:cyclical:4,0.0,164.94,4
1788950713.05684,serverless_predictive_fixed:cyclical:4,4.9,164.94,4
1788950713.2593231,serverless_predictive_fixed:cyclical:4,4.9,164.94,4
1788950713.4621978,serverless_predictive_fixed:cyclical:4,0.0,164.94,4
1788950713.6647856,serverless_predictive_fixed:cyclical:4,0.0,164.94,4
1788950713.8674548,serverless_predictive_fixed:cyclical:4,0.0,122.39,3
1788950714.0695424,serverless_predictive_fixed:cyclical:4,0.0,122.39,3
1788950714.2721128,serverless_predictive_fixed:cyclical:4,9.8,105.63,4
1788950714.4742768,serverless_predictive_fixed:cyclical:4,103.8,116.89,3
1788950714.6764436,serverless_predictive_fixed:cyclical:4,69.2,79.77,2
1788950714.8787832,serverless_predictive_fixed:cyclical:4,0.0,79.77,2
1788950715.0821521,serverless_predictive_fixed:cyclical:4,0.0,79.77,2
1788950715.284804,serverless_predictive_fixed:cyclical:4,0.0,79.77,2
1788950715.4869022,serverless_predictive_fixed:cyclical:4,0.0,79.77,2
1788950715.6896114,serverless_predictive_fixed:cyclical:4,0.0,79.77,2
1788950715.8916693,serverless_predictive_fixed:cyclical:4,0.0,79.77,2
1788950716.0938725,serverless_predictive_fixed:cyclical:4,0.0,79.77,2
1788950716.296473,serverless_predictive_fixed:cyclical:4,0.0,79.77,2
1788950716.4985547,serverless_predictive_fixed:cyclical:4,0.0,79.77,2
1788950716.7008657,serverless_predictive_fixed:cyclical:4,0.0,79.77,2
1788950716.9029233,serverless_predictive_fixed:cyclical:4,0.0,79.77,2
1788950717.1049833,serverless_predictive_fixed:cyclical:4,0.0,79.77,2
1788950717.3074095,serverless_predictive_fixed:cyclical:4,0.0,79.77,2
1788950717.5097768,serverless_predictive_fixed:cyclical:4,0.0,79.77,2
1788950717.7119548,serverless_predictive_fixed:cyclical:4,0.0,79.77,2
1788950717.9145067,serverless_predictive_fixed:cyclical:4,14.8,131.02,4
1788950718.1169953,serverless_predictive_fixed:cyclical:4,197.5,153.93,4
1788950718.3196728,serverless_predictive_fixed:cyclical:4,143.1,164.97,4
1788950718.5228355,serverless_predictive_fixed:cyclical:4,0.0,164.97,4
1788950718.7250364,serverless_predictive_fixed:cyclical:4,0.0,164.97,4
1788950718.927367,serverless_predictive_fixed:cyclical:4,0.0,164.97,4
1788950719.1302423,serverless_predictive_fixed:cyclical:4,0.0,164.97,4
1788950719.3324676,serverless_predictive_fixed:cyclical:4,0.0,164.97,4
1788950719.5347757,serverless_predictive_fixed:cyclical:4,0.0,164.97,4
1788950719.73699,serverless_predictive_fixed:cyclical:4,0.0,164.97,4
1788950719.939393,serverless_predictive_fixed:cyclical:4,0.0,164.97,4
1788950720.1417403,serverless_predictive_fixed:cyclical:4,0.0,164.97,4
1788950720.3439786,serverless_predictive_fixed:cyclical:4,4.9,164.97,4
1788950720.5461495,serverless_predictive_fixed:cyclical:4,0.0,164.97,4
1788950720.7486894,serverless_predictive_fixed:cyclical:4,0.0,164.97,4
1788950720.9509463,serverless_predictive_fixed:cyclical:4,0.0,164.97,4
1788950721.1534019,serverless_predictive_fixed:cyclical:4,4.9,164.97,4
1788950721.3560646,serverless_predictive_fixed:cyclical:4,0.0,164.97,4
1788950721.5585196,serverless_predictive_fixed:cyclical:4,0.0,164.97,4
1788950721.7607613,serverless_predictive_fixed:cyclical:4,0.0,164.97,4
1788950721.962938,serverless_predictive_fixed:cyclical:4,4.9,164.97,4
1788950722.165182,serverless_predictive_fixed:cyclical:4,0.0,164.97,4
1788950722.3675287,serverless_predictive_fixed:cyclical:4,0.0,164.97,4
1788950722.569657,serverless_predictive_fixed:cyclical:4,0.0,164.97,4
1788950722.7719,serverless_predictive_fixed:cyclical:4,0.0,164.97,4
1788950722.9742563,serverless_predictive_fixed:cyclical:4,0.0,164.97,4
1788950723.1765163,serverless_predictive_fixed:cyclical:4,0.0,164.97,4
1788950723.3787296,serverless_predictive_fixed:cyclical:4,0.0,164.97,4
1788950723.5816085,serverless_predictive_fixed:cyclical:4,0.0,164.97,4
1788950723.7844598,serverless_predictive_fixed:cyclical:4,4.9,164.97,4
1788950723.9873397,serverless_predictive_fixed:cyclical:4,0.0,164.97,4
1788950724.1897268,serverless_predictive_fixed:cyclical:4,0.0,164.97,4
1788950724.392859,serverless_predictive_fixed:cyclical:4,4.9,122.41,3
1788950724.5954528,serverless_predictive_fixed:cyclical:4,3031.6,132.11,4
1788950724.7985895,serverless_predictive_fixed:cyclical:4,103.3,112.95,3
1788950725.0009418,serverless_predictive_fixed:cyclical:4,108.7,77.08,2
1788950725.204582,serverless_predictive_fixed:cyclical:4,14.7,79.84,2
1788950725.4079995,serverless_predictive_fixed:cyclical:4,0.0,79.84,2
1788950725.6103408,serverless_predictive_fixed:cyclical:4,4.9,79.84,2
1788950725.8137677,serverless_predictive_fixed:cyclical:4,0.0,79.84,2
1788950726.0174384,serverless_predictive_fixed:cyclical:4,0.0,79.84,2
1788950726.2204416,serverless_predictive_fixed:cyclical:4,0.0,79.84,2
1788950726.42263,serverless_predictive_fixed:cyclical:4,0.0,79.84,2
1788950726.6247833,serverless_predictive_fixed:cyclical:4,4.9,79.84,2
1788950726.8279185,serverless_predictive_fixed:cyclical:4,0.0,79.84,2
1788950727.0311365,serverless_predictive_fixed:cyclical:4,0.0,79.84,2
1788950727.2335336,serverless_predictive_fixed:cyclical:4,0.0,79.84,2
1788950727.4402556,serverless_predictive_fixed:cyclical:4,9.6,120.59,4
1788950727.645835,serverless_predictive_fixed:cyclical:4,184.8,151.31,4
1788950727.848791,serverless_predictive_fixed:cyclical:4,197.1,163.65,4
1788950728.052683,serverless_predictive_fixed:cyclical:4,14.7,164.93,4
1788950728.2552633,serverless_predictive_fixed:cyclical:4,0.0,164.93,4
1788950728.458143,serverless_predictive_fixed:cyclical:4,0.0,164.93,4
1788950728.6606731,serverless_predictive_fixed:cyclical:4,4.9,164.93,4
1788950728.863371,serverless_predictive_fixed:cyclical:4,0.0,164.93,4
1788950729.0670102,serverless_predictive_fixed:cyclical:4,0.0,164.93,4
1788950729.2700784,serverless_predictive_fixed:cyclical:4,0.0,164.93,4
1788950729.4731033,serverless_predictive_fixed:cyclical:4,0.0,164.93,4
1788950729.6756763,serverless_predictive_fixed:cyclical:4,4.9,164.93,4
1788950729.8783715,serverless_predictive_fixed:cyclical:4,0.0,164.93,4
1788950730.081032,serverless_predictive_fixed:cyclical:4,0.0,164.93,4
1788950730.2836556,serverless_predictive_fixed:cyclical:4,4.9,164.93,4
1788950730.488337,serverless_predictive_fixed:cyclical:4,0.0,164.93,4
1788950730.6909127,serverless_predictive_fixed:cyclical:4,0.0,164.93,4
1788950730.89345,serverless_predictive_fixed:cyclical:4,0.0,164.93,4
1788950731.0965593,serverless_predictive_fixed:cyclical:4,0.0,164.93,4
1788950731.2992966,serverless_predictive_fixed:cyclical:4,0.0,164.93,4
1788950731.5018284,serverless_predictive_fixed:cyclical:4,0.0,164.93,4
1788950731.7042613,serverless_predictive_fixed:cyclical:4,0.0,164.93,4
1788950731.907051,serverless_predictive_fixed:cyclical:4,0.0,164.93,4
1788950732.10952,serverless_predictive_fixed:cyclical:4,0.0,164.93,4
1788950732.3119836,serverless_predictive_fixed:cyclical:4,0.0,164.93,4
1788950732.5146785,serverless_predictive_fixed:cyclical:4,4.9,164.93,4
1788950732.7171872,serverless_predictive_fixed:cyclical:4,4.9,164.93,4
1788950732.9196656,serverless_predictive_fixed:cyclical:4,0.0,164.93,4
1788950733.1670184,serverless_predictive_fixed:cyclical:4,0.0,164.93,4
1788950733.3691926,serverless_predictive_fixed:cyclical:4,0.0,164.93,4
1788950733.5714302,serverless_predictive_fixed:cyclical:4,0.0,164.93,4
1788950733.7736366,serverless_predictive_fixed:cyclical:4,0.0,164.93,4
1788950733.9761536,serverless_predictive_fixed:cyclical:4,0.0,122.33,3
1788950734.178339,serverless_predictive_fixed:cyclical:4,0.0,141.71,4
1788950734.3813186,serverless_predictive_fixed:cyclical:4,108.4,116.27,3
1788950734.5837066,serverless_predictive_fixed:cyclical:4,93.8,79.82,2
1788950734.7857134,serverless_predictive_fixed:cyclical:4,0.0,79.82,2
1788950734.9881968,serverless_predictive_fixed:cyclical:4,0.0,79.82,2
1788950735.1908567,serverless_predictive_fixed:cyclical:4,0.0,79.82,2
1788950735.392951,serverless_predictive_fixed:cyclical:4,0.0,79.82,2
1788950735.5949206,serverless_predictive_fixed:cyclical:4,0.0,79.82,2
1788950735.7969239,serverless_predictive_fixed:cyclical:4,0.0,79.82,2
1788950735.9989076,serverless_predictive_fixed:cyclical:4,0.0,79.82,2
1788950736.2009223,serverless_predictive_fixed:cyclical:4,0.0,79.82,2
1788950736.4029777,serverless_predictive_fixed:cyclical:4,0.0,79.82,2
1788950736.6049159,serverless_predictive_fixed:cyclical:4,0.0,79.82,2
1788950736.8069305,serverless_predictive_fixed:cyclical:4,0.0,79.82,2
1788950737.009336,serverless_predictive_fixed:cyclical:4,14.8,124.37,4
1788950737.211914,serverless_predictive_fixed:cyclical:4,197.5,152.98,4
1788950738.210409,serverless_predictive_fixed:cyclical:5,0.0,36.74,1
1788950738.4125054,serverless_predictive_fixed:cyclical:5,0.0,36.74,1
1788950738.6144974,serverless_predictive_fixed:cyclical:5,0.0,36.74,1
1788950738.8165894,serverless_predictive_fixed:cyclical:5,0.0,36.74,1
1788950739.018614,serverless_predictive_fixed:cyclical:5,0.0,36.74,1
1788950739.2207737,serverless_predictive_fixed:cyclical:5,0.0,36.74,1
1788950739.4227078,serverless_predictive_fixed:cyclical:5,0.0,36.74,1
1788950739.624717,serverless_predictive_fixed:cyclical:5,0.0,36.74,1
1788950739.8270633,serverless_predictive_fixed:cyclical:5,0.0,36.74,1
1788950740.0288265,serverless_predictive_fixed:cyclical:5,0.0,36.74,1
1788950740.2307613,serverless_predictive_fixed:cyclical:5,0.0,36.74,1
1788950740.4330323,serverless_predictive_fixed:cyclical:5,0.0,36.74,1
1788950740.6350687,serverless_predictive_fixed:cyclical:5,0.0,36.74,1
1788950740.8368905,serverless_predictive_fixed:cyclical:5,5.0,36.74,1
1788950741.0387888,serverless_predictive_fixed:cyclical:5,0.0,36.74,1
1788950741.2413518,serverless_predictive_fixed:cyclical:5,0.0,36.74,1
1788950741.4433296,serverless_predictive_fixed:cyclical:5,0.0,36.74,1
1788950741.6452594,serverless_predictive_fixed:cyclical:5,0.0,36.74,1
1788950741.8473566,serverless_predictive_fixed:cyclical:5,0.0,36.74,1
1788950742.049412,serverless_predictive_fixed:cyclical:5,0.0,36.74,1
1788950742.251398,serverless_predictive_fixed:cyclical:5,0.0,36.74,1
1788950742.4533067,serverless_predictive_fixed:cyclical:5,0.0,36.74,1
1788950742.6563876,serverless_predictive_fixed:cyclical:5,0.0,36.74,1
1788950742.8585677,serverless_predictive_fixed:cyclical:5,0.0,36.74,1
1788950743.0608127,serverless_predictive_fixed:cyclical:5,0.0,36.74,1
1788950743.2633765,serverless_predictive_fixed:cyclical:5,0.0,36.74,1
1788950743.465244,serverless_predictive_fixed:cyclical:5,0.0,36.74,1
1788950743.6674533,serverless_predictive_fixed:cyclical:5,0.0,36.74,1
1788950743.8696256,serverless_predictive_fixed:cyclical:5,0.0,36.74,1
1788950744.071799,serverless_predictive_fixed:cyclical:5,0.0,36.74,1
1788950744.2743583,serverless_predictive_fixed:cyclical:5,0.0,36.74,1
1788950744.4764361,serverless_predictive_fixed:cyclical:5,0.0,36.74,1
1788950744.678442,serverless_predictive_fixed:cyclical:5,0.0,36.74,1
1788950744.8808105,serverless_predictive_fixed:cyclical:5,4.9,36.74,1
1788950745.0840967,serverless_predictive_fixed:cyclical:5,0.0,36.74,1
1788950745.2862449,serverless_predictive_fixed:cyclical:5,0.0,36.74,1
1788950745.4885325,serverless_predictive_fixed:cyclical:5,0.0,36.74,1
1788950745.690499,serverless_predictive_fixed:cyclical:5,0.0,36.74,1
1788950745.893297,serverless_predictive_fixed:cyclical:5,0.0,36.74,1
1788950746.09528,serverless_predictive_fixed:cyclical:5,0.0,36.74,1
1788950746.2974153,serverless_predictive_fixed:cyclical:5,0.0,36.74,1
1788950746.5003123,serverless_predictive_fixed:cyclical:5,0.0,36.74,1
1788950746.7030828,serverless_predictive_fixed:cyclical:5,0.0,36.74,1
1788950746.905739,serverless_predictive_fixed:cyclical:5,0.0,36.74,1
1788950747.1092498,serverless_predictive_fixed:cyclical:5,0.0,36.74,1
1788950747.311129,serverless_predictive_fixed:cyclical:5,0.0,36.74,1
1788950747.5131977,serverless_predictive_fixed:cyclical:5,0.0,36.74,1
1788950747.7155216,serverless_predictive_fixed:cyclical:5,0.0,36.74,1
1788950747.9175932,serverless_predictive_fixed:cyclical:5,0.0,36.74,1
1788950748.123584,serverless_predictive_fixed:cyclical:5,2789.2,64.05,4
1788950748.3318918,serverless_predictive_fixed:cyclical:5,187.2,121.71,4
1788950748.5397031,serverless_predictive_fixed:cyclical:5,197.2,143.25,4
1788950748.7479022,serverless_predictive_fixed:cyclical:5,182.4,154.88,4
1788950748.9505973,serverless_predictive_fixed:cyclical:5,123.3,165.09,4
1788950749.1529484,serverless_predictive_fixed:cyclical:5,0.0,165.09,4
1788950749.3556707,serverless_predictive_fixed:cyclical:5,0.0,165.09,4
1788950749.5583515,serverless_predictive_fixed:cyclical:5,0.0,165.09,4
1788950749.760804,serverless_predictive_fixed:cyclical:5,0.0,165.09,4
1788950749.96375,serverless_predictive_fixed:cyclical:5,0.0,165.09,4
1788950750.1661541,serverless_predictive_fixed:cyclical:5,0.0,165.09,4
1788950750.3684168,serverless_predictive_fixed:cyclical:5,0.0,165.09,4
1788950750.5711532,serverless_predictive_fixed:cyclical:5,0.0,165.09,4
1788950750.773509,serverless_predictive_fixed:cyclical:5,0.0,165.09,4
1788950750.97575,serverless_predictive_fixed:cyclical:5,0.0,165.09,4
1788950751.1783915,serverless_predictive_fixed:cyclical:5,0.0,165.09,4
1788950751.3814306,serverless_predictive_fixed:cyclical:5,4.9,165.09,4
1788950751.5837388,serverless_predictive_fixed:cyclical:5,0.0,165.09,4
1788950751.7874773,serverless_predictive_fixed:cyclical:5,0.0,165.09,4
1788950751.9898689,serverless_predictive_fixed:cyclical:5,0.0,165.09,4
1788950752.192305,serverless_predictive_fixed:cyclical:5,4.9,165.09,4
1788950752.394767,serverless_predictive_fixed:cyclical:5,0.0,165.09,4
1788950752.598339,serverless_predictive_fixed:cyclical:5,0.0,165.09,4
1788950752.8008657,serverless_predictive_fixed:cyclical:5,0.0,165.09,4
1788950753.004574,serverless_predictive_fixed:cyclical:5,0.0,165.09,4
1788950753.2078092,serverless_predictive_fixed:cyclical:5,0.0,165.09,4
1788950753.4103072,serverless_predictive_fixed:cyclical:5,0.0,165.09,4
1788950753.6126256,serverless_predictive_fixed:cyclical:5,0.0,165.09,4
1788950753.814913,serverless_predictive_fixed:cyclical:5,0.0,165.09,4
1788950754.0171816,serverless_predictive_fixed:cyclical:5,9.8,165.09,4
1788950754.2195818,serverless_predictive_fixed:cyclical:5,0.0,165.09,4
1788950754.4218788,serverless_predictive_fixed:cyclical:5,0.0,165.09,4
1788950754.6242843,serverless_predictive_fixed:cyclical:5,0.0,165.09,4
1788950754.8264618,serverless_predictive_fixed:cyclical:5,4.9,165.09,4
1788950755.0287762,serverless_predictive_fixed:cyclical:5,0.0,165.16,4
1788950755.2315488,serverless_predictive_fixed:cyclical:5,0.0,153.91,4
1788950755.4336839,serverless_predictive_fixed:cyclical:5,108.8,119.11,3
1788950755.6362636,serverless_predictive_fixed:cyclical:5,24.7,79.93,2
1788950755.8384132,serverless_predictive_fixed:cyclical:5,0.0,79.93,2
1788950756.0405214,serverless_predictive_fixed:cyclical:5,0.0,79.93,2
1788950756.242562,serverless_predictive_fixed:cyclical:5,0.0,79.93,2
1788950756.4454257,serverless_predictive_fixed:cyclical:5,0.0,79.93,2
1788950756.6481645,serverless_predictive_fixed:cyclical:5,0.0,79.93,2
1788950756.8511887,serverless_predictive_fixed:cyclical:5,4.9,79.93,2
1788950757.0533988,serverless_predictive_fixed:cyclical:5,0.0,79.93,2
1788950757.2555676,serverless_predictive_fixed:cyclical:5,4.9,79.93,2
1788950757.4575796,serverless_predictive_fixed:cyclical:5,0.0,79.93,2
1788950757.659806,serverless_predictive_fixed:cyclical:5,0.0,79.93,2
1788950757.8618584,serverless_predictive_fixed:cyclical:5,0.0,79.93,2
1788950758.0639548,serverless_predictive_fixed:cyclical:5,0.0,79.93,2
1788950758.2664652,serverless_predictive_fixed:cyclical:5,14.8,140.64,4
1788950758.4695032,serverless_predictive_fixed:cyclical:5,197.0,155.8,4
1788950758.6718364,serverless_predictive_fixed:cyclical:5,93.9,165.25,4
1788950758.8739889,serverless_predictive_fixed:cyclical:5,4.9,165.25,4
1788950759.0765543,serverless_predictive_fixed:cyclical:5,0.0,165.25,4
1788950759.2788043,serverless_predictive_fixed:cyclical:5,4.9,165.25,4
1788950759.481072,serverless_predictive_fixed:cyclical:5,0.0,165.25,4
1788950759.683627,serverless_predictive_fixed:cyclical:5,0.0,165.25,4
1788950759.8859234,serverless_predictive_fixed:cyclical:5,0.0,165.25,4
1788950760.0882068,serverless_predictive_fixed:cyclical:5,0.0,165.25,4
1788950760.2903976,serverless_predictive_fixed:cyclical:5,0.0,165.25,4
1788950760.4927099,serverless_predictive_fixed:cyclical:5,0.0,165.25,4
1788950760.695628,serverless_predictive_fixed:cyclical:5,4.9,165.25,4
1788950760.8978455,serverless_predictive_fixed:cyclical:5,4.9,165.25,4
1788950761.1000912,serverless_predictive_fixed:cyclical:5,0.0,165.25,4
1788950761.3021588,serverless_predictive_fixed:cyclical:5,0.0,165.25,4
1788950761.5043893,serverless_predictive_fixed:cyclical:5,0.0,165.25,4
1788950761.706728,serverless_predictive_fixed:cyclical:5,4.9,165.25,4
1788950761.9090648,serverless_predictive_fixed:cyclical:5,0.0,165.25,4
1788950762.111431,serverless_predictive_fixed:cyclical:5,0.0,165.25,4
1788950762.3135664,serverless_predictive_fixed:cyclical:5,0.0,165.25,4
1788950762.5157673,serverless_predictive_fixed:cyclical:5,0.0,165.25,4
1788950762.7178838,serverless_predictive_fixed:cyclical:5,4.9,165.25,4
1788950762.9207323,serverless_predictive_fixed:cyclical:5,0.0,165.25,4
1788950763.1237636,serverless_predictive_fixed:cyclical:5,0.0,165.25,4
1788950763.3260741,serverless_predictive_fixed:cyclical:5,0.0,165.25,4
1788950763.528507,serverless_predictive_fixed:cyclical:5,4.9,165.25,4
1788950763.730783,serverless_predictive_fixed:cyclical:5,0.0,165.25,4
1788950763.9331596,serverless_predictive_fixed:cyclical:5,0.0,165.25,4
1788950764.1355782,serverless_predictive_fixed:cyclical:5,0.0,165.25,4
1788950764.3380167,serverless_predictive_fixed:cyclical:5,0.0,165.25,4
1788950764.5404487,serverless_predictive_fixed:cyclical:5,0.0,122.6,4
1788950764.7431178,serverless_predictive_fixed:cyclical:5,0.0,122.6,3
1788950764.9487054,serverless_predictive_fixed:cyclical:5,4.9,144.77,4
1788950765.150794,serverless_predictive_fixed:cyclical:5,103.9,73.91,3
1788950765.3530457,serverless_predictive_fixed:cyclical:5,84.0,79.88,2
1788950765.5553353,serverless_predictive_fixed:cyclical:5,0.0,79.88,2
1788950765.757485,serverless_predictive_fixed:cyclical:5,0.0,79.88,2
1788950765.959732,serverless_predictive_fixed:cyclical:5,0.0,79.88,2
1788950766.1618109,serverless_predictive_fixed:cyclical:5,0.0,79.88,2
1788950766.3643148,serverless_predictive_fixed:cyclical:5,0.0,79.88,2
1788950766.5665927,serverless_predictive_fixed:cyclical:5,0.0,79.88,2
1788950766.768799,serverless_predictive_fixed:cyclical:5,0.0,79.88,2
1788950766.9759917,serverless_predictive_fixed:cyclical:5,14.5,125.59,4
1788950767.17996,serverless_predictive_fixed:cyclical:5,191.3,153.03,4
1788950767.3826628,serverless_predictive_fixed:cyclical:5,177.6,165.0,4
1788950767.585164,serverless_predictive_fixed:cyclical:5,0.0,165.0,4
1788950767.7876513,serverless_predictive_fixed:cyclical:5,0.0,165.0,4
1788950767.9898872,serverless_predictive_fixed:cyclical:5,0.0,165.0,4
1788950768.1925306,serverless_predictive_fixed:cyclical:5,0.0,165.0,4
1788950768.3958964,serverless_predictive_fixed:cyclical:5,0.0,165.0,4
1788950768.5994024,serverless_predictive_fixed:cyclical:5,0.0,165.0,4
1788950768.802427,serverless_predictive_fixed:cyclical:5,0.0,165.0,4
1788950769.0050747,serverless_predictive_fixed:cyclical:5,4.9,165.0,4
1788950769.207531,serverless_predictive_fixed:cyclical:5,0.0,165.0,4
1788950769.4100826,serverless_predictive_fixed:cyclical:5,0.0,165.0,4
1788950769.6126397,serverless_predictive_fixed:cyclical:5,0.0,165.0,4
1788950769.815164,serverless_predictive_fixed:cyclical:5,0.0,165.0,4
1788950770.017669,serverless_predictive_fixed:cyclical:5,4.9,165.0,4
1788950770.2201052,serverless_predictive_fixed:cyclical:5,0.0,165.0,4
1788950770.4227722,serverless_predictive_fixed:cyclical:5,4.9,165.0,4
1788950770.62515,serverless_predictive_fixed:cyclical:5,0.0,165.0,4
1788950770.8279514,serverless_predictive_fixed:cyclical:5,0.0,165.0,4
1788950771.0302718,serverless_predictive_fixed:cyclical:5,0.0,165.0,4
1788950771.2328448,serverless_predictive_fixed:cyclical:5,0.0,165.0,4
1788950771.4353697,serverless_predictive_fixed:cyclical:5,0.0,165.0,4
1788950771.6382623,serverless_predictive_fixed:cyclical:5,0.0,165.0,4
1788950771.8411093,serverless_predictive_fixed:cyclical:5,0.0,165.0,4
1788950772.0434294,serverless_predictive_fixed:cyclical:5,0.0,165.0,4
1788950772.246001,serverless_predictive_fixed:cyclical:5,0.0,165.0,4
1788950772.449514,serverless_predictive_fixed:cyclical:5,0.0,165.0,4
1788950772.6527104,serverless_predictive_fixed:cyclical:5,0.0,165.0,4
1788950772.8551219,serverless_predictive_fixed:cyclical:5,0.0,165.0,4
1788950773.0578237,serverless_predictive_fixed:cyclical:5,0.0,165.0,4
1788950773.260867,serverless_predictive_fixed:cyclical:5,0.0,165.0,4
1788950773.4634979,serverless_predictive_fixed:cyclical:5,0.0,122.45,3
1788950773.6657434,serverless_predictive_fixed:cyclical:5,0.0,122.45,3
1788950773.8681335,serverless_predictive_fixed:cyclical:5,4.9,111.47,3
1788950774.0703874,serverless_predictive_fixed:cyclical:5,103.8,75.74,2
1788950774.2726543,serverless_predictive_fixed:cyclical:5,44.5,80.02,2
1788950774.4748497,serverless_predictive_fixed:cyclical:5,0.0,80.02,2
1788950774.6771028,serverless_predictive_fixed:cyclical:5,0.0,80.02,2
1788950774.8803203,serverless_predictive_fixed:cyclical:5,0.0,80.02,2
1788950775.0825634,serverless_predictive_fixed:cyclical:5,0.0,80.02,2
1788950775.2847247,serverless_predictive_fixed:cyclical:5,0.0,80.02,2
1788950775.486874,serverless_predictive_fixed:cyclical:5,0.0,80.02,2
1788950775.6890633,serverless_predictive_fixed:cyclical:5,0.0,80.02,2
1788950775.891381,serverless_predictive_fixed:cyclical:5,0.0,80.02,2
1788950776.09354,serverless_predictive_fixed:cyclical:5,0.0,80.02,2
1788950776.2957945,serverless_predictive_fixed:cyclical:5,0.0,80.02,2
1788950776.4987545,serverless_predictive_fixed:cyclical:5,4.9,98.64,4
1788950776.7008905,serverless_predictive_fixed:cyclical:5,192.8,144.11,4
1788950776.9079401,serverless_predictive_fixed:cyclical:5,193.2,158.57,4
1788950777.1109228,serverless_predictive_fixed:cyclical:5,64.1,165.38,4
1788950777.3132465,serverless_predictive_fixed:cyclical:5,0.0,165.38,4
1788950777.5156627,serverless_predictive_fixed:cyclical:5,0.0,165.38,4
1788950777.718109,serverless_predictive_fixed:cyclical:5,0.0,165.38,4
1788950777.9205909,serverless_predictive_fixed:cyclical:5,0.0,165.38,4
1788950778.122894,serverless_predictive_fixed:cyclical:5,0.0,165.38,4
1788950778.3253217,serverless_predictive_fixed:cyclical:5,0.0,165.38,4
1788950778.5276558,serverless_predictive_fixed:cyclical:5,0.0,165.38,4
1788950778.7299237,serverless_predictive_fixed:cyclical:5,0.0,165.38,4
1788950778.932554,serverless_predictive_fixed:cyclical:5,0.0,165.38,4
1788950779.1351418,serverless_predictive_fixed:cyclical:5,0.0,165.38,4
1788950779.337762,serverless_predictive_fixed:cyclical:5,0.0,165.38,4
1788950779.5403736,serverless_predictive_fixed:cyclical:5,0.0,165.38,4
1788950779.7427404,serverless_predictive_fixed:cyclical:5,0.0,165.38,4
1788950779.9450848,serverless_predictive_fixed:cyclical:5,0.0,165.38,4
1788950780.1476264,serverless_predictive_fixed:cyclical:5,4.9,165.38,4
1788950780.3499897,serverless_predictive_fixed:cyclical:5,0.0,165.38,4
1788950780.5524776,serverless_predictive_fixed:cyclical:5,0.0,165.38,4
1788950780.7547994,serverless_predictive_fixed:cyclical:5,4.9,165.38,4
1788950780.9572468,serverless_predictive_fixed:cyclical:5,0.0,165.38,4
1788950781.159738,serverless_predictive_fixed:cyclical:5,0.0,165.38,4
1788950781.3623118,serverless_predictive_fixed:cyclical:5,4.9,165.38,4
1788950781.5651386,serverless_predictive_fixed:cyclical:5,0.0,165.38,4
1788950781.7678807,serverless_predictive_fixed:cyclical:5,0.0,165.38,4
1788950781.9705746,serverless_predictive_fixed:cyclical:5,0.0,165.38,4
1788950782.1730435,serverless_predictive_fixed:cyclical:5,4.9,165.38,4
1788950782.3757432,serverless_predictive_fixed:cyclical:5,4.9,165.38,4
1788950782.57809,serverless_predictive_fixed:cyclical:5,0.0,165.38,4
1788950782.78058,serverless_predictive_fixed:cyclical:5,0.0,165.38,4
1788950782.9829984,serverless_predictive_fixed:cyclical:5,0.0,122.73,3
1788950783.1852317,serverless_predictive_fixed:cyclical:5,0.0,122.73,3
1788950783.3879576,serverless_predictive_fixed:cyclical:5,4.9,111.46,3
1788950783.5901194,serverless_predictive_fixed:cyclical:5,103.8,76.67,2
1788950783.7924168,serverless_predictive_fixed:cyclical:5,24.7,80.05,2
1788950783.9945369,serverless_predictive_fixed:cyclical:5,0.0,80.05,2
1788950784.1968668,serverless_predictive_fixed:cyclical:5,0.0,80.05,2
1788950784.3990457,serverless_predictive_fixed:cyclical:5,4.9,80.05,2
1788950784.6011431,serverless_predictive_fixed:cyclical:5,0.0,80.05,2
1788950784.8034987,serverless_predictive_fixed:cyclical:5,0.0,80.05,2
1788950785.005462,serverless_predictive_fixed:cyclical:5,0.0,80.05,2
1788950785.2075126,serverless_predictive_fixed:cyclical:5,0.0,80.05,2
1788950785.41537,serverless_predictive_fixed:cyclical:5,9.8,106.63,4
1788950785.6177738,serverless_predictive_fixed:cyclical:5,192.4,145.68,4
1788950785.8242528,serverless_predictive_fixed:cyclical:5,188.9,158.54,4
1788950786.7525496,serverless_predictive_fixed:cyclical:0,0.0,36.62,1
1788950786.9551249,serverless_predictive_fixed:cyclical:0,0.0,36.62,1
1788950787.1570065,serverless_predictive_fixed:cyclical:0,0.0,36.62,1
1788950787.3593507,serverless_predictive_fixed:cyclical:0,0.0,36.62,1
1788950787.5616703,serverless_predictive_fixed:cyclical:0,0.0,36.62,1
1788950787.7638853,serverless_predictive_fixed:cyclical:0,0.0,36.62,1
1788950787.9658387,serverless_predictive_fixed:cyclical:0,0.0,36.62,1
1788950788.168219,serverless_predictive_fixed:cyclical:0,0.0,36.62,1
1788950788.3701088,serverless_predictive_fixed:cyclical:0,0.0,36.62,1
1788950788.5721083,serverless_predictive_fixed:cyclical:0,5.0,36.62,1
1788950788.7750452,serverless_predictive_fixed:cyclical:0,0.0,36.62,1
1788950788.9769464,serverless_predictive_fixed:cyclical:0,0.0,36.62,1
1788950789.1789412,serverless_predictive_fixed:cyclical:0,0.0,36.62,1
1788950789.380796,serverless_predictive_fixed:cyclical:0,0.0,36.62,1
1788950789.5826814,serverless_predictive_fixed:cyclical:0,0.0,36.62,1
1788950789.7847478,serverless_predictive_fixed:cyclical:0,0.0,36.62,1
1788950789.987093,serverless_predictive_fixed:cyclical:0,0.0,36.62,1
1788950790.189059,serverless_predictive_fixed:cyclical:0,0.0,36.62,1
1788950790.3915105,serverless_predictive_fixed:cyclical:0,0.0,36.62,1
1788950790.5936258,serverless_predictive_fixed:cyclical:0,0.0,36.62,1
1788950790.7957351,serverless_predictive_fixed:cyclical:0,0.0,36.62,1
1788950790.99773,serverless_predictive_fixed:cyclical:0,0.0,36.62,1
1788950791.1997578,serverless_predictive_fixed:cyclical:0,0.0,36.62,1
1788950791.4016895,serverless_predictive_fixed:cyclical:0,0.0,36.62,1
1788950791.6036987,serverless_predictive_fixed:cyclical:0,0.0,36.62,1
1788950791.805835,serverless_predictive_fixed:cyclical:0,0.0,36.62,1
1788950792.0091677,serverless_predictive_fixed:cyclical:0,0.0,36.62,1
1788950792.2113566,serverless_predictive_fixed:cyclical:0,0.0,36.62,1
1788950792.4134185,serverless_predictive_fixed:cyclical:0,0.0,36.62,1
1788950792.6158853,serverless_predictive_fixed:cyclical:0,0.0,36.62,1
1788950792.8179605,serverless_predictive_fixed:cyclical:0,4.9,36.62,1
1788950793.0200953,serverless_predictive_fixed:cyclical:0,0.0,36.62,1
1788950793.222249,serverless_predictive_fixed:cyclical:0,0.0,36.62,1
1788950793.4244416,serverless_predictive_fixed:cyclical:0,0.0,36.62,1
1788950793.6276076,serverless_predictive_fixed:cyclical:0,0.0,36.62,1
1788950793.8306208,serverless_predictive_fixed:cyclical:0,0.0,36.62,1
1788950794.032701,serverless_predictive_fixed:cyclical:0,0.0,36.62,1
1788950794.2350402,serverless_predictive_fixed:cyclical:0,0.0,36.62,1
1788950794.43698,serverless_predictive_fixed:cyclical:0,0.0,36.62,1
1788950794.6393733,serverless_predictive_fixed:cyclical:0,0.0,36.62,1
1788950794.8416324,serverless_predictive_fixed:cyclical:0,0.0,36.62,1
1788950795.0442228,serverless_predictive_fixed:cyclical:0,0.0,36.62,1
1788950795.2461026,serverless_predictive_fixed:cyclical:0,0.0,36.62,1
1788950795.448049,serverless_predictive_fixed:cyclical:0,0.0,36.62,1
1788950795.6498873,serverless_predictive_fixed:cyclical:0,0.0,36.62,1
1788950795.85178,serverless_predictive_fixed:cyclical:0,0.0,36.62,1
1788950796.0538108,serverless_predictive_fixed:cyclical:0,0.0,36.62,1
1788950796.2567947,serverless_predictive_fixed:cyclical:0,0.0,36.62,1
1788950796.458706,serverless_predictive_fixed:cyclical:0,5.0,36.62,1
1788950796.6610293,serverless_predictive_fixed:cyclical:0,4.9,64.68,4
1788950796.8651118,serverless_predictive_fixed:cyclical:0,200.8,119.95,4
1788950797.069063,serverless_predictive_fixed:cyclical:0,191.1,143.54,4
1788950797.2757392,serverless_predictive_fixed:cyclical:0,193.6,156.68,4
1788950797.4785557,serverless_predictive_fixed:cyclical:0,88.7,164.82,4
1788950797.6807528,serverless_predictive_fixed:cyclical:0,0.0,164.82,4
1788950797.8829534,serverless_predictive_fixed:cyclical:0,0.0,164.82,4
1788950798.0852127,serverless_predictive_fixed:cyclical:0,0.0,164.82,4
1788950798.2880871,serverless_predictive_fixed:cyclical:0,4.9,164.82,4
1788950798.4904315,serverless_predictive_fixed:cyclical:0,0.0,164.82,4
1788950798.6931214,serverless_predictive_fixed:cyclical:0,0.0,164.82,4
1788950798.8953521,serverless_predictive_fixed:cyclical:0,0.0,164.82,4
1788950799.0978038,serverless_predictive_fixed:cyclical:0,0.0,164.82,4
1788950799.300502,serverless_predictive_fixed:cyclical:0,4.9,164.82,4
1788950799.5027041,serverless_predictive_fixed:cyclical:0,0.0,164.82,4
1788950799.7049582,serverless_predictive_fixed:cyclical:0,0.0,164.82,4
1788950799.9071748,serverless_predictive_fixed:cyclical:0,0.0,164.82,4
1788950800.1094275,serverless_predictive_fixed:cyclical:0,0.0,164.82,4
1788950800.3115973,serverless_predictive_fixed:cyclical:0,0.0,164.82,4
1788950800.5139246,serverless_predictive_fixed:cyclical:0,0.0,164.82,4
1788950800.7161539,serverless_predictive_fixed:cyclical:0,0.0,164.82,4
1788950800.9193408,serverless_predictive_fixed:cyclical:0,0.0,164.82,4
1788950801.1221743,serverless_predictive_fixed:cyclical:0,0.0,164.82,4
1788950801.3244646,serverless_predictive_fixed:cyclical:0,4.9,164.82,4
1788950801.5268164,serverless_predictive_fixed:cyclical:0,0.0,164.82,4
1788950801.729092,serverless_predictive_fixed:cyclical:0,0.0,164.82,4
1788950801.931392,serverless_predictive_fixed:cyclical:0,0.0,164.82,4
1788950802.1338737,serverless_predictive_fixed:cyclical:0,0.0,164.82,4
1788950802.336178,serverless_predictive_fixed:cyclical:0,4.9,164.82,4
1788950802.5382247,serverless_predictive_fixed:cyclical:0,0.0,164.82,4
1788950802.740379,serverless_predictive_fixed:cyclical:0,0.0,164.82,4
1788950802.9425766,serverless_predictive_fixed:cyclical:0,0.0,164.82,4
1788950803.1448364,serverless_predictive_fixed:cyclical:0,0.0,164.82,4
1788950803.3474562,serverless_predictive_fixed:cyclical:0,0.0,164.82,4
1788950803.55002,serverless_predictive_fixed:cyclical:0,0.0,164.89,4
1788950803.7522585,serverless_predictive_fixed:cyclical:0,4.9,122.29,3
1788950803.9550855,serverless_predictive_fixed:cyclical:0,0.0,106.88,3
1788950804.1569407,serverless_predictive_fixed:cyclical:0,109.0,74.43,2
1788950804.359089,serverless_predictive_fixed:cyclical:0,54.4,79.8,2
1788950804.5614889,serverless_predictive_fixed:cyclical:0,4.9,79.8,2
1788950804.7635875,serverless_predictive_fixed:cyclical:0,0.0,79.8,2
1788950804.9661312,serverless_predictive_fixed:cyclical:0,0.0,79.8,2
1788950805.168169,serverless_predictive_fixed:cyclical:0,0.0,79.8,2
1788950805.3705904,serverless_predictive_fixed:cyclical:0,0.0,79.8,2
1788950805.5726428,serverless_predictive_fixed:cyclical:0,0.0,79.8,2
1788950805.7751422,serverless_predictive_fixed:cyclical:0,9.8,115.36,4
1788950805.9777477,serverless_predictive_fixed:cyclical:0,187.5,151.41,4
1788950806.1814055,serverless_predictive_fixed:cyclical:0,181.7,164.82,4
1788950806.3844824,serverless_predictive_fixed:cyclical:0,4.9,164.98,4
1788950806.587513,serverless_predictive_fixed:cyclical:0,0.0,164.98,4
1788950806.7905126,serverless_predictive_fixed:cyclical:0,0.0,164.98,4
1788950806.992714,serverless_predictive_fixed:cyclical:0,4.9,164.98,4
1788950807.1951182,serverless_predictive_fixed:cyclical:0,0.0,164.98,4
1788950807.3975558,serverless_predictive_fixed:cyclical:0,0.0,164.98,4
1788950807.600041,serverless_predictive_fixed:cyclical:0,0.0,164.98,4
1788950807.8035226,serverless_predictive_fixed:cyclical:0,0.0,164.98,4
1788950808.0058448,serverless_predictive_fixed:cyclical:0,0.0,164.98,4
1788950808.2082734,serverless_predictive_fixed:cyclical:0,0.0,164.98,4
1788950808.4106543,serverless_predictive_fixed:cyclical:0,0.0,164.98,4
1788950808.612995,serverless_predictive_fixed:cyclical:0,0.0,164.98,4
1788950808.8153865,serverless_predictive_fixed:cyclical:0,0.0,164.98,4
1788950809.0177617,serverless_predictive_fixed:cyclical:0,0.0,164.98,4
1788950809.2202647,serverless_predictive_fixed:cyclical:0,4.9,164.98,4
1788950809.4234087,serverless_predictive_fixed:cyclical:0,4.9,164.98,4
1788950809.6258206,serverless_predictive_fixed:cyclical:0,0.0,164.98,4
1788950809.8282046,serverless_predictive_fixed:cyclical:0,0.0,164.98,4
1788950810.030894,serverless_predictive_fixed:cyclical:0,0.0,164.98,4
1788950810.2334867,serverless_predictive_fixed:cyclical:0,0.0,164.98,4
1788950810.435969,serverless_predictive_fixed:cyclical:0,0.0,164.98,4
1788950810.6385581,serverless_predictive_fixed:cyclical:0,4.9,164.98,4
1788950810.8416443,serverless_predictive_fixed:cyclical:0,0.0,164.98,4
1788950811.0443625,serverless_predictive_fixed:cyclical:0,0.0,164.98,4
1788950811.246787,serverless_predictive_fixed:cyclical:0,0.0,164.98,4
1788950811.4492042,serverless_predictive_fixed:cyclical:0,0.0,164.98,4
1788950811.6516728,serverless_predictive_fixed:cyclical:0,0.0,164.98,4
1788950811.8539271,serverless_predictive_fixed:cyclical:0,0.0,164.98,4
1788950812.0562243,serverless_predictive_fixed:cyclical:0,4.9,164.98,4
1788950812.2584238,serverless_predictive_fixed:cyclical:0,0.0,122.32,3
1788950812.4605887,serverless_predictive_fixed:cyclical:0,0.0,122.32,3
1788950812.6626914,serverless_predictive_fixed:cyclical:0,0.0,79.76,2
1788950812.8648937,serverless_predictive_fixed:cyclical:0,4.9,48.56,2
1788950813.0670338,serverless_predictive_fixed:cyclical:0,99.0,71.02,2
1788950813.2691453,serverless_predictive_fixed:cyclical:0,103.9,77.23,2
1788950813.4711642,serverless_predictive_fixed:cyclical:0,24.7,79.76,2
1788950813.6733792,serverless_predictive_fixed:cyclical:0,0.0,79.76,2
1788950813.8754745,serverless_predictive_fixed:cyclical:0,0.0,79.76,2
1788950814.0775054,serverless_predictive_fixed:cyclical:0,0.0,79.76,2
1788950814.2795475,serverless_predictive_fixed:cyclical:0,0.0,79.76,2
1788950814.4817247,serverless_predictive_fixed:cyclical:0,0.0,79.76,2
1788950814.6839066,serverless_predictive_fixed:cyclical:0,0.0,79.76,2
1788950814.8862133,serverless_predictive_fixed:cyclical:0,0.0,79.76,2
1788950815.0885215,serverless_predictive_fixed:cyclical:0,4.9,79.76,2
1788950815.2907465,serverless_predictive_fixed:cyclical:0,14.8,141.14,4
1788950815.4935715,serverless_predictive_fixed:cyclical:0,202.2,156.14,4
1788950815.6959724,serverless_predictive_fixed:cyclical:0,83.9,165.02,4
1788950815.8983371,serverless_predictive_fixed:cyclical:0,0.0,165.02,4
1788950816.100863,serverless_predictive_fixed:cyclical:0,0.0,165.02,4
1788950816.3032563,serverless_predictive_fixed:cyclical:0,0.0,165.02,4
1788950816.5061007,serverless_predictive_fixed:cyclical:0,0.0,165.02,4
1788950816.7085764,serverless_predictive_fixed:cyclical:0,0.0,165.02,4
1788950816.9119635,serverless_predictive_fixed:cyclical:0,0.0,165.02,4
1788950817.1143825,serverless_predictive_fixed:cyclical:0,0.0,165.02,4
1788950817.3169482,serverless_predictive_fixed:cyclical:0,0.0,165.02,4
1788950817.5193517,serverless_predictive_fixed:cyclical:0,0.0,165.02,4
1788950817.7240174,serverless_predictive_fixed:cyclical:0,4.9,165.02,4
1788950817.9265327,serverless_predictive_fixed:cyclical:0,0.0,165.02,4
1788950818.1289148,serverless_predictive_fixed:cyclical:0,4.9,165.02,4
1788950818.3311217,serverless_predictive_fixed:cyclical:0,4.9,165.02,4
1788950818.5332336,serverless_predictive_fixed:cyclical:0,0.0,165.02,4
1788950818.7355733,serverless_predictive_fixed:cyclical:0,0.0,165.02,4
1788950818.938086,serverless_predictive_fixed:cyclical:0,0.0,165.02,4
1788950819.1406462,serverless_predictive_fixed:cyclical:0,0.0,165.02,4
1788950819.3430092,serverless_predictive_fixed:cyclical:0,0.0,165.02,4
1788950819.5453808,serverless_predictive_fixed:cyclical:0,4.9,165.02,4
1788950819.7478423,serverless_predictive_fixed:cyclical:0,4.9,165.02,4
1788950819.950054,serverless_predictive_fixed:cyclical:0,0.0,165.02,4
1788950820.1526167,serverless_predictive_fixed:cyclical:0,0.0,165.02,4
1788950820.356283,serverless_predictive_fixed:cyclical:0,0.0,165.02,4
1788950820.558454,serverless_predictive_fixed:cyclical:0,0.0,165.02,4
1788950820.7607453,serverless_predictive_fixed:cyclical:0,0.0,165.02,4
1788950820.9628882,serverless_predictive_fixed:cyclical:0,0.0,165.02,4
1788950821.1650474,serverless_predictive_fixed:cyclical:0,0.0,165.02,4
1788950821.3672469,serverless_predictive_fixed:cyclical:0,0.0,165.02,4
1788950821.5693996,serverless_predictive_fixed:cyclical:0,0.0,165.02,4
1788950821.7716649,serverless_predictive_fixed:cyclical:0,0.0,122.47,3
1788950821.9743083,serverless_predictive_fixed:cyclical:0,4.9,122.47,3
1788950822.176883,serverless_predictive_fixed:cyclical:0,0.0,79.76,2
1788950822.3789527,serverless_predictive_fixed:cyclical:0,4.9,62.18,2
1788950822.5808377,serverless_predictive_fixed:cyclical:0,104.1,73.85,2
1788950822.782889,serverless_predictive_fixed:cyclical:0,64.3,79.79,2
1788950822.9848852,serverless_predictive_fixed:cyclical:0,0.0,79.79,2
1788950823.186956,serverless_predictive_fixed:cyclical:0,0.0,79.79,2
1788950823.389078,serverless_predictive_fixed:cyclical:0,0.0,79.79,2
1788950823.5911205,serverless_predictive_fixed:cyclical:0,0.0,79.79,2
1788950823.7937295,serverless_predictive_fixed:cyclical:0,0.0,79.79,2
1788950823.9970384,serverless_predictive_fixed:cyclical:0,4.9,79.79,2
1788950824.2016635,serverless_predictive_fixed:cyclical:0,0.0,121.27,4
1788950824.4043534,serverless_predictive_fixed:cyclical:0,197.3,152.7,4
1788950824.6091068,serverless_predictive_fixed:cyclical:0,170.9,164.91,4
1788950824.8116765,serverless_predictive_fixed:cyclical:0,0.0,164.91,4
1788950825.0139077,serverless_predictive_fixed:cyclical:0,0.0,164.91,4
1788950825.2163768,serverless_predictive_fixed:cyclical:0,0.0,164.91,4
1788950825.418596,serverless_predictive_fixed:cyclical:0,0.0,164.91,4
1788950825.621103,serverless_predictive_fixed:cyclical:0,4.9,164.91,4
1788950825.8234463,serverless_predictive_fixed:cyclical:0,0.0,164.91,4
1788950826.0256877,serverless_predictive_fixed:cyclical:0,9.9,164.91,4
1788950826.228138,serverless_predictive_fixed:cyclical:0,0.0,164.91,4
1788950826.430423,serverless_predictive_fixed:cyclical:0,0.0,164.91,4
1788950826.632822,serverless_predictive_fixed:cyclical:0,0.0,164.91,4
1788950826.835156,serverless_predictive_fixed:cyclical:0,4.9,164.91,4
1788950827.037918,serverless_predictive_fixed:cyclical:0,0.0,164.91,4
1788950827.2403443,serverless_predictive_fixed:cyclical:0,0.0,164.91,4
1788950827.44302,serverless_predictive_fixed:cyclical:0,0.0,164.91,4
1788950827.645268,serverless_predictive_fixed:cyclical:0,0.0,164.91,4
1788950827.8480775,serverless_predictive_fixed:cyclical:0,0.0,164.91,4
1788950828.050404,serverless_predictive_fixed:cyclical:0,4.9,164.91,4
1788950828.252995,serverless_predictive_fixed:cyclical:0,0.0,164.91,4
1788950828.4554386,serverless_predictive_fixed:cyclical:0,0.0,164.91,4
1788950828.6577642,serverless_predictive_fixed:cyclical:0,0.0,164.91,4
1788950828.8601477,serverless_predictive_fixed:cyclical:0,0.0,164.91,4
1788950829.0625145,serverless_predictive_fixed:cyclical:0,0.0,164.91,4
1788950829.2649896,serverless_predictive_fixed:cyclical:0,0.0,164.91,4
1788950829.4674459,serverless_predictive_fixed:cyclical:0,0.0,164.91,4
1788950829.6698332,serverless_predictive_fixed:cyclical:0,4.9,164.91,4
1788950829.8721862,serverless_predictive_fixed:cyclical:0,0.0,164.91,4
1788950830.0744996,serverless_predictive_fixed:cyclical:0,0.0,164.91,4
1788950830.276905,serverless_predictive_fixed:cyclical:0,0.0,164.91,4
1788950830.4791868,serverless_predictive_fixed:cyclical:0,0.0,164.91,4
1788950830.6815295,serverless_predictive_fixed:cyclical:0,0.0,122.35,3
1788950830.884043,serverless_predictive_fixed:cyclical:0,0.0,122.35,3
1788950831.087784,serverless_predictive_fixed:cyclical:0,0.0,122.35,3
1788950831.291052,serverless_predictive_fixed:cyclical:0,0.0,91.21,3
1788950831.4930267,serverless_predictive_fixed:cyclical:0,103.9,72.25,2
1788950831.695105,serverless_predictive_fixed:cyclical:0,103.9,79.71,2
1788950831.8973103,serverless_predictive_fixed:cyclical:0,4.9,79.84,2
1788950832.099652,serverless_predictive_fixed:cyclical:0,0.0,79.84,2
1788950832.3018084,serverless_predictive_fixed:cyclical:0,0.0,79.84,2
1788950832.5039723,serverless_predictive_fixed:cyclical:0,0.0,79.84,2
1788950832.7060413,serverless_predictive_fixed:cyclical:0,0.0,79.84,2
1788950832.9082286,serverless_predictive_fixed:cyclical:0,0.0,79.84,2
1788950833.110469,serverless_predictive_fixed:cyclical:0,0.0,79.84,2
1788950833.3126564,serverless_predictive_fixed:cyclical:0,0.0,79.84,2
1788950833.5147254,serverless_predictive_fixed:cyclical:0,0.0,79.84,2
1788950833.7169259,serverless_predictive_fixed:cyclical:0,4.9,79.84,2
1788950833.919143,serverless_predictive_fixed:cyclical:0,0.0,79.84,2
1788950834.1213658,serverless_predictive_fixed:cyclical:0,0.0,79.84,2
1788950834.3235784,serverless_predictive_fixed:cyclical:0,0.0,79.84,2
1788950834.527887,serverless_predictive_fixed:cyclical:0,9.8,130.35,4
1788950834.7335722,serverless_predictive_fixed:cyclical:0,204.2,154.59,4
1788950835.7014027,serverless_predictive_fixed:cyclical:1,0.0,36.6,1
1788950835.9034758,serverless_predictive_fixed:cyclical:1,4.9,36.6,1
1788950836.1056254,serverless_predictive_fixed:cyclical:1,0.0,36.6,1
1788950836.307947,serverless_predictive_fixed:cyclical:1,0.0,36.6,1
1788950836.5100918,serverless_predictive_fixed:cyclical:1,0.0,36.6,1
1788950836.7131004,serverless_predictive_fixed:cyclical:1,0.0,36.6,1
1788950836.9152741,serverless_predictive_fixed:cyclical:1,0.0,36.6,1
1788950837.1172826,serverless_predictive_fixed:cyclical:1,0.0,36.6,1
1788950837.3195205,serverless_predictive_fixed:cyclical:1,0.0,36.6,1
1788950837.5215294,serverless_predictive_fixed:cyclical:1,0.0,36.6,1
1788950837.7237906,serverless_predictive_fixed:cyclical:1,0.0,36.6,1
1788950837.9258811,serverless_predictive_fixed:cyclical:1,0.0,36.6,1
1788950838.128008,serverless_predictive_fixed:cyclical:1,0.0,36.6,1
1788950838.330011,serverless_predictive_fixed:cyclical:1,0.0,36.6,1
1788950838.5320742,serverless_predictive_fixed:cyclical:1,0.0,36.6,1
1788950838.7343726,serverless_predictive_fixed:cyclical:1,0.0,36.6,1
1788950838.9367483,serverless_predictive_fixed:cyclical:1,0.0,36.6,1
1788950839.1387718,serverless_predictive_fixed:cyclical:1,0.0,36.6,1
1788950839.3411033,serverless_predictive_fixed:cyclical:1,0.0,36.6,1
1788950839.5431402,serverless_predictive_fixed:cyclical:1,0.0,36.6,1
1788950839.7452583,serverless_predictive_fixed:cyclical:1,0.0,36.6,1
1788950839.9474182,serverless_predictive_fixed:cyclical:1,4.9,36.6,1
1788950840.149392,serverless_predictive_fixed:cyclical:1,0.0,36.6,1
1788950840.3513892,serverless_predictive_fixed:cyclical:1,0.0,36.6,1
1788950840.553357,serverless_predictive_fixed:cyclical:1,0.0,36.6,1
1788950840.755478,serverless_predictive_fixed:cyclical:1,0.0,36.6,1
1788950840.9575212,serverless_predictive_fixed:cyclical:1,0.0,36.6,1
1788950841.1597989,serverless_predictive_fixed:cyclical:1,0.0,36.6,1
1788950841.3618321,serverless_predictive_fixed:cyclical:1,0.0,36.6,1
1788950841.5640512,serverless_predictive_fixed:cyclical:1,0.0,36.6,1
1788950841.766146,serverless_predictive_fixed:cyclical:1,0.0,36.6,1
1788950841.968299,serverless_predictive_fixed:cyclical:1,0.0,36.6,1
1788950842.1704254,serverless_predictive_fixed:cyclical:1,0.0,36.6,1
1788950842.372797,serverless_predictive_fixed:cyclical:1,0.0,36.6,1
1788950842.5752978,serverless_predictive_fixed:cyclical:1,0.0,36.6,1
1788950842.7773194,serverless_predictive_fixed:cyclical:1,0.0,36.6,1
1788950842.9797943,serverless_predictive_fixed:cyclical:1,0.0,36.6,1
1788950843.1820312,serverless_predictive_fixed:cyclical:1,0.0,36.6,1
1788950843.3842256,serverless_predictive_fixed:cyclical:1,4.9,36.6,1
1788950843.5863094,serverless_predictive_fixed:cyclical:1,0.0,36.6,1
1788950843.7886345,serverless_predictive_fixed:cyclical:1,0.0,36.6,1
1788950843.9909482,serverless_predictive_fixed:cyclical:1,0.0,36.6,1
1788950844.1973643,serverless_predictive_fixed:cyclical:1,9.7,111.57,4
1788950844.4040027,serverless_predictive_fixed:cyclical:1,193.6,142.54,4
1788950844.6120272,serverless_predictive_fixed:cyclical:1,201.9,152.43,4
1788950844.8156338,serverless_predictive_fixed:cyclical:1,132.6,164.65,4
1788950845.0179858,serverless_predictive_fixed:cyclical:1,0.0,164.65,4
1788950845.221865,serverless_predictive_fixed:cyclical:1,0.0,164.65,4
1788950845.4246292,serverless_predictive_fixed:cyclical:1,0.0,164.65,4
1788950845.6274338,serverless_predictive_fixed:cyclical:1,4.9,164.65,4
1788950845.8298383,serverless_predictive_fixed:cyclical:1,0.0,164.65,4
1788950846.032344,serverless_predictive_fixed:cyclical:1,0.0,164.65,4
1788950846.2348285,serverless_predictive_fixed:cyclical:1,0.0,164.65,4
1788950846.4372535,serverless_predictive_fixed:cyclical:1,0.0,164.65,4
1788950846.6396863,serverless_predictive_fixed:cyclical:1,0.0,164.65,4
1788950846.8423917,serverless_predictive_fixed:cyclical:1,0.0,164.65,4
1788950847.0463505,serverless_predictive_fixed:cyclical:1,4.9,164.65,4
1788950847.2487938,serverless_predictive_fixed:cyclical:1,4.9,164.65,4
1788950847.451088,serverless_predictive_fixed:cyclical:1,0.0,164.65,4
1788950847.6535616,serverless_predictive_fixed:cyclical:1,0.0,164.65,4
1788950847.855995,serverless_predictive_fixed:cyclical:1,0.0,164.65,4
1788950848.0583625,serverless_predictive_fixed:cyclical:1,0.0,164.65,4
1788950848.2619205,serverless_predictive_fixed:cyclical:1,0.0,164.65,4
1788950848.464416,serverless_predictive_fixed:cyclical:1,0.0,164.65,4
1788950848.6667717,serverless_predictive_fixed:cyclical:1,4.9,164.65,4
1788950848.8692513,serverless_predictive_fixed:cyclical:1,0.0,164.65,4
1788950849.0726578,serverless_predictive_fixed:cyclical:1,0.0,164.65,4
1788950849.275893,serverless_predictive_fixed:cyclical:1,0.0,164.65,4
1788950849.478345,serverless_predictive_fixed:cyclical:1,0.0,164.65,4
1788950849.6809094,serverless_predictive_fixed:cyclical:1,0.0,164.65,4
1788950849.883398,serverless_predictive_fixed:cyclical:1,0.0,164.66,4
1788950850.0858245,serverless_predictive_fixed:cyclical:1,4.9,164.66,4
1788950850.2882688,serverless_predictive_fixed:cyclical:1,0.0,164.66,4
1788950850.4914536,serverless_predictive_fixed:cyclical:1,0.0,164.66,4
1788950850.6939232,serverless_predictive_fixed:cyclical:1,0.0,164.66,4
1788950850.8964086,serverless_predictive_fixed:cyclical:1,0.0,164.66,4
1788950851.0987246,serverless_predictive_fixed:cyclical:1,4.9,164.72,4
1788950851.3013778,serverless_predictive_fixed:cyclical:1,0.0,106.79,4
1788950851.5066154,serverless_predictive_fixed:cyclical:1,107.2,74.45,3
1788950851.7097657,serverless_predictive_fixed:cyclical:1,59.0,79.66,2
1788950851.9122872,serverless_predictive_fixed:cyclical:1,0.0,79.66,2
1788950852.1144876,serverless_predictive_fixed:cyclical:1,0.0,79.66,2
1788950852.3168523,serverless_predictive_fixed:cyclical:1,0.0,79.66,2
1788950852.5194733,serverless_predictive_fixed:cyclical:1,4.9,79.66,2
1788950852.7216294,serverless_predictive_fixed:cyclical:1,0.0,79.66,2
1788950852.9238658,serverless_predictive_fixed:cyclical:1,0.0,79.66,2
1788950853.1263192,serverless_predictive_fixed:cyclical:1,0.0,79.66,2
1788950853.3286111,serverless_predictive_fixed:cyclical:1,0.0,79.66,2
1788950853.53084,serverless_predictive_fixed:cyclical:1,0.0,79.66,2
1788950853.733105,serverless_predictive_fixed:cyclical:1,0.0,79.66,2
1788950853.9353423,serverless_predictive_fixed:cyclical:1,0.0,79.66,2
1788950854.1374729,serverless_predictive_fixed:cyclical:1,0.0,79.66,2
1788950854.3441482,serverless_predictive_fixed:cyclical:1,14.5,136.99,4
1788950854.5466774,serverless_predictive_fixed:cyclical:1,197.4,155.21,4
1788950854.7501373,serverless_predictive_fixed:cyclical:1,103.2,164.82,4
1788950854.952783,serverless_predictive_fixed:cyclical:1,4.9,164.82,4
1788950855.1551797,serverless_predictive_fixed:cyclical:1,0.0,164.82,4
1788950855.3580344,serverless_predictive_fixed:cyclical:1,0.0,164.82,4
1788950855.5604339,serverless_predictive_fixed:cyclical:1,0.0,164.82,4
1788950855.763823,serverless_predictive_fixed:cyclical:1,0.0,164.82,4
1788950855.9661317,serverless_predictive_fixed:cyclical:1,0.0,164.82,4
1788950856.1687837,serverless_predictive_fixed:cyclical:1,4.9,164.82,4
1788950856.371114,serverless_predictive_fixed:cyclical:1,0.0,164.82,4
1788950856.5734217,serverless_predictive_fixed:cyclical:1,0.0,164.82,4
1788950856.775847,serverless_predictive_fixed:cyclical:1,0.0,164.82,4
1788950856.978317,serverless_predictive_fixed:cyclical:1,0.0,164.82,4
1788950857.180788,serverless_predictive_fixed:cyclical:1,0.0,164.82,4
1788950857.383101,serverless_predictive_fixed:cyclical:1,0.0,164.82,4
1788950857.585393,serverless_predictive_fixed:cyclical:1,0.0,164.82,4
1788950857.7881541,serverless_predictive_fixed:cyclical:1,0.0,164.82,4
1788950857.9905071,serverless_predictive_fixed:cyclical:1,0.0,164.82,4
1788950858.1929657,serverless_predictive_fixed:cyclical:1,0.0,164.82,4
1788950858.395399,serverless_predictive_fixed:cyclical:1,0.0,164.82,4
1788950858.5989954,serverless_predictive_fixed:cyclical:1,0.0,164.82,4
1788950858.8026767,serverless_predictive_fixed:cyclical:1,0.0,164.82,4
1788950859.0061255,serverless_predictive_fixed:cyclical:1,4.9,164.82,4
1788950859.2111866,serverless_predictive_fixed:cyclical:1,0.0,164.82,4
1788950859.4136732,serverless_predictive_fixed:cyclical:1,0.0,164.82,4
1788950859.6161594,serverless_predictive_fixed:cyclical:1,4.9,164.82,4
1788950859.8185728,serverless_predictive_fixed:cyclical:1,4.9,164.82,4
1788950860.0210698,serverless_predictive_fixed:cyclical:1,0.0,164.82,4
1788950860.2234838,serverless_predictive_fixed:cyclical:1,0.0,164.82,4
1788950860.425843,serverless_predictive_fixed:cyclical:1,0.0,164.82,4
1788950860.6282282,serverless_predictive_fixed:cyclical:1,0.0,164.82,4
1788950860.8306715,serverless_predictive_fixed:cyclical:1,0.0,122.31,3
1788950861.0329835,serverless_predictive_fixed:cyclical:1,0.0,122.31,3
1788950861.236209,serverless_predictive_fixed:cyclical:1,0.0,79.71,2
1788950861.4393141,serverless_predictive_fixed:cyclical:1,4.9,67.27,2
1788950861.6413918,serverless_predictive_fixed:cyclical:1,108.8,75.38,2
1788950861.8437135,serverless_predictive_fixed:cyclical:1,44.5,79.72,2
1788950862.0458584,serverless_predictive_fixed:cyclical:1,0.0,79.72,2
1788950862.2482579,serverless_predictive_fixed:cyclical:1,4.9,79.72,2
1788950862.450483,serverless_predictive_fixed:cyclical:1,0.0,79.72,2
1788950862.652792,serverless_predictive_fixed:cyclical:1,0.0,79.72,2
1788950862.8550417,serverless_predictive_fixed:cyclical:1,0.0,79.72,2
1788950863.0578182,serverless_predictive_fixed:cyclical:1,9.8,120.31,4
1788950863.260686,serverless_predictive_fixed:cyclical:1,192.2,151.39,4
1788950863.46486,serverless_predictive_fixed:cyclical:1,161.7,164.3,4
1788950863.6686237,serverless_predictive_fixed:cyclical:1,9.8,164.95,4
1788950863.8711288,serverless_predictive_fixed:cyclical:1,0.0,164.95,4
1788950864.0737925,serverless_predictive_fixed:cyclical:1,4.9,164.95,4
1788950864.2761452,serverless_predictive_fixed:cyclical:1,4.9,164.95,4
1788950864.4787874,serverless_predictive_fixed:cyclical:1,0.0,164.95,4
1788950864.681095,serverless_predictive_fixed:cyclical:1,0.0,164.95,4
1788950864.884494,serverless_predictive_fixed:cyclical:1,0.0,164.95,4
1788950865.0868888,serverless_predictive_fixed:cyclical:1,0.0,164.95,4
1788950865.289321,serverless_predictive_fixed:cyclical:1,0.0,164.95,4
1788950865.4924417,serverless_predictive_fixed:cyclical:1,0.0,164.95,4
1788950865.6948674,serverless_predictive_fixed:cyclical:1,0.0,164.95,4
1788950865.8974042,serverless_predictive_fixed:cyclical:1,0.0,164.95,4
1788950866.099598,serverless_predictive_fixed:cyclical:1,0.0,164.95,4
1788950866.301758,serverless_predictive_fixed:cyclical:1,4.9,164.95,4
1788950866.5040863,serverless_predictive_fixed:cyclical:1,4.9,164.95,4
1788950866.7062771,serverless_predictive_fixed:cyclical:1,0.0,164.95,4
1788950866.9087095,serverless_predictive_fixed:cyclical:1,0.0,164.95,4
1788950867.1111412,serverless_predictive_fixed:cyclical:1,0.0,164.95,4
1788950867.3134725,serverless_predictive_fixed:cyclical:1,0.0,164.95,4
1788950867.5157328,serverless_predictive_fixed:cyclical:1,4.9,164.95,4
1788950867.7179315,serverless_predictive_fixed:cyclical:1,0.0,164.95,4
1788950867.920157,serverless_predictive_fixed:cyclical:1,0.0,164.95,4
1788950868.1223912,serverless_predictive_fixed:cyclical:1,0.0,164.95,4
1788950868.3246064,serverless_predictive_fixed:cyclical:1,0.0,164.95,4
1788950868.5281045,serverless_predictive_fixed:cyclical:1,0.0,164.95,4
1788950868.7303157,serverless_predictive_fixed:cyclical:1,0.0,164.95,4
1788950868.9331968,serverless_predictive_fixed:cyclical:1,0.0,164.95,4
1788950869.1367283,serverless_predictive_fixed:cyclical:1,0.0,164.95,4
1788950869.339588,serverless_predictive_fixed:cyclical:1,0.0,164.95,4
1788950869.5421278,serverless_predictive_fixed:cyclical:1,0.0,122.43,3
1788950869.744474,serverless_predictive_fixed:cyclical:1,9.8,122.43,3
1788950869.9470038,serverless_predictive_fixed:cyclical:1,0.0,79.78,2
1788950870.1490834,serverless_predictive_fixed:cyclical:1,0.0,55.64,2
1788950870.35116,serverless_predictive_fixed:cyclical:1,103.9,73.79,2
1788950870.5533996,serverless_predictive_fixed:cyclical:1,98.8,79.89,2
1788950870.7554812,serverless_predictive_fixed:cyclical:1,0.0,79.89,2
1788950870.957713,serverless_predictive_fixed:cyclical:1,0.0,79.89,2
1788950871.1599581,serverless_predictive_fixed:cyclical:1,0.0,79.89,2
1788950871.362156,serverless_predictive_fixed:cyclical:1,0.0,79.89,2
1788950871.5646672,serverless_predictive_fixed:cyclical:1,0.0,79.89,2
1788950871.7666245,serverless_predictive_fixed:cyclical:1,0.0,79.89,2
1788950871.968965,serverless_predictive_fixed:cyclical:1,14.8,128.89,4
1788950872.171986,serverless_predictive_fixed:cyclical:1,201.9,153.59,4
1788950872.3746173,serverless_predictive_fixed:cyclical:1,133.2,164.98,4
1788950872.5768604,serverless_predictive_fixed:cyclical:1,0.0,164.98,4
1788950872.779097,serverless_predictive_fixed:cyclical:1,0.0,164.98,4
1788950872.9819748,serverless_predictive_fixed:cyclical:1,0.0,164.98,4
1788950873.185692,serverless_predictive_fixed:cyclical:1,0.0,164.98,4
1788950873.3878965,serverless_predictive_fixed:cyclical:1,4.9,164.98,4
1788950873.5900314,serverless_predictive_fixed:cyclical:1,0.0,164.98,4
1788950873.7930799,serverless_predictive_fixed:cyclical:1,0.0,164.98,4
1788950873.9954011,serverless_predictive_fixed:cyclical:1,4.9,164.98,4
1788950874.197655,serverless_predictive_fixed:cyclical:1,0.0,164.98,4
1788950874.3999953,serverless_predictive_fixed:cyclical:1,0.0,164.98,4
1788950874.602379,serverless_predictive_fixed:cyclical:1,0.0,164.98,4
1788950874.8047683,serverless_predictive_fixed:cyclical:1,4.9,164.98,4
1788950875.008531,serverless_predictive_fixed:cyclical:1,0.0,164.98,4
1788950875.210818,serverless_predictive_fixed:cyclical:1,0.0,164.98,4
1788950875.4134583,serverless_predictive_fixed:cyclical:1,0.0,164.98,4
1788950875.61609,serverless_predictive_fixed:cyclical:1,0.0,164.98,4
1788950875.81875,serverless_predictive_fixed:cyclical:1,0.0,164.98,4
1788950876.0212567,serverless_predictive_fixed:cyclical:1,0.0,164.98,4
1788950876.2237732,serverless_predictive_fixed:cyclical:1,0.0,164.98,4
1788950876.426228,serverless_predictive_fixed:cyclical:1,0.0,164.98,4
1788950876.628872,serverless_predictive_fixed:cyclical:1,0.0,164.98,4
1788950876.831329,serverless_predictive_fixed:cyclical:1,4.9,164.98,4
1788950877.0340354,serverless_predictive_fixed:cyclical:1,0.0,164.98,4
1788950877.2366931,serverless_predictive_fixed:cyclical:1,4.9,164.98,4
1788950877.4393404,serverless_predictive_fixed:cyclical:1,0.0,164.98,4
1788950877.6417782,serverless_predictive_fixed:cyclical:1,0.0,164.98,4
1788950877.8443015,serverless_predictive_fixed:cyclical:1,0.0,164.98,4
1788950878.0469532,serverless_predictive_fixed:cyclical:1,0.0,164.98,4
1788950878.2699218,serverless_predictive_fixed:cyclical:1,4.5,122.31,4
1788950878.4727561,serverless_predictive_fixed:cyclical:1,0.0,122.31,3
1788950878.6749055,serverless_predictive_fixed:cyclical:1,0.0,79.79,2
1788950878.877087,serverless_predictive_fixed:cyclical:1,0.0,37.26,1
1788950879.079354,serverless_predictive_fixed:cyclical:1,5111.9,57.41,2
1788950879.2820907,serverless_predictive_fixed:cyclical:1,98.6,73.8,2
1788950879.484388,serverless_predictive_fixed:cyclical:1,84.0,79.78,2
1788950879.6865034,serverless_predictive_fixed:cyclical:1,0.0,79.78,2
1788950879.888729,serverless_predictive_fixed:cyclical:1,0.0,79.78,2
1788950880.0908833,serverless_predictive_fixed:cyclical:1,0.0,79.78,2
1788950880.2931612,serverless_predictive_fixed:cyclical:1,0.0,79.78,2
1788950880.497707,serverless_predictive_fixed:cyclical:1,4.9,79.78,2
1788950880.7054238,serverless_predictive_fixed:cyclical:1,14.4,134.58,4
1788950880.9090161,serverless_predictive_fixed:cyclical:1,201.3,154.8,4
1788950881.8410983,serverless_predictive_fixed:cyclical:2,0.0,36.64,1
1788950882.0429924,serverless_predictive_fixed:cyclical:2,0.0,36.64,1
1788950882.2449656,serverless_predictive_fixed:cyclical:2,0.0,36.64,1
1788950882.4473548,serverless_predictive_fixed:cyclical:2,4.9,36.64,1
1788950882.6494234,serverless_predictive_fixed:cyclical:2,0.0,36.64,1
1788950882.8515081,serverless_predictive_fixed:cyclical:2,0.0,36.64,1
1788950883.053681,serverless_predictive_fixed:cyclical:2,0.0,36.64,1
1788950883.2559464,serverless_predictive_fixed:cyclical:2,0.0,36.64,1
1788950883.4579904,serverless_predictive_fixed:cyclical:2,0.0,36.64,1
1788950883.6601,serverless_predictive_fixed:cyclical:2,0.0,36.64,1
1788950883.8620825,serverless_predictive_fixed:cyclical:2,0.0,36.64,1
1788950884.0641968,serverless_predictive_fixed:cyclical:2,0.0,36.64,1
1788950884.2664404,serverless_predictive_fixed:cyclical:2,0.0,36.64,1
1788950884.4684777,serverless_predictive_fixed:cyclical:2,0.0,36.64,1
1788950884.6704705,serverless_predictive_fixed:cyclical:2,0.0,36.64,1
1788950884.8726473,serverless_predictive_fixed:cyclical:2,0.0,36.64,1
1788950885.0748215,serverless_predictive_fixed:cyclical:2,0.0,36.64,1
1788950885.277058,serverless_predictive_fixed:cyclical:2,0.0,36.64,1
1788950885.4790728,serverless_predictive_fixed:cyclical:2,0.0,36.64,1
1788950885.6810951,serverless_predictive_fixed:cyclical:2,0.0,36.64,1
1788950885.883127,serverless_predictive_fixed:cyclical:2,0.0,36.64,1
1788950886.0853484,serverless_predictive_fixed:cyclical:2,4.9,36.64,1
1788950886.2878478,serverless_predictive_fixed:cyclical:2,0.0,36.64,1
1788950886.4898813,serverless_predictive_fixed:cyclical:2,0.0,36.64,1
1788950886.6919563,serverless_predictive_fixed:cyclical:2,0.0,36.64,1
1788950886.8940887,serverless_predictive_fixed:cyclical:2,0.0,36.64,1
1788950887.096256,serverless_predictive_fixed:cyclical:2,0.0,36.64,1
1788950887.2993088,serverless_predictive_fixed:cyclical:2,0.0,36.64,1
1788950887.5013034,serverless_predictive_fixed:cyclical:2,0.0,36.64,1
1788950887.7049084,serverless_predictive_fixed:cyclical:2,0.0,36.64,1
1788950887.9069252,serverless_predictive_fixed:cyclical:2,0.0,36.64,1
1788950888.1089985,serverless_predictive_fixed:cyclical:2,0.0,36.64,1
1788950888.3110836,serverless_predictive_fixed:cyclical:2,0.0,36.64,1
1788950888.5129435,serverless_predictive_fixed:cyclical:2,0.0,36.64,1
1788950888.7150683,serverless_predictive_fixed:cyclical:2,0.0,36.64,1
1788950888.9170353,serverless_predictive_fixed:cyclical:2,0.0,36.64,1
1788950889.1190717,serverless_predictive_fixed:cyclical:2,0.0,36.64,1
1788950889.320911,serverless_predictive_fixed:cyclical:2,0.0,36.64,1
1788950889.5238502,serverless_predictive_fixed:cyclical:2,0.0,36.64,1
1788950889.7258112,serverless_predictive_fixed:cyclical:2,0.0,36.64,1
1788950889.9285944,serverless_predictive_fixed:cyclical:2,0.0,36.64,1
1788950890.1307423,serverless_predictive_fixed:cyclical:2,4.9,36.64,1
1788950890.3327594,serverless_predictive_fixed:cyclical:2,0.0,36.64,1
1788950890.5347195,serverless_predictive_fixed:cyclical:2,0.0,36.64,1
1788950890.7367187,serverless_predictive_fixed:cyclical:2,0.0,36.64,1
1788950890.93876,serverless_predictive_fixed:cyclical:2,0.0,36.64,1
1788950891.141181,serverless_predictive_fixed:cyclical:2,0.0,36.64,1
1788950891.3431346,serverless_predictive_fixed:cyclical:2,0.0,36.64,1
1788950891.5451355,serverless_predictive_fixed:cyclical:2,0.0,36.64,1
1788950891.7637968,serverless_predictive_fixed:cyclical:2,9.2,108.38,4
1788950891.9691653,serverless_predictive_fixed:cyclical:2,141.3,135.09,4
1788950892.1771529,serverless_predictive_fixed:cyclical:2,206.7,149.94,4
1788950892.3802538,serverless_predictive_fixed:cyclical:2,172.3,164.85,4
1788950892.5829003,serverless_predictive_fixed:cyclical:2,0.0,164.86,4
1788950892.7853174,serverless_predictive_fixed:cyclical:2,0.0,164.86,4
1788950892.9878418,serverless_predictive_fixed:cyclical:2,0.0,164.86,4
1788950893.1902986,serverless_predictive_fixed:cyclical:2,0.0,164.86,4
1788950893.3927925,serverless_predictive_fixed:cyclical:2,0.0,164.86,4
1788950893.5951085,serverless_predictive_fixed:cyclical:2,0.0,164.86,4
1788950893.797459,serverless_predictive_fixed:cyclical:2,0.0,164.86,4
1788950893.9998915,serverless_predictive_fixed:cyclical:2,4.9,164.86,4
1788950894.2025037,serverless_predictive_fixed:cyclical:2,0.0,164.86,4
1788950894.4049268,serverless_predictive_fixed:cyclical:2,0.0,164.86,4
1788950894.6074507,serverless_predictive_fixed:cyclical:2,0.0,164.86,4
1788950894.8097627,serverless_predictive_fixed:cyclical:2,0.0,164.86,4
1788950895.012338,serverless_predictive_fixed:cyclical:2,0.0,164.86,4
1788950895.2145872,serverless_predictive_fixed:cyclical:2,0.0,164.86,4
1788950895.4169126,serverless_predictive_fixed:cyclical:2,0.0,164.86,4
1788950895.6192908,serverless_predictive_fixed:cyclical:2,0.0,164.86,4
1788950895.8215034,serverless_predictive_fixed:cyclical:2,0.0,164.86,4
1788950896.0242522,serverless_predictive_fixed:cyclical:2,0.0,164.86,4
1788950896.2265027,serverless_predictive_fixed:cyclical:2,4.9,164.86,4
1788950896.4306026,serverless_predictive_fixed:cyclical:2,4.9,164.86,4
1788950896.6349316,serverless_predictive_fixed:cyclical:2,0.0,164.86,4
1788950896.8372707,serverless_predictive_fixed:cyclical:2,4.9,164.86,4
1788950897.0398467,serverless_predictive_fixed:cyclical:2,0.0,164.86,4
1788950897.2428415,serverless_predictive_fixed:cyclical:2,0.0,164.86,4
1788950897.4452395,serverless_predictive_fixed:cyclical:2,4.9,164.86,4
1788950897.6479576,serverless_predictive_fixed:cyclical:2,0.0,164.86,4
1788950897.8504713,serverless_predictive_fixed:cyclical:2,0.0,164.86,4
1788950898.0533853,serverless_predictive_fixed:cyclical:2,0.0,164.86,4
1788950898.2559974,serverless_predictive_fixed:cyclical:2,0.0,164.86,4
1788950898.459347,serverless_predictive_fixed:cyclical:2,0.0,164.86,4
1788950898.661838,serverless_predictive_fixed:cyclical:2,0.0,164.94,4
1788950898.8643851,serverless_predictive_fixed:cyclical:2,4.9,110.4,4
1788950899.0671873,serverless_predictive_fixed:cyclical:2,108.4,118.05,3
1788950899.2702448,serverless_predictive_fixed:cyclical:2,39.4,79.8,2
1788950899.4733617,serverless_predictive_fixed:cyclical:2,0.0,79.8,2
1788950899.6760135,serverless_predictive_fixed:cyclical:2,0.0,79.8,2
1788950899.8784676,serverless_predictive_fixed:cyclical:2,0.0,79.8,2
1788950900.0806222,serverless_predictive_fixed:cyclical:2,0.0,79.8,2
1788950900.2830338,serverless_predictive_fixed:cyclical:2,0.0,79.8,2
1788950900.4853618,serverless_predictive_fixed:cyclical:2,9.8,79.8,2
1788950900.68777,serverless_predictive_fixed:cyclical:2,0.0,79.8,2
1788950900.8913343,serverless_predictive_fixed:cyclical:2,0.0,79.8,2
1788950901.0941062,serverless_predictive_fixed:cyclical:2,24.7,119.08,4
1788950901.299912,serverless_predictive_fixed:cyclical:2,194.5,150.75,4
1788950901.5026207,serverless_predictive_fixed:cyclical:2,192.4,161.83,4
1788950901.7051985,serverless_predictive_fixed:cyclical:2,24.7,164.94,4
1788950901.9077532,serverless_predictive_fixed:cyclical:2,0.0,164.94,4
1788950902.1105788,serverless_predictive_fixed:cyclical:2,0.0,164.94,4
1788950902.313076,serverless_predictive_fixed:cyclical:2,0.0,164.94,4
1788950902.5156715,serverless_predictive_fixed:cyclical:2,0.0,164.94,4
1788950902.7180624,serverless_predictive_fixed:cyclical:2,0.0,164.94,4
1788950902.9206264,serverless_predictive_fixed:cyclical:2,0.0,164.94,4
1788950903.1231441,serverless_predictive_fixed:cyclical:2,0.0,164.94,4
1788950903.3255413,serverless_predictive_fixed:cyclical:2,0.0,164.94,4
1788950903.528208,serverless_predictive_fixed:cyclical:2,4.9,164.94,4
1788950903.730472,serverless_predictive_fixed:cyclical:2,0.0,164.94,4
1788950903.93285,serverless_predictive_fixed:cyclical:2,0.0,164.94,4
1788950904.1358573,serverless_predictive_fixed:cyclical:2,0.0,164.94,4
1788950904.3380222,serverless_predictive_fixed:cyclical:2,0.0,164.94,4
1788950904.5405064,serverless_predictive_fixed:cyclical:2,0.0,164.94,4
1788950904.742975,serverless_predictive_fixed:cyclical:2,0.0,164.94,4
1788950904.9454913,serverless_predictive_fixed:cyclical:2,0.0,164.94,4
1788950905.1480653,serverless_predictive_fixed:cyclical:2,0.0,164.94,4
1788950905.3510969,serverless_predictive_fixed:cyclical:2,0.0,164.94,4
1788950905.553571,serverless_predictive_fixed:cyclical:2,4.9,164.94,4
1788950905.7559035,serverless_predictive_fixed:cyclical:2,4.9,164.94,4
1788950905.9582002,serverless_predictive_fixed:cyclical:2,0.0,164.94,4
1788950906.160453,serverless_predictive_fixed:cyclical:2,0.0,164.94,4
1788950906.3627295,serverless_predictive_fixed:cyclical:2,0.0,164.94,4
1788950906.5650873,serverless_predictive_fixed:cyclical:2,4.9,164.94,4
1788950906.767484,serverless_predictive_fixed:cyclical:2,4.9,164.94,4
1788950906.9697068,serverless_predictive_fixed:cyclical:2,4.9,164.94,4
1788950907.1723294,serverless_predictive_fixed:cyclical:2,0.0,164.94,4
1788950907.3744965,serverless_predictive_fixed:cyclical:2,0.0,164.94,4
1788950907.5767217,serverless_predictive_fixed:cyclical:2,0.0,164.94,4
1788950907.7789936,serverless_predictive_fixed:cyclical:2,4.9,122.35,3
1788950907.9811478,serverless_predictive_fixed:cyclical:2,0.0,122.35,3
1788950908.183382,serverless_predictive_fixed:cyclical:2,4.9,54.8,3
1788950908.385417,serverless_predictive_fixed:cyclical:2,103.9,73.46,2
1788950908.5884464,serverless_predictive_fixed:cyclical:2,98.5,79.82,2
1788950908.7911322,serverless_predictive_fixed:cyclical:2,0.0,79.82,2
1788950908.9932034,serverless_predictive_fixed:cyclical:2,0.0,79.82,2
1788950909.1954262,serverless_predictive_fixed:cyclical:2,0.0,79.82,2
1788950909.397381,serverless_predictive_fixed:cyclical:2,0.0,79.82,2
1788950909.5999348,serverless_predictive_fixed:cyclical:2,0.0,79.82,2
1788950909.802014,serverless_predictive_fixed:cyclical:2,0.0,79.82,2
1788950910.0067441,serverless_predictive_fixed:cyclical:2,9.8,130.86,4
1788950910.2092597,serverless_predictive_fixed:cyclical:2,202.3,153.97,4
1788950910.411653,serverless_predictive_fixed:cyclical:2,123.5,164.92,4
1788950910.6139078,serverless_predictive_fixed:cyclical:2,0.0,164.92,4
1788950910.8160965,serverless_predictive_fixed:cyclical:2,0.0,164.92,4
1788950911.0193346,serverless_predictive_fixed:cyclical:2,0.0,164.92,4
1788950911.222305,serverless_predictive_fixed:cyclical:2,0.0,164.92,4
1788950911.425871,serverless_predictive_fixed:cyclical:2,0.0,164.92,4
1788950911.6279233,serverless_predictive_fixed:cyclical:2,0.0,164.92,4
1788950911.830132,serverless_predictive_fixed:cyclical:2,0.0,164.92,4
1788950912.0323272,serverless_predictive_fixed:cyclical:2,4.9,164.92,4
1788950912.2346206,serverless_predictive_fixed:cyclical:2,0.0,164.92,4
1788950912.4370866,serverless_predictive_fixed:cyclical:2,0.0,164.92,4
1788950912.6403441,serverless_predictive_fixed:cyclical:2,0.0,164.92,4
1788950912.8424318,serverless_predictive_fixed:cyclical:2,0.0,164.92,4
1788950913.0449243,serverless_predictive_fixed:cyclical:2,0.0,164.92,4
1788950913.2472603,serverless_predictive_fixed:cyclical:2,4.9,164.92,4
1788950913.4498012,serverless_predictive_fixed:cyclical:2,0.0,164.92,4
1788950913.6520052,serverless_predictive_fixed:cyclical:2,0.0,164.92,4
1788950913.8544598,serverless_predictive_fixed:cyclical:2,0.0,164.92,4
1788950914.0567317,serverless_predictive_fixed:cyclical:2,0.0,164.92,4
1788950914.258861,serverless_predictive_fixed:cyclical:2,4.9,164.92,4
1788950914.4611487,serverless_predictive_fixed:cyclical:2,0.0,164.92,4
1788950914.6637678,serverless_predictive_fixed:cyclical:2,0.0,164.92,4
1788950914.865903,serverless_predictive_fixed:cyclical:2,4.9,164.92,4
1788950915.068318,serverless_predictive_fixed:cyclical:2,0.0,164.92,4
1788950915.2705245,serverless_predictive_fixed:cyclical:2,0.0,164.92,4
1788950915.472751,serverless_predictive_fixed:cyclical:2,0.0,164.92,4
1788950915.67492,serverless_predictive_fixed:cyclical:2,0.0,164.92,4
1788950915.8770895,serverless_predictive_fixed:cyclical:2,0.0,164.92,4
1788950916.0794716,serverless_predictive_fixed:cyclical:2,4.9,164.92,4
1788950916.281675,serverless_predictive_fixed:cyclical:2,0.0,164.92,4
1788950916.4845827,serverless_predictive_fixed:cyclical:2,0.0,122.36,3
1788950916.6866012,serverless_predictive_fixed:cyclical:2,0.0,122.36,3
1788950916.8886864,serverless_predictive_fixed:cyclical:2,4.9,79.86,2
1788950917.0907743,serverless_predictive_fixed:cyclical:2,0.0,56.59,2
1788950917.292665,serverless_predictive_fixed:cyclical:2,104.0,73.82,2
1788950917.4946363,serverless_predictive_fixed:cyclical:2,99.1,79.84,2
1788950917.6966925,serverless_predictive_fixed:cyclical:2,0.0,79.84,2
1788950917.8993785,serverless_predictive_fixed:cyclical:2,0.0,79.84,2
1788950918.1024952,serverless_predictive_fixed:cyclical:2,0.0,79.84,2
1788950918.3045964,serverless_predictive_fixed:cyclical:2,0.0,79.84,2
1788950918.506541,serverless_predictive_fixed:cyclical:2,0.0,79.84,2
1788950918.7085826,serverless_predictive_fixed:cyclical:2,0.0,79.84,2
1788950918.9116704,serverless_predictive_fixed:cyclical:2,0.0,79.84,2
1788950919.1146493,serverless_predictive_fixed:cyclical:2,4.9,79.84,2
1788950919.316772,serverless_predictive_fixed:cyclical:2,0.0,79.84,2
1788950919.518763,serverless_predictive_fixed:cyclical:2,0.0,79.84,2
1788950919.7208052,serverless_predictive_fixed:cyclical:2,0.0,79.84,2
1788950919.922677,serverless_predictive_fixed:cyclical:2,0.0,79.84,2
1788950920.1255841,serverless_predictive_fixed:cyclical:2,4.9,120.98,4
1788950920.3284683,serverless_predictive_fixed:cyclical:2,182.4,151.51,4
1788950920.531006,serverless_predictive_fixed:cyclical:2,177.7,165.06,4
1788950920.7331269,serverless_predictive_fixed:cyclical:2,4.9,165.06,4
1788950920.9388595,serverless_predictive_fixed:cyclical:2,0.0,165.06,4
1788950921.141426,serverless_predictive_fixed:cyclical:2,4.9,165.06,4
1788950921.3451772,serverless_predictive_fixed:cyclical:2,0.0,165.06,4
1788950921.5481505,serverless_predictive_fixed:cyclical:2,0.0,165.06,4
1788950921.750329,serverless_predictive_fixed:cyclical:2,0.0,165.06,4
1788950921.9530718,serverless_predictive_fixed:cyclical:2,4.9,165.06,4
1788950922.156221,serverless_predictive_fixed:cyclical:2,0.0,165.06,4
1788950922.3587556,serverless_predictive_fixed:cyclical:2,0.0,165.06,4
1788950922.5615819,serverless_predictive_fixed:cyclical:2,0.0,165.06,4
1788950922.7640295,serverless_predictive_fixed:cyclical:2,0.0,165.06,4
1788950922.966332,serverless_predictive_fixed:cyclical:2,0.0,165.06,4
1788950923.169782,serverless_predictive_fixed:cyclical:2,0.0,165.06,4
1788950923.3721821,serverless_predictive_fixed:cyclical:2,4.9,165.06,4
1788950923.5743537,serverless_predictive_fixed:cyclical:2,4.9,165.06,4
1788950923.776937,serverless_predictive_fixed:cyclical:2,0.0,165.06,4
1788950923.9798498,serverless_predictive_fixed:cyclical:2,0.0,165.06,4
1788950924.1822171,serverless_predictive_fixed:cyclical:2,0.0,165.06,4
1788950924.3846087,serverless_predictive_fixed:cyclical:2,0.0,165.06,4
1788950924.58681,serverless_predictive_fixed:cyclical:2,0.0,165.06,4
1788950924.7890706,serverless_predictive_fixed:cyclical:2,0.0,165.06,4
1788950924.9915295,serverless_predictive_fixed:cyclical:2,0.0,165.06,4
1788950925.1938894,serverless_predictive_fixed:cyclical:2,0.0,165.06,4
1788950925.3962045,serverless_predictive_fixed:cyclical:2,0.0,165.06,4
1788950925.598479,serverless_predictive_fixed:cyclical:2,0.0,165.06,4
1788950925.8007889,serverless_predictive_fixed:cyclical:2,0.0,165.06,4
1788950926.002934,serverless_predictive_fixed:cyclical:2,0.0,165.06,4
1788950926.205263,serverless_predictive_fixed:cyclical:2,0.0,165.06,4
1788950926.4075985,serverless_predictive_fixed:cyclical:2,0.0,165.06,4
1788950926.609786,serverless_predictive_fixed:cyclical:2,4.9,122.51,3
1788950926.8121467,serverless_predictive_fixed:cyclical:2,0.0,122.51,3
1788950927.0141723,serverless_predictive_fixed:cyclical:2,0.0,79.85,2
1788950927.2162325,serverless_predictive_fixed:cyclical:2,0.0,37.33,1
1788950927.4182646,serverless_predictive_fixed:cyclical:2,4.9,67.88,2
1788950927.6202583,serverless_predictive_fixed:cyclical:2,99.0,75.96,2
1788950927.82336,serverless_predictive_fixed:cyclical:2,34.5,79.87,2
1788950928.0264919,serverless_predictive_fixed:cyclical:2,0.0,79.87,2
1788950928.228602,serverless_predictive_fixed:cyclical:2,0.0,79.87,2
1788950928.4307337,serverless_predictive_fixed:cyclical:2,4.9,79.87,2
1788950928.6327305,serverless_predictive_fixed:cyclical:2,0.0,79.87,2
1788950928.834684,serverless_predictive_fixed:cyclical:2,0.0,79.87,2
1788950929.0369298,serverless_predictive_fixed:cyclical:2,0.0,79.87,2
1788950929.2393775,serverless_predictive_fixed:cyclical:2,0.0,79.87,2
1788950929.4416084,serverless_predictive_fixed:cyclical:2,0.0,79.87,2
1788950929.643717,serverless_predictive_fixed:cyclical:2,0.0,79.87,2
1788950929.845787,serverless_predictive_fixed:cyclical:2,4.9,79.87,2
1788950930.0483925,serverless_predictive_fixed:cyclical:2,4.9,114.46,4
1788950930.250849,serverless_predictive_fixed:cyclical:2,182.8,147.03,4
1788950930.4529164,serverless_predictive_fixed:cyclical:2,197.9,161.54,4
1788950931.3320577,serverless_predictive_fixed:cyclical:3,0.0,36.66,1
1788950931.5339723,serverless_predictive_fixed:cyclical:3,0.0,36.66,1
1788950931.7359707,serverless_predictive_fixed:cyclical:3,0.0,36.66,1
1788950931.9386268,serverless_predictive_fixed:cyclical:3,0.0,36.66,1
1788950932.140799,serverless_predictive_fixed:cyclical:3,0.0,36.66,1
1788950932.3427968,serverless_predictive_fixed:cyclical:3,0.0,36.66,1
1788950932.5449326,serverless_predictive_fixed:cyclical:3,0.0,36.66,1
1788950932.7469435,serverless_predictive_fixed:cyclical:3,0.0,36.66,1
1788950932.949095,serverless_predictive_fixed:cyclical:3,0.0,36.66,1
1788950933.151314,serverless_predictive_fixed:cyclical:3,0.0,36.66,1
1788950933.3533769,serverless_predictive_fixed:cyclical:3,4.9,36.66,1
1788950933.5556471,serverless_predictive_fixed:cyclical:3,0.0,36.66,1
1788950933.7576623,serverless_predictive_fixed:cyclical:3,0.0,36.66,1
1788950933.9598885,serverless_predictive_fixed:cyclical:3,0.0,36.66,1
1788950934.1621132,serverless_predictive_fixed:cyclical:3,0.0,36.66,1
1788950934.3642976,serverless_predictive_fixed:cyclical:3,0.0,36.66,1
1788950934.5662177,serverless_predictive_fixed:cyclical:3,0.0,36.66,1
1788950934.7681758,serverless_predictive_fixed:cyclical:3,5.0,36.66,1
1788950934.9707487,serverless_predictive_fixed:cyclical:3,0.0,36.66,1
1788950935.1727667,serverless_predictive_fixed:cyclical:3,0.0,36.66,1
1788950935.3746178,serverless_predictive_fixed:cyclical:3,0.0,36.66,1
1788950935.5766141,serverless_predictive_fixed:cyclical:3,0.0,36.66,1
1788950935.778463,serverless_predictive_fixed:cyclical:3,0.0,36.66,1
1788950935.9803782,serverless_predictive_fixed:cyclical:3,0.0,36.66,1
1788950936.1822324,serverless_predictive_fixed:cyclical:3,0.0,36.66,1
1788950936.3853068,serverless_predictive_fixed:cyclical:3,0.0,36.66,1
1788950936.58786,serverless_predictive_fixed:cyclical:3,0.0,36.66,1
1788950936.7898612,serverless_predictive_fixed:cyclical:3,0.0,36.66,1
1788950936.992126,serverless_predictive_fixed:cyclical:3,0.0,36.66,1
1788950937.194232,serverless_predictive_fixed:cyclical:3,0.0,36.66,1
1788950937.3963704,serverless_predictive_fixed:cyclical:3,0.0,36.66,1
1788950937.5984824,serverless_predictive_fixed:cyclical:3,0.0,36.66,1
1788950937.8007112,serverless_predictive_fixed:cyclical:3,0.0,36.66,1
1788950938.0027387,serverless_predictive_fixed:cyclical:3,0.0,36.66,1
1788950938.204888,serverless_predictive_fixed:cyclical:3,0.0,36.66,1
1788950938.4070373,serverless_predictive_fixed:cyclical:3,0.0,36.66,1
1788950938.6091597,serverless_predictive_fixed:cyclical:3,4.9,36.66,1
1788950938.8113036,serverless_predictive_fixed:cyclical:3,0.0,36.66,1
1788950939.0139868,serverless_predictive_fixed:cyclical:3,0.0,36.66,1
1788950939.2161372,serverless_predictive_fixed:cyclical:3,0.0,36.66,1
1788950939.4182832,serverless_predictive_fixed:cyclical:3,0.0,36.66,1
1788950939.6202798,serverless_predictive_fixed:cyclical:3,0.0,36.66,1
1788950939.8235943,serverless_predictive_fixed:cyclical:3,0.0,36.66,1
1788950940.0255992,serverless_predictive_fixed:cyclical:3,0.0,36.66,1
1788950940.2277122,serverless_predictive_fixed:cyclical:3,0.0,36.66,1
1788950940.4298623,serverless_predictive_fixed:cyclical:3,0.0,36.66,1
1788950940.6360626,serverless_predictive_fixed:cyclical:3,4.9,85.6,4
1788950940.8411655,serverless_predictive_fixed:cyclical:3,195.0,128.79,4
1788950941.0481617,serverless_predictive_fixed:cyclical:3,188.4,147.07,4
1788950941.250776,serverless_predictive_fixed:cyclical:3,202.4,161.01,4
1788950941.453785,serverless_predictive_fixed:cyclical:3,39.4,164.81,4
1788950941.6561868,serverless_predictive_fixed:cyclical:3,0.0,164.81,4
1788950941.8585045,serverless_predictive_fixed:cyclical:3,4.9,164.81,4
1788950942.060859,serverless_predictive_fixed:cyclical:3,4.9,164.81,4
1788950942.2632656,serverless_predictive_fixed:cyclical:3,0.0,164.81,4
1788950942.465694,serverless_predictive_fixed:cyclical:3,0.0,164.81,4
1788950942.6686018,serverless_predictive_fixed:cyclical:3,0.0,164.81,4
1788950942.8718717,serverless_predictive_fixed:cyclical:3,0.0,164.81,4
1788950943.0755205,serverless_predictive_fixed:cyclical:3,0.0,164.81,4
1788950943.2778993,serverless_predictive_fixed:cyclical:3,0.0,164.81,4
1788950943.4806216,serverless_predictive_fixed:cyclical:3,0.0,164.81,4
1788950943.6829283,serverless_predictive_fixed:cyclical:3,0.0,164.81,4
1788950943.8852,serverless_predictive_fixed:cyclical:3,4.9,164.81,4
1788950944.0876915,serverless_predictive_fixed:cyclical:3,0.0,164.81,4
1788950944.29009,serverless_predictive_fixed:cyclical:3,0.0,164.81,4
1788950944.493162,serverless_predictive_fixed:cyclical:3,0.0,164.81,4
1788950944.6954844,serverless_predictive_fixed:cyclical:3,4.9,164.81,4
1788950944.8977225,serverless_predictive_fixed:cyclical:3,0.0,164.81,4
1788950945.099905,serverless_predictive_fixed:cyclical:3,0.0,164.81,4
1788950945.3025534,serverless_predictive_fixed:cyclical:3,0.0,164.81,4
1788950945.5047789,serverless_predictive_fixed:cyclical:3,0.0,164.81,4
1788950945.7068894,serverless_predictive_fixed:cyclical:3,0.0,164.81,4
1788950945.9089983,serverless_predictive_fixed:cyclical:3,0.0,164.81,4
1788950946.1113536,serverless_predictive_fixed:cyclical:3,0.0,164.81,4
1788950946.3134484,serverless_predictive_fixed:cyclical:3,0.0,164.81,4
1788950946.515694,serverless_predictive_fixed:cyclical:3,0.0,164.82,4
1788950946.71789,serverless_predictive_fixed:cyclical:3,0.0,164.82,4
1788950946.9201784,serverless_predictive_fixed:cyclical:3,4.9,164.82,4
1788950947.1223338,serverless_predictive_fixed:cyclical:3,0.0,164.82,4
1788950947.32458,serverless_predictive_fixed:cyclical:3,4.9,164.82,4
1788950947.5268989,serverless_predictive_fixed:cyclical:3,4.9,122.3,3
1788950947.7292628,serverless_predictive_fixed:cyclical:3,0.0,98.13,4
1788950947.9314957,serverless_predictive_fixed:cyclical:3,98.9,116.3,3
1788950948.1335292,serverless_predictive_fixed:cyclical:3,94.0,79.77,2
1788950948.3355098,serverless_predictive_fixed:cyclical:3,0.0,79.77,2
1788950948.537652,serverless_predictive_fixed:cyclical:3,0.0,79.77,2
1788950948.7397084,serverless_predictive_fixed:cyclical:3,0.0,79.77,2
1788950948.941636,serverless_predictive_fixed:cyclical:3,0.0,79.77,2
1788950949.1439648,serverless_predictive_fixed:cyclical:3,0.0,79.77,2
1788950949.3462102,serverless_predictive_fixed:cyclical:3,0.0,79.77,2
1788950949.5484073,serverless_predictive_fixed:cyclical:3,0.0,79.77,2
1788950949.7505155,serverless_predictive_fixed:cyclical:3,0.0,79.77,2
1788950949.9526446,serverless_predictive_fixed:cyclical:3,0.0,79.77,2
1788950950.1546793,serverless_predictive_fixed:cyclical:3,0.0,79.77,2
1788950950.356882,serverless_predictive_fixed:cyclical:3,0.0,79.77,2
1788950950.5588963,serverless_predictive_fixed:cyclical:3,0.0,79.77,2
1788950950.7637205,serverless_predictive_fixed:cyclical:3,4.9,79.78,2
1788950950.9687788,serverless_predictive_fixed:cyclical:3,19.6,136.94,4
1788950951.171116,serverless_predictive_fixed:cyclical:3,197.6,154.49,4
1788950951.3734632,serverless_predictive_fixed:cyclical:3,103.8,164.89,4
1788950951.575664,serverless_predictive_fixed:cyclical:3,0.0,164.89,4
1788950951.7779088,serverless_predictive_fixed:cyclical:3,4.9,164.89,4
1788950951.980693,serverless_predictive_fixed:cyclical:3,0.0,164.89,4
1788950952.1830447,serverless_predictive_fixed:cyclical:3,0.0,164.89,4
1788950952.3852513,serverless_predictive_fixed:cyclical:3,0.0,164.89,4
1788950952.58795,serverless_predictive_fixed:cyclical:3,0.0,164.89,4
1788950952.7902942,serverless_predictive_fixed:cyclical:3,0.0,164.89,4
1788950952.993178,serverless_predictive_fixed:cyclical:3,0.0,164.89,4
1788950953.1954396,serverless_predictive_fixed:cyclical:3,0.0,164.89,4
1788950953.397689,serverless_predictive_fixed:cyclical:3,0.0,164.89,4
1788950953.6000924,serverless_predictive_fixed:cyclical:3,4.9,164.89,4
1788950953.8024058,serverless_predictive_fixed:cyclical:3,0.0,164.89,4
1788950954.0050921,serverless_predictive_fixed:cyclical:3,0.0,164.89,4
1788950954.2074723,serverless_predictive_fixed:cyclical:3,0.0,164.89,4
1788950954.409762,serverless_predictive_fixed:cyclical:3,0.0,164.89,4
1788950954.6119895,serverless_predictive_fixed:cyclical:3,0.0,164.89,4
1788950954.8142047,serverless_predictive_fixed:cyclical:3,0.0,164.89,4
1788950955.0184793,serverless_predictive_fixed:cyclical:3,0.0,164.89,4
1788950955.2208052,serverless_predictive_fixed:cyclical:3,0.0,164.89,4
1788950955.4230068,serverless_predictive_fixed:cyclical:3,4.9,164.89,4
1788950955.6262045,serverless_predictive_fixed:cyclical:3,4.9,164.89,4
1788950955.8284357,serverless_predictive_fixed:cyclical:3,0.0,164.89,4
1788950956.0305843,serverless_predictive_fixed:cyclical:3,0.0,164.89,4
1788950956.2331796,serverless_predictive_fixed:cyclical:3,0.0,164.89,4
1788950956.4358582,serverless_predictive_fixed:cyclical:3,4.9,164.89,4
1788950956.6382391,serverless_predictive_fixed:cyclical:3,0.0,164.89,4
1788950956.840606,serverless_predictive_fixed:cyclical:3,0.0,164.89,4
1788950957.04276,serverless_predictive_fixed:cyclical:3,0.0,164.89,4
1788950957.2452295,serverless_predictive_fixed:cyclical:3,0.0,122.32,3
1788950957.4475389,serverless_predictive_fixed:cyclical:3,4.9,122.32,3
1788950957.6496584,serverless_predictive_fixed:cyclical:3,0.0,79.79,2
1788950957.8524516,serverless_predictive_fixed:cyclical:3,0.0,37.29,1
1788950958.0544214,serverless_predictive_fixed:cyclical:3,4.9,59.75,2
1788950958.2568524,serverless_predictive_fixed:cyclical:3,98.8,73.93,2
1788950958.458789,serverless_predictive_fixed:cyclical:3,64.4,79.88,2
1788950958.6611333,serverless_predictive_fixed:cyclical:3,0.0,79.88,2
1788950958.8645632,serverless_predictive_fixed:cyclical:3,0.0,79.88,2
1788950959.0665991,serverless_predictive_fixed:cyclical:3,0.0,79.88,2
1788950959.2687,serverless_predictive_fixed:cyclical:3,4.9,79.88,2
1788950959.4706762,serverless_predictive_fixed:cyclical:3,0.0,79.88,2
1788950959.672759,serverless_predictive_fixed:cyclical:3,0.0,79.88,2
1788950959.8808732,serverless_predictive_fixed:cyclical:3,4.8,102.67,4
1788950960.0833733,serverless_predictive_fixed:cyclical:3,123.4,136.29,4
1788950960.2856479,serverless_predictive_fixed:cyclical:3,182.9,154.13,4
1788950960.487882,serverless_predictive_fixed:cyclical:3,113.6,165.02,4
1788950960.689951,serverless_predictive_fixed:cyclical:3,0.0,165.02,4
1788950960.8924284,serverless_predictive_fixed:cyclical:3,9.8,165.02,4
1788950961.0956957,serverless_predictive_fixed:cyclical:3,0.0,165.02,4
1788950961.2978144,serverless_predictive_fixed:cyclical:3,0.0,165.02,4
1788950961.5000188,serverless_predictive_fixed:cyclical:3,0.0,165.02,4
1788950961.7027988,serverless_predictive_fixed:cyclical:3,0.0,165.02,4
1788950961.9051507,serverless_predictive_fixed:cyclical:3,4.9,165.02,4
1788950962.1074486,serverless_predictive_fixed:cyclical:3,0.0,165.02,4
1788950962.309721,serverless_predictive_fixed:cyclical:3,0.0,165.02,4
1788950962.5121336,serverless_predictive_fixed:cyclical:3,0.0,165.02,4
1788950962.7147813,serverless_predictive_fixed:cyclical:3,0.0,165.02,4
1788950962.917001,serverless_predictive_fixed:cyclical:3,0.0,165.02,4
1788950963.1193755,serverless_predictive_fixed:cyclical:3,0.0,165.02,4
1788950963.3216455,serverless_predictive_fixed:cyclical:3,0.0,165.02,4
1788950963.5239499,serverless_predictive_fixed:cyclical:3,0.0,165.02,4
1788950963.7263184,serverless_predictive_fixed:cyclical:3,0.0,165.02,4
1788950963.9286115,serverless_predictive_fixed:cyclical:3,0.0,165.02,4
1788950964.1308317,serverless_predictive_fixed:cyclical:3,4.9,165.02,4
1788950964.3331258,serverless_predictive_fixed:cyclical:3,0.0,165.02,4
1788950964.5354106,serverless_predictive_fixed:cyclical:3,0.0,165.02,4
1788950964.7376428,serverless_predictive_fixed:cyclical:3,0.0,165.02,4
1788950964.9399698,serverless_predictive_fixed:cyclical:3,0.0,165.02,4
1788950965.143045,serverless_predictive_fixed:cyclical:3,0.0,165.02,4
1788950965.3465836,serverless_predictive_fixed:cyclical:3,0.0,165.02,4
1788950965.5488427,serverless_predictive_fixed:cyclical:3,0.0,165.02,4
1788950965.7519224,serverless_predictive_fixed:cyclical:3,4.9,165.02,4
1788950965.9551826,serverless_predictive_fixed:cyclical:3,0.0,165.02,4
1788950966.1585116,serverless_predictive_fixed:cyclical:3,0.0,165.02,4
1788950966.3608835,serverless_predictive_fixed:cyclical:3,0.0,122.43,3
1788950966.562961,serverless_predictive_fixed:cyclical:3,0.0,122.43,3
1788950966.7660244,serverless_predictive_fixed:cyclical:3,0.0,79.91,2
1788950966.9680386,serverless_predictive_fixed:cyclical:3,0.0,37.34,1
1788950967.1704075,serverless_predictive_fixed:cyclical:3,4.9,64.62,2
1788950967.373163,serverless_predictive_fixed:cyclical:3,98.6,75.07,2
1788950967.5761175,serverless_predictive_fixed:cyclical:3,54.2,79.94,2
1788950967.778948,serverless_predictive_fixed:cyclical:3,0.0,79.94,2
1788950967.980862,serverless_predictive_fixed:cyclical:3,0.0,79.94,2
1788950968.1836867,serverless_predictive_fixed:cyclical:3,0.0,79.94,2
1788950968.385695,serverless_predictive_fixed:cyclical:3,0.0,79.94,2
1788950968.5877569,serverless_predictive_fixed:cyclical:3,0.0,79.94,2
1788950968.7897475,serverless_predictive_fixed:cyclical:3,0.0,79.94,2
1788950968.9917967,serverless_predictive_fixed:cyclical:3,0.0,79.94,2
1788950969.1937382,serverless_predictive_fixed:cyclical:3,0.0,79.94,2
1788950969.3972645,serverless_predictive_fixed:cyclical:3,4.9,93.09,4
1788950969.5998943,serverless_predictive_fixed:cyclical:3,192.5,143.54,4
1788950969.8019226,serverless_predictive_fixed:cyclical:3,197.9,159.0,4
1788950970.0048537,serverless_predictive_fixed:cyclical:3,49.3,165.08,4
1788950970.2070222,serverless_predictive_fixed:cyclical:3,0.0,165.08,4
1788950970.409146,serverless_predictive_fixed:cyclical:3,0.0,165.08,4
1788950970.6118095,serverless_predictive_fixed:cyclical:3,0.0,165.08,4
1788950970.814051,serverless_predictive_fixed:cyclical:3,0.0,165.08,4
1788950971.0168972,serverless_predictive_fixed:cyclical:3,4.9,165.08,4
1788950971.219137,serverless_predictive_fixed:cyclical:3,0.0,165.08,4
1788950971.4215446,serverless_predictive_fixed:cyclical:3,0.0,165.08,4
1788950971.6240108,serverless_predictive_fixed:cyclical:3,0.0,165.08,4
1788950971.826496,serverless_predictive_fixed:cyclical:3,0.0,165.08,4
1788950972.0287642,serverless_predictive_fixed:cyclical:3,0.0,165.08,4
1788950972.231156,serverless_predictive_fixed:cyclical:3,0.0,165.08,4
1788950972.433792,serverless_predictive_fixed:cyclical:3,0.0,165.08,4
1788950972.6363642,serverless_predictive_fixed:cyclical:3,0.0,165.08,4
1788950972.838593,serverless_predictive_fixed:cyclical:3,0.0,165.08,4
1788950973.0413303,serverless_predictive_fixed:cyclical:3,0.0,165.08,4
1788950973.2436187,serverless_predictive_fixed:cyclical:3,4.9,165.08,4
1788950973.446274,serverless_predictive_fixed:cyclical:3,0.0,165.08,4
1788950973.648976,serverless_predictive_fixed:cyclical:3,4.9,165.08,4
1788950973.8514404,serverless_predictive_fixed:cyclical:3,4.9,165.08,4
1788950974.053584,serverless_predictive_fixed:cyclical:3,0.0,165.08,4
1788950974.255884,serverless_predictive_fixed:cyclical:3,0.0,165.08,4
1788950974.4582927,serverless_predictive_fixed:cyclical:3,0.0,165.08,4
1788950974.6605365,serverless_predictive_fixed:cyclical:3,0.0,165.08,4
1788950974.8626645,serverless_predictive_fixed:cyclical:3,0.0,165.08,4
1788950975.064973,serverless_predictive_fixed:cyclical:3,0.0,165.08,4
1788950975.2678926,serverless_predictive_fixed:cyclical:3,0.0,165.08,4
1788950975.470198,serverless_predictive_fixed:cyclical:3,0.0,165.08,4
1788950975.6728644,serverless_predictive_fixed:cyclical:3,0.0,165.08,4
1788950975.8751192,serverless_predictive_fixed:cyclical:3,4.9,165.08,4
1788950976.0773573,serverless_predictive_fixed:cyclical:3,0.0,122.48,3
1788950976.27959,serverless_predictive_fixed:cyclical:3,0.0,122.48,3
1788950976.4816883,serverless_predictive_fixed:cyclical:3,0.0,79.93,2
1788950976.6837711,serverless_predictive_fixed:cyclical:3,4.9,67.55,2
1788950976.8866577,serverless_predictive_fixed:cyclical:3,103.5,74.68,2
1788950977.088922,serverless_predictive_fixed:cyclical:3,59.3,79.87,2
1788950977.2910678,serverless_predictive_fixed:cyclical:3,0.0,79.87,2
1788950977.4931817,serverless_predictive_fixed:cyclical:3,0.0,79.87,2
1788950977.6953733,serverless_predictive_fixed:cyclical:3,0.0,79.87,2
1788950977.897442,serverless_predictive_fixed:cyclical:3,0.0,79.87,2
1788950978.0995736,serverless_predictive_fixed:cyclical:3,0.0,79.87,2
1788950978.3015769,serverless_predictive_fixed:cyclical:3,4.9,79.87,2
1788950978.5039442,serverless_predictive_fixed:cyclical:3,19.7,135.48,4
1788950978.7063916,serverless_predictive_fixed:cyclical:3,202.4,154.86,4
1788950979.6658044,serverless_predictive_fixed:cyclical:4,0.0,36.7,1
1788950979.8679767,serverless_predictive_fixed:cyclical:4,0.0,36.7,1
1788950980.0700479,serverless_predictive_fixed:cyclical:4,0.0,36.7,1
1788950980.2720976,serverless_predictive_fixed:cyclical:4,0.0,36.7,1
1788950980.4742067,serverless_predictive_fixed:cyclical:4,0.0,36.7,1
1788950980.676366,serverless_predictive_fixed:cyclical:4,0.0,36.7,1
1788950980.8785563,serverless_predictive_fixed:cyclical:4,0.0,36.7,1
1788950981.0807133,serverless_predictive_fixed:cyclical:4,0.0,36.7,1
1788950981.2827551,serverless_predictive_fixed:cyclical:4,0.0,36.7,1
1788950981.4848666,serverless_predictive_fixed:cyclical:4,0.0,36.7,1
1788950981.686895,serverless_predictive_fixed:cyclical:4,0.0,36.7,1
1788950981.888925,serverless_predictive_fixed:cyclical:4,0.0,36.7,1
1788950982.0909133,serverless_predictive_fixed:cyclical:4,0.0,36.7,1
1788950982.2929306,serverless_predictive_fixed:cyclical:4,0.0,36.7,1
1788950982.4950051,serverless_predictive_fixed:cyclical:4,0.0,36.7,1
1788950982.6972227,serverless_predictive_fixed:cyclical:4,0.0,36.7,1
1788950982.8993971,serverless_predictive_fixed:cyclical:4,4.9,36.7,1
1788950983.1015303,serverless_predictive_fixed:cyclical:4,0.0,36.7,1
1788950983.303695,serverless_predictive_fixed:cyclical:4,0.0,36.7,1
1788950983.5057914,serverless_predictive_fixed:cyclical:4,0.0,36.7,1
1788950983.7078984,serverless_predictive_fixed:cyclical:4,0.0,36.7,1
1788950983.9102218,serverless_predictive_fixed:cyclical:4,0.0,36.7,1
1788950984.112419,serverless_predictive_fixed:cyclical:4,0.0,36.7,1
1788950984.314473,serverless_predictive_fixed:cyclical:4,0.0,36.7,1
1788950984.5174193,serverless_predictive_fixed:cyclical:4,0.0,36.7,1
1788950984.7195928,serverless_predictive_fixed:cyclical:4,0.0,36.7,1
1788950984.9216805,serverless_predictive_fixed:cyclical:4,0.0,36.7,1
1788950985.123813,serverless_predictive_fixed:cyclical:4,0.0,36.7,1
1788950985.3261335,serverless_predictive_fixed:cyclical:4,0.0,36.7,1
1788950985.528327,serverless_predictive_fixed:cyclical:4,0.0,36.7,1
1788950985.7303782,serverless_predictive_fixed:cyclical:4,0.0,36.7,1
1788950985.9324734,serverless_predictive_fixed:cyclical:4,0.0,36.7,1
1788950986.1345768,serverless_predictive_fixed:cyclical:4,0.0,36.7,1
1788950986.3367445,serverless_predictive_fixed:cyclical:4,4.9,36.7,1
1788950986.5399532,serverless_predictive_fixed:cyclical:4,0.0,36.7,1
1788950986.7423315,serverless_predictive_fixed:cyclical:4,0.0,36.7,1
1788950986.944438,serverless_predictive_fixed:cyclical:4,0.0,36.7,1
1788950987.1469676,serverless_predictive_fixed:cyclical:4,0.0,36.7,1
1788950987.3491616,serverless_predictive_fixed:cyclical:4,0.0,36.7,1
1788950987.551442,serverless_predictive_fixed:cyclical:4,0.0,36.7,1
1788950987.753657,serverless_predictive_fixed:cyclical:4,0.0,36.7,1
1788950987.9568703,serverless_predictive_fixed:cyclical:4,0.0,36.7,1
1788950988.1588635,serverless_predictive_fixed:cyclical:4,0.0,36.7,1
1788950988.3619366,serverless_predictive_fixed:cyclical:4,0.0,36.7,1
1788950988.5705888,serverless_predictive_fixed:cyclical:4,4.8,53.96,4
1788950988.7768865,serverless_predictive_fixed:cyclical:4,193.9,113.16,4
1788950988.9791677,serverless_predictive_fixed:cyclical:4,187.8,141.84,4
1788950989.181404,serverless_predictive_fixed:cyclical:4,192.8,153.48,4
1788950989.3834877,serverless_predictive_fixed:cyclical:4,128.6,164.88,4
1788950989.5859025,serverless_predictive_fixed:cyclical:4,0.0,164.88,4
1788950989.7898378,serverless_predictive_fixed:cyclical:4,4.9,164.88,4
1788950989.992747,serverless_predictive_fixed:cyclical:4,4.9,164.88,4
1788950990.1954923,serverless_predictive_fixed:cyclical:4,0.0,164.88,4
1788950990.3981647,serverless_predictive_fixed:cyclical:4,0.0,164.88,4
1788950990.6006644,serverless_predictive_fixed:cyclical:4,0.0,164.88,4
1788950990.8032749,serverless_predictive_fixed:cyclical:4,0.0,164.88,4
1788950991.0059314,serverless_predictive_fixed:cyclical:4,0.0,164.88,4
1788950991.208406,serverless_predictive_fixed:cyclical:4,0.0,164.88,4
1788950991.4109392,serverless_predictive_fixed:cyclical:4,0.0,164.88,4
1788950991.613265,serverless_predictive_fixed:cyclical:4,0.0,164.88,4
1788950991.816092,serverless_predictive_fixed:cyclical:4,0.0,164.88,4
1788950992.018468,serverless_predictive_fixed:cyclical:4,4.9,164.88,4
1788950992.2210028,serverless_predictive_fixed:cyclical:4,0.0,164.88,4
1788950992.423833,serverless_predictive_fixed:cyclical:4,0.0,164.88,4
1788950992.626335,serverless_predictive_fixed:cyclical:4,0.0,164.88,4
1788950992.8287363,serverless_predictive_fixed:cyclical:4,0.0,164.88,4
1788950993.0311182,serverless_predictive_fixed:cyclical:4,0.0,164.88,4
1788950993.2334228,serverless_predictive_fixed:cyclical:4,0.0,164.88,4
1788950993.4359384,serverless_predictive_fixed:cyclical:4,0.0,164.88,4
1788950993.6382914,serverless_predictive_fixed:cyclical:4,0.0,164.88,4
1788950993.8408496,serverless_predictive_fixed:cyclical:4,0.0,164.88,4
1788950994.0444913,serverless_predictive_fixed:cyclical:4,0.0,164.88,4
1788950994.246982,serverless_predictive_fixed:cyclical:4,0.0,164.88,4
1788950994.4493856,serverless_predictive_fixed:cyclical:4,9.8,164.88,4
1788950994.6532578,serverless_predictive_fixed:cyclical:4,4.9,164.88,4
1788950994.8557012,serverless_predictive_fixed:cyclical:4,0.0,164.88,4
1788950995.0582225,serverless_predictive_fixed:cyclical:4,4.9,164.88,4
1788950995.260654,serverless_predictive_fixed:cyclical:4,0.0,164.88,4
1788950995.462976,serverless_predictive_fixed:cyclical:4,0.0,164.93,4
1788950995.6652918,serverless_predictive_fixed:cyclical:4,0.0,122.34,3
1788950995.8679602,serverless_predictive_fixed:cyclical:4,0.0,109.96,3
1788950996.0701687,serverless_predictive_fixed:cyclical:4,103.8,75.41,2
1788950996.2723687,serverless_predictive_fixed:cyclical:4,44.5,79.83,2
1788950996.474498,serverless_predictive_fixed:cyclical:4,4.9,79.83,2
1788950996.6766813,serverless_predictive_fixed:cyclical:4,0.0,79.83,2
1788950996.8788211,serverless_predictive_fixed:cyclical:4,0.0,79.83,2
1788950997.0816824,serverless_predictive_fixed:cyclical:4,0.0,79.83,2
1788950997.2838879,serverless_predictive_fixed:cyclical:4,0.0,79.83,2
1788950997.4859657,serverless_predictive_fixed:cyclical:4,0.0,79.83,2
1788950997.6881616,serverless_predictive_fixed:cyclical:4,0.0,79.83,2
1788950997.890428,serverless_predictive_fixed:cyclical:4,0.0,79.83,2
1788950998.0929592,serverless_predictive_fixed:cyclical:4,0.0,79.83,2
1788950998.2958262,serverless_predictive_fixed:cyclical:4,0.0,79.83,2
1788950998.4981995,serverless_predictive_fixed:cyclical:4,0.0,79.83,2
1788950998.7013972,serverless_predictive_fixed:cyclical:4,19.6,142.28,4
1788950998.9076436,serverless_predictive_fixed:cyclical:4,203.6,157.82,4
1788950999.110108,serverless_predictive_fixed:cyclical:4,59.3,165.02,4
1788950999.3125546,serverless_predictive_fixed:cyclical:4,4.9,165.02,4
1788950999.515023,serverless_predictive_fixed:cyclical:4,0.0,165.02,4
1788950999.7174935,serverless_predictive_fixed:cyclical:4,0.0,165.02,4
1788950999.9199784,serverless_predictive_fixed:cyclical:4,0.0,165.02,4
1788951000.1224158,serverless_predictive_fixed:cyclical:4,0.0,165.02,4
1788951000.3249817,serverless_predictive_fixed:cyclical:4,0.0,165.02,4
1788951000.5278628,serverless_predictive_fixed:cyclical:4,0.0,165.02,4
1788951000.7302556,serverless_predictive_fixed:cyclical:4,0.0,165.02,4
1788951000.9327695,serverless_predictive_fixed:cyclical:4,0.0,165.02,4
1788951001.135348,serverless_predictive_fixed:cyclical:4,0.0,165.02,4
1788951001.3382711,serverless_predictive_fixed:cyclical:4,4.9,165.02,4
1788951001.5405993,serverless_predictive_fixed:cyclical:4,4.9,165.02,4
1788951001.743006,serverless_predictive_fixed:cyclical:4,0.0,165.02,4
1788951001.9457161,serverless_predictive_fixed:cyclical:4,0.0,165.02,4
1788951002.1482832,serverless_predictive_fixed:cyclical:4,0.0,165.02,4
1788951002.350797,serverless_predictive_fixed:cyclical:4,0.0,165.02,4
1788951002.553325,serverless_predictive_fixed:cyclical:4,4.9,165.02,4
1788951002.7559347,serverless_predictive_fixed:cyclical:4,4.9,165.02,4
1788951002.9583905,serverless_predictive_fixed:cyclical:4,0.0,165.02,4
1788951003.1614823,serverless_predictive_fixed:cyclical:4,0.0,165.02,4
1788951003.3640528,serverless_predictive_fixed:cyclical:4,0.0,165.02,4
1788951003.5665004,serverless_predictive_fixed:cyclical:4,0.0,165.02,4
1788951003.7695098,serverless_predictive_fixed:cyclical:4,0.0,165.02,4
1788951003.9724898,serverless_predictive_fixed:cyclical:4,0.0,165.02,4
1788951004.1748054,serverless_predictive_fixed:cyclical:4,0.0,165.02,4
1788951004.377148,serverless_predictive_fixed:cyclical:4,0.0,165.02,4
1788951004.5796106,serverless_predictive_fixed:cyclical:4,0.0,165.02,4
1788951004.781818,serverless_predictive_fixed:cyclical:4,0.0,165.02,4
1788951004.9844081,serverless_predictive_fixed:cyclical:4,0.0,122.41,3
1788951005.186514,serverless_predictive_fixed:cyclical:4,0.0,122.41,3
1788951005.3887024,serverless_predictive_fixed:cyclical:4,0.0,79.89,2
1788951005.5906477,serverless_predictive_fixed:cyclical:4,0.0,37.31,1
1788951005.7929766,serverless_predictive_fixed:cyclical:4,4.9,67.92,2
1788951005.9963691,serverless_predictive_fixed:cyclical:4,103.3,76.07,2
1788951006.19998,serverless_predictive_fixed:cyclical:4,44.2,79.98,2
1788951006.4035301,serverless_predictive_fixed:cyclical:4,0.0,79.98,2
1788951006.6069846,serverless_predictive_fixed:cyclical:4,0.0,79.98,2
1788951006.8103652,serverless_predictive_fixed:cyclical:4,0.0,79.98,2
1788951007.0137298,serverless_predictive_fixed:cyclical:4,0.0,79.98,2
1788951007.216073,serverless_predictive_fixed:cyclical:4,0.0,79.98,2
1788951007.4195037,serverless_predictive_fixed:cyclical:4,0.0,79.98,2
1788951007.6230097,serverless_predictive_fixed:cyclical:4,0.0,79.98,2
1788951007.8263445,serverless_predictive_fixed:cyclical:4,0.0,79.98,2
1788951008.0299463,serverless_predictive_fixed:cyclical:4,4.9,79.98,2
1788951008.233803,serverless_predictive_fixed:cyclical:4,0.0,79.98,2
1788951008.4372416,serverless_predictive_fixed:cyclical:4,0.0,79.98,2
1788951008.6394603,serverless_predictive_fixed:cyclical:4,0.0,79.98,2
1788951008.8417976,serverless_predictive_fixed:cyclical:4,4.9,79.98,2
1788951009.044845,serverless_predictive_fixed:cyclical:4,14.8,128.84,4
1788951009.2520907,serverless_predictive_fixed:cyclical:4,183.4,153.29,4
1788951009.4550593,serverless_predictive_fixed:cyclical:4,152.7,165.18,4
1788951009.6572766,serverless_predictive_fixed:cyclical:4,0.0,165.18,4
1788951009.8599384,serverless_predictive_fixed:cyclical:4,0.0,165.18,4
1788951010.0628693,serverless_predictive_fixed:cyclical:4,0.0,165.18,4
1788951010.2652097,serverless_predictive_fixed:cyclical:4,4.9,165.18,4
1788951010.467717,serverless_predictive_fixed:cyclical:4,0.0,165.18,4
1788951010.6699722,serverless_predictive_fixed:cyclical:4,0.0,165.18,4
1788951010.8722875,serverless_predictive_fixed:cyclical:4,0.0,165.18,4
1788951011.074632,serverless_predictive_fixed:cyclical:4,0.0,165.18,4
1788951011.2769918,serverless_predictive_fixed:cyclical:4,0.0,165.18,4
1788951011.4792655,serverless_predictive_fixed:cyclical:4,0.0,165.18,4
1788951011.6815593,serverless_predictive_fixed:cyclical:4,4.9,165.18,4
1788951011.884574,serverless_predictive_fixed:cyclical:4,0.0,165.18,4
1788951012.0868764,serverless_predictive_fixed:cyclical:4,0.0,165.18,4
1788951012.2890687,serverless_predictive_fixed:cyclical:4,0.0,165.18,4
1788951012.491417,serverless_predictive_fixed:cyclical:4,0.0,165.18,4
1788951012.6936493,serverless_predictive_fixed:cyclical:4,0.0,165.18,4
1788951012.8959246,serverless_predictive_fixed:cyclical:4,0.0,165.18,4
1788951013.0981123,serverless_predictive_fixed:cyclical:4,4.9,165.18,4
1788951013.3003874,serverless_predictive_fixed:cyclical:4,0.0,165.18,4
1788951013.5025773,serverless_predictive_fixed:cyclical:4,0.0,165.18,4
1788951013.7048655,serverless_predictive_fixed:cyclical:4,4.9,165.18,4
1788951013.90879,serverless_predictive_fixed:cyclical:4,0.0,165.18,4
1788951014.1114497,serverless_predictive_fixed:cyclical:4,0.0,165.18,4
1788951014.3137221,serverless_predictive_fixed:cyclical:4,0.0,165.18,4
1788951014.5160258,serverless_predictive_fixed:cyclical:4,4.9,165.18,4
1788951014.7183352,serverless_predictive_fixed:cyclical:4,0.0,165.18,4
1788951014.920544,serverless_predictive_fixed:cyclical:4,0.0,165.18,4
1788951015.1227255,serverless_predictive_fixed:cyclical:4,0.0,165.18,4
1788951015.3249018,serverless_predictive_fixed:cyclical:4,0.0,165.18,4
1788951015.5269527,serverless_predictive_fixed:cyclical:4,0.0,122.52,3
1788951015.7295952,serverless_predictive_fixed:cyclical:4,0.0,122.52,3
1788951015.9322174,serverless_predictive_fixed:cyclical:4,0.0,79.9,2
1788951016.1344614,serverless_predictive_fixed:cyclical:4,0.0,61.55,2
1788951016.3370507,serverless_predictive_fixed:cyclical:4,108.6,73.91,2
1788951016.5391097,serverless_predictive_fixed:cyclical:4,64.3,79.85,2
1788951016.7412508,serverless_predictive_fixed:cyclical:4,0.0,79.85,2
1788951016.9438136,serverless_predictive_fixed:cyclical:4,0.0,79.85,2
1788951017.146208,serverless_predictive_fixed:cyclical:4,0.0,79.85,2
1788951017.3493016,serverless_predictive_fixed:cyclical:4,0.0,79.85,2
1788951017.5514164,serverless_predictive_fixed:cyclical:4,0.0,79.85,2
1788951017.7535403,serverless_predictive_fixed:cyclical:4,0.0,79.85,2
1788951017.9556892,serverless_predictive_fixed:cyclical:4,0.0,79.85,2
1788951018.157775,serverless_predictive_fixed:cyclical:4,4.9,79.85,2
1788951018.3605433,serverless_predictive_fixed:cyclical:4,0.0,79.85,2
1788951018.5676095,serverless_predictive_fixed:cyclical:4,9.6,121.82,4
1788951018.7699745,serverless_predictive_fixed:cyclical:4,192.7,152.97,4
1788951018.9725292,serverless_predictive_fixed:cyclical:4,162.9,165.04,4
1788951019.1748807,serverless_predictive_fixed:cyclical:4,0.0,165.04,4
1788951019.377009,serverless_predictive_fixed:cyclical:4,4.9,165.04,4
1788951019.57918,serverless_predictive_fixed:cyclical:4,4.9,165.04,4
1788951019.7814505,serverless_predictive_fixed:cyclical:4,0.0,165.04,4
1788951019.9837153,serverless_predictive_fixed:cyclical:4,0.0,165.04,4
1788951020.1859047,serverless_predictive_fixed:cyclical:4,0.0,165.04,4
1788951020.3881516,serverless_predictive_fixed:cyclical:4,0.0,165.04,4
1788951020.5903788,serverless_predictive_fixed:cyclical:4,0.0,165.04,4
1788951020.7932012,serverless_predictive_fixed:cyclical:4,0.0,165.04,4
1788951020.9954066,serverless_predictive_fixed:cyclical:4,0.0,165.04,4
1788951021.1980486,serverless_predictive_fixed:cyclical:4,0.0,165.04,4
1788951021.400225,serverless_predictive_fixed:cyclical:4,0.0,165.04,4
1788951021.6023505,serverless_predictive_fixed:cyclical:4,0.0,165.04,4
1788951021.8046706,serverless_predictive_fixed:cyclical:4,0.0,165.04,4
1788951022.0070746,serverless_predictive_fixed:cyclical:4,0.0,165.04,4
1788951022.2092617,serverless_predictive_fixed:cyclical:4,4.9,165.04,4
1788951022.4115095,serverless_predictive_fixed:cyclical:4,4.9,165.04,4
1788951022.6137853,serverless_predictive_fixed:cyclical:4,0.0,165.04,4
1788951022.8162477,serverless_predictive_fixed:cyclical:4,0.0,165.04,4
1788951023.0185854,serverless_predictive_fixed:cyclical:4,0.0,165.04,4
1788951023.2208033,serverless_predictive_fixed:cyclical:4,0.0,165.04,4
1788951023.42307,serverless_predictive_fixed:cyclical:4,0.0,165.04,4
1788951023.6251967,serverless_predictive_fixed:cyclical:4,0.0,165.04,4
1788951023.8274212,serverless_predictive_fixed:cyclical:4,0.0,165.04,4
1788951024.0306668,serverless_predictive_fixed:cyclical:4,0.0,165.04,4
1788951024.2330983,serverless_predictive_fixed:cyclical:4,0.0,165.04,4
1788951024.4355938,serverless_predictive_fixed:cyclical:4,4.9,165.04,4
1788951024.6380076,serverless_predictive_fixed:cyclical:4,0.0,165.04,4
1788951024.8405573,serverless_predictive_fixed:cyclical:4,4.9,165.04,4
1788951025.0436835,serverless_predictive_fixed:cyclical:4,0.0,122.53,3
1788951025.2460234,serverless_predictive_fixed:cyclical:4,0.0,122.53,3
1788951025.449001,serverless_predictive_fixed:cyclical:4,0.0,79.95,2
1788951025.6514757,serverless_predictive_fixed:cyclical:4,3527.0,47.98,2
1788951025.854247,serverless_predictive_fixed:cyclical:4,103.5,71.45,2
1788951026.0564578,serverless_predictive_fixed:cyclical:4,98.9,79.79,2
1788951026.258736,serverless_predictive_fixed:cyclical:4,4.9,80.02,2
1788951026.4609745,serverless_predictive_fixed:cyclical:4,0.0,80.02,2
1788951026.6631052,serverless_predictive_fixed:cyclical:4,4.9,80.02,2
1788951026.8652298,serverless_predictive_fixed:cyclical:4,0.0,80.02,2
1788951027.0675125,serverless_predictive_fixed:cyclical:4,0.0,80.02,2
1788951027.269829,serverless_predictive_fixed:cyclical:4,0.0,80.02,2
1788951027.4720395,serverless_predictive_fixed:cyclical:4,0.0,80.02,2
1788951027.6744835,serverless_predictive_fixed:cyclical:4,0.0,80.02,2
1788951027.8770452,serverless_predictive_fixed:cyclical:4,0.0,80.02,2
1788951028.0824893,serverless_predictive_fixed:cyclical:4,9.8,125.93,4
1788951028.2866094,serverless_predictive_fixed:cyclical:4,186.2,152.91,4
1788951028.4914382,serverless_predictive_fixed:cyclical:4,195.3,165.01,4
1788951029.3264713,serverless_predictive_fixed:cyclical:5,0.0,36.71,1
1788951029.528541,serverless_predictive_fixed:cyclical:5,0.0,36.71,1
1788951029.7306259,serverless_predictive_fixed:cyclical:5,0.0,36.71,1
1788951029.932723,serverless_predictive_fixed:cyclical:5,0.0,36.71,1
1788951030.1347802,serverless_predictive_fixed:cyclical:5,0.0,36.71,1
1788951030.336926,serverless_predictive_fixed:cyclical:5,0.0,36.71,1
1788951030.5389135,serverless_predictive_fixed:cyclical:5,0.0,36.71,1
1788951030.741108,serverless_predictive_fixed:cyclical:5,0.0,36.71,1
1788951030.9431245,serverless_predictive_fixed:cyclical:5,0.0,36.71,1
1788951031.144923,serverless_predictive_fixed:cyclical:5,0.0,36.71,1
1788951031.346972,serverless_predictive_fixed:cyclical:5,5.0,36.71,1
1788951031.5490708,serverless_predictive_fixed:cyclical:5,0.0,36.71,1
1788951031.751123,serverless_predictive_fixed:cyclical:5,0.0,36.71,1
1788951031.9530632,serverless_predictive_fixed:cyclical:5,0.0,36.71,1
1788951032.1550813,serverless_predictive_fixed:cyclical:5,0.0,36.71,1
1788951032.357058,serverless_predictive_fixed:cyclical:5,0.0,36.71,1
1788951032.5591917,serverless_predictive_fixed:cyclical:5,0.0,36.71,1
1788951032.761193,serverless_predictive_fixed:cyclical:5,0.0,36.71,1
1788951032.9630542,serverless_predictive_fixed:cyclical:5,0.0,36.71,1
1788951033.1655464,serverless_predictive_fixed:cyclical:5,0.0,36.71,1
1788951033.3674974,serverless_predictive_fixed:cyclical:5,0.0,36.71,1
1788951033.5694268,serverless_predictive_fixed:cyclical:5,0.0,36.71,1
1788951033.7714334,serverless_predictive_fixed:cyclical:5,0.0,36.71,1
1788951033.9733908,serverless_predictive_fixed:cyclical:5,0.0,36.71,1
1788951034.1756067,serverless_predictive_fixed:cyclical:5,0.0,36.71,1
1788951034.377611,serverless_predictive_fixed:cyclical:5,0.0,36.71,1
1788951034.579632,serverless_predictive_fixed:cyclical:5,0.0,36.71,1
1788951034.7814746,serverless_predictive_fixed:cyclical:5,0.0,36.71,1
1788951034.9843524,serverless_predictive_fixed:cyclical:5,4.9,36.71,1
1788951035.1864445,serverless_predictive_fixed:cyclical:5,0.0,36.71,1
1788951035.3883562,serverless_predictive_fixed:cyclical:5,0.0,36.71,1
1788951035.5901787,serverless_predictive_fixed:cyclical:5,0.0,36.71,1
1788951035.7922325,serverless_predictive_fixed:cyclical:5,0.0,36.71,1
1788951035.9941013,serverless_predictive_fixed:cyclical:5,0.0,36.71,1
1788951036.1962926,serverless_predictive_fixed:cyclical:5,0.0,36.71,1
1788951036.398402,serverless_predictive_fixed:cyclical:5,0.0,36.71,1
1788951036.6016347,serverless_predictive_fixed:cyclical:5,0.0,36.71,1
1788951036.8039036,serverless_predictive_fixed:cyclical:5,0.0,36.71,1
1788951037.0058591,serverless_predictive_fixed:cyclical:5,0.0,36.71,1
1788951037.2082133,serverless_predictive_fixed:cyclical:5,0.0,36.71,1
1788951037.41055,serverless_predictive_fixed:cyclical:5,0.0,36.71,1
1788951037.6127348,serverless_predictive_fixed:cyclical:5,0.0,36.71,1
1788951037.8148797,serverless_predictive_fixed:cyclical:5,0.0,36.71,1
1788951038.0173416,serverless_predictive_fixed:cyclical:5,0.0,36.71,1
1788951038.2196486,serverless_predictive_fixed:cyclical:5,0.0,36.71,1
1788951038.421744,serverless_predictive_fixed:cyclical:5,0.0,36.71,1
1788951038.6238437,serverless_predictive_fixed:cyclical:5,0.0,36.71,1
1788951038.8258762,serverless_predictive_fixed:cyclical:5,5.0,36.71,1
1788951039.0278883,serverless_predictive_fixed:cyclical:5,0.0,36.71,1
1788951039.230832,serverless_predictive_fixed:cyclical:5,0.0,60.67,4
1788951039.4370234,serverless_predictive_fixed:cyclical:5,189.1,118.85,4
1788951039.641021,serverless_predictive_fixed:cyclical:5,210.7,146.14,4
1788951039.843099,serverless_predictive_fixed:cyclical:5,193.0,154.92,4
1788951040.0450985,serverless_predictive_fixed:cyclical:5,104.1,164.77,4
1788951040.247357,serverless_predictive_fixed:cyclical:5,0.0,164.77,4
1788951040.4495625,serverless_predictive_fixed:cyclical:5,0.0,164.77,4
1788951040.6518195,serverless_predictive_fixed:cyclical:5,0.0,164.77,4
1788951040.8539915,serverless_predictive_fixed:cyclical:5,0.0,164.77,4
1788951041.0561779,serverless_predictive_fixed:cyclical:5,0.0,164.77,4
1788951041.2584338,serverless_predictive_fixed:cyclical:5,0.0,164.77,4
1788951041.4606302,serverless_predictive_fixed:cyclical:5,0.0,164.77,4
1788951041.6628954,serverless_predictive_fixed:cyclical:5,0.0,164.77,4
1788951041.865074,serverless_predictive_fixed:cyclical:5,0.0,164.77,4
1788951042.0673594,serverless_predictive_fixed:cyclical:5,0.0,164.77,4
1788951042.2695088,serverless_predictive_fixed:cyclical:5,4.9,164.77,4
1788951042.471772,serverless_predictive_fixed:cyclical:5,4.9,164.77,4
1788951042.6740005,serverless_predictive_fixed:cyclical:5,0.0,164.77,4
1788951042.876241,serverless_predictive_fixed:cyclical:5,0.0,164.77,4
1788951043.0787446,serverless_predictive_fixed:cyclical:5,0.0,164.77,4
1788951043.2812457,serverless_predictive_fixed:cyclical:5,4.9,164.77,4
1788951043.48364,serverless_predictive_fixed:cyclical:5,0.0,164.77,4
1788951043.6862016,serverless_predictive_fixed:cyclical:5,0.0,164.77,4
1788951043.8887107,serverless_predictive_fixed:cyclical:5,0.0,164.77,4
1788951044.0910866,serverless_predictive_fixed:cyclical:5,0.0,164.77,4
1788951044.2939026,serverless_predictive_fixed:cyclical:5,4.9,164.77,4
1788951044.4961948,serverless_predictive_fixed:cyclical:5,0.0,164.77,4
1788951044.6984174,serverless_predictive_fixed:cyclical:5,0.0,164.77,4
1788951044.9009912,serverless_predictive_fixed:cyclical:5,0.0,164.77,4
1788951045.1032503,serverless_predictive_fixed:cyclical:5,0.0,164.77,4
1788951045.305543,serverless_predictive_fixed:cyclical:5,0.0,164.77,4
1788951045.5077693,serverless_predictive_fixed:cyclical:5,0.0,164.77,4
1788951045.7104778,serverless_predictive_fixed:cyclical:5,0.0,164.77,4
1788951045.9130926,serverless_predictive_fixed:cyclical:5,4.9,164.77,4
1788951046.1153183,serverless_predictive_fixed:cyclical:5,0.0,164.85,4
1788951046.32122,serverless_predictive_fixed:cyclical:5,4.9,128.43,4
1788951046.5245306,serverless_predictive_fixed:cyclical:5,98.4,113.17,3
1788951046.7264721,serverless_predictive_fixed:cyclical:5,103.9,76.98,2
1788951046.9288507,serverless_predictive_fixed:cyclical:5,24.7,79.84,2
1788951047.1309898,serverless_predictive_fixed:cyclical:5,0.0,79.84,2
1788951047.3334503,serverless_predictive_fixed:cyclical:5,0.0,79.84,2
1788951047.5356562,serverless_predictive_fixed:cyclical:5,0.0,79.84,2
1788951047.7376733,serverless_predictive_fixed:cyclical:5,0.0,79.84,2
1788951047.9397764,serverless_predictive_fixed:cyclical:5,0.0,79.84,2
1788951048.1418245,serverless_predictive_fixed:cyclical:5,0.0,79.84,2
1788951048.3440208,serverless_predictive_fixed:cyclical:5,0.0,79.84,2
1788951048.5460072,serverless_predictive_fixed:cyclical:5,0.0,79.84,2
1788951048.7480292,serverless_predictive_fixed:cyclical:5,4.9,79.84,2
1788951048.9504344,serverless_predictive_fixed:cyclical:5,0.0,79.84,2
1788951049.152528,serverless_predictive_fixed:cyclical:5,0.0,79.84,2
1788951049.3597417,serverless_predictive_fixed:cyclical:5,9.6,137.02,4
1788951049.5639987,serverless_predictive_fixed:cyclical:5,195.8,155.27,4
1788951049.7671554,serverless_predictive_fixed:cyclical:5,103.4,165.01,4
1788951049.969742,serverless_predictive_fixed:cyclical:5,0.0,165.01,4
1788951050.1720726,serverless_predictive_fixed:cyclical:5,0.0,165.01,4
1788951050.3743632,serverless_predictive_fixed:cyclical:5,0.0,165.01,4
1788951050.5766933,serverless_predictive_fixed:cyclical:5,0.0,165.01,4
1788951050.779338,serverless_predictive_fixed:cyclical:5,0.0,165.01,4
1788951050.9818492,serverless_predictive_fixed:cyclical:5,0.0,165.01,4
1788951051.185097,serverless_predictive_fixed:cyclical:5,4.9,165.01,4
1788951051.3873587,serverless_predictive_fixed:cyclical:5,0.0,165.01,4
1788951051.5898175,serverless_predictive_fixed:cyclical:5,0.0,165.01,4
1788951051.7927241,serverless_predictive_fixed:cyclical:5,0.0,165.01,4
1788951051.9950738,serverless_predictive_fixed:cyclical:5,0.0,165.01,4
1788951052.197195,serverless_predictive_fixed:cyclical:5,0.0,165.01,4
1788951052.3994374,serverless_predictive_fixed:cyclical:5,0.0,165.01,4
1788951052.6017377,serverless_predictive_fixed:cyclical:5,0.0,165.01,4
1788951052.8041694,serverless_predictive_fixed:cyclical:5,0.0,165.01,4
1788951053.0065672,serverless_predictive_fixed:cyclical:5,4.9,165.01,4
1788951053.208971,serverless_predictive_fixed:cyclical:5,0.0,165.01,4
1788951053.4113595,serverless_predictive_fixed:cyclical:5,0.0,165.01,4
1788951053.613843,serverless_predictive_fixed:cyclical:5,4.9,165.01,4
1788951053.8170142,serverless_predictive_fixed:cyclical:5,0.0,165.01,4
1788951054.0192523,serverless_predictive_fixed:cyclical:5,0.0,165.01,4
1788951054.2217693,serverless_predictive_fixed:cyclical:5,0.0,165.01,4
1788951054.4241774,serverless_predictive_fixed:cyclical:5,0.0,165.01,4
1788951054.6263561,serverless_predictive_fixed:cyclical:5,0.0,165.01,4
1788951054.8288739,serverless_predictive_fixed:cyclical:5,0.0,165.01,4
1788951055.032584,serverless_predictive_fixed:cyclical:5,0.0,165.01,4
1788951055.2355926,serverless_predictive_fixed:cyclical:5,4.9,165.01,4
1788951055.4377654,serverless_predictive_fixed:cyclical:5,0.0,165.01,4
1788951055.640117,serverless_predictive_fixed:cyclical:5,0.0,165.01,4
1788951055.842831,serverless_predictive_fixed:cyclical:5,4.9,122.41,3
1788951056.0451026,serverless_predictive_fixed:cyclical:5,4.9,122.41,3
1788951056.247624,serverless_predictive_fixed:cyclical:5,0.0,122.41,3
1788951056.4498832,serverless_predictive_fixed:cyclical:5,4.9,103.78,3
1788951056.6521494,serverless_predictive_fixed:cyclical:5,108.8,73.94,2
1788951056.8543408,serverless_predictive_fixed:cyclical:5,64.3,79.88,2
1788951057.0567622,serverless_predictive_fixed:cyclical:5,0.0,79.88,2
1788951057.2589576,serverless_predictive_fixed:cyclical:5,0.0,79.88,2
1788951057.4611614,serverless_predictive_fixed:cyclical:5,4.9,79.88,2
1788951057.663452,serverless_predictive_fixed:cyclical:5,0.0,79.88,2
1788951057.8657963,serverless_predictive_fixed:cyclical:5,0.0,79.88,2
1788951058.0689716,serverless_predictive_fixed:cyclical:5,19.6,127.14,4
1788951058.2760077,serverless_predictive_fixed:cyclical:5,183.5,152.98,4
1788951058.4789422,serverless_predictive_fixed:cyclical:5,177.4,164.87,4
1788951058.6824346,serverless_predictive_fixed:cyclical:5,4.9,165.02,4
1788951058.884919,serverless_predictive_fixed:cyclical:5,0.0,165.02,4
1788951059.0873523,serverless_predictive_fixed:cyclical:5,0.0,165.02,4
1788951059.2897146,serverless_predictive_fixed:cyclical:5,4.9,165.02,4
1788951059.4923334,serverless_predictive_fixed:cyclical:5,0.0,165.02,4
1788951059.6947188,serverless_predictive_fixed:cyclical:5,4.9,165.02,4
1788951059.8970947,serverless_predictive_fixed:cyclical:5,4.9,165.02,4
1788951060.0996344,serverless_predictive_fixed:cyclical:5,0.0,165.02,4
1788951060.3019807,serverless_predictive_fixed:cyclical:5,0.0,165.02,4
1788951060.5043998,serverless_predictive_fixed:cyclical:5,0.0,165.02,4
1788951060.7068584,serverless_predictive_fixed:cyclical:5,0.0,165.02,4
1788951060.909336,serverless_predictive_fixed:cyclical:5,0.0,165.02,4
1788951061.1118891,serverless_predictive_fixed:cyclical:5,0.0,165.02,4
1788951061.314675,serverless_predictive_fixed:cyclical:5,0.0,165.02,4
1788951061.5171883,serverless_predictive_fixed:cyclical:5,0.0,165.02,4
1788951061.7201037,serverless_predictive_fixed:cyclical:5,0.0,165.02,4
1788951061.922671,serverless_predictive_fixed:cyclical:5,0.0,165.02,4
1788951062.1251824,serverless_predictive_fixed:cyclical:5,4.9,165.02,4
1788951062.3277571,serverless_predictive_fixed:cyclical:5,0.0,165.02,4
1788951062.5320804,serverless_predictive_fixed:cyclical:5,0.0,165.02,4
1788951062.7360485,serverless_predictive_fixed:cyclical:5,0.0,165.02,4
1788951062.9384546,serverless_predictive_fixed:cyclical:5,0.0,165.02,4
1788951063.1411822,serverless_predictive_fixed:cyclical:5,0.0,165.02,4
1788951063.3438067,serverless_predictive_fixed:cyclical:5,0.0,165.02,4
1788951063.546363,serverless_predictive_fixed:cyclical:5,4.9,165.02,4
1788951063.7494004,serverless_predictive_fixed:cyclical:5,0.0,165.02,4
1788951063.9527771,serverless_predictive_fixed:cyclical:5,4.9,165.02,4
1788951064.1554806,serverless_predictive_fixed:cyclical:5,4.9,165.02,4
1788951064.3583658,serverless_predictive_fixed:cyclical:5,0.0,165.02,4
1788951064.5608158,serverless_predictive_fixed:cyclical:5,0.0,122.45,3
1788951064.7633226,serverless_predictive_fixed:cyclical:5,0.0,122.45,3
1788951064.9656465,serverless_predictive_fixed:cyclical:5,0.0,79.9,2
1788951065.1679213,serverless_predictive_fixed:cyclical:5,4.9,64.13,2
1788951065.3700361,serverless_predictive_fixed:cyclical:5,103.9,74.04,2
1788951065.5723305,serverless_predictive_fixed:cyclical:5,69.2,79.94,2
1788951065.775054,serverless_predictive_fixed:cyclical:5,0.0,79.94,2
1788951065.977076,serverless_predictive_fixed:cyclical:5,0.0,79.94,2
1788951066.1791458,serverless_predictive_fixed:cyclical:5,0.0,79.94,2
1788951066.3812523,serverless_predictive_fixed:cyclical:5,0.0,79.94,2
1788951066.5833256,serverless_predictive_fixed:cyclical:5,0.0,79.94,2
1788951066.785585,serverless_predictive_fixed:cyclical:5,0.0,79.94,2
1788951066.9876616,serverless_predictive_fixed:cyclical:5,0.0,79.94,2
1788951067.190442,serverless_predictive_fixed:cyclical:5,0.0,79.94,2
1788951067.3930097,serverless_predictive_fixed:cyclical:5,0.0,79.94,2
1788951067.5999858,serverless_predictive_fixed:cyclical:5,4.8,92.59,4
1788951067.80537,serverless_predictive_fixed:cyclical:5,189.9,141.01,4
1788951068.0131226,serverless_predictive_fixed:cyclical:5,192.4,156.25,4
1788951068.2156131,serverless_predictive_fixed:cyclical:5,103.7,165.19,4
1788951068.4180446,serverless_predictive_fixed:cyclical:5,0.0,165.19,4
1788951068.620373,serverless_predictive_fixed:cyclical:5,0.0,165.19,4
1788951068.8229349,serverless_predictive_fixed:cyclical:5,0.0,165.19,4
1788951069.0252938,serverless_predictive_fixed:cyclical:5,0.0,165.19,4
1788951069.227651,serverless_predictive_fixed:cyclical:5,4.9,165.19,4
1788951069.4306905,serverless_predictive_fixed:cyclical:5,0.0,165.19,4
1788951069.6331038,serverless_predictive_fixed:cyclical:5,0.0,165.19,4
1788951069.8363008,serverless_predictive_fixed:cyclical:5,4.9,165.19,4
1788951070.0390613,serverless_predictive_fixed:cyclical:5,0.0,165.19,4
1788951070.241752,serverless_predictive_fixed:cyclical:5,0.0,165.19,4
1788951070.444181,serverless_predictive_fixed:cyclical:5,0.0,165.19,4
1788951070.6465464,serverless_predictive_fixed:cyclical:5,0.0,165.19,4
1788951070.8490064,serverless_predictive_fixed:cyclical:5,0.0,165.19,4
1788951071.0515728,serverless_predictive_fixed:cyclical:5,0.0,165.19,4
1788951071.2543206,serverless_predictive_fixed:cyclical:5,0.0,165.19,4
1788951071.4569032,serverless_predictive_fixed:cyclical:5,0.0,165.19,4
1788951071.6593957,serverless_predictive_fixed:cyclical:5,0.0,165.19,4
1788951071.8616798,serverless_predictive_fixed:cyclical:5,4.9,165.19,4
1788951072.064138,serverless_predictive_fixed:cyclical:5,0.0,165.19,4
1788951072.2665997,serverless_predictive_fixed:cyclical:5,4.9,165.19,4
1788951072.4692314,serverless_predictive_fixed:cyclical:5,0.0,165.19,4
1788951072.6717079,serverless_predictive_fixed:cyclical:5,0.0,165.19,4
1788951072.8740003,serverless_predictive_fixed:cyclical:5,0.0,165.19,4
1788951073.0777826,serverless_predictive_fixed:cyclical:5,4.9,165.19,4
1788951073.2802417,serverless_predictive_fixed:cyclical:5,0.0,165.19,4
1788951073.4841807,serverless_predictive_fixed:cyclical:5,0.0,165.19,4
1788951073.6865537,serverless_predictive_fixed:cyclical:5,0.0,165.19,4
1788951073.8891623,serverless_predictive_fixed:cyclical:5,0.0,165.19,4
1788951074.0915153,serverless_predictive_fixed:cyclical:5,0.0,122.58,3
1788951074.29396,serverless_predictive_fixed:cyclical:5,0.0,122.58,3
1788951074.4962187,serverless_predictive_fixed:cyclical:5,0.0,80.02,2
1788951074.698321,serverless_predictive_fixed:cyclical:5,0.0,37.35,1
1788951074.901234,serverless_predictive_fixed:cyclical:5,4.9,64.49,2
1788951075.1033978,serverless_predictive_fixed:cyclical:5,103.8,75.02,2
1788951075.3383849,serverless_predictive_fixed:cyclical:5,42.6,79.88,2
1788951075.5405471,serverless_predictive_fixed:cyclical:5,0.0,79.88,2
1788951075.742672,serverless_predictive_fixed:cyclical:5,0.0,79.88,2
1788951075.945188,serverless_predictive_fixed:cyclical:5,0.0,79.88,2
1788951076.1474135,serverless_predictive_fixed:cyclical:5,0.0,79.88,2
1788951076.349772,serverless_predictive_fixed:cyclical:5,0.0,79.88,2
1788951076.5524228,serverless_predictive_fixed:cyclical:5,4.9,100.61,4
1788951076.7545588,serverless_predictive_fixed:cyclical:5,202.7,142.47,4
1788951076.9609745,serverless_predictive_fixed:cyclical:5,203.4,155.72,4
1788951077.909193,serverless_predictive_fixed:cyclical:0,0.0,36.61,1
1788951078.1190846,serverless_predictive_fixed:cyclical:0,0.0,36.61,1
1788951078.3210719,serverless_predictive_fixed:cyclical:0,0.0,36.61,1
1788951078.5231168,serverless_predictive_fixed:cyclical:0,0.0,36.61,1
1788951078.7251756,serverless_predictive_fixed:cyclical:0,0.0,36.61,1
1788951078.9277275,serverless_predictive_fixed:cyclical:0,0.0,36.61,1
1788951079.1298225,serverless_predictive_fixed:cyclical:0,0.0,36.61,1
1788951079.3319316,serverless_predictive_fixed:cyclical:0,4.9,36.61,1
1788951079.5339231,serverless_predictive_fixed:cyclical:0,0.0,36.61,1
1788951079.7360392,serverless_predictive_fixed:cyclical:0,0.0,36.61,1
1788951079.938004,serverless_predictive_fixed:cyclical:0,0.0,36.61,1
1788951080.1400406,serverless_predictive_fixed:cyclical:0,0.0,36.61,1
1788951080.342059,serverless_predictive_fixed:cyclical:0,0.0,36.61,1
1788951080.544392,serverless_predictive_fixed:cyclical:0,0.0,36.61,1
1788951080.7465224,serverless_predictive_fixed:cyclical:0,0.0,36.61,1
1788951080.9485493,serverless_predictive_fixed:cyclical:0,0.0,36.61,1
1788951081.1508667,serverless_predictive_fixed:cyclical:0,0.0,36.61,1
1788951081.3532717,serverless_predictive_fixed:cyclical:0,0.0,36.61,1
1788951081.5557895,serverless_predictive_fixed:cyclical:0,0.0,36.61,1
1788951081.7583385,serverless_predictive_fixed:cyclical:0,0.0,36.61,1
1788951081.9608786,serverless_predictive_fixed:cyclical:0,0.0,36.61,1
1788951082.163146,serverless_predictive_fixed:cyclical:0,0.0,36.61,1
1788951082.3653579,serverless_predictive_fixed:cyclical:0,0.0,36.61,1
1788951082.567531,serverless_predictive_fixed:cyclical:0,0.0,36.61,1
1788951082.7696702,serverless_predictive_fixed:cyclical:0,0.0,36.61,1
1788951082.9716036,serverless_predictive_fixed:cyclical:0,0.0,36.61,1
1788951083.1737022,serverless_predictive_fixed:cyclical:0,0.0,36.61,1
1788951083.3756142,serverless_predictive_fixed:cyclical:0,5.0,36.61,1
1788951083.5775387,serverless_predictive_fixed:cyclical:0,0.0,36.61,1
1788951083.7796755,serverless_predictive_fixed:cyclical:0,0.0,36.61,1
1788951083.982261,serverless_predictive_fixed:cyclical:0,0.0,36.61,1
1788951084.1845202,serverless_predictive_fixed:cyclical:0,0.0,36.61,1
1788951084.3864534,serverless_predictive_fixed:cyclical:0,0.0,36.61,1
1788951084.5883799,serverless_predictive_fixed:cyclical:0,0.0,36.61,1
1788951084.7905638,serverless_predictive_fixed:cyclical:0,0.0,36.61,1
1788951084.9925773,serverless_predictive_fixed:cyclical:0,0.0,36.61,1
1788951085.1943939,serverless_predictive_fixed:cyclical:0,0.0,36.61,1
1788951085.3966107,serverless_predictive_fixed:cyclical:0,0.0,36.61,1
1788951085.5987477,serverless_predictive_fixed:cyclical:0,0.0,36.61,1
1788951085.8008702,serverless_predictive_fixed:cyclical:0,0.0,36.61,1
1788951086.0031328,serverless_predictive_fixed:cyclical:0,0.0,36.61,1
1788951086.2057679,serverless_predictive_fixed:cyclical:0,0.0,36.61,1
1788951086.4078553,serverless_predictive_fixed:cyclical:0,0.0,36.61,1
1788951086.609846,serverless_predictive_fixed:cyclical:0,0.0,36.61,1
1788951086.8118389,serverless_predictive_fixed:cyclical:0,0.0,36.61,1
1788951087.0138574,serverless_predictive_fixed:cyclical:0,5.0,36.61,1
1788951087.216162,serverless_predictive_fixed:cyclical:0,0.0,36.61,1
1788951087.4184167,serverless_predictive_fixed:cyclical:0,0.0,36.61,1
1788951087.6205075,serverless_predictive_fixed:cyclical:0,0.0,36.61,1
1788951087.8280451,serverless_predictive_fixed:cyclical:0,4.8,68.41,4
1788951088.0322688,serverless_predictive_fixed:cyclical:0,186.8,119.66,4
1788951088.2383735,serverless_predictive_fixed:cyclical:0,193.2,143.69,4
1788951088.4411218,serverless_predictive_fixed:cyclical:0,192.4,158.16,4
1788951088.6441321,serverless_predictive_fixed:cyclical:0,73.8,164.99,4
1788951088.8464622,serverless_predictive_fixed:cyclical:0,0.0,164.99,4
1788951089.0490534,serverless_predictive_fixed:cyclical:0,0.0,164.99,4
1788951089.2517834,serverless_predictive_fixed:cyclical:0,0.0,164.99,4
1788951089.4539268,serverless_predictive_fixed:cyclical:0,4.9,164.99,4
1788951089.6561525,serverless_predictive_fixed:cyclical:0,0.0,164.99,4
1788951089.8587866,serverless_predictive_fixed:cyclical:0,0.0,164.99,4
1788951090.06099,serverless_predictive_fixed:cyclical:0,0.0,164.99,4
1788951090.263091,serverless_predictive_fixed:cyclical:0,0.0,164.99,4
1788951090.4652627,serverless_predictive_fixed:cyclical:0,0.0,164.99,4
1788951090.6674948,serverless_predictive_fixed:cyclical:0,4.9,164.99,4
1788951090.8703918,serverless_predictive_fixed:cyclical:0,0.0,164.99,4
1788951091.0728683,serverless_predictive_fixed:cyclical:0,0.0,164.99,4
1788951091.275348,serverless_predictive_fixed:cyclical:0,0.0,164.99,4
1788951091.4775224,serverless_predictive_fixed:cyclical:0,0.0,164.99,4
1788951091.6798072,serverless_predictive_fixed:cyclical:0,0.0,164.99,4
1788951091.8820753,serverless_predictive_fixed:cyclical:0,0.0,164.99,4
1788951092.0843098,serverless_predictive_fixed:cyclical:0,0.0,164.99,4
1788951092.2863395,serverless_predictive_fixed:cyclical:0,4.9,164.99,4
1788951092.4893808,serverless_predictive_fixed:cyclical:0,0.0,164.99,4
1788951092.6916966,serverless_predictive_fixed:cyclical:0,0.0,164.99,4
1788951092.9060488,serverless_predictive_fixed:cyclical:0,0.0,164.99,4
1788951093.1082833,serverless_predictive_fixed:cyclical:0,0.0,164.99,4
1788951093.3103633,serverless_predictive_fixed:cyclical:0,0.0,164.99,4
1788951093.512637,serverless_predictive_fixed:cyclical:0,0.0,164.99,4
1788951093.7149117,serverless_predictive_fixed:cyclical:0,0.0,164.99,4
1788951093.9172022,serverless_predictive_fixed:cyclical:0,9.8,164.99,4
1788951094.1196847,serverless_predictive_fixed:cyclical:0,0.0,164.99,4
1788951094.3228257,serverless_predictive_fixed:cyclical:0,0.0,164.99,4
1788951094.5251093,serverless_predictive_fixed:cyclical:0,0.0,164.99,4
1788951094.7287478,serverless_predictive_fixed:cyclical:0,0.0,165.06,4
1788951094.931523,serverless_predictive_fixed:cyclical:0,0.0,122.46,3
1788951095.1347957,serverless_predictive_fixed:cyclical:0,0.0,79.79,2
1788951095.336946,serverless_predictive_fixed:cyclical:0,0.0,37.12,1
1788951095.538812,serverless_predictive_fixed:cyclical:0,0.0,37.12,1
1788951095.7410378,serverless_predictive_fixed:cyclical:0,4.9,37.12,1
1788951095.9434557,serverless_predictive_fixed:cyclical:0,0.0,37.12,1
1788951096.145544,serverless_predictive_fixed:cyclical:0,0.0,37.12,1
1788951096.3480682,serverless_predictive_fixed:cyclical:0,0.0,37.12,1
1788951096.5501282,serverless_predictive_fixed:cyclical:0,0.0,37.12,1
1788951096.7527337,serverless_predictive_fixed:cyclical:0,0.0,55.56,2
1788951096.9599807,serverless_predictive_fixed:cyclical:0,446.3,95.99,4
1788951097.1679752,serverless_predictive_fixed:cyclical:0,196.1,134.59,4
1788951097.3706486,serverless_predictive_fixed:cyclical:0,192.5,153.52,4
1788951097.573277,serverless_predictive_fixed:cyclical:0,138.1,164.89,4
1788951097.7756333,serverless_predictive_fixed:cyclical:0,0.0,164.89,4
1788951097.9784498,serverless_predictive_fixed:cyclical:0,0.0,164.89,4
1788951098.1810484,serverless_predictive_fixed:cyclical:0,0.0,164.89,4
1788951098.3833876,serverless_predictive_fixed:cyclical:0,0.0,164.89,4
1788951098.5854871,serverless_predictive_fixed:cyclical:0,0.0,164.89,4
1788951098.7877243,serverless_predictive_fixed:cyclical:0,4.9,164.89,4
1788951098.989849,serverless_predictive_fixed:cyclical:0,0.0,164.89,4
1788951099.192405,serverless_predictive_fixed:cyclical:0,0.0,164.89,4
1788951099.3956308,serverless_predictive_fixed:cyclical:0,0.0,164.89,4
1788951099.59777,serverless_predictive_fixed:cyclical:0,0.0,164.89,4
1788951099.8004804,serverless_predictive_fixed:cyclical:0,0.0,164.89,4
1788951100.0046012,serverless_predictive_fixed:cyclical:0,0.0,164.89,4
1788951100.2084355,serverless_predictive_fixed:cyclical:0,0.0,164.89,4
1788951100.411666,serverless_predictive_fixed:cyclical:0,0.0,164.89,4
1788951100.6153557,serverless_predictive_fixed:cyclical:0,4.9,164.89,4
1788951100.8187346,serverless_predictive_fixed:cyclical:0,0.0,164.89,4
1788951101.0214403,serverless_predictive_fixed:cyclical:0,0.0,164.89,4
1788951101.2237275,serverless_predictive_fixed:cyclical:0,0.0,164.89,4
1788951101.4261875,serverless_predictive_fixed:cyclical:0,9.8,164.89,4
1788951101.628689,serverless_predictive_fixed:cyclical:0,0.0,164.89,4
1788951101.831411,serverless_predictive_fixed:cyclical:0,0.0,164.89,4
1788951102.0336292,serverless_predictive_fixed:cyclical:0,0.0,164.89,4
1788951102.2366438,serverless_predictive_fixed:cyclical:0,0.0,164.89,4
1788951102.4400988,serverless_predictive_fixed:cyclical:0,0.0,164.89,4
1788951102.642332,serverless_predictive_fixed:cyclical:0,0.0,164.89,4
1788951102.844864,serverless_predictive_fixed:cyclical:0,0.0,164.89,4
1788951103.0470455,serverless_predictive_fixed:cyclical:0,0.0,164.89,4
1788951103.2496715,serverless_predictive_fixed:cyclical:0,4.9,164.89,4
1788951103.4521625,serverless_predictive_fixed:cyclical:0,0.0,164.89,4
1788951103.6545098,serverless_predictive_fixed:cyclical:0,0.0,164.89,4
1788951103.8569536,serverless_predictive_fixed:cyclical:0,0.0,122.31,3
1788951104.059323,serverless_predictive_fixed:cyclical:0,4.9,79.77,2
1788951104.2615244,serverless_predictive_fixed:cyclical:0,0.0,37.27,1
1788951104.4634316,serverless_predictive_fixed:cyclical:0,0.0,37.27,1
1788951104.665237,serverless_predictive_fixed:cyclical:0,0.0,37.27,1
1788951104.8673534,serverless_predictive_fixed:cyclical:0,0.0,37.27,1
1788951105.069349,serverless_predictive_fixed:cyclical:0,0.0,37.27,1
1788951105.2712834,serverless_predictive_fixed:cyclical:0,0.0,37.27,1
1788951105.473299,serverless_predictive_fixed:cyclical:0,0.0,37.27,1
1788951105.6753268,serverless_predictive_fixed:cyclical:0,5.0,37.27,1
1788951105.8774366,serverless_predictive_fixed:cyclical:0,0.0,37.46,2
1788951106.079595,serverless_predictive_fixed:cyclical:0,98.9,69.21,2
1788951106.281485,serverless_predictive_fixed:cyclical:0,99.1,76.4,2
1788951106.4840355,serverless_predictive_fixed:cyclical:0,34.5,105.36,4
1788951106.6870022,serverless_predictive_fixed:cyclical:0,192.1,147.74,4
1788951106.8932865,serverless_predictive_fixed:cyclical:0,198.7,161.8,4
1788951107.095926,serverless_predictive_fixed:cyclical:0,24.6,164.96,4
1788951107.2982578,serverless_predictive_fixed:cyclical:0,0.0,164.96,4
1788951107.5005543,serverless_predictive_fixed:cyclical:0,4.9,164.96,4
1788951107.7033482,serverless_predictive_fixed:cyclical:0,0.0,164.96,4
1788951107.9059596,serverless_predictive_fixed:cyclical:0,0.0,164.96,4
1788951108.1083329,serverless_predictive_fixed:cyclical:0,0.0,164.96,4
1788951108.3105702,serverless_predictive_fixed:cyclical:0,0.0,164.96,4
1788951108.512976,serverless_predictive_fixed:cyclical:0,0.0,164.96,4
1788951108.7168472,serverless_predictive_fixed:cyclical:0,0.0,164.96,4
1788951108.919411,serverless_predictive_fixed:cyclical:0,0.0,164.96,4
1788951109.1218739,serverless_predictive_fixed:cyclical:0,4.9,164.96,4
1788951109.3243093,serverless_predictive_fixed:cyclical:0,0.0,164.96,4
1788951109.5264816,serverless_predictive_fixed:cyclical:0,0.0,164.96,4
1788951109.7287796,serverless_predictive_fixed:cyclical:0,4.9,164.96,4
1788951109.930893,serverless_predictive_fixed:cyclical:0,0.0,164.96,4
1788951110.1330473,serverless_predictive_fixed:cyclical:0,0.0,164.96,4
1788951110.3351657,serverless_predictive_fixed:cyclical:0,4.9,164.96,4
1788951110.53769,serverless_predictive_fixed:cyclical:0,4.9,164.96,4
1788951110.7404578,serverless_predictive_fixed:cyclical:0,0.0,164.96,4
1788951110.9434607,serverless_predictive_fixed:cyclical:0,4.9,164.96,4
1788951111.1460655,serverless_predictive_fixed:cyclical:0,0.0,164.96,4
1788951111.3483868,serverless_predictive_fixed:cyclical:0,4.9,164.96,4
1788951111.550792,serverless_predictive_fixed:cyclical:0,0.0,164.96,4
1788951111.7530715,serverless_predictive_fixed:cyclical:0,0.0,164.96,4
1788951111.9555333,serverless_predictive_fixed:cyclical:0,0.0,164.96,4
1788951112.1576686,serverless_predictive_fixed:cyclical:0,0.0,164.96,4
1788951112.3604143,serverless_predictive_fixed:cyclical:0,0.0,164.96,4
1788951112.5627735,serverless_predictive_fixed:cyclical:0,0.0,164.96,4
1788951112.7653437,serverless_predictive_fixed:cyclical:0,0.0,164.96,4
1788951112.9677308,serverless_predictive_fixed:cyclical:0,4.9,122.43,3
1788951113.1698308,serverless_predictive_fixed:cyclical:0,0.0,122.43,3
1788951113.3718898,serverless_predictive_fixed:cyclical:0,0.0,79.86,2
1788951113.5738182,serverless_predictive_fixed:cyclical:0,0.0,37.27,1
1788951113.7759345,serverless_predictive_fixed:cyclical:0,0.0,37.27,1
1788951113.977876,serverless_predictive_fixed:cyclical:0,0.0,37.27,1
1788951114.17986,serverless_predictive_fixed:cyclical:0,0.0,37.27,1
1788951114.381732,serverless_predictive_fixed:cyclical:0,0.0,37.27,1
1788951114.5836623,serverless_predictive_fixed:cyclical:0,0.0,37.27,1
1788951114.7855625,serverless_predictive_fixed:cyclical:0,0.0,37.27,1
1788951114.9883509,serverless_predictive_fixed:cyclical:0,0.0,37.27,1
1788951115.1905951,serverless_predictive_fixed:cyclical:0,0.0,37.27,1
1788951115.3934414,serverless_predictive_fixed:cyclical:0,4.9,37.27,1
1788951115.6001956,serverless_predictive_fixed:cyclical:0,4.8,111.31,4
1788951115.8022652,serverless_predictive_fixed:cyclical:0,202.8,142.27,4
1788951116.0084658,serverless_predictive_fixed:cyclical:0,193.9,152.72,4
1788951116.2111742,serverless_predictive_fixed:cyclical:0,123.3,164.92,4
1788951116.4135258,serverless_predictive_fixed:cyclical:0,0.0,164.92,4
1788951116.6171138,serverless_predictive_fixed:cyclical:0,0.0,164.92,4
1788951116.8208098,serverless_predictive_fixed:cyclical:0,4.9,164.92,4
1788951117.0236354,serverless_predictive_fixed:cyclical:0,0.0,164.92,4
1788951117.2259085,serverless_predictive_fixed:cyclical:0,0.0,164.92,4
1788951117.4287434,serverless_predictive_fixed:cyclical:0,0.0,164.92,4
1788951117.630953,serverless_predictive_fixed:cyclical:0,0.0,164.92,4
1788951117.8334124,serverless_predictive_fixed:cyclical:0,0.0,164.92,4
1788951118.0356953,serverless_predictive_fixed:cyclical:0,0.0,164.92,4
1788951118.2379317,serverless_predictive_fixed:cyclical:0,4.9,164.92,4
1788951118.4408557,serverless_predictive_fixed:cyclical:0,0.0,164.92,4
1788951118.6429827,serverless_predictive_fixed:cyclical:0,4.9,164.92,4
1788951118.8452814,serverless_predictive_fixed:cyclical:0,0.0,164.92,4
1788951119.0475178,serverless_predictive_fixed:cyclical:0,0.0,164.92,4
1788951119.249707,serverless_predictive_fixed:cyclical:0,0.0,164.92,4
1788951119.4520438,serverless_predictive_fixed:cyclical:0,0.0,164.92,4
1788951119.6542459,serverless_predictive_fixed:cyclical:0,0.0,164.92,4
1788951119.8567429,serverless_predictive_fixed:cyclical:0,0.0,164.92,4
1788951120.0589666,serverless_predictive_fixed:cyclical:0,0.0,164.92,4
1788951120.2615945,serverless_predictive_fixed:cyclical:0,0.0,164.92,4
1788951120.4640234,serverless_predictive_fixed:cyclical:0,4.9,164.92,4
1788951120.667019,serverless_predictive_fixed:cyclical:0,0.0,164.92,4
1788951120.8700328,serverless_predictive_fixed:cyclical:0,4.9,164.92,4
1788951121.0725656,serverless_predictive_fixed:cyclical:0,0.0,164.92,4
1788951121.2748885,serverless_predictive_fixed:cyclical:0,0.0,164.92,4
1788951121.4772303,serverless_predictive_fixed:cyclical:0,0.0,164.92,4
1788951121.6796577,serverless_predictive_fixed:cyclical:0,0.0,164.92,4
1788951121.8820965,serverless_predictive_fixed:cyclical:0,0.0,164.92,4
1788951122.0847096,serverless_predictive_fixed:cyclical:0,4.9,164.92,4
1788951122.287171,serverless_predictive_fixed:cyclical:0,0.0,164.92,4
1788951122.4894788,serverless_predictive_fixed:cyclical:0,0.0,122.39,3
1788951122.6919587,serverless_predictive_fixed:cyclical:0,0.0,79.83,2
1788951122.8942068,serverless_predictive_fixed:cyclical:0,0.0,37.31,1
1788951123.0965104,serverless_predictive_fixed:cyclical:0,0.0,37.31,1
1788951123.2985504,serverless_predictive_fixed:cyclical:0,0.0,37.31,1
1788951123.5005932,serverless_predictive_fixed:cyclical:0,0.0,37.31,1
1788951123.7027843,serverless_predictive_fixed:cyclical:0,0.0,37.31,1
1788951123.9048657,serverless_predictive_fixed:cyclical:0,0.0,37.31,1
1788951124.106912,serverless_predictive_fixed:cyclical:0,0.0,37.31,1
1788951124.3092506,serverless_predictive_fixed:cyclical:0,0.0,37.31,1
1788951124.5114126,serverless_predictive_fixed:cyclical:0,4.9,61.71,2
1788951124.714259,serverless_predictive_fixed:cyclical:0,98.6,73.91,2
1788951124.9166217,serverless_predictive_fixed:cyclical:0,79.1,79.83,2
1788951125.1195495,serverless_predictive_fixed:cyclical:0,0.0,79.83,2
1788951125.321824,serverless_predictive_fixed:cyclical:0,0.0,79.83,2
1788951125.5242884,serverless_predictive_fixed:cyclical:0,0.0,79.83,2
1788951125.7266772,serverless_predictive_fixed:cyclical:0,0.0,79.83,2
1788951125.9293237,serverless_predictive_fixed:cyclical:0,0.0,79.83,2
1788951126.1322622,serverless_predictive_fixed:cyclical:0,9.8,136.74,4
1788951126.3347418,serverless_predictive_fixed:cyclical:0,202.4,154.75,4
1788951127.2883456,serverless_predictive_fixed:cyclical:1,0.0,36.66,1
1788951127.4902272,serverless_predictive_fixed:cyclical:1,0.0,36.66,1
1788951127.6922815,serverless_predictive_fixed:cyclical:1,0.0,36.66,1
1788951127.8942425,serverless_predictive_fixed:cyclical:1,0.0,36.66,1
1788951128.096533,serverless_predictive_fixed:cyclical:1,0.0,36.66,1
1788951128.2990456,serverless_predictive_fixed:cyclical:1,0.0,36.66,1
1788951128.5011008,serverless_predictive_fixed:cyclical:1,4.9,36.66,1
1788951128.7031374,serverless_predictive_fixed:cyclical:1,0.0,36.66,1
1788951128.9052374,serverless_predictive_fixed:cyclical:1,0.0,36.66,1
1788951129.1073918,serverless_predictive_fixed:cyclical:1,0.0,36.66,1
1788951129.309518,serverless_predictive_fixed:cyclical:1,0.0,36.66,1
1788951129.5116863,serverless_predictive_fixed:cyclical:1,0.0,36.66,1
1788951129.7150114,serverless_predictive_fixed:cyclical:1,0.0,36.66,1
1788951129.9171822,serverless_predictive_fixed:cyclical:1,0.0,36.66,1
1788951130.119355,serverless_predictive_fixed:cyclical:1,0.0,36.66,1
1788951130.3219388,serverless_predictive_fixed:cyclical:1,0.0,36.66,1
1788951130.5241113,serverless_predictive_fixed:cyclical:1,0.0,36.66,1
1788951130.7261527,serverless_predictive_fixed:cyclical:1,0.0,36.66,1
1788951130.9283779,serverless_predictive_fixed:cyclical:1,0.0,36.66,1
1788951131.1307905,serverless_predictive_fixed:cyclical:1,0.0,36.66,1
1788951131.3328924,serverless_predictive_fixed:cyclical:1,0.0,36.66,1
1788951131.5349631,serverless_predictive_fixed:cyclical:1,0.0,36.66,1
1788951131.7371676,serverless_predictive_fixed:cyclical:1,0.0,36.66,1
1788951131.9394634,serverless_predictive_fixed:cyclical:1,0.0,36.66,1
1788951132.1416192,serverless_predictive_fixed:cyclical:1,0.0,36.66,1
1788951132.3440437,serverless_predictive_fixed:cyclical:1,4.9,36.66,1
1788951132.5461009,serverless_predictive_fixed:cyclical:1,0.0,36.66,1
1788951132.7482412,serverless_predictive_fixed:cyclical:1,0.0,36.66,1
1788951132.952184,serverless_predictive_fixed:cyclical:1,0.0,36.66,1
1788951133.1543605,serverless_predictive_fixed:cyclical:1,0.0,36.66,1
1788951133.357087,serverless_predictive_fixed:cyclical:1,0.0,36.66,1
1788951133.5590367,serverless_predictive_fixed:cyclical:1,0.0,36.66,1
1788951133.7627835,serverless_predictive_fixed:cyclical:1,0.0,36.66,1
1788951133.9648426,serverless_predictive_fixed:cyclical:1,0.0,36.66,1
1788951134.1677735,serverless_predictive_fixed:cyclical:1,0.0,36.66,1
1788951134.369991,serverless_predictive_fixed:cyclical:1,0.0,36.66,1
1788951134.572347,serverless_predictive_fixed:cyclical:1,0.0,36.66,1
1788951134.7743106,serverless_predictive_fixed:cyclical:1,0.0,36.66,1
1788951134.9764767,serverless_predictive_fixed:cyclical:1,0.0,36.66,1
1788951135.1791265,serverless_predictive_fixed:cyclical:1,0.0,36.66,1
1788951135.3810394,serverless_predictive_fixed:cyclical:1,0.0,36.66,1
1788951135.5834417,serverless_predictive_fixed:cyclical:1,4.9,36.77,1
1788951135.7894905,serverless_predictive_fixed:cyclical:1,9.7,114.75,4
1788951135.9924285,serverless_predictive_fixed:cyclical:1,187.2,144.09,4
1788951136.197043,serverless_predictive_fixed:cyclical:1,195.4,154.77,4
1788951136.3996928,serverless_predictive_fixed:cyclical:1,113.5,164.76,4
1788951136.6021547,serverless_predictive_fixed:cyclical:1,0.0,164.76,4
1788951136.805519,serverless_predictive_fixed:cyclical:1,0.0,164.76,4
1788951137.0078766,serverless_predictive_fixed:cyclical:1,0.0,164.76,4
1788951137.210331,serverless_predictive_fixed:cyclical:1,0.0,164.76,4
1788951137.4130223,serverless_predictive_fixed:cyclical:1,0.0,164.76,4
1788951137.6151862,serverless_predictive_fixed:cyclical:1,0.0,164.76,4
1788951137.8174903,serverless_predictive_fixed:cyclical:1,0.0,164.76,4
1788951138.0199864,serverless_predictive_fixed:cyclical:1,0.0,164.76,4
1788951138.2224922,serverless_predictive_fixed:cyclical:1,4.9,164.76,4
1788951138.424924,serverless_predictive_fixed:cyclical:1,0.0,164.76,4
1788951138.6272862,serverless_predictive_fixed:cyclical:1,0.0,164.76,4
1788951138.829588,serverless_predictive_fixed:cyclical:1,9.8,164.76,4
1788951139.0318856,serverless_predictive_fixed:cyclical:1,0.0,164.76,4
1788951139.2345269,serverless_predictive_fixed:cyclical:1,0.0,164.76,4
1788951139.4369147,serverless_predictive_fixed:cyclical:1,0.0,164.76,4
1788951139.639323,serverless_predictive_fixed:cyclical:1,0.0,164.76,4
1788951139.8415651,serverless_predictive_fixed:cyclical:1,0.0,164.76,4
1788951140.0439198,serverless_predictive_fixed:cyclical:1,0.0,164.76,4
1788951140.2462537,serverless_predictive_fixed:cyclical:1,0.0,164.76,4
1788951140.4488053,serverless_predictive_fixed:cyclical:1,0.0,164.76,4
1788951140.6511393,serverless_predictive_fixed:cyclical:1,0.0,164.76,4
1788951140.8541138,serverless_predictive_fixed:cyclical:1,0.0,164.76,4
1788951141.0565898,serverless_predictive_fixed:cyclical:1,0.0,164.76,4
1788951141.2588952,serverless_predictive_fixed:cyclical:1,0.0,164.76,4
1788951141.4612315,serverless_predictive_fixed:cyclical:1,4.9,164.77,4
1788951141.6636508,serverless_predictive_fixed:cyclical:1,0.0,164.77,4
1788951141.8659048,serverless_predictive_fixed:cyclical:1,0.0,164.77,4
1788951142.068729,serverless_predictive_fixed:cyclical:1,4.9,164.77,4
1788951142.2714546,serverless_predictive_fixed:cyclical:1,0.0,164.77,4
1788951142.4740527,serverless_predictive_fixed:cyclical:1,0.0,164.77,4
1788951142.6764963,serverless_predictive_fixed:cyclical:1,0.0,122.26,4
1788951142.8802896,serverless_predictive_fixed:cyclical:1,4.9,79.7,3
1788951143.0825882,serverless_predictive_fixed:cyclical:1,4.9,37.16,1
1788951143.285702,serverless_predictive_fixed:cyclical:1,0.0,37.16,1
1788951143.488006,serverless_predictive_fixed:cyclical:1,0.0,37.16,1
1788951143.6914427,serverless_predictive_fixed:cyclical:1,0.0,37.16,1
1788951143.894174,serverless_predictive_fixed:cyclical:1,0.0,37.16,1
1788951144.0970654,serverless_predictive_fixed:cyclical:1,0.0,37.16,1
1788951144.300046,serverless_predictive_fixed:cyclical:1,0.0,37.16,1
1788951144.5021245,serverless_predictive_fixed:cyclical:1,0.0,37.16,1
1788951144.7042773,serverless_predictive_fixed:cyclical:1,4.9,67.97,2
1788951144.9064522,serverless_predictive_fixed:cyclical:1,108.8,76.34,2
1788951145.1089022,serverless_predictive_fixed:cyclical:1,24.7,79.73,2
1788951145.311186,serverless_predictive_fixed:cyclical:1,0.0,79.73,2
1788951145.5136364,serverless_predictive_fixed:cyclical:1,0.0,79.73,2
1788951145.716067,serverless_predictive_fixed:cyclical:1,0.0,79.73,2
1788951145.9240549,serverless_predictive_fixed:cyclical:1,14.4,137.21,4
1788951146.1279576,serverless_predictive_fixed:cyclical:1,201.1,155.07,4
1788951146.3309946,serverless_predictive_fixed:cyclical:1,103.4,164.96,4
1788951146.5334654,serverless_predictive_fixed:cyclical:1,0.0,164.96,4
1788951146.7363677,serverless_predictive_fixed:cyclical:1,0.0,164.96,4
1788951146.9387276,serverless_predictive_fixed:cyclical:1,0.0,164.96,4
1788951147.1412892,serverless_predictive_fixed:cyclical:1,0.0,164.96,4
1788951147.3440902,serverless_predictive_fixed:cyclical:1,0.0,164.96,4
1788951147.5467613,serverless_predictive_fixed:cyclical:1,4.9,164.96,4
1788951147.749432,serverless_predictive_fixed:cyclical:1,0.0,164.96,4
1788951147.9521224,serverless_predictive_fixed:cyclical:1,0.0,164.96,4
1788951148.1546104,serverless_predictive_fixed:cyclical:1,4.9,164.96,4
1788951148.3573308,serverless_predictive_fixed:cyclical:1,0.0,164.96,4
1788951148.5600965,serverless_predictive_fixed:cyclical:1,0.0,164.96,4
1788951148.7624528,serverless_predictive_fixed:cyclical:1,0.0,164.96,4
1788951148.9648836,serverless_predictive_fixed:cyclical:1,0.0,164.96,4
1788951149.167646,serverless_predictive_fixed:cyclical:1,0.0,164.96,4
1788951149.3699772,serverless_predictive_fixed:cyclical:1,0.0,164.96,4
1788951149.5728095,serverless_predictive_fixed:cyclical:1,0.0,164.96,4
1788951149.775279,serverless_predictive_fixed:cyclical:1,0.0,164.96,4
1788951149.9775176,serverless_predictive_fixed:cyclical:1,4.9,164.96,4
1788951150.1808312,serverless_predictive_fixed:cyclical:1,4.9,164.96,4
1788951150.3831804,serverless_predictive_fixed:cyclical:1,0.0,164.96,4
1788951150.5854695,serverless_predictive_fixed:cyclical:1,0.0,164.96,4
1788951150.7882724,serverless_predictive_fixed:cyclical:1,0.0,164.96,4
1788951150.990548,serverless_predictive_fixed:cyclical:1,0.0,164.96,4
1788951151.19312,serverless_predictive_fixed:cyclical:1,0.0,164.96,4
1788951151.3971472,serverless_predictive_fixed:cyclical:1,0.0,164.96,4
1788951151.5996819,serverless_predictive_fixed:cyclical:1,0.0,164.96,4
1788951151.8020718,serverless_predictive_fixed:cyclical:1,0.0,164.96,4
1788951152.0044906,serverless_predictive_fixed:cyclical:1,0.0,164.96,4
1788951152.2068267,serverless_predictive_fixed:cyclical:1,4.9,164.96,4
1788951152.4097135,serverless_predictive_fixed:cyclical:1,0.0,122.41,3
1788951152.6128414,serverless_predictive_fixed:cyclical:1,0.0,122.41,3
1788951152.8161762,serverless_predictive_fixed:cyclical:1,4.9,79.84,2
1788951153.019523,serverless_predictive_fixed:cyclical:1,0.0,37.25,1
1788951153.2224355,serverless_predictive_fixed:cyclical:1,0.0,37.25,1
1788951153.4254827,serverless_predictive_fixed:cyclical:1,4.9,37.25,1
1788951153.6275444,serverless_predictive_fixed:cyclical:1,0.0,37.25,1
1788951153.8294535,serverless_predictive_fixed:cyclical:1,0.0,37.25,1
1788951154.0315082,serverless_predictive_fixed:cyclical:1,0.0,37.25,1
1788951154.2334034,serverless_predictive_fixed:cyclical:1,0.0,37.25,1
1788951154.435357,serverless_predictive_fixed:cyclical:1,0.0,37.25,1
1788951154.6412375,serverless_predictive_fixed:cyclical:1,4.9,86.42,4
1788951154.843861,serverless_predictive_fixed:cyclical:1,192.4,129.39,4
1788951155.0518658,serverless_predictive_fixed:cyclical:1,192.3,145.66,4
1788951155.253899,serverless_predictive_fixed:cyclical:1,197.9,159.52,4
1788951155.4575164,serverless_predictive_fixed:cyclical:1,68.7,165.11,4
1788951155.659884,serverless_predictive_fixed:cyclical:1,0.0,165.11,4
1788951155.8621361,serverless_predictive_fixed:cyclical:1,0.0,165.11,4
1788951156.0645387,serverless_predictive_fixed:cyclical:1,4.9,165.11,4
1788951156.2667756,serverless_predictive_fixed:cyclical:1,0.0,165.11,4
1788951156.468961,serverless_predictive_fixed:cyclical:1,0.0,165.11,4
1788951156.671141,serverless_predictive_fixed:cyclical:1,0.0,165.11,4
1788951156.8735495,serverless_predictive_fixed:cyclical:1,0.0,165.11,4
1788951157.0758026,serverless_predictive_fixed:cyclical:1,4.9,165.11,4
1788951157.2782269,serverless_predictive_fixed:cyclical:1,0.0,165.11,4
1788951157.4805944,serverless_predictive_fixed:cyclical:1,0.0,165.11,4
1788951157.68288,serverless_predictive_fixed:cyclical:1,0.0,165.11,4
1788951157.8851078,serverless_predictive_fixed:cyclical:1,0.0,165.11,4
1788951158.0873969,serverless_predictive_fixed:cyclical:1,0.0,165.11,4
1788951158.2905214,serverless_predictive_fixed:cyclical:1,0.0,165.11,4
1788951158.4929245,serverless_predictive_fixed:cyclical:1,0.0,165.11,4
1788951158.6951573,serverless_predictive_fixed:cyclical:1,0.0,165.11,4
1788951158.8976002,serverless_predictive_fixed:cyclical:1,0.0,165.11,4
1788951159.0999262,serverless_predictive_fixed:cyclical:1,0.0,165.11,4
1788951159.3029127,serverless_predictive_fixed:cyclical:1,0.0,165.11,4
1788951159.5060568,serverless_predictive_fixed:cyclical:1,0.0,165.11,4
1788951159.7082815,serverless_predictive_fixed:cyclical:1,0.0,165.11,4
1788951159.910384,serverless_predictive_fixed:cyclical:1,4.9,165.11,4
1788951160.1127286,serverless_predictive_fixed:cyclical:1,0.0,165.11,4
1788951160.314921,serverless_predictive_fixed:cyclical:1,4.9,165.11,4
1788951160.5171673,serverless_predictive_fixed:cyclical:1,4.9,165.11,4
1788951160.7206464,serverless_predictive_fixed:cyclical:1,0.0,165.11,4
1788951160.923183,serverless_predictive_fixed:cyclical:1,0.0,165.11,4
1788951161.1266677,serverless_predictive_fixed:cyclical:1,4.9,165.11,4
1788951161.3290462,serverless_predictive_fixed:cyclical:1,0.0,165.11,4
1788951161.531361,serverless_predictive_fixed:cyclical:1,0.0,165.11,4
1788951161.733408,serverless_predictive_fixed:cyclical:1,0.0,122.45,3
1788951161.9357295,serverless_predictive_fixed:cyclical:1,0.0,79.89,2
1788951162.1379519,serverless_predictive_fixed:cyclical:1,0.0,37.34,1
1788951162.340053,serverless_predictive_fixed:cyclical:1,0.0,37.34,1
1788951162.5420399,serverless_predictive_fixed:cyclical:1,0.0,37.34,1
1788951162.7443666,serverless_predictive_fixed:cyclical:1,0.0,37.34,1
1788951162.946339,serverless_predictive_fixed:cyclical:1,0.0,37.34,1
1788951163.1485806,serverless_predictive_fixed:cyclical:1,0.0,37.34,1
1788951163.3506079,serverless_predictive_fixed:cyclical:1,0.0,37.34,1
1788951163.553598,serverless_predictive_fixed:cyclical:1,0.0,51.15,2
1788951163.7558513,serverless_predictive_fixed:cyclical:1,108.8,86.82,4
1788951163.958303,serverless_predictive_fixed:cyclical:1,192.6,124.91,4
1788951164.1649833,serverless_predictive_fixed:cyclical:1,193.6,150.74,4
1788951164.371581,serverless_predictive_fixed:cyclical:1,193.6,162.67,4
1788951164.5744917,serverless_predictive_fixed:cyclical:1,24.6,165.02,4
1788951164.776881,serverless_predictive_fixed:cyclical:1,0.0,165.02,4
1788951164.9790244,serverless_predictive_fixed:cyclical:1,0.0,165.02,4
1788951165.1811054,serverless_predictive_fixed:cyclical:1,0.0,165.02,4
1788951165.383323,serverless_predictive_fixed:cyclical:1,0.0,165.02,4
1788951165.5854554,serverless_predictive_fixed:cyclical:1,0.0,165.02,4
1788951165.7877467,serverless_predictive_fixed:cyclical:1,0.0,165.02,4
1788951165.989866,serverless_predictive_fixed:cyclical:1,4.9,165.02,4
1788951166.1920755,serverless_predictive_fixed:cyclical:1,0.0,165.02,4
1788951166.394401,serverless_predictive_fixed:cyclical:1,0.0,165.02,4
1788951166.5968578,serverless_predictive_fixed:cyclical:1,0.0,165.02,4
1788951166.7990017,serverless_predictive_fixed:cyclical:1,0.0,165.02,4
1788951167.0024176,serverless_predictive_fixed:cyclical:1,0.0,165.02,4
1788951167.2057629,serverless_predictive_fixed:cyclical:1,0.0,165.02,4
1788951167.4081094,serverless_predictive_fixed:cyclical:1,0.0,165.02,4
1788951167.6107175,serverless_predictive_fixed:cyclical:1,0.0,165.02,4
1788951167.813783,serverless_predictive_fixed:cyclical:1,0.0,165.02,4
1788951168.0163395,serverless_predictive_fixed:cyclical:1,0.0,165.02,4
1788951168.2185,serverless_predictive_fixed:cyclical:1,0.0,165.02,4
1788951168.4212997,serverless_predictive_fixed:cyclical:1,4.9,165.02,4
1788951168.6237245,serverless_predictive_fixed:cyclical:1,0.0,165.02,4
1788951168.8262713,serverless_predictive_fixed:cyclical:1,9.8,165.02,4
1788951169.0294137,serverless_predictive_fixed:cyclical:1,0.0,165.02,4
1788951169.2316775,serverless_predictive_fixed:cyclical:1,0.0,165.02,4
1788951169.4337354,serverless_predictive_fixed:cyclical:1,4.9,165.02,4
1788951169.6358888,serverless_predictive_fixed:cyclical:1,0.0,165.02,4
1788951169.8380888,serverless_predictive_fixed:cyclical:1,0.0,165.02,4
1788951170.040296,serverless_predictive_fixed:cyclical:1,0.0,165.02,4
1788951170.242472,serverless_predictive_fixed:cyclical:1,0.0,165.02,4
1788951170.4446564,serverless_predictive_fixed:cyclical:1,0.0,165.02,4
1788951170.6467788,serverless_predictive_fixed:cyclical:1,0.0,165.02,4
1788951170.849225,serverless_predictive_fixed:cyclical:1,0.0,122.45,3
1788951171.0514026,serverless_predictive_fixed:cyclical:1,0.0,79.88,2
1788951171.2533386,serverless_predictive_fixed:cyclical:1,0.0,37.38,1
1788951171.4552581,serverless_predictive_fixed:cyclical:1,0.0,37.38,1
1788951171.657215,serverless_predictive_fixed:cyclical:1,0.0,37.38,1
1788951171.859183,serverless_predictive_fixed:cyclical:1,0.0,37.38,1
1788951172.0612075,serverless_predictive_fixed:cyclical:1,0.0,37.38,1
1788951172.2631764,serverless_predictive_fixed:cyclical:1,5.0,37.38,1
1788951172.4652758,serverless_predictive_fixed:cyclical:1,0.0,37.38,1
1788951172.6723268,serverless_predictive_fixed:cyclical:1,0.0,76.93,4
1788951172.8769772,serverless_predictive_fixed:cyclical:1,205.3,126.97,4
1788951173.081098,serverless_predictive_fixed:cyclical:1,181.3,145.51,4
1788951173.2838972,serverless_predictive_fixed:cyclical:1,202.2,158.21,4
1788951174.240728,serverless_predictive_fixed:cyclical:2,0.0,36.65,1
1788951174.4428933,serverless_predictive_fixed:cyclical:2,0.0,36.65,1
1788951174.6448057,serverless_predictive_fixed:cyclical:2,0.0,36.65,1
1788951174.846901,serverless_predictive_fixed:cyclical:2,0.0,36.65,1
1788951175.0488799,serverless_predictive_fixed:cyclical:2,0.0,36.65,1
1788951175.2509944,serverless_predictive_fixed:cyclical:2,0.0,36.65,1
1788951175.4528708,serverless_predictive_fixed:cyclical:2,0.0,36.65,1
1788951175.654759,serverless_predictive_fixed:cyclical:2,0.0,36.65,1
1788951175.8566093,serverless_predictive_fixed:cyclical:2,0.0,36.65,1
1788951176.0585165,serverless_predictive_fixed:cyclical:2,0.0,36.65,1
1788951176.2605488,serverless_predictive_fixed:cyclical:2,0.0,36.65,1
1788951176.4623115,serverless_predictive_fixed:cyclical:2,0.0,36.65,1
1788951176.6641486,serverless_predictive_fixed:cyclical:2,0.0,36.65,1
1788951176.8659704,serverless_predictive_fixed:cyclical:2,0.0,36.65,1
1788951177.067938,serverless_predictive_fixed:cyclical:2,0.0,36.65,1
1788951177.2697623,serverless_predictive_fixed:cyclical:2,0.0,36.65,1
1788951177.471798,serverless_predictive_fixed:cyclical:2,0.0,36.65,1
1788951177.6737726,serverless_predictive_fixed:cyclical:2,0.0,36.65,1
1788951177.8765788,serverless_predictive_fixed:cyclical:2,0.0,36.65,1
1788951178.0785923,serverless_predictive_fixed:cyclical:2,0.0,36.65,1
1788951178.2805705,serverless_predictive_fixed:cyclical:2,0.0,36.65,1
1788951178.4824498,serverless_predictive_fixed:cyclical:2,0.0,36.65,1
1788951178.6844027,serverless_predictive_fixed:cyclical:2,0.0,36.65,1
1788951178.8869357,serverless_predictive_fixed:cyclical:2,4.9,36.65,1
1788951179.0890298,serverless_predictive_fixed:cyclical:2,0.0,36.65,1
1788951179.2909467,serverless_predictive_fixed:cyclical:2,0.0,36.65,1
1788951179.4929085,serverless_predictive_fixed:cyclical:2,0.0,36.65,1
1788951179.6947212,serverless_predictive_fixed:cyclical:2,0.0,36.65,1
1788951179.896583,serverless_predictive_fixed:cyclical:2,0.0,36.65,1
1788951180.0984666,serverless_predictive_fixed:cyclical:2,0.0,36.65,1
1788951180.3003712,serverless_predictive_fixed:cyclical:2,0.0,36.65,1
1788951180.5022073,serverless_predictive_fixed:cyclical:2,0.0,36.65,1
1788951180.704372,serverless_predictive_fixed:cyclical:2,0.0,36.65,1
1788951180.9062347,serverless_predictive_fixed:cyclical:2,0.0,36.65,1
1788951181.1081884,serverless_predictive_fixed:cyclical:2,0.0,36.65,1
1788951181.3101356,serverless_predictive_fixed:cyclical:2,0.0,36.65,1
1788951181.512143,serverless_predictive_fixed:cyclical:2,0.0,36.65,1
1788951181.7140124,serverless_predictive_fixed:cyclical:2,0.0,36.65,1
1788951181.9159684,serverless_predictive_fixed:cyclical:2,0.0,36.65,1
1788951182.117777,serverless_predictive_fixed:cyclical:2,0.0,36.65,1
1788951182.3196735,serverless_predictive_fixed:cyclical:2,0.0,36.65,1
1788951182.5215576,serverless_predictive_fixed:cyclical:2,0.0,36.65,1
1788951182.7237563,serverless_predictive_fixed:cyclical:2,0.0,36.65,1
1788951182.925617,serverless_predictive_fixed:cyclical:2,0.0,36.65,1
1788951183.127624,serverless_predictive_fixed:cyclical:2,0.0,36.65,1
1788951183.3294735,serverless_predictive_fixed:cyclical:2,5.0,36.65,1
1788951183.5313542,serverless_predictive_fixed:cyclical:2,0.0,36.65,1
1788951183.733511,serverless_predictive_fixed:cyclical:2,0.0,36.65,1
1788951183.9355888,serverless_predictive_fixed:cyclical:2,0.0,36.65,1
1788951184.141189,serverless_predictive_fixed:cyclical:2,9.7,109.37,4
1788951184.3472872,serverless_predictive_fixed:cyclical:2,193.2,142.96,4
1788951184.549367,serverless_predictive_fixed:cyclical:2,203.8,153.71,4
1788951184.7527733,serverless_predictive_fixed:cyclical:2,117.9,164.81,4
1788951184.9550452,serverless_predictive_fixed:cyclical:2,0.0,164.81,4
1788951185.1571634,serverless_predictive_fixed:cyclical:2,0.0,164.81,4
1788951185.35937,serverless_predictive_fixed:cyclical:2,4.9,164.81,4
1788951185.5615437,serverless_predictive_fixed:cyclical:2,0.0,164.81,4
1788951185.7636597,serverless_predictive_fixed:cyclical:2,0.0,164.81,4
1788951185.9661937,serverless_predictive_fixed:cyclical:2,0.0,164.81,4
1788951186.168365,serverless_predictive_fixed:cyclical:2,0.0,164.81,4
1788951186.370499,serverless_predictive_fixed:cyclical:2,0.0,164.81,4
1788951186.5726612,serverless_predictive_fixed:cyclical:2,0.0,164.81,4
1788951186.7750154,serverless_predictive_fixed:cyclical:2,0.0,164.81,4
1788951186.9774075,serverless_predictive_fixed:cyclical:2,0.0,164.81,4
1788951187.1803803,serverless_predictive_fixed:cyclical:2,4.9,164.81,4
1788951187.382754,serverless_predictive_fixed:cyclical:2,0.0,164.81,4
1788951187.585167,serverless_predictive_fixed:cyclical:2,0.0,164.81,4
1788951187.787693,serverless_predictive_fixed:cyclical:2,0.0,164.81,4
1788951187.9900227,serverless_predictive_fixed:cyclical:2,0.0,164.81,4
1788951188.1928108,serverless_predictive_fixed:cyclical:2,4.9,164.81,4
1788951188.3950968,serverless_predictive_fixed:cyclical:2,0.0,164.81,4
1788951188.5974154,serverless_predictive_fixed:cyclical:2,0.0,164.81,4
1788951188.8002918,serverless_predictive_fixed:cyclical:2,0.0,164.81,4
1788951189.0026336,serverless_predictive_fixed:cyclical:2,0.0,164.81,4
1788951189.2060645,serverless_predictive_fixed:cyclical:2,0.0,164.81,4
1788951189.4084744,serverless_predictive_fixed:cyclical:2,0.0,164.81,4
1788951189.6110187,serverless_predictive_fixed:cyclical:2,0.0,164.81,4
1788951189.8132968,serverless_predictive_fixed:cyclical:2,4.9,164.82,4
1788951190.0157752,serverless_predictive_fixed:cyclical:2,0.0,164.82,4
1788951190.2181296,serverless_predictive_fixed:cyclical:2,4.9,164.82,4
1788951190.4208078,serverless_predictive_fixed:cyclical:2,0.0,164.82,4
1788951190.6231415,serverless_predictive_fixed:cyclical:2,0.0,164.82,4
1788951190.825489,serverless_predictive_fixed:cyclical:2,0.0,164.87,4
1788951191.0287282,serverless_predictive_fixed:cyclical:2,0.0,122.29,3
1788951191.2308927,serverless_predictive_fixed:cyclical:2,4.9,79.69,2
1788951191.4331594,serverless_predictive_fixed:cyclical:2,0.0,37.14,1
1788951191.635086,serverless_predictive_fixed:cyclical:2,0.0,37.14,1
1788951191.8370752,serverless_predictive_fixed:cyclical:2,5.0,37.14,1
1788951192.0390346,serverless_predictive_fixed:cyclical:2,0.0,37.14,1
1788951192.2417731,serverless_predictive_fixed:cyclical:2,0.0,37.14,1
1788951192.4438415,serverless_predictive_fixed:cyclical:2,0.0,37.14,1
1788951192.6457667,serverless_predictive_fixed:cyclical:2,0.0,37.14,1
1788951192.848177,serverless_predictive_fixed:cyclical:2,0.0,37.14,1
1788951193.050503,serverless_predictive_fixed:cyclical:2,0.0,67.36,2
1788951193.2526436,serverless_predictive_fixed:cyclical:2,108.8,75.25,2
1788951193.4617841,serverless_predictive_fixed:cyclical:2,52.6,132.7,4
1788951193.667832,serverless_predictive_fixed:cyclical:2,199.1,153.55,4
1788951193.870607,serverless_predictive_fixed:cyclical:2,113.4,164.87,4
1788951194.073723,serverless_predictive_fixed:cyclical:2,0.0,164.87,4
1788951194.2760558,serverless_predictive_fixed:cyclical:2,4.9,164.87,4
1788951194.4784186,serverless_predictive_fixed:cyclical:2,0.0,164.87,4
1788951194.6807773,serverless_predictive_fixed:cyclical:2,4.9,164.87,4
1788951194.8832846,serverless_predictive_fixed:cyclical:2,0.0,164.87,4
1788951195.0858243,serverless_predictive_fixed:cyclical:2,0.0,164.87,4
1788951195.288252,serverless_predictive_fixed:cyclical:2,0.0,164.87,4
1788951195.4905565,serverless_predictive_fixed:cyclical:2,0.0,164.87,4
1788951195.6943803,serverless_predictive_fixed:cyclical:2,0.0,164.87,4
1788951195.8969946,serverless_predictive_fixed:cyclical:2,0.0,164.87,4
1788951196.0995736,serverless_predictive_fixed:cyclical:2,0.0,164.87,4
1788951196.3018188,serverless_predictive_fixed:cyclical:2,4.9,164.87,4
1788951196.5041797,serverless_predictive_fixed:cyclical:2,0.0,164.87,4
1788951196.706662,serverless_predictive_fixed:cyclical:2,0.0,164.87,4
1788951196.9092877,serverless_predictive_fixed:cyclical:2,0.0,164.87,4
1788951197.111823,serverless_predictive_fixed:cyclical:2,4.9,164.87,4
1788951197.3140745,serverless_predictive_fixed:cyclical:2,0.0,164.87,4
1788951197.5170486,serverless_predictive_fixed:cyclical:2,0.0,164.87,4
1788951197.7194407,serverless_predictive_fixed:cyclical:2,0.0,164.87,4
1788951197.9217043,serverless_predictive_fixed:cyclical:2,0.0,164.87,4
1788951198.123954,serverless_predictive_fixed:cyclical:2,0.0,164.87,4
1788951198.3260965,serverless_predictive_fixed:cyclical:2,0.0,164.87,4
1788951198.5284476,serverless_predictive_fixed:cyclical:2,0.0,164.87,4
1788951198.7310874,serverless_predictive_fixed:cyclical:2,0.0,164.87,4
1788951198.9331863,serverless_predictive_fixed:cyclical:2,0.0,164.87,4
1788951199.135483,serverless_predictive_fixed:cyclical:2,0.0,164.87,4
1788951199.3375628,serverless_predictive_fixed:cyclical:2,0.0,164.87,4
1788951199.5401082,serverless_predictive_fixed:cyclical:2,0.0,164.87,4
1788951199.742379,serverless_predictive_fixed:cyclical:2,0.0,164.87,4
1788951199.9445894,serverless_predictive_fixed:cyclical:2,0.0,122.31,3
1788951200.147962,serverless_predictive_fixed:cyclical:2,4.9,122.31,3
1788951200.350221,serverless_predictive_fixed:cyclical:2,0.0,79.73,2
1788951200.552377,serverless_predictive_fixed:cyclical:2,0.0,37.27,1
1788951200.7543025,serverless_predictive_fixed:cyclical:2,0.0,37.27,1
1788951200.956339,serverless_predictive_fixed:cyclical:2,0.0,37.27,1
1788951201.159306,serverless_predictive_fixed:cyclical:2,0.0,37.27,1
1788951201.3617332,serverless_predictive_fixed:cyclical:2,0.0,37.27,1
1788951201.564987,serverless_predictive_fixed:cyclical:2,0.0,37.27,1
1788951201.7668593,serverless_predictive_fixed:cyclical:2,0.0,37.27,1
1788951201.9690669,serverless_predictive_fixed:cyclical:2,0.0,37.27,1
1788951202.1754959,serverless_predictive_fixed:cyclical:2,4.9,78.8,4
1788951202.37751,serverless_predictive_fixed:cyclical:2,193.0,125.44,4
1788951202.5796783,serverless_predictive_fixed:cyclical:2,202.9,146.68,4
1788951202.7826695,serverless_predictive_fixed:cyclical:2,187.2,158.39,4
1788951202.98499,serverless_predictive_fixed:cyclical:2,64.2,165.11,4
1788951203.1871488,serverless_predictive_fixed:cyclical:2,0.0,165.11,4
1788951203.3895214,serverless_predictive_fixed:cyclical:2,0.0,165.11,4
1788951203.5920212,serverless_predictive_fixed:cyclical:2,0.0,165.11,4
1788951203.7941656,serverless_predictive_fixed:cyclical:2,0.0,165.11,4
1788951203.9968944,serverless_predictive_fixed:cyclical:2,0.0,165.11,4
1788951204.1995084,serverless_predictive_fixed:cyclical:2,4.9,165.11,4
1788951204.4018936,serverless_predictive_fixed:cyclical:2,0.0,165.11,4
1788951204.6042693,serverless_predictive_fixed:cyclical:2,0.0,165.11,4
1788951204.806683,serverless_predictive_fixed:cyclical:2,0.0,165.11,4
1788951205.0090063,serverless_predictive_fixed:cyclical:2,0.0,165.11,4
1788951205.2115633,serverless_predictive_fixed:cyclical:2,4.9,165.11,4
1788951205.413976,serverless_predictive_fixed:cyclical:2,0.0,165.11,4
1788951205.6163454,serverless_predictive_fixed:cyclical:2,0.0,165.11,4
1788951205.8187304,serverless_predictive_fixed:cyclical:2,0.0,165.11,4
1788951206.0211947,serverless_predictive_fixed:cyclical:2,4.9,165.11,4
1788951206.2235358,serverless_predictive_fixed:cyclical:2,0.0,165.11,4
1788951206.4263325,serverless_predictive_fixed:cyclical:2,0.0,165.11,4
1788951206.6290514,serverless_predictive_fixed:cyclical:2,0.0,165.11,4
1788951206.8313606,serverless_predictive_fixed:cyclical:2,0.0,165.11,4
1788951207.0336635,serverless_predictive_fixed:cyclical:2,4.9,165.11,4
1788951207.236698,serverless_predictive_fixed:cyclical:2,0.0,165.11,4
1788951207.4393165,serverless_predictive_fixed:cyclical:2,0.0,165.11,4
1788951207.6416743,serverless_predictive_fixed:cyclical:2,0.0,165.11,4
1788951207.8444734,serverless_predictive_fixed:cyclical:2,0.0,165.11,4
1788951208.0478253,serverless_predictive_fixed:cyclical:2,0.0,165.11,4
1788951208.2502544,serverless_predictive_fixed:cyclical:2,0.0,165.11,4
1788951208.4525704,serverless_predictive_fixed:cyclical:2,0.0,165.11,4
1788951208.6546986,serverless_predictive_fixed:cyclical:2,0.0,165.11,4
1788951208.8568382,serverless_predictive_fixed:cyclical:2,0.0,165.11,4
1788951209.0591705,serverless_predictive_fixed:cyclical:2,4.9,165.11,4
1788951209.2613678,serverless_predictive_fixed:cyclical:2,0.0,122.5,3
1788951209.4635694,serverless_predictive_fixed:cyclical:2,0.0,37.32,2
1788951209.665476,serverless_predictive_fixed:cyclical:2,0.0,37.32,1
1788951209.867501,serverless_predictive_fixed:cyclical:2,0.0,37.32,1
1788951210.069368,serverless_predictive_fixed:cyclical:2,0.0,37.32,1
1788951210.271325,serverless_predictive_fixed:cyclical:2,0.0,37.32,1
1788951210.4731808,serverless_predictive_fixed:cyclical:2,0.0,37.32,1
1788951210.675072,serverless_predictive_fixed:cyclical:2,0.0,37.32,1
1788951210.8773737,serverless_predictive_fixed:cyclical:2,0.0,37.32,1
1788951211.08081,serverless_predictive_fixed:cyclical:2,0.0,45.77,2
1788951211.283808,serverless_predictive_fixed:cyclical:2,103.5,70.67,2
1788951211.4860237,serverless_predictive_fixed:cyclical:2,103.8,76.3,2
1788951211.6881833,serverless_predictive_fixed:cyclical:2,39.6,79.89,2
1788951211.8903675,serverless_predictive_fixed:cyclical:2,4.9,79.89,2
1788951212.0925195,serverless_predictive_fixed:cyclical:2,0.0,79.89,2
1788951212.2947843,serverless_predictive_fixed:cyclical:2,4.9,79.89,2
1788951212.4979424,serverless_predictive_fixed:cyclical:2,0.0,79.89,2
1788951212.7005246,serverless_predictive_fixed:cyclical:2,9.8,137.05,4
1788951212.9025736,serverless_predictive_fixed:cyclical:2,207.8,155.46,4
1788951213.1054606,serverless_predictive_fixed:cyclical:2,98.5,165.16,4
1788951213.307883,serverless_predictive_fixed:cyclical:2,0.0,165.16,4
1788951213.5375094,serverless_predictive_fixed:cyclical:2,0.0,165.16,4
1788951213.739927,serverless_predictive_fixed:cyclical:2,0.0,165.16,4
1788951213.9423978,serverless_predictive_fixed:cyclical:2,0.0,165.16,4
1788951214.1447995,serverless_predictive_fixed:cyclical:2,0.0,165.16,4
1788951214.3471012,serverless_predictive_fixed:cyclical:2,0.0,165.16,4
1788951214.5494545,serverless_predictive_fixed:cyclical:2,4.9,165.16,4
1788951214.7521396,serverless_predictive_fixed:cyclical:2,0.0,165.16,4
1788951214.9544332,serverless_predictive_fixed:cyclical:2,0.0,165.16,4
1788951215.1568277,serverless_predictive_fixed:cyclical:2,0.0,165.16,4
1788951215.3591697,serverless_predictive_fixed:cyclical:2,0.0,165.16,4
1788951215.5615737,serverless_predictive_fixed:cyclical:2,4.9,165.16,4
1788951215.7641737,serverless_predictive_fixed:cyclical:2,0.0,165.16,4
1788951215.967168,serverless_predictive_fixed:cyclical:2,0.0,165.16,4
1788951216.1700017,serverless_predictive_fixed:cyclical:2,0.0,165.16,4
1788951216.3722498,serverless_predictive_fixed:cyclical:2,4.9,165.16,4
1788951216.5743134,serverless_predictive_fixed:cyclical:2,0.0,165.16,4
1788951216.7764626,serverless_predictive_fixed:cyclical:2,0.0,165.16,4
1788951216.9786325,serverless_predictive_fixed:cyclical:2,0.0,165.16,4
1788951217.1808026,serverless_predictive_fixed:cyclical:2,0.0,165.16,4
1788951217.3829544,serverless_predictive_fixed:cyclical:2,0.0,165.16,4
1788951217.5857165,serverless_predictive_fixed:cyclical:2,0.0,165.16,4
1788951217.7881017,serverless_predictive_fixed:cyclical:2,0.0,165.16,4
1788951217.9901898,serverless_predictive_fixed:cyclical:2,0.0,165.16,4
1788951218.192398,serverless_predictive_fixed:cyclical:2,0.0,165.16,4
1788951218.3946595,serverless_predictive_fixed:cyclical:2,0.0,165.16,4
1788951218.5968459,serverless_predictive_fixed:cyclical:2,0.0,165.16,4
1788951218.7989454,serverless_predictive_fixed:cyclical:2,0.0,165.16,4
1788951219.0011232,serverless_predictive_fixed:cyclical:2,0.0,122.59,3
1788951219.2032473,serverless_predictive_fixed:cyclical:2,4.9,122.59,3
1788951219.405203,serverless_predictive_fixed:cyclical:2,0.0,80.02,2
1788951219.6073742,serverless_predictive_fixed:cyclical:2,0.0,37.33,1
1788951219.8092628,serverless_predictive_fixed:cyclical:2,0.0,37.33,1
1788951220.0111845,serverless_predictive_fixed:cyclical:2,0.0,37.33,1
1788951220.2131567,serverless_predictive_fixed:cyclical:2,0.0,37.33,1
1788951220.4150515,serverless_predictive_fixed:cyclical:2,0.0,37.33,1
1788951220.616831,serverless_predictive_fixed:cyclical:2,0.0,37.33,1
1788951220.8187442,serverless_predictive_fixed:cyclical:2,0.0,37.33,1
1788951221.02075,serverless_predictive_fixed:cyclical:2,0.0,37.33,1
1788951221.222905,serverless_predictive_fixed:cyclical:2,0.0,37.33,1
1788951221.4250293,serverless_predictive_fixed:cyclical:2,0.0,37.33,1
1788951221.6270678,serverless_predictive_fixed:cyclical:2,5.0,67.46,2
1788951221.8299737,serverless_predictive_fixed:cyclical:2,103.5,75.39,2
1788951222.0321996,serverless_predictive_fixed:cyclical:2,49.5,79.85,2
1788951222.2343752,serverless_predictive_fixed:cyclical:2,0.0,79.85,2
1788951222.4368443,serverless_predictive_fixed:cyclical:2,0.0,79.85,2
1788951222.6398368,serverless_predictive_fixed:cyclical:2,19.8,136.89,4
1788951222.842891,serverless_predictive_fixed:cyclical:2,201.9,154.31,4
1788951223.8039665,serverless_predictive_fixed:cyclical:3,0.0,36.62,1
1788951224.0062742,serverless_predictive_fixed:cyclical:3,0.0,36.62,1
1788951224.2090607,serverless_predictive_fixed:cyclical:3,0.0,36.62,1
1788951224.4111567,serverless_predictive_fixed:cyclical:3,0.0,36.62,1
1788951224.613128,serverless_predictive_fixed:cyclical:3,0.0,36.62,1
1788951224.8151715,serverless_predictive_fixed:cyclical:3,0.0,36.62,1
1788951225.0173748,serverless_predictive_fixed:cyclical:3,0.0,36.62,1
1788951225.2197325,serverless_predictive_fixed:cyclical:3,0.0,36.62,1
1788951225.4219427,serverless_predictive_fixed:cyclical:3,0.0,36.62,1
1788951225.62475,serverless_predictive_fixed:cyclical:3,0.0,36.62,1
1788951225.826763,serverless_predictive_fixed:cyclical:3,0.0,36.62,1
1788951226.0287387,serverless_predictive_fixed:cyclical:3,0.0,36.62,1
1788951226.2307782,serverless_predictive_fixed:cyclical:3,0.0,36.62,1
1788951226.4331822,serverless_predictive_fixed:cyclical:3,0.0,36.62,1
1788951226.6364472,serverless_predictive_fixed:cyclical:3,0.0,36.62,1
1788951226.8385499,serverless_predictive_fixed:cyclical:3,4.9,36.62,1
1788951227.04101,serverless_predictive_fixed:cyclical:3,0.0,36.62,1
1788951227.2431319,serverless_predictive_fixed:cyclical:3,0.0,36.62,1
1788951227.445325,serverless_predictive_fixed:cyclical:3,0.0,36.62,1
1788951227.647471,serverless_predictive_fixed:cyclical:3,0.0,36.62,1
1788951227.8496158,serverless_predictive_fixed:cyclical:3,0.0,36.62,1
1788951228.0516143,serverless_predictive_fixed:cyclical:3,0.0,36.62,1
1788951228.2538793,serverless_predictive_fixed:cyclical:3,0.0,36.62,1
1788951228.4561203,serverless_predictive_fixed:cyclical:3,0.0,36.62,1
1788951228.6581173,serverless_predictive_fixed:cyclical:3,0.0,36.62,1
1788951228.8604317,serverless_predictive_fixed:cyclical:3,0.0,36.62,1
1788951229.0624597,serverless_predictive_fixed:cyclical:3,0.0,36.62,1
1788951229.2649016,serverless_predictive_fixed:cyclical:3,0.0,36.62,1
1788951229.4669755,serverless_predictive_fixed:cyclical:3,0.0,36.62,1
1788951229.6693048,serverless_predictive_fixed:cyclical:3,0.0,36.62,1
1788951229.8715556,serverless_predictive_fixed:cyclical:3,0.0,36.62,1
1788951230.073761,serverless_predictive_fixed:cyclical:3,0.0,36.62,1
1788951230.2759058,serverless_predictive_fixed:cyclical:3,0.0,36.62,1
1788951230.477961,serverless_predictive_fixed:cyclical:3,0.0,36.62,1
1788951230.6802714,serverless_predictive_fixed:cyclical:3,0.0,36.62,1
1788951230.882329,serverless_predictive_fixed:cyclical:3,4.9,36.62,1
1788951231.0843897,serverless_predictive_fixed:cyclical:3,0.0,36.62,1
1788951231.286517,serverless_predictive_fixed:cyclical:3,0.0,36.62,1
1788951231.488837,serverless_predictive_fixed:cyclical:3,0.0,36.62,1
1788951231.6908195,serverless_predictive_fixed:cyclical:3,0.0,36.62,1
1788951231.892947,serverless_predictive_fixed:cyclical:3,0.0,36.62,1
1788951232.0950396,serverless_predictive_fixed:cyclical:3,0.0,36.62,1
1788951232.2969782,serverless_predictive_fixed:cyclical:3,0.0,36.62,1
1788951232.4989543,serverless_predictive_fixed:cyclical:3,0.0,36.62,1
1788951232.7016058,serverless_predictive_fixed:cyclical:3,0.0,36.62,1
1788951232.903668,serverless_predictive_fixed:cyclical:3,0.0,36.62,1
1788951233.1092422,serverless_predictive_fixed:cyclical:3,4.9,88.0,4
1788951233.3130753,serverless_predictive_fixed:cyclical:3,196.3,129.8,4
1788951233.5171225,serverless_predictive_fixed:cyclical:3,196.0,147.48,4
1788951233.7195065,serverless_predictive_fixed:cyclical:3,197.6,163.02,4
1788951233.9218376,serverless_predictive_fixed:cyclical:3,24.7,164.73,4
1788951234.1241941,serverless_predictive_fixed:cyclical:3,0.0,164.73,4
1788951234.3264775,serverless_predictive_fixed:cyclical:3,0.0,164.73,4
1788951234.5288477,serverless_predictive_fixed:cyclical:3,0.0,164.73,4
1788951234.7311301,serverless_predictive_fixed:cyclical:3,0.0,164.73,4
1788951234.933645,serverless_predictive_fixed:cyclical:3,0.0,164.73,4
1788951235.1360846,serverless_predictive_fixed:cyclical:3,0.0,164.73,4
1788951235.338565,serverless_predictive_fixed:cyclical:3,0.0,164.73,4
1788951235.5408947,serverless_predictive_fixed:cyclical:3,4.9,164.73,4
1788951235.7433681,serverless_predictive_fixed:cyclical:3,0.0,164.73,4
1788951235.9456713,serverless_predictive_fixed:cyclical:3,0.0,164.73,4
1788951236.1480293,serverless_predictive_fixed:cyclical:3,0.0,164.73,4
1788951236.3503304,serverless_predictive_fixed:cyclical:3,4.9,164.73,4
1788951236.5527296,serverless_predictive_fixed:cyclical:3,0.0,164.73,4
1788951236.7549474,serverless_predictive_fixed:cyclical:3,0.0,164.73,4
1788951236.9572878,serverless_predictive_fixed:cyclical:3,0.0,164.73,4
1788951237.1597576,serverless_predictive_fixed:cyclical:3,0.0,164.73,4
1788951237.3619978,serverless_predictive_fixed:cyclical:3,0.0,164.73,4
1788951237.5656223,serverless_predictive_fixed:cyclical:3,0.0,164.73,4
1788951237.7682943,serverless_predictive_fixed:cyclical:3,0.0,164.73,4
1788951237.9706075,serverless_predictive_fixed:cyclical:3,0.0,164.73,4
1788951238.1729198,serverless_predictive_fixed:cyclical:3,4.9,164.73,4
1788951238.3753695,serverless_predictive_fixed:cyclical:3,0.0,164.73,4
1788951238.57761,serverless_predictive_fixed:cyclical:3,0.0,164.73,4
1788951238.7799864,serverless_predictive_fixed:cyclical:3,0.0,164.73,4
1788951238.9822187,serverless_predictive_fixed:cyclical:3,4.9,164.73,4
1788951239.1845772,serverless_predictive_fixed:cyclical:3,0.0,164.73,4
1788951239.3883126,serverless_predictive_fixed:cyclical:3,0.0,164.73,4
1788951239.5905862,serverless_predictive_fixed:cyclical:3,4.9,164.73,4
1788951239.793159,serverless_predictive_fixed:cyclical:3,0.0,164.73,4
1788951239.9957197,serverless_predictive_fixed:cyclical:3,0.0,122.2,3
1788951240.1979895,serverless_predictive_fixed:cyclical:3,4.9,79.65,3
1788951240.400227,serverless_predictive_fixed:cyclical:3,0.0,37.12,1
1788951240.6022131,serverless_predictive_fixed:cyclical:3,0.0,37.12,1
1788951240.8048244,serverless_predictive_fixed:cyclical:3,0.0,37.12,1
1788951241.0070286,serverless_predictive_fixed:cyclical:3,0.0,37.12,1
1788951241.209188,serverless_predictive_fixed:cyclical:3,0.0,37.12,1
1788951241.4112623,serverless_predictive_fixed:cyclical:3,0.0,37.12,1
1788951241.6132956,serverless_predictive_fixed:cyclical:3,0.0,37.12,1
1788951241.8159606,serverless_predictive_fixed:cyclical:3,4.9,37.12,1
1788951242.018094,serverless_predictive_fixed:cyclical:3,0.0,56.41,2
1788951242.2208474,serverless_predictive_fixed:cyclical:3,103.5,73.66,2
1788951242.4229481,serverless_predictive_fixed:cyclical:3,84.1,79.67,2
1788951242.6252365,serverless_predictive_fixed:cyclical:3,0.0,79.67,2
1788951242.8273823,serverless_predictive_fixed:cyclical:3,0.0,79.67,2
1788951243.030814,serverless_predictive_fixed:cyclical:3,0.0,79.67,2
1788951243.233068,serverless_predictive_fixed:cyclical:3,4.9,89.56,4
1788951243.4353878,serverless_predictive_fixed:cyclical:3,192.8,143.23,4
1788951243.6375365,serverless_predictive_fixed:cyclical:3,197.8,158.09,4
1788951243.8401213,serverless_predictive_fixed:cyclical:3,54.3,164.82,4
1788951244.042818,serverless_predictive_fixed:cyclical:3,0.0,164.82,4
1788951244.245041,serverless_predictive_fixed:cyclical:3,0.0,164.82,4
1788951244.447143,serverless_predictive_fixed:cyclical:3,0.0,164.82,4
1788951244.6494336,serverless_predictive_fixed:cyclical:3,0.0,164.82,4
1788951244.8520777,serverless_predictive_fixed:cyclical:3,0.0,164.82,4
1788951245.0542073,serverless_predictive_fixed:cyclical:3,4.9,164.82,4
1788951245.2563996,serverless_predictive_fixed:cyclical:3,0.0,164.82,4
1788951245.4594831,serverless_predictive_fixed:cyclical:3,0.0,164.82,4
1788951245.6616294,serverless_predictive_fixed:cyclical:3,0.0,164.82,4
1788951245.8638499,serverless_predictive_fixed:cyclical:3,0.0,164.82,4
1788951246.0659583,serverless_predictive_fixed:cyclical:3,0.0,164.82,4
1788951246.2681196,serverless_predictive_fixed:cyclical:3,0.0,164.82,4
1788951246.4705164,serverless_predictive_fixed:cyclical:3,0.0,164.82,4
1788951246.6731021,serverless_predictive_fixed:cyclical:3,0.0,164.82,4
1788951246.8755584,serverless_predictive_fixed:cyclical:3,0.0,164.82,4
1788951247.077836,serverless_predictive_fixed:cyclical:3,0.0,164.82,4
1788951247.2801092,serverless_predictive_fixed:cyclical:3,0.0,164.82,4
1788951247.4823256,serverless_predictive_fixed:cyclical:3,0.0,164.82,4
1788951247.6846573,serverless_predictive_fixed:cyclical:3,0.0,164.82,4
1788951247.8869169,serverless_predictive_fixed:cyclical:3,0.0,164.82,4
1788951248.0893157,serverless_predictive_fixed:cyclical:3,4.9,164.82,4
1788951248.291827,serverless_predictive_fixed:cyclical:3,0.0,164.82,4
1788951248.494286,serverless_predictive_fixed:cyclical:3,0.0,164.82,4
1788951248.6965537,serverless_predictive_fixed:cyclical:3,4.9,164.82,4
1788951248.898832,serverless_predictive_fixed:cyclical:3,0.0,164.82,4
1788951249.1011221,serverless_predictive_fixed:cyclical:3,4.9,164.82,4
1788951249.3036156,serverless_predictive_fixed:cyclical:3,4.9,164.82,4
1788951249.5059826,serverless_predictive_fixed:cyclical:3,0.0,164.82,4
1788951249.7084424,serverless_predictive_fixed:cyclical:3,0.0,164.82,4
1788951249.9107158,serverless_predictive_fixed:cyclical:3,0.0,122.3,3
1788951250.1129882,serverless_predictive_fixed:cyclical:3,0.0,122.3,3
1788951250.315445,serverless_predictive_fixed:cyclical:3,0.0,79.78,2
1788951250.5183394,serverless_predictive_fixed:cyclical:3,0.0,37.22,1
1788951250.7206473,serverless_predictive_fixed:cyclical:3,0.0,37.22,1
1788951250.9227498,serverless_predictive_fixed:cyclical:3,0.0,37.22,1
1788951251.1252728,serverless_predictive_fixed:cyclical:3,0.0,37.22,1
1788951251.3276875,serverless_predictive_fixed:cyclical:3,0.0,37.22,1
1788951251.5298417,serverless_predictive_fixed:cyclical:3,0.0,37.22,1
1788951251.7318618,serverless_predictive_fixed:cyclical:3,0.0,37.22,1
1788951251.9338174,serverless_predictive_fixed:cyclical:3,0.0,37.22,1
1788951252.1359453,serverless_predictive_fixed:cyclical:3,0.0,37.22,1
1788951252.344064,serverless_predictive_fixed:cyclical:3,9.6,100.13,4
1788951252.5492544,serverless_predictive_fixed:cyclical:3,194.8,133.73,4
1788951252.7531548,serverless_predictive_fixed:cyclical:3,201.2,148.63,4
1788951252.9554963,serverless_predictive_fixed:cyclical:3,182.8,161.98,4
1788951253.1587112,serverless_predictive_fixed:cyclical:3,29.5,164.85,4
1788951253.3611083,serverless_predictive_fixed:cyclical:3,4.9,164.85,4
1788951253.564539,serverless_predictive_fixed:cyclical:3,0.0,164.85,4
1788951253.7669382,serverless_predictive_fixed:cyclical:3,0.0,164.85,4
1788951253.9694428,serverless_predictive_fixed:cyclical:3,0.0,164.85,4
1788951254.1721666,serverless_predictive_fixed:cyclical:3,0.0,164.85,4
1788951254.3744693,serverless_predictive_fixed:cyclical:3,0.0,164.85,4
1788951254.5769687,serverless_predictive_fixed:cyclical:3,4.9,164.85,4
1788951254.7793226,serverless_predictive_fixed:cyclical:3,0.0,164.85,4
1788951254.9814947,serverless_predictive_fixed:cyclical:3,0.0,164.85,4
1788951255.1840775,serverless_predictive_fixed:cyclical:3,0.0,164.85,4
1788951255.38644,serverless_predictive_fixed:cyclical:3,0.0,164.85,4
1788951255.5896473,serverless_predictive_fixed:cyclical:3,0.0,164.85,4
1788951255.7922761,serverless_predictive_fixed:cyclical:3,0.0,164.85,4
1788951255.994781,serverless_predictive_fixed:cyclical:3,0.0,164.85,4
1788951256.1973214,serverless_predictive_fixed:cyclical:3,4.9,164.85,4
1788951256.399735,serverless_predictive_fixed:cyclical:3,0.0,164.85,4
1788951256.6021109,serverless_predictive_fixed:cyclical:3,0.0,164.85,4
1788951256.8051486,serverless_predictive_fixed:cyclical:3,0.0,164.85,4
1788951257.0073946,serverless_predictive_fixed:cyclical:3,0.0,164.85,4
1788951257.2095623,serverless_predictive_fixed:cyclical:3,0.0,164.85,4
1788951257.4122221,serverless_predictive_fixed:cyclical:3,0.0,164.85,4
1788951257.6144207,serverless_predictive_fixed:cyclical:3,0.0,164.85,4
1788951257.8177464,serverless_predictive_fixed:cyclical:3,4.9,164.85,4
1788951258.0199816,serverless_predictive_fixed:cyclical:3,0.0,164.85,4
1788951258.2221074,serverless_predictive_fixed:cyclical:3,0.0,164.85,4
1788951258.424921,serverless_predictive_fixed:cyclical:3,0.0,164.85,4
1788951258.6279726,serverless_predictive_fixed:cyclical:3,4.9,164.85,4
1788951258.8306668,serverless_predictive_fixed:cyclical:3,0.0,164.85,4
1788951259.0345185,serverless_predictive_fixed:cyclical:3,0.0,164.85,4
1788951259.2369263,serverless_predictive_fixed:cyclical:3,0.0,164.85,4
1788951259.4401581,serverless_predictive_fixed:cyclical:3,0.0,122.37,4
1788951259.6423965,serverless_predictive_fixed:cyclical:3,4.9,79.84,2
1788951259.8447464,serverless_predictive_fixed:cyclical:3,0.0,37.3,1
1788951260.046808,serverless_predictive_fixed:cyclical:3,0.0,37.3,1
1788951260.2488732,serverless_predictive_fixed:cyclical:3,0.0,37.3,1
1788951260.4509523,serverless_predictive_fixed:cyclical:3,4.9,37.3,1
1788951260.6529174,serverless_predictive_fixed:cyclical:3,0.0,37.3,1
1788951260.8548222,serverless_predictive_fixed:cyclical:3,0.0,37.3,1
1788951261.0572524,serverless_predictive_fixed:cyclical:3,0.0,37.3,1
1788951261.2594757,serverless_predictive_fixed:cyclical:3,0.0,63.11,2
1788951261.4613752,serverless_predictive_fixed:cyclical:3,99.1,73.93,2
1788951261.6639936,serverless_predictive_fixed:cyclical:3,64.2,79.88,2
1788951261.8662288,serverless_predictive_fixed:cyclical:3,0.0,79.88,2
1788951262.071956,serverless_predictive_fixed:cyclical:3,14.6,122.59,4
1788951262.2745435,serverless_predictive_fixed:cyclical:3,202.3,152.99,4
1788951262.4770138,serverless_predictive_fixed:cyclical:3,167.9,165.07,4
1788951262.6793437,serverless_predictive_fixed:cyclical:3,0.0,165.07,4
1788951262.8816493,serverless_predictive_fixed:cyclical:3,0.0,165.07,4
1788951263.0839365,serverless_predictive_fixed:cyclical:3,0.0,165.07,4
1788951263.286133,serverless_predictive_fixed:cyclical:3,0.0,165.07,4
1788951263.4885027,serverless_predictive_fixed:cyclical:3,0.0,165.07,4
1788951263.6907454,serverless_predictive_fixed:cyclical:3,0.0,165.07,4
1788951263.8946686,serverless_predictive_fixed:cyclical:3,0.0,165.07,4
1788951264.0977983,serverless_predictive_fixed:cyclical:3,0.0,165.07,4
1788951264.3002782,serverless_predictive_fixed:cyclical:3,0.0,165.07,4
1788951264.5035853,serverless_predictive_fixed:cyclical:3,4.9,165.07,4
1788951264.7059202,serverless_predictive_fixed:cyclical:3,4.9,165.07,4
1788951264.908164,serverless_predictive_fixed:cyclical:3,0.0,165.07,4
1788951265.1103852,serverless_predictive_fixed:cyclical:3,0.0,165.07,4
1788951265.3128037,serverless_predictive_fixed:cyclical:3,0.0,165.07,4
1788951265.5151792,serverless_predictive_fixed:cyclical:3,4.9,165.07,4
1788951265.7177126,serverless_predictive_fixed:cyclical:3,0.0,165.07,4
1788951265.9199421,serverless_predictive_fixed:cyclical:3,0.0,165.07,4
1788951266.122298,serverless_predictive_fixed:cyclical:3,0.0,165.07,4
1788951266.3248115,serverless_predictive_fixed:cyclical:3,4.9,165.07,4
1788951266.5279603,serverless_predictive_fixed:cyclical:3,0.0,165.07,4
1788951266.7303884,serverless_predictive_fixed:cyclical:3,0.0,165.07,4
1788951266.9327977,serverless_predictive_fixed:cyclical:3,0.0,165.07,4
1788951267.1351542,serverless_predictive_fixed:cyclical:3,0.0,165.07,4
1788951267.337521,serverless_predictive_fixed:cyclical:3,0.0,165.07,4
1788951267.540163,serverless_predictive_fixed:cyclical:3,0.0,165.07,4
1788951267.7426305,serverless_predictive_fixed:cyclical:3,0.0,165.07,4
1788951267.9452178,serverless_predictive_fixed:cyclical:3,4.9,165.07,4
1788951268.1476734,serverless_predictive_fixed:cyclical:3,0.0,165.07,4
1788951268.350073,serverless_predictive_fixed:cyclical:3,0.0,165.07,4
1788951268.5525897,serverless_predictive_fixed:cyclical:3,0.0,122.5,3
1788951268.7557147,serverless_predictive_fixed:cyclical:3,0.0,122.5,3
1788951268.9588785,serverless_predictive_fixed:cyclical:3,4.9,122.5,3
1788951269.1612604,serverless_predictive_fixed:cyclical:3,0.0,79.84,2
1788951269.3634458,serverless_predictive_fixed:cyclical:3,0.0,37.33,1
1788951269.5658815,serverless_predictive_fixed:cyclical:3,0.0,37.33,1
1788951269.7683797,serverless_predictive_fixed:cyclical:3,0.0,37.33,1
1788951269.970418,serverless_predictive_fixed:cyclical:3,0.0,37.33,1
1788951270.1725767,serverless_predictive_fixed:cyclical:3,0.0,37.33,1
1788951270.375124,serverless_predictive_fixed:cyclical:3,4.9,37.33,1
1788951270.5771837,serverless_predictive_fixed:cyclical:3,0.0,37.33,1
1788951270.779443,serverless_predictive_fixed:cyclical:3,0.0,37.33,1
1788951270.9914718,serverless_predictive_fixed:cyclical:3,119.5,63.09,4
1788951271.193796,serverless_predictive_fixed:cyclical:3,191.8,117.06,4
1788951271.4004872,serverless_predictive_fixed:cyclical:3,193.5,142.09,4
1788951271.60738,serverless_predictive_fixed:cyclical:3,191.2,155.72,4
1788951272.5529451,serverless_predictive_fixed:cyclical:4,0.0,36.61,1
1788951272.7551444,serverless_predictive_fixed:cyclical:4,4.9,36.61,1
1788951272.9579616,serverless_predictive_fixed:cyclical:4,0.0,36.61,1
1788951273.1603909,serverless_predictive_fixed:cyclical:4,0.0,36.61,1
1788951273.3630254,serverless_predictive_fixed:cyclical:4,0.0,36.61,1
1788951273.5656383,serverless_predictive_fixed:cyclical:4,0.0,36.61,1
1788951273.7676756,serverless_predictive_fixed:cyclical:4,0.0,36.61,1
1788951273.9695537,serverless_predictive_fixed:cyclical:4,0.0,36.61,1
1788951274.1719503,serverless_predictive_fixed:cyclical:4,0.0,36.61,1
1788951274.373905,serverless_predictive_fixed:cyclical:4,0.0,36.61,1
1788951274.5760539,serverless_predictive_fixed:cyclical:4,0.0,36.61,1
1788951274.7781181,serverless_predictive_fixed:cyclical:4,0.0,36.61,1
1788951274.9803498,serverless_predictive_fixed:cyclical:4,0.0,36.61,1
1788951275.1828887,serverless_predictive_fixed:cyclical:4,0.0,36.61,1
1788951275.3850007,serverless_predictive_fixed:cyclical:4,0.0,36.61,1
1788951275.5870385,serverless_predictive_fixed:cyclical:4,4.9,36.61,1
1788951275.7890177,serverless_predictive_fixed:cyclical:4,0.0,36.61,1
1788951275.9927363,serverless_predictive_fixed:cyclical:4,0.0,36.61,1
1788951276.194731,serverless_predictive_fixed:cyclical:4,5.0,36.61,1
1788951276.3967183,serverless_predictive_fixed:cyclical:4,0.0,36.61,1
1788951276.5985858,serverless_predictive_fixed:cyclical:4,0.0,36.61,1
1788951276.80074,serverless_predictive_fixed:cyclical:4,0.0,36.61,1
1788951277.0027237,serverless_predictive_fixed:cyclical:4,0.0,36.61,1
1788951277.2046905,serverless_predictive_fixed:cyclical:4,0.0,36.61,1
1788951277.4066389,serverless_predictive_fixed:cyclical:4,0.0,36.61,1
1788951277.6085932,serverless_predictive_fixed:cyclical:4,0.0,36.61,1
1788951277.8113258,serverless_predictive_fixed:cyclical:4,0.0,36.61,1
1788951278.013373,serverless_predictive_fixed:cyclical:4,0.0,36.61,1
1788951278.215488,serverless_predictive_fixed:cyclical:4,0.0,36.61,1
1788951278.4174829,serverless_predictive_fixed:cyclical:4,0.0,36.61,1
1788951278.619598,serverless_predictive_fixed:cyclical:4,0.0,36.61,1
1788951278.8224325,serverless_predictive_fixed:cyclical:4,0.0,36.61,1
1788951279.0244613,serverless_predictive_fixed:cyclical:4,0.0,36.61,1
1788951279.2265718,serverless_predictive_fixed:cyclical:4,0.0,36.61,1
1788951279.4286945,serverless_predictive_fixed:cyclical:4,0.0,36.61,1
1788951279.6309204,serverless_predictive_fixed:cyclical:4,4.9,36.61,1
1788951279.8331742,serverless_predictive_fixed:cyclical:4,0.0,36.61,1
1788951280.0353549,serverless_predictive_fixed:cyclical:4,0.0,36.61,1
1788951280.2373078,serverless_predictive_fixed:cyclical:4,0.0,36.61,1
1788951280.439407,serverless_predictive_fixed:cyclical:4,0.0,36.61,1
1788951280.641368,serverless_predictive_fixed:cyclical:4,0.0,36.61,1
1788951280.8435552,serverless_predictive_fixed:cyclical:4,0.0,36.61,1
1788951281.045673,serverless_predictive_fixed:cyclical:4,0.0,36.61,1
1788951281.2475946,serverless_predictive_fixed:cyclical:4,0.0,36.61,1
1788951281.451635,serverless_predictive_fixed:cyclical:4,0.0,37.61,2
1788951281.6572657,serverless_predictive_fixed:cyclical:4,53.5,111.38,4
1788951281.8635137,serverless_predictive_fixed:cyclical:4,194.0,141.51,4
1788951282.0691025,serverless_predictive_fixed:cyclical:4,199.2,151.04,4
1788951282.2717967,serverless_predictive_fixed:cyclical:4,157.9,164.8,4
1788951282.4746435,serverless_predictive_fixed:cyclical:4,0.0,164.8,4
1788951282.6769524,serverless_predictive_fixed:cyclical:4,4.9,164.8,4
1788951282.8809721,serverless_predictive_fixed:cyclical:4,0.0,164.8,4
1788951283.0833223,serverless_predictive_fixed:cyclical:4,0.0,164.8,4
1788951283.2858996,serverless_predictive_fixed:cyclical:4,4.9,164.8,4
1788951283.4886346,serverless_predictive_fixed:cyclical:4,0.0,164.8,4
1788951283.6909428,serverless_predictive_fixed:cyclical:4,0.0,164.8,4
1788951283.8932257,serverless_predictive_fixed:cyclical:4,0.0,164.8,4
1788951284.0958571,serverless_predictive_fixed:cyclical:4,0.0,164.8,4
1788951284.2981696,serverless_predictive_fixed:cyclical:4,0.0,164.8,4
1788951284.5008748,serverless_predictive_fixed:cyclical:4,0.0,164.8,4
1788951284.703577,serverless_predictive_fixed:cyclical:4,0.0,164.8,4
1788951284.905817,serverless_predictive_fixed:cyclical:4,0.0,164.8,4
1788951285.108239,serverless_predictive_fixed:cyclical:4,0.0,164.8,4
1788951285.3103688,serverless_predictive_fixed:cyclical:4,0.0,164.8,4
1788951285.5130835,serverless_predictive_fixed:cyclical:4,0.0,164.8,4
1788951285.715357,serverless_predictive_fixed:cyclical:4,4.9,164.8,4
1788951285.9174528,serverless_predictive_fixed:cyclical:4,0.0,164.8,4
1788951286.1197612,serverless_predictive_fixed:cyclical:4,9.8,164.8,4
1788951286.3220446,serverless_predictive_fixed:cyclical:4,0.0,164.8,4
1788951286.52467,serverless_predictive_fixed:cyclical:4,0.0,164.8,4
1788951286.726872,serverless_predictive_fixed:cyclical:4,0.0,164.8,4
1788951286.9291952,serverless_predictive_fixed:cyclical:4,0.0,164.8,4
1788951287.132292,serverless_predictive_fixed:cyclical:4,0.0,164.8,4
1788951287.335692,serverless_predictive_fixed:cyclical:4,0.0,164.8,4
1788951287.5382612,serverless_predictive_fixed:cyclical:4,0.0,164.8,4
1788951287.741133,serverless_predictive_fixed:cyclical:4,0.0,164.8,4
1788951287.9436514,serverless_predictive_fixed:cyclical:4,0.0,164.8,4
1788951288.146069,serverless_predictive_fixed:cyclical:4,4.9,164.8,4
1788951288.348817,serverless_predictive_fixed:cyclical:4,0.0,164.89,4
1788951288.55282,serverless_predictive_fixed:cyclical:4,4.9,122.27,3
1788951288.7549813,serverless_predictive_fixed:cyclical:4,0.0,79.65,2
1788951288.9569743,serverless_predictive_fixed:cyclical:4,0.0,37.13,1
1788951289.1587553,serverless_predictive_fixed:cyclical:4,0.0,37.13,1
1788951289.360751,serverless_predictive_fixed:cyclical:4,0.0,37.13,1
1788951289.5626557,serverless_predictive_fixed:cyclical:4,0.0,37.13,1
1788951289.7657356,serverless_predictive_fixed:cyclical:4,0.0,37.13,1
1788951289.967885,serverless_predictive_fixed:cyclical:4,0.0,37.13,1
1788951290.1701715,serverless_predictive_fixed:cyclical:4,0.0,37.13,1
1788951290.3722715,serverless_predictive_fixed:cyclical:4,0.0,45.45,2
1788951290.5740802,serverless_predictive_fixed:cyclical:4,104.1,70.88,2
1788951290.7759852,serverless_predictive_fixed:cyclical:4,99.1,79.34,2
1788951290.9780014,serverless_predictive_fixed:cyclical:4,9.9,79.68,2
1788951291.1802454,serverless_predictive_fixed:cyclical:4,0.0,79.68,2
1788951291.3822198,serverless_predictive_fixed:cyclical:4,0.0,79.68,2
1788951291.5843673,serverless_predictive_fixed:cyclical:4,19.7,140.79,4
1788951291.7865727,serverless_predictive_fixed:cyclical:4,187.9,154.98,4
1788951291.9889193,serverless_predictive_fixed:cyclical:4,108.7,164.85,4
1788951292.1917229,serverless_predictive_fixed:cyclical:4,0.0,164.85,4
1788951292.3939905,serverless_predictive_fixed:cyclical:4,0.0,164.85,4
1788951292.5963051,serverless_predictive_fixed:cyclical:4,0.0,164.85,4
1788951292.7986636,serverless_predictive_fixed:cyclical:4,0.0,164.85,4
1788951293.0011566,serverless_predictive_fixed:cyclical:4,4.9,164.85,4
1788951293.2034383,serverless_predictive_fixed:cyclical:4,0.0,164.85,4
1788951293.4057593,serverless_predictive_fixed:cyclical:4,0.0,164.85,4
1788951293.6080635,serverless_predictive_fixed:cyclical:4,0.0,164.85,4
1788951293.8107057,serverless_predictive_fixed:cyclical:4,0.0,164.85,4
1788951294.013202,serverless_predictive_fixed:cyclical:4,4.9,164.85,4
1788951294.2155054,serverless_predictive_fixed:cyclical:4,0.0,164.85,4
1788951294.4177074,serverless_predictive_fixed:cyclical:4,0.0,164.85,4
1788951294.6199913,serverless_predictive_fixed:cyclical:4,0.0,164.85,4
1788951294.8224237,serverless_predictive_fixed:cyclical:4,0.0,164.85,4
1788951295.0246701,serverless_predictive_fixed:cyclical:4,0.0,164.85,4
1788951295.2267132,serverless_predictive_fixed:cyclical:4,0.0,164.85,4
1788951295.4288502,serverless_predictive_fixed:cyclical:4,0.0,164.85,4
1788951295.631054,serverless_predictive_fixed:cyclical:4,4.9,164.85,4
1788951295.833278,serverless_predictive_fixed:cyclical:4,4.9,164.85,4
1788951296.035454,serverless_predictive_fixed:cyclical:4,0.0,164.85,4
1788951296.2378023,serverless_predictive_fixed:cyclical:4,0.0,164.85,4
1788951296.4400597,serverless_predictive_fixed:cyclical:4,0.0,164.85,4
1788951296.6427715,serverless_predictive_fixed:cyclical:4,0.0,164.85,4
1788951296.8449786,serverless_predictive_fixed:cyclical:4,0.0,164.85,4
1788951297.047258,serverless_predictive_fixed:cyclical:4,0.0,164.85,4
1788951297.2494676,serverless_predictive_fixed:cyclical:4,0.0,164.85,4
1788951297.4516513,serverless_predictive_fixed:cyclical:4,0.0,164.85,4
1788951297.6538813,serverless_predictive_fixed:cyclical:4,0.0,164.85,4
1788951297.8560956,serverless_predictive_fixed:cyclical:4,4.9,122.32,3
1788951298.0582333,serverless_predictive_fixed:cyclical:4,4.9,122.32,3
1788951298.2603018,serverless_predictive_fixed:cyclical:4,0.0,79.78,2
1788951298.462176,serverless_predictive_fixed:cyclical:4,0.0,37.21,1
1788951298.6641023,serverless_predictive_fixed:cyclical:4,0.0,37.21,1
1788951298.8659327,serverless_predictive_fixed:cyclical:4,0.0,37.21,1
1788951299.067887,serverless_predictive_fixed:cyclical:4,0.0,37.21,1
1788951299.2697647,serverless_predictive_fixed:cyclical:4,0.0,37.21,1
1788951299.4718225,serverless_predictive_fixed:cyclical:4,0.0,37.21,1
1788951299.6738718,serverless_predictive_fixed:cyclical:4,0.0,37.21,1
1788951299.8757992,serverless_predictive_fixed:cyclical:4,0.0,37.21,1
1788951300.0776858,serverless_predictive_fixed:cyclical:4,0.0,37.21,1
1788951300.2797399,serverless_predictive_fixed:cyclical:4,0.0,37.21,1
1788951300.4820907,serverless_predictive_fixed:cyclical:4,4.9,64.09,2
1788951300.6845675,serverless_predictive_fixed:cyclical:4,103.7,74.73,2
1788951300.8876386,serverless_predictive_fixed:cyclical:4,64.0,79.74,2
1788951301.0899453,serverless_predictive_fixed:cyclical:4,0.0,79.74,2
1788951301.2923841,serverless_predictive_fixed:cyclical:4,0.0,79.74,2
1788951301.4944608,serverless_predictive_fixed:cyclical:4,0.0,79.74,2
1788951301.6968164,serverless_predictive_fixed:cyclical:4,0.0,79.74,2
1788951301.899986,serverless_predictive_fixed:cyclical:4,9.8,118.79,4
1788951302.1026762,serverless_predictive_fixed:cyclical:4,192.3,150.46,4
1788951302.3058937,serverless_predictive_fixed:cyclical:4,191.9,161.91,4
1788951302.5089304,serverless_predictive_fixed:cyclical:4,29.5,164.88,4
1788951302.7116098,serverless_predictive_fixed:cyclical:4,0.0,164.88,4
1788951302.913832,serverless_predictive_fixed:cyclical:4,0.0,164.88,4
1788951303.1167643,serverless_predictive_fixed:cyclical:4,0.0,164.88,4
1788951303.3190768,serverless_predictive_fixed:cyclical:4,0.0,164.88,4
1788951303.5212283,serverless_predictive_fixed:cyclical:4,0.0,164.88,4
1788951303.723791,serverless_predictive_fixed:cyclical:4,0.0,164.88,4
1788951303.9260492,serverless_predictive_fixed:cyclical:4,4.9,164.88,4
1788951304.1286173,serverless_predictive_fixed:cyclical:4,0.0,164.88,4
1788951304.3308601,serverless_predictive_fixed:cyclical:4,0.0,164.88,4
1788951304.533095,serverless_predictive_fixed:cyclical:4,0.0,164.88,4
1788951304.735473,serverless_predictive_fixed:cyclical:4,4.9,164.88,4
1788951304.9377623,serverless_predictive_fixed:cyclical:4,0.0,164.88,4
1788951305.1399806,serverless_predictive_fixed:cyclical:4,0.0,164.88,4
1788951305.3428197,serverless_predictive_fixed:cyclical:4,0.0,164.88,4
1788951305.5453045,serverless_predictive_fixed:cyclical:4,0.0,164.88,4
1788951305.7481816,serverless_predictive_fixed:cyclical:4,0.0,164.88,4
1788951305.9504673,serverless_predictive_fixed:cyclical:4,4.9,164.88,4
1788951306.1527147,serverless_predictive_fixed:cyclical:4,0.0,164.88,4
1788951306.3553743,serverless_predictive_fixed:cyclical:4,4.9,164.88,4
1788951306.5575564,serverless_predictive_fixed:cyclical:4,0.0,164.88,4
1788951306.7602973,serverless_predictive_fixed:cyclical:4,0.0,164.88,4
1788951306.9626522,serverless_predictive_fixed:cyclical:4,0.0,164.88,4
1788951307.165307,serverless_predictive_fixed:cyclical:4,0.0,164.88,4
1788951307.3675456,serverless_predictive_fixed:cyclical:4,0.0,164.88,4
1788951307.5696967,serverless_predictive_fixed:cyclical:4,0.0,164.88,4
1788951307.772049,serverless_predictive_fixed:cyclical:4,0.0,164.88,4
1788951307.9744065,serverless_predictive_fixed:cyclical:4,0.0,164.88,4
1788951308.1766434,serverless_predictive_fixed:cyclical:4,0.0,164.88,4
1788951308.379304,serverless_predictive_fixed:cyclical:4,4.9,122.34,4
1788951308.5815825,serverless_predictive_fixed:cyclical:4,0.0,122.34,3
1788951308.7836168,serverless_predictive_fixed:cyclical:4,0.0,79.77,2
1788951308.9854743,serverless_predictive_fixed:cyclical:4,5.0,37.23,1
1788951309.1875067,serverless_predictive_fixed:cyclical:4,0.0,37.23,1
1788951309.389385,serverless_predictive_fixed:cyclical:4,0.0,37.23,1
1788951309.591872,serverless_predictive_fixed:cyclical:4,0.0,37.23,1
1788951309.793709,serverless_predictive_fixed:cyclical:4,0.0,37.23,1
1788951309.995954,serverless_predictive_fixed:cyclical:4,0.0,37.23,1
1788951310.1981707,serverless_predictive_fixed:cyclical:4,0.0,37.23,1
1788951310.4002755,serverless_predictive_fixed:cyclical:4,0.0,37.23,1
1788951310.6021545,serverless_predictive_fixed:cyclical:4,0.0,37.23,1
1788951310.804452,serverless_predictive_fixed:cyclical:4,0.0,47.5,2
1788951311.0071263,serverless_predictive_fixed:cyclical:4,103.6,72.16,2
1788951311.209029,serverless_predictive_fixed:cyclical:4,104.0,79.78,2
1788951311.4158733,serverless_predictive_fixed:cyclical:4,9.6,96.9,4
1788951311.6184473,serverless_predictive_fixed:cyclical:4,182.6,144.16,4
1788951311.8238642,serverless_predictive_fixed:cyclical:4,194.8,159.47,4
1788951312.0270126,serverless_predictive_fixed:cyclical:4,54.1,165.06,4
1788951312.2292619,serverless_predictive_fixed:cyclical:4,4.9,165.06,4
1788951312.431736,serverless_predictive_fixed:cyclical:4,0.0,165.06,4
1788951312.634016,serverless_predictive_fixed:cyclical:4,0.0,165.06,4
1788951312.8366454,serverless_predictive_fixed:cyclical:4,0.0,165.06,4
1788951313.038943,serverless_predictive_fixed:cyclical:4,4.9,165.06,4
1788951313.2412777,serverless_predictive_fixed:cyclical:4,0.0,165.06,4
1788951313.4438868,serverless_predictive_fixed:cyclical:4,0.0,165.06,4
1788951313.646257,serverless_predictive_fixed:cyclical:4,0.0,165.06,4
1788951313.8488677,serverless_predictive_fixed:cyclical:4,0.0,165.06,4
1788951314.0511143,serverless_predictive_fixed:cyclical:4,0.0,165.06,4
1788951314.2547805,serverless_predictive_fixed:cyclical:4,0.0,165.06,4
1788951314.4571896,serverless_predictive_fixed:cyclical:4,0.0,165.06,4
1788951314.6610944,serverless_predictive_fixed:cyclical:4,9.8,165.06,4
1788951314.863483,serverless_predictive_fixed:cyclical:4,0.0,165.06,4
1788951315.0657475,serverless_predictive_fixed:cyclical:4,0.0,165.06,4
1788951315.2680328,serverless_predictive_fixed:cyclical:4,0.0,165.06,4
1788951315.4702978,serverless_predictive_fixed:cyclical:4,0.0,165.06,4
1788951315.67265,serverless_predictive_fixed:cyclical:4,0.0,165.06,4
1788951315.8749578,serverless_predictive_fixed:cyclical:4,0.0,165.06,4
1788951316.0772028,serverless_predictive_fixed:cyclical:4,0.0,165.06,4
1788951316.2795455,serverless_predictive_fixed:cyclical:4,4.9,165.06,4
1788951316.4820998,serverless_predictive_fixed:cyclical:4,0.0,165.06,4
1788951316.6846626,serverless_predictive_fixed:cyclical:4,0.0,165.06,4
1788951316.8871574,serverless_predictive_fixed:cyclical:4,0.0,165.06,4
1788951317.0898278,serverless_predictive_fixed:cyclical:4,0.0,165.06,4
1788951317.2924285,serverless_predictive_fixed:cyclical:4,0.0,165.06,4
1788951317.4951541,serverless_predictive_fixed:cyclical:4,0.0,165.06,4
1788951317.6975777,serverless_predictive_fixed:cyclical:4,4.9,122.35,3
1788951317.899818,serverless_predictive_fixed:cyclical:4,4.9,122.35,3
1788951318.1020203,serverless_predictive_fixed:cyclical:4,0.0,79.71,3
1788951318.304155,serverless_predictive_fixed:cyclical:4,0.0,79.71,2
1788951318.5063267,serverless_predictive_fixed:cyclical:4,0.0,79.71,2
1788951318.7085593,serverless_predictive_fixed:cyclical:4,0.0,37.24,1
1788951318.9105406,serverless_predictive_fixed:cyclical:4,0.0,37.24,1
1788951319.1126556,serverless_predictive_fixed:cyclical:4,0.0,37.24,1
1788951319.3145905,serverless_predictive_fixed:cyclical:4,0.0,37.24,1
1788951319.5167263,serverless_predictive_fixed:cyclical:4,0.0,37.24,1
1788951319.718716,serverless_predictive_fixed:cyclical:4,0.0,37.24,1
1788951319.9207315,serverless_predictive_fixed:cyclical:4,0.0,37.24,1
1788951320.1227229,serverless_predictive_fixed:cyclical:4,0.0,37.24,1
1788951320.3246286,serverless_predictive_fixed:cyclical:4,5.0,37.24,1
1788951320.5267355,serverless_predictive_fixed:cyclical:4,0.0,67.48,2
1788951320.7287993,serverless_predictive_fixed:cyclical:4,103.9,75.53,2
1788951320.931602,serverless_predictive_fixed:cyclical:4,39.4,79.79,2
1788951321.13932,serverless_predictive_fixed:cyclical:4,14.8,140.27,4
1788951321.3418434,serverless_predictive_fixed:cyclical:4,197.4,155.79,4
1788951322.2791884,serverless_predictive_fixed:cyclical:5,0.0,36.67,1
1788951322.4811153,serverless_predictive_fixed:cyclical:5,0.0,36.67,1
1788951322.683657,serverless_predictive_fixed:cyclical:5,0.0,36.67,1
1788951322.8854592,serverless_predictive_fixed:cyclical:5,0.0,36.67,1
1788951323.0876448,serverless_predictive_fixed:cyclical:5,0.0,36.67,1
1788951323.2896144,serverless_predictive_fixed:cyclical:5,0.0,36.67,1
1788951323.4917836,serverless_predictive_fixed:cyclical:5,0.0,36.67,1
1788951323.6941254,serverless_predictive_fixed:cyclical:5,0.0,36.67,1
1788951323.8968012,serverless_predictive_fixed:cyclical:5,0.0,36.67,1
1788951324.0988643,serverless_predictive_fixed:cyclical:5,0.0,36.67,1
1788951324.300934,serverless_predictive_fixed:cyclical:5,0.0,36.67,1
1788951324.5029185,serverless_predictive_fixed:cyclical:5,0.0,36.67,1
1788951324.704922,serverless_predictive_fixed:cyclical:5,0.0,36.67,1
1788951324.9066715,serverless_predictive_fixed:cyclical:5,5.0,36.67,1
1788951325.108932,serverless_predictive_fixed:cyclical:5,0.0,36.67,1
1788951325.3111382,serverless_predictive_fixed:cyclical:5,0.0,36.67,1
1788951325.513142,serverless_predictive_fixed:cyclical:5,0.0,36.67,1
1788951325.7151399,serverless_predictive_fixed:cyclical:5,0.0,36.67,1
1788951325.9171472,serverless_predictive_fixed:cyclical:5,0.0,36.67,1
1788951326.1191201,serverless_predictive_fixed:cyclical:5,0.0,36.67,1
1788951326.3210664,serverless_predictive_fixed:cyclical:5,0.0,36.67,1
1788951326.5231168,serverless_predictive_fixed:cyclical:5,0.0,36.67,1
1788951326.7253132,serverless_predictive_fixed:cyclical:5,0.0,36.67,1
1788951326.9273663,serverless_predictive_fixed:cyclical:5,0.0,36.67,1
1788951327.1296844,serverless_predictive_fixed:cyclical:5,0.0,36.67,1
1788951327.3316936,serverless_predictive_fixed:cyclical:5,0.0,36.67,1
1788951327.5338378,serverless_predictive_fixed:cyclical:5,4.9,36.67,1
1788951327.7360473,serverless_predictive_fixed:cyclical:5,0.0,36.67,1
1788951327.938502,serverless_predictive_fixed:cyclical:5,0.0,36.67,1
1788951328.140619,serverless_predictive_fixed:cyclical:5,0.0,36.67,1
1788951328.3427243,serverless_predictive_fixed:cyclical:5,0.0,36.67,1
1788951328.544961,serverless_predictive_fixed:cyclical:5,0.0,36.67,1
1788951328.7470143,serverless_predictive_fixed:cyclical:5,0.0,36.67,1
1788951328.9490404,serverless_predictive_fixed:cyclical:5,0.0,36.67,1
1788951329.151153,serverless_predictive_fixed:cyclical:5,0.0,36.67,1
1788951329.3532188,serverless_predictive_fixed:cyclical:5,0.0,36.67,1
1788951329.555452,serverless_predictive_fixed:cyclical:5,0.0,36.67,1
1788951329.7574668,serverless_predictive_fixed:cyclical:5,0.0,36.67,1
1788951329.9596426,serverless_predictive_fixed:cyclical:5,0.0,36.67,1
1788951330.1626885,serverless_predictive_fixed:cyclical:5,0.0,36.67,1
1788951330.3649762,serverless_predictive_fixed:cyclical:5,0.0,36.67,1
1788951330.5673635,serverless_predictive_fixed:cyclical:5,0.0,36.67,1
1788951330.7694125,serverless_predictive_fixed:cyclical:5,0.0,36.67,1
1788951330.9716465,serverless_predictive_fixed:cyclical:5,0.0,36.67,1
1788951331.17363,serverless_predictive_fixed:cyclical:5,0.0,36.67,1
1788951331.3756614,serverless_predictive_fixed:cyclical:5,0.0,36.67,1
1788951331.577896,serverless_predictive_fixed:cyclical:5,4.9,36.67,1
1788951331.7802672,serverless_predictive_fixed:cyclical:5,0.0,36.67,1
1788951331.9824457,serverless_predictive_fixed:cyclical:5,0.0,36.67,1
1788951332.1893861,serverless_predictive_fixed:cyclical:5,4.8,63.56,4
1788951332.3996694,serverless_predictive_fixed:cyclical:5,199.7,122.18,4
1788951332.6018112,serverless_predictive_fixed:cyclical:5,192.9,142.66,4
1788951332.807884,serverless_predictive_fixed:cyclical:5,194.1,156.83,4
1788951333.010477,serverless_predictive_fixed:cyclical:5,83.9,164.89,4
1788951333.2128425,serverless_predictive_fixed:cyclical:5,0.0,164.89,4
1788951333.4151127,serverless_predictive_fixed:cyclical:5,0.0,164.89,4
1788951333.617418,serverless_predictive_fixed:cyclical:5,0.0,164.89,4
1788951333.8201926,serverless_predictive_fixed:cyclical:5,0.0,164.89,4
1788951334.0349298,serverless_predictive_fixed:cyclical:5,4.7,164.89,4
1788951334.2374275,serverless_predictive_fixed:cyclical:5,0.0,164.89,4
1788951334.439686,serverless_predictive_fixed:cyclical:5,0.0,164.89,4
1788951334.6418138,serverless_predictive_fixed:cyclical:5,0.0,164.89,4
1788951334.8443513,serverless_predictive_fixed:cyclical:5,0.0,164.89,4
1788951335.0465117,serverless_predictive_fixed:cyclical:5,0.0,164.89,4
1788951335.2497194,serverless_predictive_fixed:cyclical:5,0.0,164.89,4
1788951335.4521415,serverless_predictive_fixed:cyclical:5,4.9,164.89,4
1788951335.6544333,serverless_predictive_fixed:cyclical:5,0.0,164.89,4
1788951335.8566394,serverless_predictive_fixed:cyclical:5,0.0,164.89,4
1788951336.0587082,serverless_predictive_fixed:cyclical:5,0.0,164.89,4
1788951336.2610068,serverless_predictive_fixed:cyclical:5,0.0,164.89,4
1788951336.4632826,serverless_predictive_fixed:cyclical:5,4.9,164.89,4
1788951336.6654384,serverless_predictive_fixed:cyclical:5,4.9,164.89,4
1788951336.8676114,serverless_predictive_fixed:cyclical:5,0.0,164.89,4
1788951337.070539,serverless_predictive_fixed:cyclical:5,0.0,164.89,4
1788951337.2728517,serverless_predictive_fixed:cyclical:5,0.0,164.89,4
1788951337.475434,serverless_predictive_fixed:cyclical:5,0.0,164.89,4
1788951337.6783402,serverless_predictive_fixed:cyclical:5,0.0,164.89,4
1788951337.8807068,serverless_predictive_fixed:cyclical:5,0.0,164.89,4
1788951338.082897,serverless_predictive_fixed:cyclical:5,0.0,164.9,4
1788951338.2850885,serverless_predictive_fixed:cyclical:5,0.0,164.9,4
1788951338.487494,serverless_predictive_fixed:cyclical:5,0.0,164.9,4
1788951338.689645,serverless_predictive_fixed:cyclical:5,0.0,164.9,4
1788951338.8925767,serverless_predictive_fixed:cyclical:5,0.0,164.9,4
1788951339.0950406,serverless_predictive_fixed:cyclical:5,4.9,164.96,4
1788951339.2969918,serverless_predictive_fixed:cyclical:5,0.0,122.41,3
1788951339.499033,serverless_predictive_fixed:cyclical:5,0.0,79.82,2
1788951339.7008975,serverless_predictive_fixed:cyclical:5,0.0,37.16,1
1788951339.9027727,serverless_predictive_fixed:cyclical:5,0.0,37.16,1
1788951340.1046991,serverless_predictive_fixed:cyclical:5,0.0,37.16,1
1788951340.3066137,serverless_predictive_fixed:cyclical:5,0.0,37.16,1
1788951340.50855,serverless_predictive_fixed:cyclical:5,0.0,37.16,1
1788951340.710394,serverless_predictive_fixed:cyclical:5,0.0,37.16,1
1788951340.9122343,serverless_predictive_fixed:cyclical:5,0.0,37.16,1
1788951341.114062,serverless_predictive_fixed:cyclical:5,0.0,37.16,1
1788951341.3164315,serverless_predictive_fixed:cyclical:5,4.9,68.58,2
1788951341.5197,serverless_predictive_fixed:cyclical:5,98.4,76.94,2
1788951341.7217824,serverless_predictive_fixed:cyclical:5,29.6,79.81,2
1788951341.9238098,serverless_predictive_fixed:cyclical:5,0.0,79.81,2
1788951342.1258736,serverless_predictive_fixed:cyclical:5,0.0,79.81,2
1788951342.3286226,serverless_predictive_fixed:cyclical:5,9.8,131.39,4
1788951342.53083,serverless_predictive_fixed:cyclical:5,207.7,153.68,4
1788951342.7338188,serverless_predictive_fixed:cyclical:5,123.1,165.04,4
1788951342.9360735,serverless_predictive_fixed:cyclical:5,0.0,165.04,4
1788951343.1382914,serverless_predictive_fixed:cyclical:5,0.0,165.04,4
1788951343.3406167,serverless_predictive_fixed:cyclical:5,0.0,165.04,4
1788951343.5433037,serverless_predictive_fixed:cyclical:5,4.9,165.04,4
1788951343.7456899,serverless_predictive_fixed:cyclical:5,0.0,165.04,4
1788951343.947911,serverless_predictive_fixed:cyclical:5,0.0,165.04,4
1788951344.1505928,serverless_predictive_fixed:cyclical:5,0.0,165.04,4
1788951344.3527951,serverless_predictive_fixed:cyclical:5,0.0,165.04,4
1788951344.5550523,serverless_predictive_fixed:cyclical:5,0.0,165.04,4
1788951344.7571678,serverless_predictive_fixed:cyclical:5,4.9,165.04,4
1788951344.9595528,serverless_predictive_fixed:cyclical:5,0.0,165.04,4
1788951345.1622198,serverless_predictive_fixed:cyclical:5,4.9,165.04,4
1788951345.3648164,serverless_predictive_fixed:cyclical:5,0.0,165.04,4
1788951345.567148,serverless_predictive_fixed:cyclical:5,4.9,165.04,4
1788951345.769519,serverless_predictive_fixed:cyclical:5,4.9,165.04,4
1788951345.9717321,serverless_predictive_fixed:cyclical:5,0.0,165.04,4
1788951346.1738346,serverless_predictive_fixed:cyclical:5,0.0,165.04,4
1788951346.3766208,serverless_predictive_fixed:cyclical:5,0.0,165.04,4
1788951346.5790277,serverless_predictive_fixed:cyclical:5,0.0,165.04,4
1788951346.7815146,serverless_predictive_fixed:cyclical:5,0.0,165.04,4
1788951346.9838266,serverless_predictive_fixed:cyclical:5,0.0,165.04,4
1788951347.1870658,serverless_predictive_fixed:cyclical:5,0.0,165.04,4
1788951347.3894048,serverless_predictive_fixed:cyclical:5,0.0,165.04,4
1788951347.5916438,serverless_predictive_fixed:cyclical:5,0.0,165.04,4
1788951347.7939007,serverless_predictive_fixed:cyclical:5,0.0,165.04,4
1788951347.9963143,serverless_predictive_fixed:cyclical:5,0.0,165.04,4
1788951348.1985683,serverless_predictive_fixed:cyclical:5,0.0,165.04,4
1788951348.4007983,serverless_predictive_fixed:cyclical:5,0.0,165.04,4
1788951348.6028354,serverless_predictive_fixed:cyclical:5,9.8,122.41,4
1788951348.8055406,serverless_predictive_fixed:cyclical:5,0.0,122.41,3
1788951349.0080268,serverless_predictive_fixed:cyclical:5,0.0,79.89,3
1788951349.2101583,serverless_predictive_fixed:cyclical:5,0.0,37.26,1
1788951349.4122698,serverless_predictive_fixed:cyclical:5,0.0,37.26,1
1788951349.6143432,serverless_predictive_fixed:cyclical:5,0.0,37.26,1
1788951349.8164725,serverless_predictive_fixed:cyclical:5,0.0,37.26,1
1788951350.0184226,serverless_predictive_fixed:cyclical:5,0.0,37.26,1
1788951350.2205215,serverless_predictive_fixed:cyclical:5,0.0,37.26,1
1788951350.4225261,serverless_predictive_fixed:cyclical:5,0.0,37.26,1
1788951350.6246169,serverless_predictive_fixed:cyclical:5,0.0,37.26,1
1788951350.8266292,serverless_predictive_fixed:cyclical:5,0.0,37.26,1
1788951351.0333142,serverless_predictive_fixed:cyclical:5,9.7,89.3,4
1788951351.240064,serverless_predictive_fixed:cyclical:5,125.8,116.37,4
1788951351.4490824,serverless_predictive_fixed:cyclical:5,162.7,140.9,4
1788951351.6724534,serverless_predictive_fixed:cyclical:5,156.7,153.96,4
1788951351.8756638,serverless_predictive_fixed:cyclical:5,142.7,162.96,4
1788951352.0789847,serverless_predictive_fixed:cyclical:5,19.7,165.06,4
1788951352.281365,serverless_predictive_fixed:cyclical:5,4.9,165.06,4
1788951352.4836688,serverless_predictive_fixed:cyclical:5,0.0,165.06,4
1788951352.6859553,serverless_predictive_fixed:cyclical:5,0.0,165.06,4
1788951352.8884916,serverless_predictive_fixed:cyclical:5,0.0,165.06,4
1788951353.0907202,serverless_predictive_fixed:cyclical:5,0.0,165.06,4
1788951353.293082,serverless_predictive_fixed:cyclical:5,4.9,165.06,4
1788951353.4955697,serverless_predictive_fixed:cyclical:5,0.0,165.06,4
1788951353.6979191,serverless_predictive_fixed:cyclical:5,0.0,165.06,4
1788951353.9002664,serverless_predictive_fixed:cyclical:5,0.0,165.06,4
1788951354.1029835,serverless_predictive_fixed:cyclical:5,0.0,165.06,4
1788951354.3053362,serverless_predictive_fixed:cyclical:5,0.0,165.06,4
1788951354.5077372,serverless_predictive_fixed:cyclical:5,0.0,165.06,4
1788951354.7100515,serverless_predictive_fixed:cyclical:5,0.0,165.06,4
1788951354.9125743,serverless_predictive_fixed:cyclical:5,0.0,165.06,4
1788951355.1153672,serverless_predictive_fixed:cyclical:5,0.0,165.06,4
1788951355.3180149,serverless_predictive_fixed:cyclical:5,0.0,165.06,4
1788951355.5204139,serverless_predictive_fixed:cyclical:5,0.0,165.06,4
1788951355.7227538,serverless_predictive_fixed:cyclical:5,0.0,165.06,4
1788951355.9251945,serverless_predictive_fixed:cyclical:5,4.9,165.06,4
1788951356.1277838,serverless_predictive_fixed:cyclical:5,0.0,165.06,4
1788951356.330394,serverless_predictive_fixed:cyclical:5,4.9,165.06,4
1788951356.5330079,serverless_predictive_fixed:cyclical:5,0.0,165.06,4
1788951356.7355947,serverless_predictive_fixed:cyclical:5,4.9,165.06,4
1788951356.9382944,serverless_predictive_fixed:cyclical:5,0.0,165.06,4
1788951357.1407967,serverless_predictive_fixed:cyclical:5,0.0,165.06,4
1788951357.3434856,serverless_predictive_fixed:cyclical:5,0.0,165.06,4
1788951357.5459754,serverless_predictive_fixed:cyclical:5,0.0,165.06,4
1788951357.7489061,serverless_predictive_fixed:cyclical:5,0.0,165.06,4
1788951357.9514477,serverless_predictive_fixed:cyclical:5,0.0,165.06,4
1788951358.1537197,serverless_predictive_fixed:cyclical:5,0.0,122.52,3
1788951358.3559785,serverless_predictive_fixed:cyclical:5,0.0,79.89,2
1788951358.558283,serverless_predictive_fixed:cyclical:5,0.0,37.34,1
1788951358.760691,serverless_predictive_fixed:cyclical:5,0.0,37.34,1
1788951358.962919,serverless_predictive_fixed:cyclical:5,0.0,37.34,1
1788951359.164988,serverless_predictive_fixed:cyclical:5,4.9,37.34,1
1788951359.3669927,serverless_predictive_fixed:cyclical:5,0.0,37.34,1
1788951359.568955,serverless_predictive_fixed:cyclical:5,0.0,37.34,1
1788951359.7713766,serverless_predictive_fixed:cyclical:5,0.0,37.34,1
1788951359.9736476,serverless_predictive_fixed:cyclical:5,0.0,54.95,2
1788951360.1758406,serverless_predictive_fixed:cyclical:5,103.8,73.06,2
1788951360.377849,serverless_predictive_fixed:cyclical:5,108.9,79.72,2
1788951360.5799007,serverless_predictive_fixed:cyclical:5,0.0,79.87,2
1788951360.781881,serverless_predictive_fixed:cyclical:5,0.0,79.87,2
1788951360.9841275,serverless_predictive_fixed:cyclical:5,0.0,79.87,2
1788951361.188539,serverless_predictive_fixed:cyclical:5,19.6,132.13,4
1788951361.390821,serverless_predictive_fixed:cyclical:5,197.7,153.17,4
1788951361.5936136,serverless_predictive_fixed:cyclical:5,143.0,165.02,4
1788951361.7959154,serverless_predictive_fixed:cyclical:5,0.0,165.02,4
1788951361.998479,serverless_predictive_fixed:cyclical:5,4.9,165.02,4
1788951362.2008407,serverless_predictive_fixed:cyclical:5,0.0,165.02,4
1788951362.4031222,serverless_predictive_fixed:cyclical:5,0.0,165.02,4
1788951362.6056302,serverless_predictive_fixed:cyclical:5,0.0,165.02,4
1788951362.8083498,serverless_predictive_fixed:cyclical:5,0.0,165.02,4
1788951363.010643,serverless_predictive_fixed:cyclical:5,0.0,165.02,4
1788951363.2133586,serverless_predictive_fixed:cyclical:5,0.0,165.02,4
1788951363.4157457,serverless_predictive_fixed:cyclical:5,0.0,165.02,4
1788951363.6185977,serverless_predictive_fixed:cyclical:5,4.9,165.02,4
1788951363.8216262,serverless_predictive_fixed:cyclical:5,4.9,165.02,4
1788951364.0250194,serverless_predictive_fixed:cyclical:5,0.0,165.02,4
1788951364.227548,serverless_predictive_fixed:cyclical:5,0.0,165.02,4
1788951364.4300537,serverless_predictive_fixed:cyclical:5,0.0,165.02,4
1788951364.632503,serverless_predictive_fixed:cyclical:5,0.0,165.02,4
1788951364.8349621,serverless_predictive_fixed:cyclical:5,4.9,165.02,4
1788951365.0372815,serverless_predictive_fixed:cyclical:5,0.0,165.02,4
1788951365.2397048,serverless_predictive_fixed:cyclical:5,0.0,165.02,4
1788951365.4419973,serverless_predictive_fixed:cyclical:5,0.0,165.02,4
1788951365.64454,serverless_predictive_fixed:cyclical:5,0.0,165.02,4
1788951365.846859,serverless_predictive_fixed:cyclical:5,4.9,165.02,4
1788951366.0492206,serverless_predictive_fixed:cyclical:5,0.0,165.02,4
1788951366.251587,serverless_predictive_fixed:cyclical:5,0.0,165.02,4
1788951366.4538693,serverless_predictive_fixed:cyclical:5,0.0,165.02,4
1788951366.6563673,serverless_predictive_fixed:cyclical:5,4.9,165.02,4
1788951366.8586767,serverless_predictive_fixed:cyclical:5,0.0,165.02,4
1788951367.061052,serverless_predictive_fixed:cyclical:5,0.0,165.02,4
1788951367.263476,serverless_predictive_fixed:cyclical:5,0.0,165.02,4
1788951367.4657354,serverless_predictive_fixed:cyclical:5,0.0,122.48,3
1788951367.6680195,serverless_predictive_fixed:cyclical:5,0.0,122.48,3
1788951367.8701422,serverless_predictive_fixed:cyclical:5,0.0,79.97,2
1788951368.0723665,serverless_predictive_fixed:cyclical:5,0.0,37.34,1
1788951368.2743304,serverless_predictive_fixed:cyclical:5,4.9,37.34,1
1788951368.47647,serverless_predictive_fixed:cyclical:5,0.0,37.34,1
1788951368.6787233,serverless_predictive_fixed:cyclical:5,0.0,37.34,1
1788951368.8816125,serverless_predictive_fixed:cyclical:5,0.0,37.34,1
1788951369.0837736,serverless_predictive_fixed:cyclical:5,0.0,37.34,1
1788951369.2867591,serverless_predictive_fixed:cyclical:5,0.0,37.34,1
1788951369.4894598,serverless_predictive_fixed:cyclical:5,0.0,37.34,1
1788951369.6917434,serverless_predictive_fixed:cyclical:5,0.0,37.34,1
1788951369.8937836,serverless_predictive_fixed:cyclical:5,0.0,37.34,1
1788951370.097216,serverless_predictive_fixed:cyclical:5,4.9,102.32,4
1788951370.303652,serverless_predictive_fixed:cyclical:5,198.6,138.15,4
1788951370.5058465,serverless_predictive_fixed:cyclical:5,192.8,150.27,4
1788951370.7081065,serverless_predictive_fixed:cyclical:5,158.2,165.08,4
1788951371.5331178,serverless_predictive_fixed:cyclical:0,0.0,36.61,1
1788951371.735549,serverless_predictive_fixed:cyclical:0,0.0,36.61,1
1788951371.9385045,serverless_predictive_fixed:cyclical:0,0.0,36.61,1
1788951372.1406293,serverless_predictive_fixed:cyclical:0,0.0,36.61,1
1788951372.3427265,serverless_predictive_fixed:cyclical:0,0.0,36.61,1
1788951372.5448105,serverless_predictive_fixed:cyclical:0,0.0,36.61,1
1788951372.746803,serverless_predictive_fixed:cyclical:0,0.0,36.61,1
1788951372.9488306,serverless_predictive_fixed:cyclical:0,0.0,36.61,1
1788951373.1508183,serverless_predictive_fixed:cyclical:0,0.0,36.61,1
1788951373.352882,serverless_predictive_fixed:cyclical:0,0.0,36.61,1
1788951373.5567198,serverless_predictive_fixed:cyclical:0,0.0,36.61,1
1788951373.7593505,serverless_predictive_fixed:cyclical:0,0.0,36.61,1
1788951373.961269,serverless_predictive_fixed:cyclical:0,0.0,36.61,1
1788951374.1664863,serverless_predictive_fixed:cyclical:0,0.0,36.61,1
1788951374.3687365,serverless_predictive_fixed:cyclical:0,0.0,36.61,1
1788951374.5707216,serverless_predictive_fixed:cyclical:0,0.0,36.61,1
1788951374.7736602,serverless_predictive_fixed:cyclical:0,0.0,36.61,1
1788951374.97577,serverless_predictive_fixed:cyclical:0,0.0,36.61,1
1788951375.1778486,serverless_predictive_fixed:cyclical:0,0.0,36.61,1
1788951375.3799808,serverless_predictive_fixed:cyclical:0,0.0,36.61,1
1788951375.5820022,serverless_predictive_fixed:cyclical:0,0.0,36.61,1
1788951375.7842684,serverless_predictive_fixed:cyclical:0,4.9,36.61,1
1788951375.9863765,serverless_predictive_fixed:cyclical:0,0.0,36.61,1
1788951376.1884973,serverless_predictive_fixed:cyclical:0,0.0,36.61,1
1788951376.390546,serverless_predictive_fixed:cyclical:0,0.0,36.61,1
1788951376.5926588,serverless_predictive_fixed:cyclical:0,0.0,36.61,1
1788951376.7946851,serverless_predictive_fixed:cyclical:0,0.0,36.61,1
1788951376.9967787,serverless_predictive_fixed:cyclical:0,0.0,36.61,1
1788951377.1988506,serverless_predictive_fixed:cyclical:0,0.0,36.61,1
1788951377.4011428,serverless_predictive_fixed:cyclical:0,0.0,36.61,1
1788951377.603325,serverless_predictive_fixed:cyclical:0,0.0,36.61,1
1788951377.8053396,serverless_predictive_fixed:cyclical:0,0.0,36.61,1
1788951378.0074558,serverless_predictive_fixed:cyclical:0,0.0,36.61,1
1788951378.2095895,serverless_predictive_fixed:cyclical:0,0.0,36.61,1
1788951378.412137,serverless_predictive_fixed:cyclical:0,0.0,36.61,1
1788951378.6142814,serverless_predictive_fixed:cyclical:0,0.0,36.61,1
1788951378.817192,serverless_predictive_fixed:cyclical:0,0.0,36.61,1
1788951379.0193253,serverless_predictive_fixed:cyclical:0,0.0,36.61,1
1788951379.2214265,serverless_predictive_fixed:cyclical:0,0.0,36.61,1
1788951379.423778,serverless_predictive_fixed:cyclical:0,4.9,36.61,1
1788951379.6259027,serverless_predictive_fixed:cyclical:0,0.0,36.61,1
1788951379.8285086,serverless_predictive_fixed:cyclical:0,0.0,36.61,1
1788951380.030554,serverless_predictive_fixed:cyclical:0,0.0,36.61,1
1788951380.232718,serverless_predictive_fixed:cyclical:0,0.0,36.61,1
1788951380.434933,serverless_predictive_fixed:cyclical:0,0.0,36.61,1
1788951380.6369748,serverless_predictive_fixed:cyclical:0,0.0,36.61,1
1788951380.838998,serverless_predictive_fixed:cyclical:0,0.0,36.61,1
1788951381.0410624,serverless_predictive_fixed:cyclical:0,0.0,36.61,1
1788951381.2429998,serverless_predictive_fixed:cyclical:0,0.0,36.61,1
1788951381.4507184,serverless_predictive_fixed:cyclical:0,4.8,65.73,4
1788951381.657025,serverless_predictive_fixed:cyclical:0,203.5,122.35,4
1788951381.8681014,serverless_predictive_fixed:cyclical:0,194.2,142.98,4
1788951382.070864,serverless_predictive_fixed:cyclical:0,197.2,156.58,4
1788951382.2731683,serverless_predictive_fixed:cyclical:0,98.8,164.87,4
1788951382.4757526,serverless_predictive_fixed:cyclical:0,0.0,164.87,4
1788951382.6783798,serverless_predictive_fixed:cyclical:0,0.0,164.87,4
1788951382.8812056,serverless_predictive_fixed:cyclical:0,0.0,164.87,4
1788951383.0841017,serverless_predictive_fixed:cyclical:0,0.0,164.87,4
1788951383.2870054,serverless_predictive_fixed:cyclical:0,0.0,164.87,4
1788951383.4894197,serverless_predictive_fixed:cyclical:0,0.0,164.87,4
1788951383.691914,serverless_predictive_fixed:cyclical:0,0.0,164.87,4
1788951383.8941607,serverless_predictive_fixed:cyclical:0,0.0,164.87,4
1788951384.0965216,serverless_predictive_fixed:cyclical:0,4.9,164.87,4
1788951384.2987237,serverless_predictive_fixed:cyclical:0,4.9,164.87,4
1788951384.5010533,serverless_predictive_fixed:cyclical:0,0.0,164.87,4
1788951384.7040703,serverless_predictive_fixed:cyclical:0,0.0,164.87,4
1788951384.906267,serverless_predictive_fixed:cyclical:0,0.0,164.87,4
1788951385.108987,serverless_predictive_fixed:cyclical:0,4.9,164.87,4
1788951385.3114054,serverless_predictive_fixed:cyclical:0,0.0,164.87,4
1788951385.5142996,serverless_predictive_fixed:cyclical:0,4.9,164.87,4
1788951385.7168229,serverless_predictive_fixed:cyclical:0,0.0,164.87,4
1788951385.9204135,serverless_predictive_fixed:cyclical:0,0.0,164.87,4
1788951386.1225872,serverless_predictive_fixed:cyclical:0,0.0,164.87,4
1788951386.3248513,serverless_predictive_fixed:cyclical:0,0.0,164.87,4
1788951386.5270855,serverless_predictive_fixed:cyclical:0,0.0,164.87,4
1788951386.72978,serverless_predictive_fixed:cyclical:0,0.0,164.87,4
1788951386.932383,serverless_predictive_fixed:cyclical:0,0.0,164.87,4
1788951387.1361227,serverless_predictive_fixed:cyclical:0,0.0,164.87,4
1788951387.3383925,serverless_predictive_fixed:cyclical:0,0.0,164.88,4
1788951387.5406342,serverless_predictive_fixed:cyclical:0,0.0,164.88,4
1788951387.74309,serverless_predictive_fixed:cyclical:0,0.0,164.88,4
1788951387.945074,serverless_predictive_fixed:cyclical:0,0.0,164.88,4
1788951388.1474252,serverless_predictive_fixed:cyclical:0,0.0,164.88,4
1788951388.3495946,serverless_predictive_fixed:cyclical:0,0.0,164.93,4
1788951388.5518928,serverless_predictive_fixed:cyclical:0,4.9,122.3,3
1788951388.754181,serverless_predictive_fixed:cyclical:0,4.9,79.77,2
1788951388.956446,serverless_predictive_fixed:cyclical:0,0.0,37.11,1
1788951389.1584983,serverless_predictive_fixed:cyclical:0,0.0,37.11,1
1788951389.3604262,serverless_predictive_fixed:cyclical:0,0.0,37.11,1
1788951389.5624979,serverless_predictive_fixed:cyclical:0,0.0,37.11,1
1788951389.7644017,serverless_predictive_fixed:cyclical:0,0.0,37.11,1
1788951389.9664521,serverless_predictive_fixed:cyclical:0,0.0,37.11,1
1788951390.1683636,serverless_predictive_fixed:cyclical:0,0.0,37.11,1
1788951390.3702133,serverless_predictive_fixed:cyclical:0,0.0,37.11,1
1788951390.5731642,serverless_predictive_fixed:cyclical:0,4.9,63.05,4
1788951390.7770045,serverless_predictive_fixed:cyclical:0,196.3,122.92,4
1788951390.988089,serverless_predictive_fixed:cyclical:0,199.0,145.94,4
1788951391.1901982,serverless_predictive_fixed:cyclical:0,192.9,155.55,4
1788951391.3924172,serverless_predictive_fixed:cyclical:0,79.1,165.04,4
1788951391.5956566,serverless_predictive_fixed:cyclical:0,4.9,165.04,4
1788951391.7977788,serverless_predictive_fixed:cyclical:0,0.0,165.04,4
1788951392.0009465,serverless_predictive_fixed:cyclical:0,0.0,165.04,4
1788951392.2031207,serverless_predictive_fixed:cyclical:0,4.9,165.04,4
1788951392.4056711,serverless_predictive_fixed:cyclical:0,0.0,165.04,4
1788951392.6079564,serverless_predictive_fixed:cyclical:0,4.9,165.04,4
1788951392.8103685,serverless_predictive_fixed:cyclical:0,4.9,165.04,4
1788951393.0125387,serverless_predictive_fixed:cyclical:0,0.0,165.04,4
1788951393.2150142,serverless_predictive_fixed:cyclical:0,0.0,165.04,4
1788951393.4171777,serverless_predictive_fixed:cyclical:0,0.0,165.04,4
1788951393.619494,serverless_predictive_fixed:cyclical:0,0.0,165.04,4
1788951393.8220062,serverless_predictive_fixed:cyclical:0,0.0,165.04,4
1788951394.0243168,serverless_predictive_fixed:cyclical:0,0.0,165.04,4
1788951394.2265203,serverless_predictive_fixed:cyclical:0,0.0,165.04,4
1788951394.4287698,serverless_predictive_fixed:cyclical:0,0.0,165.04,4
1788951394.6309898,serverless_predictive_fixed:cyclical:0,0.0,165.04,4
1788951394.833178,serverless_predictive_fixed:cyclical:0,4.9,165.04,4
1788951395.0362878,serverless_predictive_fixed:cyclical:0,0.0,165.04,4
1788951395.2384465,serverless_predictive_fixed:cyclical:0,0.0,165.04,4
1788951395.440781,serverless_predictive_fixed:cyclical:0,0.0,165.04,4
1788951395.6430337,serverless_predictive_fixed:cyclical:0,0.0,165.04,4
1788951395.8452547,serverless_predictive_fixed:cyclical:0,0.0,165.04,4
1788951396.0474453,serverless_predictive_fixed:cyclical:0,0.0,165.04,4
1788951396.2494764,serverless_predictive_fixed:cyclical:0,0.0,165.04,4
1788951396.451815,serverless_predictive_fixed:cyclical:0,0.0,165.04,4
1788951396.654155,serverless_predictive_fixed:cyclical:0,0.0,165.04,4
1788951396.85638,serverless_predictive_fixed:cyclical:0,4.9,165.04,4
1788951397.0593147,serverless_predictive_fixed:cyclical:0,0.0,165.04,4
1788951397.2615573,serverless_predictive_fixed:cyclical:0,0.0,165.04,4
1788951397.4639506,serverless_predictive_fixed:cyclical:0,0.0,165.04,4
1788951397.6660795,serverless_predictive_fixed:cyclical:0,0.0,122.42,3
1788951397.8686519,serverless_predictive_fixed:cyclical:0,4.9,79.84,2
1788951398.0708187,serverless_predictive_fixed:cyclical:0,0.0,37.27,1
1788951398.2726521,serverless_predictive_fixed:cyclical:0,0.0,37.27,1
1788951398.4751563,serverless_predictive_fixed:cyclical:0,0.0,37.27,1
1788951398.6780708,serverless_predictive_fixed:cyclical:0,0.0,37.27,1
1788951398.8806973,serverless_predictive_fixed:cyclical:0,0.0,37.27,1
1788951399.0826051,serverless_predictive_fixed:cyclical:0,0.0,37.27,1
1788951399.2846467,serverless_predictive_fixed:cyclical:0,0.0,37.27,1
1788951399.487023,serverless_predictive_fixed:cyclical:0,0.0,37.27,1
1788951399.6888804,serverless_predictive_fixed:cyclical:0,0.0,37.27,1
1788951399.8907292,serverless_predictive_fixed:cyclical:0,0.0,37.27,1
1788951400.0925963,serverless_predictive_fixed:cyclical:0,0.0,37.27,1
1788951400.300439,serverless_predictive_fixed:cyclical:0,4.8,78.68,4
1788951400.5051663,serverless_predictive_fixed:cyclical:0,195.3,127.12,4
1788951400.7071517,serverless_predictive_fixed:cyclical:0,203.0,147.09,4
1788951400.9090931,serverless_predictive_fixed:cyclical:0,188.2,160.09,4
1788951401.1118388,serverless_predictive_fixed:cyclical:0,49.3,164.96,4
1788951401.3142643,serverless_predictive_fixed:cyclical:0,0.0,164.96,4
1788951401.5165548,serverless_predictive_fixed:cyclical:0,0.0,164.96,4
1788951401.718797,serverless_predictive_fixed:cyclical:0,0.0,164.96,4
1788951401.9213696,serverless_predictive_fixed:cyclical:0,0.0,164.96,4
1788951402.123759,serverless_predictive_fixed:cyclical:0,4.9,164.96,4
1788951402.3259478,serverless_predictive_fixed:cyclical:0,4.9,164.96,4
1788951402.5282567,serverless_predictive_fixed:cyclical:0,0.0,164.96,4
1788951402.7304778,serverless_predictive_fixed:cyclical:0,0.0,164.96,4
1788951402.9334013,serverless_predictive_fixed:cyclical:0,0.0,164.96,4
1788951403.1376283,serverless_predictive_fixed:cyclical:0,0.0,164.96,4
1788951403.3405266,serverless_predictive_fixed:cyclical:0,0.0,164.96,4
1788951403.543343,serverless_predictive_fixed:cyclical:0,0.0,164.96,4
1788951403.746251,serverless_predictive_fixed:cyclical:0,0.0,164.96,4
1788951403.9488928,serverless_predictive_fixed:cyclical:0,0.0,164.96,4
1788951404.1515155,serverless_predictive_fixed:cyclical:0,0.0,164.96,4
1788951404.3538754,serverless_predictive_fixed:cyclical:0,0.0,164.96,4
1788951404.556413,serverless_predictive_fixed:cyclical:0,0.0,164.96,4
1788951404.7588778,serverless_predictive_fixed:cyclical:0,0.0,164.96,4
1788951404.9614382,serverless_predictive_fixed:cyclical:0,0.0,164.96,4
1788951405.1637156,serverless_predictive_fixed:cyclical:0,0.0,164.96,4
1788951405.3658333,serverless_predictive_fixed:cyclical:0,0.0,164.96,4
1788951405.568119,serverless_predictive_fixed:cyclical:0,4.9,164.96,4
1788951405.770346,serverless_predictive_fixed:cyclical:0,0.0,164.96,4
1788951405.9726956,serverless_predictive_fixed:cyclical:0,0.0,164.96,4
1788951406.1758804,serverless_predictive_fixed:cyclical:0,0.0,164.96,4
1788951406.3780675,serverless_predictive_fixed:cyclical:0,4.9,164.96,4
1788951406.5804307,serverless_predictive_fixed:cyclical:0,0.0,164.96,4
1788951406.783504,serverless_predictive_fixed:cyclical:0,0.0,164.96,4
1788951406.9858599,serverless_predictive_fixed:cyclical:0,0.0,164.96,4
1788951407.1883047,serverless_predictive_fixed:cyclical:0,4.9,164.96,4
1788951407.3903515,serverless_predictive_fixed:cyclical:0,0.0,122.39,3
1788951407.5930026,serverless_predictive_fixed:cyclical:0,0.0,79.85,2
1788951407.7950547,serverless_predictive_fixed:cyclical:0,0.0,37.29,1
1788951407.9969602,serverless_predictive_fixed:cyclical:0,0.0,37.29,1
1788951408.1988769,serverless_predictive_fixed:cyclical:0,0.0,37.29,1
1788951408.4007509,serverless_predictive_fixed:cyclical:0,0.0,37.29,1
1788951408.6026068,serverless_predictive_fixed:cyclical:0,0.0,37.29,1
1788951408.8045528,serverless_predictive_fixed:cyclical:0,0.0,37.29,1
1788951409.006368,serverless_predictive_fixed:cyclical:0,0.0,37.29,1
1788951409.2083685,serverless_predictive_fixed:cyclical:0,0.0,37.29,1
1788951409.4102106,serverless_predictive_fixed:cyclical:0,0.0,37.29,1
1788951409.6171405,serverless_predictive_fixed:cyclical:0,4.8,94.43,4
1788951409.8193014,serverless_predictive_fixed:cyclical:0,192.9,132.88,4
1788951410.0250537,serverless_predictive_fixed:cyclical:0,204.1,150.43,4
1788951410.2318811,serverless_predictive_fixed:cyclical:0,159.6,161.98,4
1788951410.4340918,serverless_predictive_fixed:cyclical:0,24.7,165.17,4
1788951410.6366317,serverless_predictive_fixed:cyclical:0,0.0,165.17,4
1788951410.838809,serverless_predictive_fixed:cyclical:0,0.0,165.17,4
1788951411.0410252,serverless_predictive_fixed:cyclical:0,0.0,165.17,4
1788951411.2432597,serverless_predictive_fixed:cyclical:0,0.0,165.17,4
1788951411.445346,serverless_predictive_fixed:cyclical:0,0.0,165.17,4
1788951411.6476014,serverless_predictive_fixed:cyclical:0,0.0,165.17,4
1788951411.850496,serverless_predictive_fixed:cyclical:0,0.0,165.17,4
1788951412.05281,serverless_predictive_fixed:cyclical:0,0.0,165.17,4
1788951412.2549465,serverless_predictive_fixed:cyclical:0,0.0,165.17,4
1788951412.457254,serverless_predictive_fixed:cyclical:0,0.0,165.17,4
1788951412.6595683,serverless_predictive_fixed:cyclical:0,0.0,165.17,4
1788951412.8617823,serverless_predictive_fixed:cyclical:0,0.0,165.17,4
1788951413.0641124,serverless_predictive_fixed:cyclical:0,4.9,165.17,4
1788951413.2662354,serverless_predictive_fixed:cyclical:0,4.9,165.17,4
1788951413.468666,serverless_predictive_fixed:cyclical:0,0.0,165.17,4
1788951413.6707985,serverless_predictive_fixed:cyclical:0,0.0,165.17,4
1788951413.873121,serverless_predictive_fixed:cyclical:0,0.0,165.17,4
1788951414.075368,serverless_predictive_fixed:cyclical:0,0.0,165.17,4
1788951414.2777097,serverless_predictive_fixed:cyclical:0,4.9,165.17,4
1788951414.4801202,serverless_predictive_fixed:cyclical:0,4.9,165.17,4
1788951414.6823423,serverless_predictive_fixed:cyclical:0,0.0,165.17,4
1788951414.8845623,serverless_predictive_fixed:cyclical:0,0.0,165.17,4
1788951415.0866642,serverless_predictive_fixed:cyclical:0,0.0,165.17,4
1788951415.2896678,serverless_predictive_fixed:cyclical:0,0.0,165.17,4
1788951415.491859,serverless_predictive_fixed:cyclical:0,0.0,165.17,4
1788951415.6940532,serverless_predictive_fixed:cyclical:0,0.0,165.17,4
1788951415.896361,serverless_predictive_fixed:cyclical:0,4.9,165.17,4
1788951416.0984702,serverless_predictive_fixed:cyclical:0,0.0,165.17,4
1788951416.3013031,serverless_predictive_fixed:cyclical:0,0.0,165.17,4
1788951416.5036082,serverless_predictive_fixed:cyclical:0,0.0,122.6,3
1788951416.705643,serverless_predictive_fixed:cyclical:0,4.9,79.94,2
1788951416.9081488,serverless_predictive_fixed:cyclical:0,0.0,79.94,2
1788951417.1101618,serverless_predictive_fixed:cyclical:0,0.0,37.33,1
1788951417.3122327,serverless_predictive_fixed:cyclical:0,0.0,37.33,1
1788951417.5147514,serverless_predictive_fixed:cyclical:0,0.0,37.33,1
1788951417.71668,serverless_predictive_fixed:cyclical:0,0.0,37.33,1
1788951417.9186425,serverless_predictive_fixed:cyclical:0,0.0,37.33,1
1788951418.1205919,serverless_predictive_fixed:cyclical:0,0.0,37.33,1
1788951418.3224986,serverless_predictive_fixed:cyclical:0,0.0,37.33,1
1788951418.5244334,serverless_predictive_fixed:cyclical:0,0.0,37.33,1
1788951418.726353,serverless_predictive_fixed:cyclical:0,0.0,37.33,1
1788951418.928339,serverless_predictive_fixed:cyclical:0,0.0,37.33,1
1788951419.130717,serverless_predictive_fixed:cyclical:0,0.0,37.33,1
1788951419.3328342,serverless_predictive_fixed:cyclical:0,0.0,37.33,1
1788951419.5347414,serverless_predictive_fixed:cyclical:0,0.0,37.33,1
1788951419.7366784,serverless_predictive_fixed:cyclical:0,0.0,37.33,1
1788951419.9385772,serverless_predictive_fixed:cyclical:0,5.0,67.58,2
1788951420.1446207,serverless_predictive_fixed:cyclical:0,106.9,97.5,4
1788951420.3492448,serverless_predictive_fixed:cyclical:0,195.5,143.35,4
1788951420.5518968,serverless_predictive_fixed:cyclical:0,197.4,157.48,4
1788951421.4621875,serverless_predictive_fixed:cyclical:1,0.0,36.71,1
1788951421.6642442,serverless_predictive_fixed:cyclical:1,0.0,36.71,1
1788951421.8662539,serverless_predictive_fixed:cyclical:1,0.0,36.71,1
1788951422.0690851,serverless_predictive_fixed:cyclical:1,0.0,36.71,1
1788951422.2710214,serverless_predictive_fixed:cyclical:1,0.0,36.71,1
1788951422.4729173,serverless_predictive_fixed:cyclical:1,0.0,36.71,1
1788951422.674904,serverless_predictive_fixed:cyclical:1,0.0,36.71,1
1788951422.8772645,serverless_predictive_fixed:cyclical:1,0.0,36.71,1
1788951423.0943122,serverless_predictive_fixed:cyclical:1,0.0,36.71,1
1788951423.329652,serverless_predictive_fixed:cyclical:1,0.0,36.71,1
1788951423.5324273,serverless_predictive_fixed:cyclical:1,0.0,36.71,1
1788951423.7345786,serverless_predictive_fixed:cyclical:1,4.9,36.71,1
1788951423.9368315,serverless_predictive_fixed:cyclical:1,0.0,36.71,1
1788951424.1388803,serverless_predictive_fixed:cyclical:1,0.0,36.71,1
1788951424.341737,serverless_predictive_fixed:cyclical:1,0.0,36.71,1
1788951424.5441206,serverless_predictive_fixed:cyclical:1,0.0,36.71,1
1788951424.7460845,serverless_predictive_fixed:cyclical:1,0.0,36.71,1
1788951424.949321,serverless_predictive_fixed:cyclical:1,0.0,36.71,1
1788951425.1525562,serverless_predictive_fixed:cyclical:1,0.0,36.71,1
1788951425.3545694,serverless_predictive_fixed:cyclical:1,0.0,36.71,1
1788951425.5566432,serverless_predictive_fixed:cyclical:1,0.0,36.71,1
1788951425.7601314,serverless_predictive_fixed:cyclical:1,0.0,36.71,1
1788951425.962139,serverless_predictive_fixed:cyclical:1,0.0,36.71,1
1788951426.1643138,serverless_predictive_fixed:cyclical:1,0.0,36.71,1
1788951426.366423,serverless_predictive_fixed:cyclical:1,0.0,36.71,1
1788951426.568567,serverless_predictive_fixed:cyclical:1,0.0,36.71,1
1788951426.7705731,serverless_predictive_fixed:cyclical:1,0.0,36.71,1
1788951426.9727736,serverless_predictive_fixed:cyclical:1,4.9,36.71,1
1788951427.1756873,serverless_predictive_fixed:cyclical:1,0.0,36.71,1
1788951427.3777592,serverless_predictive_fixed:cyclical:1,0.0,36.71,1
1788951427.5798492,serverless_predictive_fixed:cyclical:1,0.0,36.71,1
1788951427.7818844,serverless_predictive_fixed:cyclical:1,0.0,36.71,1
1788951427.9840748,serverless_predictive_fixed:cyclical:1,0.0,36.71,1
1788951428.1861982,serverless_predictive_fixed:cyclical:1,0.0,36.71,1
1788951428.389484,serverless_predictive_fixed:cyclical:1,0.0,36.71,1
1788951428.5926344,serverless_predictive_fixed:cyclical:1,0.0,36.71,1
1788951428.7947664,serverless_predictive_fixed:cyclical:1,0.0,36.71,1
1788951428.9969249,serverless_predictive_fixed:cyclical:1,0.0,36.71,1
1788951429.1989508,serverless_predictive_fixed:cyclical:1,0.0,36.71,1
1788951429.4010558,serverless_predictive_fixed:cyclical:1,0.0,36.71,1
1788951429.6033356,serverless_predictive_fixed:cyclical:1,0.0,36.71,1
1788951429.8093655,serverless_predictive_fixed:cyclical:1,4.9,69.54,4
1788951430.0157883,serverless_predictive_fixed:cyclical:1,193.8,121.99,4
1788951430.2211332,serverless_predictive_fixed:cyclical:1,199.6,141.75,4
1788951430.42361,serverless_predictive_fixed:cyclical:1,197.5,153.41,4
1788951430.6282506,serverless_predictive_fixed:cyclical:1,131.9,164.79,4
1788951430.8306537,serverless_predictive_fixed:cyclical:1,0.0,164.79,4
1788951431.0331314,serverless_predictive_fixed:cyclical:1,4.9,164.79,4
1788951431.235931,serverless_predictive_fixed:cyclical:1,0.0,164.79,4
1788951431.4383867,serverless_predictive_fixed:cyclical:1,0.0,164.79,4
1788951431.6408594,serverless_predictive_fixed:cyclical:1,0.0,164.79,4
1788951431.8440154,serverless_predictive_fixed:cyclical:1,0.0,164.79,4
1788951432.0465302,serverless_predictive_fixed:cyclical:1,4.9,164.79,4
1788951432.2490475,serverless_predictive_fixed:cyclical:1,0.0,164.79,4
1788951432.4516466,serverless_predictive_fixed:cyclical:1,0.0,164.79,4
1788951432.6541183,serverless_predictive_fixed:cyclical:1,0.0,164.79,4
1788951432.8568668,serverless_predictive_fixed:cyclical:1,0.0,164.79,4
1788951433.0594127,serverless_predictive_fixed:cyclical:1,0.0,164.79,4
1788951433.2619677,serverless_predictive_fixed:cyclical:1,0.0,164.79,4
1788951433.4648826,serverless_predictive_fixed:cyclical:1,0.0,164.79,4
1788951433.6674502,serverless_predictive_fixed:cyclical:1,4.9,164.79,4
1788951433.870105,serverless_predictive_fixed:cyclical:1,0.0,164.79,4
1788951434.0725627,serverless_predictive_fixed:cyclical:1,0.0,164.79,4
1788951434.2754245,serverless_predictive_fixed:cyclical:1,4.9,164.79,4
1788951434.4782357,serverless_predictive_fixed:cyclical:1,0.0,164.79,4
1788951434.6810343,serverless_predictive_fixed:cyclical:1,0.0,164.79,4
1788951434.88361,serverless_predictive_fixed:cyclical:1,0.0,164.79,4
1788951435.0863543,serverless_predictive_fixed:cyclical:1,0.0,164.79,4
1788951435.2897964,serverless_predictive_fixed:cyclical:1,0.0,164.79,4
1788951435.493847,serverless_predictive_fixed:cyclical:1,0.0,164.79,4
1788951435.6977437,serverless_predictive_fixed:cyclical:1,0.0,164.8,4
1788951435.9012666,serverless_predictive_fixed:cyclical:1,0.0,164.8,4
1788951436.1039174,serverless_predictive_fixed:cyclical:1,0.0,164.8,4
1788951436.3064275,serverless_predictive_fixed:cyclical:1,0.0,164.8,4
1788951436.5092227,serverless_predictive_fixed:cyclical:1,4.9,164.8,4
1788951436.7122302,serverless_predictive_fixed:cyclical:1,4.9,164.8,4
1788951436.9148014,serverless_predictive_fixed:cyclical:1,4.9,122.32,3
1788951437.1189582,serverless_predictive_fixed:cyclical:1,0.0,79.79,2
1788951437.321058,serverless_predictive_fixed:cyclical:1,0.0,37.22,1
1788951437.5230994,serverless_predictive_fixed:cyclical:1,0.0,37.22,1
1788951437.7253199,serverless_predictive_fixed:cyclical:1,0.0,37.22,1
1788951437.9276135,serverless_predictive_fixed:cyclical:1,0.0,37.22,1
1788951438.129956,serverless_predictive_fixed:cyclical:1,0.0,37.22,1
1788951438.3324,serverless_predictive_fixed:cyclical:1,0.0,37.22,1
1788951438.5346794,serverless_predictive_fixed:cyclical:1,0.0,37.22,1
1788951438.736823,serverless_predictive_fixed:cyclical:1,0.0,37.22,1
1788951438.9395936,serverless_predictive_fixed:cyclical:1,4.9,37.22,1
1788951439.1418228,serverless_predictive_fixed:cyclical:1,0.0,37.22,1
1788951439.3439155,serverless_predictive_fixed:cyclical:1,0.0,37.22,1
1788951439.545953,serverless_predictive_fixed:cyclical:1,0.0,37.22,1
1788951439.7481365,serverless_predictive_fixed:cyclical:1,0.0,37.22,1
1788951439.9502892,serverless_predictive_fixed:cyclical:1,0.0,37.22,1
1788951440.1574764,serverless_predictive_fixed:cyclical:1,9.7,105.46,4
1788951440.364323,serverless_predictive_fixed:cyclical:1,188.5,137.23,4
1788951440.567875,serverless_predictive_fixed:cyclical:1,191.6,148.89,4
1788951440.7744193,serverless_predictive_fixed:cyclical:1,169.4,161.44,4
1788951440.977364,serverless_predictive_fixed:cyclical:1,39.4,165.1,4
1788951441.1800442,serverless_predictive_fixed:cyclical:1,0.0,165.1,4
1788951441.3821678,serverless_predictive_fixed:cyclical:1,0.0,165.1,4
1788951441.5844293,serverless_predictive_fixed:cyclical:1,0.0,165.1,4
1788951441.7874558,serverless_predictive_fixed:cyclical:1,4.9,165.1,4
1788951441.9897223,serverless_predictive_fixed:cyclical:1,0.0,165.1,4
1788951442.192076,serverless_predictive_fixed:cyclical:1,0.0,165.1,4
1788951442.394443,serverless_predictive_fixed:cyclical:1,4.9,165.1,4
1788951442.5968187,serverless_predictive_fixed:cyclical:1,0.0,165.1,4
1788951442.7989807,serverless_predictive_fixed:cyclical:1,0.0,165.1,4
1788951443.0014267,serverless_predictive_fixed:cyclical:1,0.0,165.1,4
1788951443.2042096,serverless_predictive_fixed:cyclical:1,0.0,165.1,4
1788951443.40646,serverless_predictive_fixed:cyclical:1,0.0,165.1,4
1788951443.6086733,serverless_predictive_fixed:cyclical:1,0.0,165.1,4
1788951443.8109362,serverless_predictive_fixed:cyclical:1,0.0,165.1,4
1788951444.0131862,serverless_predictive_fixed:cyclical:1,0.0,165.1,4
1788951444.215513,serverless_predictive_fixed:cyclical:1,0.0,165.1,4
1788951444.4177372,serverless_predictive_fixed:cyclical:1,0.0,165.1,4
1788951444.620573,serverless_predictive_fixed:cyclical:1,4.9,165.1,4
1788951444.8227417,serverless_predictive_fixed:cyclical:1,0.0,165.1,4
1788951445.0249019,serverless_predictive_fixed:cyclical:1,0.0,165.1,4
1788951445.2271113,serverless_predictive_fixed:cyclical:1,0.0,165.1,4
1788951445.429418,serverless_predictive_fixed:cyclical:1,0.0,165.1,4
1788951445.6317477,serverless_predictive_fixed:cyclical:1,0.0,165.1,4
1788951445.8342679,serverless_predictive_fixed:cyclical:1,0.0,165.1,4
1788951446.036528,serverless_predictive_fixed:cyclical:1,0.0,165.1,4
1788951446.238858,serverless_predictive_fixed:cyclical:1,0.0,165.1,4
1788951446.4411623,serverless_predictive_fixed:cyclical:1,0.0,165.1,4
1788951446.644087,serverless_predictive_fixed:cyclical:1,4.9,165.1,4
1788951446.846487,serverless_predictive_fixed:cyclical:1,4.9,165.1,4
1788951447.048714,serverless_predictive_fixed:cyclical:1,0.0,122.55,3
1788951447.250989,serverless_predictive_fixed:cyclical:1,4.9,80.0,2
1788951447.453013,serverless_predictive_fixed:cyclical:1,0.0,80.0,2
1788951447.6550207,serverless_predictive_fixed:cyclical:1,0.0,37.36,1
1788951447.8569994,serverless_predictive_fixed:cyclical:1,0.0,37.36,1
1788951448.0588982,serverless_predictive_fixed:cyclical:1,0.0,37.36,1
1788951448.2608867,serverless_predictive_fixed:cyclical:1,5.0,37.36,1
1788951448.4628608,serverless_predictive_fixed:cyclical:1,0.0,37.36,1
1788951448.664999,serverless_predictive_fixed:cyclical:1,0.0,37.36,1
1788951448.8669174,serverless_predictive_fixed:cyclical:1,0.0,37.36,1
1788951449.0687914,serverless_predictive_fixed:cyclical:1,0.0,37.36,1
1788951449.2772603,serverless_predictive_fixed:cyclical:1,4.8,101.5,4
1788951449.4874754,serverless_predictive_fixed:cyclical:1,193.4,137.31,4
1788951449.6893573,serverless_predictive_fixed:cyclical:1,200.6,150.27,4
1788951449.8918538,serverless_predictive_fixed:cyclical:1,158.0,165.12,4
1788951450.0941954,serverless_predictive_fixed:cyclical:1,0.0,165.12,4
1788951450.2971604,serverless_predictive_fixed:cyclical:1,4.9,165.12,4
1788951450.4995508,serverless_predictive_fixed:cyclical:1,0.0,165.12,4
1788951450.7018287,serverless_predictive_fixed:cyclical:1,0.0,165.12,4
1788951450.904219,serverless_predictive_fixed:cyclical:1,4.9,165.12,4
1788951451.1066394,serverless_predictive_fixed:cyclical:1,0.0,165.12,4
1788951451.3090212,serverless_predictive_fixed:cyclical:1,0.0,165.12,4
1788951451.511397,serverless_predictive_fixed:cyclical:1,0.0,165.12,4
1788951451.7136128,serverless_predictive_fixed:cyclical:1,0.0,165.12,4
1788951451.916005,serverless_predictive_fixed:cyclical:1,0.0,165.12,4
1788951452.1183765,serverless_predictive_fixed:cyclical:1,4.9,165.12,4
1788951452.3208382,serverless_predictive_fixed:cyclical:1,0.0,165.12,4
1788951452.5230086,serverless_predictive_fixed:cyclical:1,0.0,165.12,4
1788951452.7257686,serverless_predictive_fixed:cyclical:1,0.0,165.12,4
1788951452.9280093,serverless_predictive_fixed:cyclical:1,4.9,165.12,4
1788951453.1307049,serverless_predictive_fixed:cyclical:1,0.0,165.12,4
1788951453.3330278,serverless_predictive_fixed:cyclical:1,0.0,165.12,4
1788951453.535507,serverless_predictive_fixed:cyclical:1,0.0,165.12,4
1788951453.7382722,serverless_predictive_fixed:cyclical:1,0.0,165.12,4
1788951453.9409173,serverless_predictive_fixed:cyclical:1,0.0,165.12,4
1788951454.1435287,serverless_predictive_fixed:cyclical:1,0.0,165.12,4
1788951454.3461418,serverless_predictive_fixed:cyclical:1,4.9,165.12,4
1788951454.5485651,serverless_predictive_fixed:cyclical:1,4.9,165.12,4
1788951454.7510123,serverless_predictive_fixed:cyclical:1,0.0,165.12,4
1788951454.9534698,serverless_predictive_fixed:cyclical:1,0.0,165.12,4
1788951455.156116,serverless_predictive_fixed:cyclical:1,4.9,165.12,4
1788951455.3584282,serverless_predictive_fixed:cyclical:1,0.0,165.12,4
1788951455.560856,serverless_predictive_fixed:cyclical:1,0.0,165.12,4
1788951455.7631803,serverless_predictive_fixed:cyclical:1,0.0,165.12,4
1788951455.965692,serverless_predictive_fixed:cyclical:1,0.0,165.12,4
1788951456.1681504,serverless_predictive_fixed:cyclical:1,4.9,165.12,4
1788951456.3703325,serverless_predictive_fixed:cyclical:1,0.0,122.59,3
1788951456.573472,serverless_predictive_fixed:cyclical:1,0.0,80.02,2
1788951456.775604,serverless_predictive_fixed:cyclical:1,0.0,37.38,1
1788951456.9776397,serverless_predictive_fixed:cyclical:1,0.0,37.38,1
1788951457.1801038,serverless_predictive_fixed:cyclical:1,0.0,37.38,1
1788951457.384139,serverless_predictive_fixed:cyclical:1,0.0,37.38,1
1788951457.5861433,serverless_predictive_fixed:cyclical:1,0.0,37.38,1
1788951457.7881718,serverless_predictive_fixed:cyclical:1,0.0,37.38,1
1788951457.9901056,serverless_predictive_fixed:cyclical:1,0.0,37.38,1
1788951458.192269,serverless_predictive_fixed:cyclical:1,0.0,37.38,1
1788951458.3973668,serverless_predictive_fixed:cyclical:1,14.6,100.18,4
1788951458.6038206,serverless_predictive_fixed:cyclical:1,193.7,135.71,4
1788951458.8091981,serverless_predictive_fixed:cyclical:1,209.5,149.01,4
1788951459.0115721,serverless_predictive_fixed:cyclical:1,192.6,163.82,4
1788951459.2144382,serverless_predictive_fixed:cyclical:1,19.7,165.19,4
1788951459.4166906,serverless_predictive_fixed:cyclical:1,0.0,165.19,4
1788951459.6188655,serverless_predictive_fixed:cyclical:1,0.0,165.19,4
1788951459.8211634,serverless_predictive_fixed:cyclical:1,0.0,165.19,4
1788951460.0241961,serverless_predictive_fixed:cyclical:1,0.0,165.19,4
1788951460.226412,serverless_predictive_fixed:cyclical:1,0.0,165.19,4
1788951460.4287035,serverless_predictive_fixed:cyclical:1,0.0,165.19,4
1788951460.631117,serverless_predictive_fixed:cyclical:1,0.0,165.19,4
1788951460.8333979,serverless_predictive_fixed:cyclical:1,0.0,165.19,4
1788951461.0363085,serverless_predictive_fixed:cyclical:1,0.0,165.19,4
1788951461.2387915,serverless_predictive_fixed:cyclical:1,4.9,165.19,4
1788951461.4411287,serverless_predictive_fixed:cyclical:1,0.0,165.19,4
1788951461.6446385,serverless_predictive_fixed:cyclical:1,0.0,165.19,4
1788951461.8481052,serverless_predictive_fixed:cyclical:1,0.0,165.19,4
1788951462.0507662,serverless_predictive_fixed:cyclical:1,0.0,165.19,4
1788951462.2536075,serverless_predictive_fixed:cyclical:1,0.0,165.19,4
1788951462.455975,serverless_predictive_fixed:cyclical:1,0.0,165.19,4
1788951462.658717,serverless_predictive_fixed:cyclical:1,0.0,165.19,4
1788951462.860973,serverless_predictive_fixed:cyclical:1,0.0,165.19,4
1788951463.063342,serverless_predictive_fixed:cyclical:1,4.9,165.19,4
1788951463.266164,serverless_predictive_fixed:cyclical:1,0.0,165.19,4
1788951463.4690485,serverless_predictive_fixed:cyclical:1,0.0,165.19,4
1788951463.672041,serverless_predictive_fixed:cyclical:1,0.0,165.19,4
1788951463.8742468,serverless_predictive_fixed:cyclical:1,4.9,165.19,4
1788951464.0769477,serverless_predictive_fixed:cyclical:1,0.0,165.19,4
1788951464.2794425,serverless_predictive_fixed:cyclical:1,4.9,165.19,4
1788951464.4942038,serverless_predictive_fixed:cyclical:1,0.0,165.19,4
1788951464.6966953,serverless_predictive_fixed:cyclical:1,0.0,165.19,4
1788951464.89903,serverless_predictive_fixed:cyclical:1,0.0,165.19,4
1788951465.101255,serverless_predictive_fixed:cyclical:1,4.9,165.19,4
1788951465.3037078,serverless_predictive_fixed:cyclical:1,0.0,165.19,4
1788951465.5059988,serverless_predictive_fixed:cyclical:1,0.0,122.63,3
1788951465.7082338,serverless_predictive_fixed:cyclical:1,4.9,79.99,2
1788951465.9103644,serverless_predictive_fixed:cyclical:1,0.0,37.41,1
1788951466.1129167,serverless_predictive_fixed:cyclical:1,0.0,37.41,1
1788951466.314911,serverless_predictive_fixed:cyclical:1,0.0,37.41,1
1788951466.5169802,serverless_predictive_fixed:cyclical:1,0.0,37.41,1
1788951466.7195435,serverless_predictive_fixed:cyclical:1,0.0,37.41,1
1788951466.9221888,serverless_predictive_fixed:cyclical:1,0.0,37.41,1
1788951467.1246016,serverless_predictive_fixed:cyclical:1,0.0,37.41,1
1788951467.3308816,serverless_predictive_fixed:cyclical:1,4.9,89.07,4
1788951467.536983,serverless_predictive_fixed:cyclical:1,200.2,131.43,4
1788951467.7410471,serverless_predictive_fixed:cyclical:1,200.9,148.82,4
1788951467.943771,serverless_predictive_fixed:cyclical:1,182.5,164.43,4
1788951468.8153725,serverless_predictive_fixed:cyclical:2,0.0,36.66,1
1788951469.0173547,serverless_predictive_fixed:cyclical:2,0.0,36.66,1
1788951469.2193553,serverless_predictive_fixed:cyclical:2,0.0,36.66,1
1788951469.4214413,serverless_predictive_fixed:cyclical:2,0.0,36.66,1
1788951469.6234598,serverless_predictive_fixed:cyclical:2,0.0,36.66,1
1788951469.8257256,serverless_predictive_fixed:cyclical:2,0.0,36.66,1
1788951470.027732,serverless_predictive_fixed:cyclical:2,0.0,36.66,1
1788951470.2295878,serverless_predictive_fixed:cyclical:2,0.0,36.66,1
1788951470.4315345,serverless_predictive_fixed:cyclical:2,0.0,36.66,1
1788951470.6348352,serverless_predictive_fixed:cyclical:2,0.0,36.66,1
1788951470.8378594,serverless_predictive_fixed:cyclical:2,0.0,36.66,1
1788951471.0400007,serverless_predictive_fixed:cyclical:2,0.0,36.66,1
1788951471.2419753,serverless_predictive_fixed:cyclical:2,0.0,36.66,1
1788951471.4439487,serverless_predictive_fixed:cyclical:2,5.0,36.67,1
1788951471.6457722,serverless_predictive_fixed:cyclical:2,0.0,36.67,1
1788951471.8487785,serverless_predictive_fixed:cyclical:2,0.0,36.67,1
1788951472.0508697,serverless_predictive_fixed:cyclical:2,0.0,36.67,1
1788951472.2529793,serverless_predictive_fixed:cyclical:2,0.0,36.67,1
1788951472.4560711,serverless_predictive_fixed:cyclical:2,0.0,36.67,1
1788951472.6589308,serverless_predictive_fixed:cyclical:2,0.0,36.67,1
1788951472.8611727,serverless_predictive_fixed:cyclical:2,0.0,36.67,1
1788951473.063313,serverless_predictive_fixed:cyclical:2,0.0,36.67,1
1788951473.2655177,serverless_predictive_fixed:cyclical:2,0.0,36.67,1
1788951473.468027,serverless_predictive_fixed:cyclical:2,0.0,36.67,1
1788951473.6699157,serverless_predictive_fixed:cyclical:2,0.0,36.67,1
1788951473.872618,serverless_predictive_fixed:cyclical:2,0.0,36.67,1
1788951474.074682,serverless_predictive_fixed:cyclical:2,0.0,36.67,1
1788951474.2767282,serverless_predictive_fixed:cyclical:2,0.0,36.67,1
1788951474.4786937,serverless_predictive_fixed:cyclical:2,0.0,36.67,1
1788951474.6806722,serverless_predictive_fixed:cyclical:2,0.0,36.67,1
1788951474.882539,serverless_predictive_fixed:cyclical:2,0.0,36.67,1
1788951475.08449,serverless_predictive_fixed:cyclical:2,0.0,36.67,1
1788951475.2864535,serverless_predictive_fixed:cyclical:2,5.0,36.67,1
1788951475.4885085,serverless_predictive_fixed:cyclical:2,0.0,36.67,1
1788951475.6904109,serverless_predictive_fixed:cyclical:2,0.0,36.67,1
1788951475.8925757,serverless_predictive_fixed:cyclical:2,0.0,36.67,1
1788951476.094698,serverless_predictive_fixed:cyclical:2,0.0,36.67,1
1788951476.2969174,serverless_predictive_fixed:cyclical:2,0.0,36.67,1
1788951476.4989235,serverless_predictive_fixed:cyclical:2,0.0,36.67,1
1788951476.700924,serverless_predictive_fixed:cyclical:2,0.0,36.67,1
1788951476.902904,serverless_predictive_fixed:cyclical:2,0.0,36.67,1
1788951477.1047723,serverless_predictive_fixed:cyclical:2,0.0,36.67,1
1788951477.3066378,serverless_predictive_fixed:cyclical:2,0.0,36.67,1
1788951477.5087886,serverless_predictive_fixed:cyclical:2,0.0,36.67,1
1788951477.7108505,serverless_predictive_fixed:cyclical:2,0.0,36.67,1
1788951477.9130056,serverless_predictive_fixed:cyclical:2,0.0,36.67,1
1788951478.1149776,serverless_predictive_fixed:cyclical:2,0.0,36.67,1
1788951478.316821,serverless_predictive_fixed:cyclical:2,0.0,36.67,1
1788951478.518691,serverless_predictive_fixed:cyclical:2,0.0,36.67,1
1788951478.7251496,serverless_predictive_fixed:cyclical:2,9.7,112.99,4
1788951478.9290159,serverless_predictive_fixed:cyclical:2,196.2,142.68,4
1788951479.1329982,serverless_predictive_fixed:cyclical:2,196.0,152.94,4
1788951479.3357935,serverless_predictive_fixed:cyclical:2,128.2,164.76,4
1788951479.5379612,serverless_predictive_fixed:cyclical:2,0.0,164.76,4
1788951479.7402663,serverless_predictive_fixed:cyclical:2,0.0,164.76,4
1788951479.9424164,serverless_predictive_fixed:cyclical:2,0.0,164.76,4
1788951480.1445992,serverless_predictive_fixed:cyclical:2,4.9,164.76,4
1788951480.3468907,serverless_predictive_fixed:cyclical:2,0.0,164.76,4
1788951480.5490603,serverless_predictive_fixed:cyclical:2,0.0,164.76,4
1788951480.7515666,serverless_predictive_fixed:cyclical:2,0.0,164.76,4
1788951480.9537935,serverless_predictive_fixed:cyclical:2,4.9,164.76,4
1788951481.1559777,serverless_predictive_fixed:cyclical:2,4.9,164.76,4
1788951481.3580308,serverless_predictive_fixed:cyclical:2,0.0,164.76,4
1788951481.560759,serverless_predictive_fixed:cyclical:2,0.0,164.76,4
1788951481.7629538,serverless_predictive_fixed:cyclical:2,0.0,164.76,4
1788951481.9661438,serverless_predictive_fixed:cyclical:2,0.0,164.76,4
1788951482.1683593,serverless_predictive_fixed:cyclical:2,0.0,164.76,4
1788951482.370487,serverless_predictive_fixed:cyclical:2,0.0,164.76,4
1788951482.5727205,serverless_predictive_fixed:cyclical:2,0.0,164.76,4
1788951482.7757044,serverless_predictive_fixed:cyclical:2,0.0,164.76,4
1788951482.9779348,serverless_predictive_fixed:cyclical:2,0.0,164.76,4
1788951483.181889,serverless_predictive_fixed:cyclical:2,4.9,164.76,4
1788951483.3851714,serverless_predictive_fixed:cyclical:2,0.0,164.76,4
1788951483.588799,serverless_predictive_fixed:cyclical:2,0.0,164.76,4
1788951483.791469,serverless_predictive_fixed:cyclical:2,0.0,164.76,4
1788951483.9936578,serverless_predictive_fixed:cyclical:2,4.9,164.76,4
1788951484.1960063,serverless_predictive_fixed:cyclical:2,0.0,164.76,4
1788951484.3995488,serverless_predictive_fixed:cyclical:2,0.0,164.76,4
1788951484.601791,serverless_predictive_fixed:cyclical:2,0.0,164.76,4
1788951484.8040063,serverless_predictive_fixed:cyclical:2,0.0,164.76,4
1788951485.006351,serverless_predictive_fixed:cyclical:2,0.0,164.76,4
1788951485.2091417,serverless_predictive_fixed:cyclical:2,0.0,164.76,4
1788951485.411578,serverless_predictive_fixed:cyclical:2,0.0,164.83,4
1788951485.6139488,serverless_predictive_fixed:cyclical:2,0.0,122.22,3
1788951485.8160422,serverless_predictive_fixed:cyclical:2,0.0,79.71,2
1788951486.0181391,serverless_predictive_fixed:cyclical:2,4.9,79.71,2
1788951486.220186,serverless_predictive_fixed:cyclical:2,0.0,37.16,1
1788951486.4219754,serverless_predictive_fixed:cyclical:2,0.0,37.16,1
1788951486.623825,serverless_predictive_fixed:cyclical:2,0.0,37.16,1
1788951486.8265288,serverless_predictive_fixed:cyclical:2,0.0,37.16,1
1788951487.0285428,serverless_predictive_fixed:cyclical:2,0.0,37.16,1
1788951487.2304485,serverless_predictive_fixed:cyclical:2,0.0,37.16,1
1788951487.4326007,serverless_predictive_fixed:cyclical:2,0.0,37.16,1
1788951487.6345224,serverless_predictive_fixed:cyclical:2,0.0,37.16,1
1788951487.8367968,serverless_predictive_fixed:cyclical:2,0.0,37.16,1
1788951488.0412009,serverless_predictive_fixed:cyclical:2,9.8,111.94,4
1788951488.2475147,serverless_predictive_fixed:cyclical:2,198.9,141.23,4
1788951488.4535053,serverless_predictive_fixed:cyclical:2,194.0,156.86,4
1788951488.656213,serverless_predictive_fixed:cyclical:2,113.5,164.96,4
1788951488.8587475,serverless_predictive_fixed:cyclical:2,0.0,164.96,4
1788951489.0610201,serverless_predictive_fixed:cyclical:2,0.0,164.96,4
1788951489.263292,serverless_predictive_fixed:cyclical:2,4.9,164.96,4
1788951489.4654548,serverless_predictive_fixed:cyclical:2,0.0,164.96,4
1788951489.6678874,serverless_predictive_fixed:cyclical:2,0.0,164.96,4
1788951489.8703828,serverless_predictive_fixed:cyclical:2,0.0,164.96,4
1788951490.07262,serverless_predictive_fixed:cyclical:2,0.0,164.96,4
1788951490.274891,serverless_predictive_fixed:cyclical:2,0.0,164.96,4
1788951490.4773014,serverless_predictive_fixed:cyclical:2,0.0,164.96,4
1788951490.6805358,serverless_predictive_fixed:cyclical:2,0.0,164.96,4
1788951490.8832479,serverless_predictive_fixed:cyclical:2,9.8,164.96,4
1788951491.0858672,serverless_predictive_fixed:cyclical:2,0.0,164.96,4
1788951491.2882674,serverless_predictive_fixed:cyclical:2,0.0,164.96,4
1788951491.4903808,serverless_predictive_fixed:cyclical:2,0.0,164.96,4
1788951491.6929708,serverless_predictive_fixed:cyclical:2,0.0,164.96,4
1788951491.895409,serverless_predictive_fixed:cyclical:2,0.0,164.96,4
1788951492.097507,serverless_predictive_fixed:cyclical:2,0.0,164.96,4
1788951492.2997446,serverless_predictive_fixed:cyclical:2,0.0,164.96,4
1788951492.5020933,serverless_predictive_fixed:cyclical:2,0.0,164.96,4
1788951492.7049246,serverless_predictive_fixed:cyclical:2,4.9,164.96,4
1788951492.9071217,serverless_predictive_fixed:cyclical:2,0.0,164.96,4
1788951493.1093197,serverless_predictive_fixed:cyclical:2,4.9,164.96,4
1788951493.3115988,serverless_predictive_fixed:cyclical:2,0.0,164.96,4
1788951493.5137663,serverless_predictive_fixed:cyclical:2,0.0,164.96,4
1788951493.7160385,serverless_predictive_fixed:cyclical:2,0.0,164.96,4
1788951493.91819,serverless_predictive_fixed:cyclical:2,0.0,164.96,4
1788951494.1210089,serverless_predictive_fixed:cyclical:2,0.0,164.96,4
1788951494.3231442,serverless_predictive_fixed:cyclical:2,4.9,164.96,4
1788951494.5257514,serverless_predictive_fixed:cyclical:2,4.9,164.96,4
1788951494.728073,serverless_predictive_fixed:cyclical:2,0.0,164.96,4
1788951494.930385,serverless_predictive_fixed:cyclical:2,4.9,122.44,3
1788951495.132638,serverless_predictive_fixed:cyclical:2,0.0,79.87,2
1788951495.3348784,serverless_predictive_fixed:cyclical:2,0.0,79.87,2
1788951495.5368373,serverless_predictive_fixed:cyclical:2,0.0,37.32,1
1788951495.739124,serverless_predictive_fixed:cyclical:2,0.0,37.32,1
1788951495.9409199,serverless_predictive_fixed:cyclical:2,0.0,37.32,1
1788951496.1435018,serverless_predictive_fixed:cyclical:2,0.0,37.32,1
1788951496.3452628,serverless_predictive_fixed:cyclical:2,0.0,37.32,1
1788951496.547136,serverless_predictive_fixed:cyclical:2,0.0,37.32,1
1788951496.748876,serverless_predictive_fixed:cyclical:2,0.0,37.32,1
1788951496.9507356,serverless_predictive_fixed:cyclical:2,0.0,37.32,1
1788951497.1566415,serverless_predictive_fixed:cyclical:2,9.7,111.45,4
1788951497.3587012,serverless_predictive_fixed:cyclical:2,192.9,141.59,4
1788951497.5646832,serverless_predictive_fixed:cyclical:2,194.2,154.89,4
1788951497.768723,serverless_predictive_fixed:cyclical:2,127.4,165.04,4
1788951497.9708478,serverless_predictive_fixed:cyclical:2,0.0,165.04,4
1788951498.1730518,serverless_predictive_fixed:cyclical:2,0.0,165.04,4
1788951498.3754048,serverless_predictive_fixed:cyclical:2,0.0,165.04,4
1788951498.5776148,serverless_predictive_fixed:cyclical:2,0.0,165.04,4
1788951498.7805142,serverless_predictive_fixed:cyclical:2,0.0,165.04,4
1788951498.9828079,serverless_predictive_fixed:cyclical:2,0.0,165.04,4
1788951499.1852887,serverless_predictive_fixed:cyclical:2,0.0,165.04,4
1788951499.3878853,serverless_predictive_fixed:cyclical:2,0.0,165.04,4
1788951499.5901911,serverless_predictive_fixed:cyclical:2,0.0,165.04,4
1788951499.7926083,serverless_predictive_fixed:cyclical:2,0.0,165.04,4
1788951499.995321,serverless_predictive_fixed:cyclical:2,0.0,165.04,4
1788951500.1976268,serverless_predictive_fixed:cyclical:2,4.9,165.04,4
1788951500.4011302,serverless_predictive_fixed:cyclical:2,0.0,165.04,4
1788951500.6036465,serverless_predictive_fixed:cyclical:2,4.9,165.04,4
1788951500.8060691,serverless_predictive_fixed:cyclical:2,0.0,165.04,4
1788951501.0094383,serverless_predictive_fixed:cyclical:2,0.0,165.04,4
1788951501.2118244,serverless_predictive_fixed:cyclical:2,0.0,165.04,4
1788951501.4140558,serverless_predictive_fixed:cyclical:2,0.0,165.04,4
1788951501.6163712,serverless_predictive_fixed:cyclical:2,0.0,165.04,4
1788951501.8195748,serverless_predictive_fixed:cyclical:2,0.0,165.04,4
1788951502.022583,serverless_predictive_fixed:cyclical:2,0.0,165.04,4
1788951502.2250686,serverless_predictive_fixed:cyclical:2,0.0,165.04,4
1788951502.4274058,serverless_predictive_fixed:cyclical:2,4.9,165.04,4
1788951502.629601,serverless_predictive_fixed:cyclical:2,0.0,165.04,4
1788951502.8319042,serverless_predictive_fixed:cyclical:2,0.0,165.04,4
1788951503.0341868,serverless_predictive_fixed:cyclical:2,0.0,165.04,4
1788951503.236601,serverless_predictive_fixed:cyclical:2,4.9,165.04,4
1788951503.4387414,serverless_predictive_fixed:cyclical:2,0.0,165.04,4
1788951503.6419775,serverless_predictive_fixed:cyclical:2,0.0,165.04,4
1788951503.8444707,serverless_predictive_fixed:cyclical:2,0.0,165.04,4
1788951504.0477114,serverless_predictive_fixed:cyclical:2,0.0,122.46,3
1788951504.249997,serverless_predictive_fixed:cyclical:2,4.9,79.96,2
1788951504.4522564,serverless_predictive_fixed:cyclical:2,0.0,37.36,1
1788951504.6542568,serverless_predictive_fixed:cyclical:2,0.0,37.36,1
1788951504.8566437,serverless_predictive_fixed:cyclical:2,0.0,37.36,1
1788951505.0597687,serverless_predictive_fixed:cyclical:2,0.0,37.36,1
1788951505.2627141,serverless_predictive_fixed:cyclical:2,0.0,37.36,1
1788951505.46545,serverless_predictive_fixed:cyclical:2,0.0,37.36,1
1788951505.6684105,serverless_predictive_fixed:cyclical:2,0.0,37.36,1
1788951505.8705893,serverless_predictive_fixed:cyclical:2,0.0,37.36,1
1788951506.072881,serverless_predictive_fixed:cyclical:2,0.0,37.36,1
1788951506.2753983,serverless_predictive_fixed:cyclical:2,0.0,37.36,1
1788951506.479371,serverless_predictive_fixed:cyclical:2,0.0,37.36,1
1788951506.6816359,serverless_predictive_fixed:cyclical:2,0.0,37.36,1
1788951506.8838482,serverless_predictive_fixed:cyclical:2,0.0,37.36,1
1788951507.086825,serverless_predictive_fixed:cyclical:2,4.9,37.36,1
1788951507.2888935,serverless_predictive_fixed:cyclical:2,0.0,37.36,1
1788951507.493389,serverless_predictive_fixed:cyclical:2,4.9,99.31,4
1788951507.7039282,serverless_predictive_fixed:cyclical:2,204.2,131.03,4
1788951507.909173,serverless_predictive_fixed:cyclical:2,190.0,150.11,4
1788951508.111938,serverless_predictive_fixed:cyclical:2,197.3,162.17,4
1788951508.3148334,serverless_predictive_fixed:cyclical:2,34.5,165.12,4
1788951508.518199,serverless_predictive_fixed:cyclical:2,0.0,165.12,4
1788951508.7217507,serverless_predictive_fixed:cyclical:2,0.0,165.12,4
1788951508.9252636,serverless_predictive_fixed:cyclical:2,0.0,165.12,4
1788951509.1288486,serverless_predictive_fixed:cyclical:2,0.0,165.12,4
1788951509.3322916,serverless_predictive_fixed:cyclical:2,0.0,165.12,4
1788951509.536286,serverless_predictive_fixed:cyclical:2,0.0,165.12,4
1788951509.7388449,serverless_predictive_fixed:cyclical:2,0.0,165.12,4
1788951509.9410255,serverless_predictive_fixed:cyclical:2,0.0,165.12,4
1788951510.1437914,serverless_predictive_fixed:cyclical:2,0.0,165.12,4
1788951510.3469653,serverless_predictive_fixed:cyclical:2,4.9,165.12,4
1788951510.5491889,serverless_predictive_fixed:cyclical:2,0.0,165.12,4
1788951510.7520301,serverless_predictive_fixed:cyclical:2,9.8,165.12,4
1788951510.9550178,serverless_predictive_fixed:cyclical:2,0.0,165.12,4
1788951511.1581407,serverless_predictive_fixed:cyclical:2,0.0,165.12,4
1788951511.361378,serverless_predictive_fixed:cyclical:2,0.0,165.12,4
1788951511.5638034,serverless_predictive_fixed:cyclical:2,4.9,165.12,4
1788951511.7663012,serverless_predictive_fixed:cyclical:2,0.0,165.12,4
1788951511.9688394,serverless_predictive_fixed:cyclical:2,0.0,165.12,4
1788951512.1714678,serverless_predictive_fixed:cyclical:2,4.9,165.12,4
1788951512.3738048,serverless_predictive_fixed:cyclical:2,0.0,165.12,4
1788951512.5767908,serverless_predictive_fixed:cyclical:2,0.0,165.12,4
1788951512.779337,serverless_predictive_fixed:cyclical:2,0.0,165.12,4
1788951512.981767,serverless_predictive_fixed:cyclical:2,0.0,165.12,4
1788951513.2026744,serverless_predictive_fixed:cyclical:2,0.0,165.12,4
1788951513.4055686,serverless_predictive_fixed:cyclical:2,0.0,165.12,4
1788951513.6080275,serverless_predictive_fixed:cyclical:2,0.0,165.12,4
1788951513.811621,serverless_predictive_fixed:cyclical:2,0.0,165.12,4
1788951514.014133,serverless_predictive_fixed:cyclical:2,4.9,165.12,4
1788951514.21661,serverless_predictive_fixed:cyclical:2,0.0,165.12,4
1788951514.419572,serverless_predictive_fixed:cyclical:2,0.0,165.12,4
1788951514.6218562,serverless_predictive_fixed:cyclical:2,0.0,122.47,3
1788951514.824247,serverless_predictive_fixed:cyclical:2,0.0,79.89,2
1788951515.026878,serverless_predictive_fixed:cyclical:2,0.0,37.38,1
1788951515.2288692,serverless_predictive_fixed:cyclical:2,0.0,37.38,1
1788951515.430906,serverless_predictive_fixed:cyclical:2,0.0,37.38,1
1788951515.6338923,serverless_predictive_fixed:cyclical:2,0.0,37.38,1
1788951515.8363435,serverless_predictive_fixed:cyclical:2,0.0,37.38,1
1788951516.038384,serverless_predictive_fixed:cyclical:2,0.0,37.38,1
1788951516.2405183,serverless_predictive_fixed:cyclical:2,0.0,37.38,1
1788951516.4425268,serverless_predictive_fixed:cyclical:2,0.0,37.38,1
1788951516.6445906,serverless_predictive_fixed:cyclical:2,0.0,37.38,1
1788951516.846715,serverless_predictive_fixed:cyclical:2,0.0,37.38,1
1788951517.0492299,serverless_predictive_fixed:cyclical:2,4.9,37.38,1
1788951517.2524183,serverless_predictive_fixed:cyclical:2,0.0,37.38,1
1788951517.4554045,serverless_predictive_fixed:cyclical:2,0.0,37.38,1
1788951517.6615934,serverless_predictive_fixed:cyclical:2,0.0,59.35,4
1788951517.8657181,serverless_predictive_fixed:cyclical:2,191.1,111.61,4
1788951518.071924,serverless_predictive_fixed:cyclical:2,198.8,138.57,4
1788951518.2771683,serverless_predictive_fixed:cyclical:2,190.1,152.45,4
1788951518.48331,serverless_predictive_fixed:cyclical:2,165.2,163.01,4
1788951519.3398726,serverless_predictive_fixed:cyclical:3,0.0,36.64,1
1788951519.5420582,serverless_predictive_fixed:cyclical:3,0.0,36.64,1
1788951519.7456555,serverless_predictive_fixed:cyclical:3,0.0,36.64,1
1788951519.9477916,serverless_predictive_fixed:cyclical:3,0.0,36.64,1
1788951520.1497297,serverless_predictive_fixed:cyclical:3,5.0,36.64,1
1788951520.3523452,serverless_predictive_fixed:cyclical:3,0.0,36.64,1
1788951520.5547204,serverless_predictive_fixed:cyclical:3,0.0,36.64,1
1788951520.7571626,serverless_predictive_fixed:cyclical:3,0.0,36.64,1
1788951520.9591625,serverless_predictive_fixed:cyclical:3,0.0,36.64,1
1788951521.1616786,serverless_predictive_fixed:cyclical:3,0.0,36.64,1
1788951521.3636997,serverless_predictive_fixed:cyclical:3,0.0,36.64,1
1788951521.5657268,serverless_predictive_fixed:cyclical:3,0.0,36.64,1
1788951521.7679088,serverless_predictive_fixed:cyclical:3,0.0,36.64,1
1788951521.97,serverless_predictive_fixed:cyclical:3,0.0,36.64,1
1788951522.1723456,serverless_predictive_fixed:cyclical:3,0.0,36.64,1
1788951522.374191,serverless_predictive_fixed:cyclical:3,0.0,36.64,1
1788951522.5762138,serverless_predictive_fixed:cyclical:3,0.0,36.64,1
1788951522.7780426,serverless_predictive_fixed:cyclical:3,0.0,36.64,1
1788951522.9799383,serverless_predictive_fixed:cyclical:3,0.0,36.64,1
1788951523.1817484,serverless_predictive_fixed:cyclical:3,0.0,36.64,1
1788951523.383759,serverless_predictive_fixed:cyclical:3,0.0,36.64,1
1788951523.585707,serverless_predictive_fixed:cyclical:3,5.0,36.64,1
1788951523.7877448,serverless_predictive_fixed:cyclical:3,0.0,36.64,1
1788951523.9897082,serverless_predictive_fixed:cyclical:3,0.0,36.64,1
1788951524.19173,serverless_predictive_fixed:cyclical:3,0.0,36.64,1
1788951524.3937886,serverless_predictive_fixed:cyclical:3,0.0,36.64,1
1788951524.5959625,serverless_predictive_fixed:cyclical:3,0.0,36.64,1
1788951524.7983925,serverless_predictive_fixed:cyclical:3,0.0,36.64,1
1788951525.0007305,serverless_predictive_fixed:cyclical:3,0.0,36.64,1
1788951525.202729,serverless_predictive_fixed:cyclical:3,0.0,36.64,1
1788951525.4046788,serverless_predictive_fixed:cyclical:3,0.0,36.64,1
1788951525.6066635,serverless_predictive_fixed:cyclical:3,0.0,36.64,1
1788951525.8092644,serverless_predictive_fixed:cyclical:3,0.0,36.64,1
1788951526.0117953,serverless_predictive_fixed:cyclical:3,0.0,36.64,1
1788951526.214042,serverless_predictive_fixed:cyclical:3,0.0,36.64,1
1788951526.416015,serverless_predictive_fixed:cyclical:3,0.0,36.64,1
1788951526.6179876,serverless_predictive_fixed:cyclical:3,0.0,36.64,1
1788951526.8199801,serverless_predictive_fixed:cyclical:3,0.0,36.64,1
1788951527.023009,serverless_predictive_fixed:cyclical:3,0.0,36.64,1
1788951527.2258282,serverless_predictive_fixed:cyclical:3,4.9,36.64,1
1788951527.4280894,serverless_predictive_fixed:cyclical:3,0.0,36.64,1
1788951527.630308,serverless_predictive_fixed:cyclical:3,0.0,36.64,1
1788951527.832364,serverless_predictive_fixed:cyclical:3,0.0,36.64,1
1788951528.0343213,serverless_predictive_fixed:cyclical:3,0.0,36.64,1
1788951528.2376359,serverless_predictive_fixed:cyclical:3,0.0,36.64,1
1788951528.4404755,serverless_predictive_fixed:cyclical:3,0.0,36.64,1
1788951528.6441991,serverless_predictive_fixed:cyclical:3,9.8,77.62,4
1788951528.8496423,serverless_predictive_fixed:cyclical:3,194.7,125.19,4
1788951529.0559094,serverless_predictive_fixed:cyclical:3,198.8,144.87,4
1788951529.2580643,serverless_predictive_fixed:cyclical:3,197.9,156.61,4
1788951529.4602878,serverless_predictive_fixed:cyclical:3,108.8,164.71,4
1788951529.6623876,serverless_predictive_fixed:cyclical:3,0.0,164.71,4
1788951529.8647568,serverless_predictive_fixed:cyclical:3,0.0,164.71,4
1788951530.0670106,serverless_predictive_fixed:cyclical:3,0.0,164.71,4
1788951530.2691789,serverless_predictive_fixed:cyclical:3,0.0,164.71,4
1788951530.4715028,serverless_predictive_fixed:cyclical:3,4.9,164.71,4
1788951530.6746147,serverless_predictive_fixed:cyclical:3,0.0,164.71,4
1788951530.8769517,serverless_predictive_fixed:cyclical:3,0.0,164.71,4
1788951531.0794692,serverless_predictive_fixed:cyclical:3,4.9,164.71,4
1788951531.2824268,serverless_predictive_fixed:cyclical:3,0.0,164.71,4
1788951531.4848945,serverless_predictive_fixed:cyclical:3,0.0,164.71,4
1788951531.6873212,serverless_predictive_fixed:cyclical:3,0.0,164.71,4
1788951531.889582,serverless_predictive_fixed:cyclical:3,4.9,164.71,4
1788951532.092003,serverless_predictive_fixed:cyclical:3,0.0,164.71,4
1788951532.2946346,serverless_predictive_fixed:cyclical:3,0.0,164.71,4
1788951532.4972975,serverless_predictive_fixed:cyclical:3,0.0,164.71,4
1788951532.700144,serverless_predictive_fixed:cyclical:3,0.0,164.71,4
1788951532.902424,serverless_predictive_fixed:cyclical:3,0.0,164.71,4
1788951533.1048625,serverless_predictive_fixed:cyclical:3,0.0,164.71,4
1788951533.307749,serverless_predictive_fixed:cyclical:3,4.9,164.71,4
1788951533.5102813,serverless_predictive_fixed:cyclical:3,0.0,164.71,4
1788951533.7132735,serverless_predictive_fixed:cyclical:3,0.0,164.71,4
1788951533.915897,serverless_predictive_fixed:cyclical:3,0.0,164.71,4
1788951534.1183035,serverless_predictive_fixed:cyclical:3,0.0,164.71,4
1788951534.320819,serverless_predictive_fixed:cyclical:3,0.0,164.71,4
1788951534.5239646,serverless_predictive_fixed:cyclical:3,0.0,164.72,4
1788951534.7261014,serverless_predictive_fixed:cyclical:3,0.0,164.72,4
1788951534.9283297,serverless_predictive_fixed:cyclical:3,4.9,164.72,4
1788951535.1304715,serverless_predictive_fixed:cyclical:3,4.9,164.72,4
1788951535.3327215,serverless_predictive_fixed:cyclical:3,0.0,164.72,4
1788951535.535998,serverless_predictive_fixed:cyclical:3,0.0,164.72,4
1788951535.738232,serverless_predictive_fixed:cyclical:3,4.9,122.26,3
1788951535.9403098,serverless_predictive_fixed:cyclical:3,0.0,79.72,3
1788951536.142201,serverless_predictive_fixed:cyclical:3,0.0,37.14,1
1788951536.3440702,serverless_predictive_fixed:cyclical:3,0.0,37.14,1
1788951536.5459166,serverless_predictive_fixed:cyclical:3,0.0,37.14,1
1788951536.747916,serverless_predictive_fixed:cyclical:3,0.0,37.14,1
1788951536.9498074,serverless_predictive_fixed:cyclical:3,0.0,37.14,1
1788951537.1517582,serverless_predictive_fixed:cyclical:3,0.0,37.14,1
1788951537.3540473,serverless_predictive_fixed:cyclical:3,0.0,37.14,1
1788951537.5560324,serverless_predictive_fixed:cyclical:3,0.0,37.14,1
1788951537.7579074,serverless_predictive_fixed:cyclical:3,0.0,37.14,1
1788951537.9599624,serverless_predictive_fixed:cyclical:3,0.0,37.14,1
1788951538.1621687,serverless_predictive_fixed:cyclical:3,0.0,37.14,1
1788951538.3641918,serverless_predictive_fixed:cyclical:3,0.0,37.14,1
1788951538.5660164,serverless_predictive_fixed:cyclical:3,5.0,37.14,1
1788951538.767945,serverless_predictive_fixed:cyclical:3,0.0,37.14,1
1788951538.9706326,serverless_predictive_fixed:cyclical:3,0.0,103.42,4
1788951539.176596,serverless_predictive_fixed:cyclical:3,199.1,133.47,4
1788951539.3830318,serverless_predictive_fixed:cyclical:3,198.5,152.74,4
1788951539.5867937,serverless_predictive_fixed:cyclical:3,161.9,164.91,4
1788951539.7889965,serverless_predictive_fixed:cyclical:3,4.9,164.91,4
1788951539.9911258,serverless_predictive_fixed:cyclical:3,0.0,164.91,4
1788951540.1934009,serverless_predictive_fixed:cyclical:3,0.0,164.91,4
1788951540.3956223,serverless_predictive_fixed:cyclical:3,0.0,164.91,4
1788951540.5978682,serverless_predictive_fixed:cyclical:3,0.0,164.91,4
1788951540.800557,serverless_predictive_fixed:cyclical:3,0.0,164.91,4
1788951541.0029385,serverless_predictive_fixed:cyclical:3,0.0,164.91,4
1788951541.2159934,serverless_predictive_fixed:cyclical:3,0.0,164.91,4
1788951541.418879,serverless_predictive_fixed:cyclical:3,0.0,164.91,4
1788951541.6211221,serverless_predictive_fixed:cyclical:3,0.0,164.91,4
1788951541.8234713,serverless_predictive_fixed:cyclical:3,4.9,164.91,4
1788951542.0258262,serverless_predictive_fixed:cyclical:3,0.0,164.91,4
1788951542.2282407,serverless_predictive_fixed:cyclical:3,0.0,164.91,4
1788951542.430438,serverless_predictive_fixed:cyclical:3,0.0,164.91,4
1788951542.6328254,serverless_predictive_fixed:cyclical:3,0.0,164.91,4
1788951542.835075,serverless_predictive_fixed:cyclical:3,4.9,164.91,4
1788951543.0505917,serverless_predictive_fixed:cyclical:3,0.0,164.91,4
1788951543.2569726,serverless_predictive_fixed:cyclical:3,0.0,164.91,4
1788951543.4594493,serverless_predictive_fixed:cyclical:3,0.0,164.91,4
1788951543.6617954,serverless_predictive_fixed:cyclical:3,0.0,164.91,4
1788951543.8646545,serverless_predictive_fixed:cyclical:3,0.0,164.91,4
1788951544.067185,serverless_predictive_fixed:cyclical:3,0.0,164.91,4
1788951544.2696083,serverless_predictive_fixed:cyclical:3,0.0,164.91,4
1788951544.4719915,serverless_predictive_fixed:cyclical:3,0.0,164.91,4
1788951544.6743875,serverless_predictive_fixed:cyclical:3,9.8,164.91,4
1788951544.876914,serverless_predictive_fixed:cyclical:3,0.0,164.91,4
1788951545.079361,serverless_predictive_fixed:cyclical:3,0.0,164.91,4
1788951545.2816927,serverless_predictive_fixed:cyclical:3,0.0,164.91,4
1788951545.4842439,serverless_predictive_fixed:cyclical:3,0.0,164.91,4
1788951545.6866078,serverless_predictive_fixed:cyclical:3,0.0,164.91,4
1788951545.8889544,serverless_predictive_fixed:cyclical:3,4.9,122.39,3
1788951546.0915463,serverless_predictive_fixed:cyclical:3,0.0,79.79,2
1788951546.2935603,serverless_predictive_fixed:cyclical:3,0.0,37.28,1
1788951546.4962237,serverless_predictive_fixed:cyclical:3,0.0,37.28,1
1788951546.698695,serverless_predictive_fixed:cyclical:3,0.0,37.28,1
1788951546.9008422,serverless_predictive_fixed:cyclical:3,0.0,37.28,1
1788951547.1034772,serverless_predictive_fixed:cyclical:3,0.0,37.28,1
1788951547.3055813,serverless_predictive_fixed:cyclical:3,0.0,37.28,1
1788951547.5077524,serverless_predictive_fixed:cyclical:3,0.0,37.28,1
1788951547.7097936,serverless_predictive_fixed:cyclical:3,0.0,37.28,1
1788951547.9119728,serverless_predictive_fixed:cyclical:3,0.0,37.28,1
1788951548.1201842,serverless_predictive_fixed:cyclical:3,4.8,59.24,4
1788951548.3240051,serverless_predictive_fixed:cyclical:3,186.5,115.28,4
1788951548.5320864,serverless_predictive_fixed:cyclical:3,201.9,140.84,4
1788951548.7399457,serverless_predictive_fixed:cyclical:3,197.2,150.76,4
1788951548.9443965,serverless_predictive_fixed:cyclical:3,176.1,165.04,4
1788951549.1469383,serverless_predictive_fixed:cyclical:3,9.8,165.2,4
1788951549.3493721,serverless_predictive_fixed:cyclical:3,0.0,165.2,4
1788951549.5520196,serverless_predictive_fixed:cyclical:3,0.0,165.2,4
1788951549.7545416,serverless_predictive_fixed:cyclical:3,0.0,165.2,4
1788951549.9569433,serverless_predictive_fixed:cyclical:3,0.0,165.2,4
1788951550.159725,serverless_predictive_fixed:cyclical:3,0.0,165.2,4
1788951550.362062,serverless_predictive_fixed:cyclical:3,0.0,165.2,4
1788951550.5649505,serverless_predictive_fixed:cyclical:3,4.9,165.2,4
1788951550.7674356,serverless_predictive_fixed:cyclical:3,0.0,165.2,4
1788951550.969877,serverless_predictive_fixed:cyclical:3,0.0,165.2,4
1788951551.1724627,serverless_predictive_fixed:cyclical:3,0.0,165.2,4
1788951551.3748784,serverless_predictive_fixed:cyclical:3,0.0,165.2,4
1788951551.5772207,serverless_predictive_fixed:cyclical:3,0.0,165.2,4
1788951551.7797484,serverless_predictive_fixed:cyclical:3,0.0,165.2,4
1788951551.9822364,serverless_predictive_fixed:cyclical:3,4.9,165.2,4
1788951552.1847105,serverless_predictive_fixed:cyclical:3,4.9,165.2,4
1788951552.3870857,serverless_predictive_fixed:cyclical:3,4.9,165.2,4
1788951552.589393,serverless_predictive_fixed:cyclical:3,0.0,165.2,4
1788951552.7918305,serverless_predictive_fixed:cyclical:3,0.0,165.2,4
1788951552.9941342,serverless_predictive_fixed:cyclical:3,0.0,165.2,4
1788951553.1966748,serverless_predictive_fixed:cyclical:3,0.0,165.2,4
1788951553.399377,serverless_predictive_fixed:cyclical:3,0.0,165.2,4
1788951553.6017404,serverless_predictive_fixed:cyclical:3,0.0,165.2,4
1788951553.804124,serverless_predictive_fixed:cyclical:3,0.0,165.2,4
1788951554.0066268,serverless_predictive_fixed:cyclical:3,0.0,165.2,4
1788951554.2092693,serverless_predictive_fixed:cyclical:3,0.0,165.2,4
1788951554.4120283,serverless_predictive_fixed:cyclical:3,0.0,165.2,4
1788951554.6143868,serverless_predictive_fixed:cyclical:3,0.0,165.2,4
1788951554.816728,serverless_predictive_fixed:cyclical:3,0.0,165.2,4
1788951555.0193982,serverless_predictive_fixed:cyclical:3,4.9,165.2,4
1788951555.2217255,serverless_predictive_fixed:cyclical:3,0.0,122.53,3
1788951555.4239926,serverless_predictive_fixed:cyclical:3,0.0,79.88,2
1788951555.6261785,serverless_predictive_fixed:cyclical:3,4.9,37.31,2
1788951555.8283563,serverless_predictive_fixed:cyclical:3,0.0,37.31,1
1788951556.030577,serverless_predictive_fixed:cyclical:3,0.0,37.31,1
1788951556.232735,serverless_predictive_fixed:cyclical:3,0.0,37.31,1
1788951556.4347565,serverless_predictive_fixed:cyclical:3,0.0,37.31,1
1788951556.6368423,serverless_predictive_fixed:cyclical:3,0.0,37.31,1
1788951556.8388536,serverless_predictive_fixed:cyclical:3,0.0,37.31,1
1788951557.0408654,serverless_predictive_fixed:cyclical:3,0.0,37.31,1
1788951557.2430346,serverless_predictive_fixed:cyclical:3,0.0,37.31,1
1788951557.445256,serverless_predictive_fixed:cyclical:3,0.0,37.31,1
1788951557.6474805,serverless_predictive_fixed:cyclical:3,0.0,37.31,1
1788951557.8499572,serverless_predictive_fixed:cyclical:3,0.0,37.31,1
1788951558.0570784,serverless_predictive_fixed:cyclical:3,4.8,101.0,4
1788951558.2634854,serverless_predictive_fixed:cyclical:3,195.6,135.64,4
1788951558.4656289,serverless_predictive_fixed:cyclical:3,196.8,150.84,4
1788951558.6690056,serverless_predictive_fixed:cyclical:3,167.1,165.31,4
1788951558.8720753,serverless_predictive_fixed:cyclical:3,4.9,165.31,4
1788951559.074339,serverless_predictive_fixed:cyclical:3,0.0,165.31,4
1788951559.2767158,serverless_predictive_fixed:cyclical:3,0.0,165.31,4
1788951559.4793158,serverless_predictive_fixed:cyclical:3,0.0,165.31,4
1788951559.681628,serverless_predictive_fixed:cyclical:3,4.9,165.31,4
1788951559.884074,serverless_predictive_fixed:cyclical:3,0.0,165.31,4
1788951560.0865119,serverless_predictive_fixed:cyclical:3,0.0,165.31,4
1788951560.2896652,serverless_predictive_fixed:cyclical:3,0.0,165.31,4
1788951560.4921207,serverless_predictive_fixed:cyclical:3,0.0,165.31,4
1788951560.6945806,serverless_predictive_fixed:cyclical:3,0.0,165.31,4
1788951560.897038,serverless_predictive_fixed:cyclical:3,0.0,165.31,4
1788951561.0994217,serverless_predictive_fixed:cyclical:3,0.0,165.31,4
1788951561.302995,serverless_predictive_fixed:cyclical:3,0.0,165.31,4
1788951561.5054984,serverless_predictive_fixed:cyclical:3,4.9,165.31,4
1788951561.7081404,serverless_predictive_fixed:cyclical:3,0.0,165.31,4
1788951561.910847,serverless_predictive_fixed:cyclical:3,0.0,165.31,4
1788951562.1153598,serverless_predictive_fixed:cyclical:3,4.9,165.31,4
1788951562.3179471,serverless_predictive_fixed:cyclical:3,0.0,165.31,4
1788951562.5206182,serverless_predictive_fixed:cyclical:3,0.0,165.31,4
1788951562.7233243,serverless_predictive_fixed:cyclical:3,0.0,165.31,4
1788951562.9257689,serverless_predictive_fixed:cyclical:3,0.0,165.31,4
1788951563.1294165,serverless_predictive_fixed:cyclical:3,4.9,165.31,4
1788951563.3318813,serverless_predictive_fixed:cyclical:3,4.9,165.31,4
1788951563.534797,serverless_predictive_fixed:cyclical:3,0.0,165.31,4
1788951563.7372134,serverless_predictive_fixed:cyclical:3,0.0,165.31,4
1788951563.9409227,serverless_predictive_fixed:cyclical:3,0.0,165.31,4
1788951564.1435351,serverless_predictive_fixed:cyclical:3,0.0,165.31,4
1788951564.3466425,serverless_predictive_fixed:cyclical:3,0.0,165.31,4
1788951564.5492537,serverless_predictive_fixed:cyclical:3,0.0,165.31,4
1788951564.7518346,serverless_predictive_fixed:cyclical:3,0.0,165.31,4
1788951564.9543164,serverless_predictive_fixed:cyclical:3,0.0,165.31,4
1788951565.1569352,serverless_predictive_fixed:cyclical:3,0.0,122.74,3
1788951565.3591197,serverless_predictive_fixed:cyclical:3,0.0,80.03,2
1788951565.5612009,serverless_predictive_fixed:cyclical:3,0.0,37.35,1
1788951565.7635283,serverless_predictive_fixed:cyclical:3,4.9,37.35,1
1788951565.965581,serverless_predictive_fixed:cyclical:3,0.0,37.35,1
1788951566.1686838,serverless_predictive_fixed:cyclical:3,0.0,37.35,1
1788951566.371852,serverless_predictive_fixed:cyclical:3,0.0,37.35,1
1788951566.573871,serverless_predictive_fixed:cyclical:3,0.0,37.35,1
1788951566.7770798,serverless_predictive_fixed:cyclical:3,0.0,37.35,1
1788951566.9795454,serverless_predictive_fixed:cyclical:3,0.0,37.35,1
1788951567.185065,serverless_predictive_fixed:cyclical:3,0.0,51.05,4
1788951567.387142,serverless_predictive_fixed:cyclical:3,183.1,112.56,4
1788951567.5960395,serverless_predictive_fixed:cyclical:3,201.1,140.09,4
1788951567.7981615,serverless_predictive_fixed:cyclical:3,197.9,154.72,4
1788951568.7653766,serverless_predictive_fixed:cyclical:4,0.0,36.66,1
1788951568.9678357,serverless_predictive_fixed:cyclical:4,0.0,36.66,1
1788951569.1699104,serverless_predictive_fixed:cyclical:4,0.0,36.66,1
1788951569.3722575,serverless_predictive_fixed:cyclical:4,0.0,36.66,1
1788951569.575252,serverless_predictive_fixed:cyclical:4,0.0,36.66,1
1788951569.7772014,serverless_predictive_fixed:cyclical:4,0.0,36.66,1
1788951569.9789941,serverless_predictive_fixed:cyclical:4,0.0,36.66,1
1788951570.180851,serverless_predictive_fixed:cyclical:4,0.0,36.66,1
1788951570.3826933,serverless_predictive_fixed:cyclical:4,0.0,36.66,1
1788951570.5846007,serverless_predictive_fixed:cyclical:4,0.0,36.66,1
1788951570.7864373,serverless_predictive_fixed:cyclical:4,5.0,36.66,1
1788951570.988583,serverless_predictive_fixed:cyclical:4,0.0,36.66,1
1788951571.1904802,serverless_predictive_fixed:cyclical:4,0.0,36.66,1
1788951571.3925095,serverless_predictive_fixed:cyclical:4,0.0,36.66,1
1788951571.5944157,serverless_predictive_fixed:cyclical:4,0.0,36.66,1
1788951571.796372,serverless_predictive_fixed:cyclical:4,0.0,36.66,1
1788951571.9983442,serverless_predictive_fixed:cyclical:4,0.0,36.66,1
1788951572.2003384,serverless_predictive_fixed:cyclical:4,0.0,36.66,1
1788951572.40226,serverless_predictive_fixed:cyclical:4,0.0,36.66,1
1788951572.6042242,serverless_predictive_fixed:cyclical:4,0.0,36.66,1
1788951572.8061688,serverless_predictive_fixed:cyclical:4,0.0,36.66,1
1788951573.0081434,serverless_predictive_fixed:cyclical:4,0.0,36.66,1
1788951573.219017,serverless_predictive_fixed:cyclical:4,0.0,36.66,1
1788951573.4212925,serverless_predictive_fixed:cyclical:4,0.0,36.66,1
1788951573.623331,serverless_predictive_fixed:cyclical:4,0.0,36.66,1
1788951573.8252838,serverless_predictive_fixed:cyclical:4,0.0,36.66,1
1788951574.0276003,serverless_predictive_fixed:cyclical:4,0.0,36.66,1
1788951574.2296984,serverless_predictive_fixed:cyclical:4,0.0,36.66,1
1788951574.4318104,serverless_predictive_fixed:cyclical:4,0.0,36.66,1
1788951574.6339085,serverless_predictive_fixed:cyclical:4,0.0,36.66,1
1788951574.8359756,serverless_predictive_fixed:cyclical:4,0.0,36.66,1
1788951575.038017,serverless_predictive_fixed:cyclical:4,4.9,36.66,1
1788951575.2402253,serverless_predictive_fixed:cyclical:4,0.0,36.66,1
1788951575.4423752,serverless_predictive_fixed:cyclical:4,0.0,36.66,1
1788951575.644707,serverless_predictive_fixed:cyclical:4,0.0,36.66,1
1788951575.8467531,serverless_predictive_fixed:cyclical:4,4.9,36.66,1
1788951576.048718,serverless_predictive_fixed:cyclical:4,0.0,36.66,1
1788951576.2506404,serverless_predictive_fixed:cyclical:4,0.0,36.66,1
1788951576.4525657,serverless_predictive_fixed:cyclical:4,0.0,36.66,1
1788951576.6553526,serverless_predictive_fixed:cyclical:4,0.0,36.66,1
1788951576.8571563,serverless_predictive_fixed:cyclical:4,0.0,36.66,1
1788951577.0593696,serverless_predictive_fixed:cyclical:4,0.0,36.66,1
1788951577.2614717,serverless_predictive_fixed:cyclical:4,0.0,36.66,1
1788951577.4636536,serverless_predictive_fixed:cyclical:4,0.0,36.66,1
1788951577.6696482,serverless_predictive_fixed:cyclical:4,0.0,56.08,4
1788951577.8801355,serverless_predictive_fixed:cyclical:4,190.1,115.97,4
1788951578.082411,serverless_predictive_fixed:cyclical:4,202.6,143.54,4
1788951578.2919517,serverless_predictive_fixed:cyclical:4,190.9,153.79,4
1788951578.4954762,serverless_predictive_fixed:cyclical:4,132.8,164.85,4
1788951578.6977694,serverless_predictive_fixed:cyclical:4,0.0,164.85,4
1788951578.9001927,serverless_predictive_fixed:cyclical:4,0.0,164.85,4
1788951579.1028316,serverless_predictive_fixed:cyclical:4,0.0,164.85,4
1788951579.305099,serverless_predictive_fixed:cyclical:4,4.9,164.85,4
1788951579.5071795,serverless_predictive_fixed:cyclical:4,0.0,164.85,4
1788951579.7094831,serverless_predictive_fixed:cyclical:4,0.0,164.85,4
1788951579.911911,serverless_predictive_fixed:cyclical:4,0.0,164.85,4
1788951580.1141665,serverless_predictive_fixed:cyclical:4,0.0,164.85,4
1788951580.316962,serverless_predictive_fixed:cyclical:4,0.0,164.85,4
1788951580.519934,serverless_predictive_fixed:cyclical:4,0.0,164.85,4
1788951580.7229743,serverless_predictive_fixed:cyclical:4,0.0,164.85,4
1788951580.925476,serverless_predictive_fixed:cyclical:4,4.9,164.85,4
1788951581.1279259,serverless_predictive_fixed:cyclical:4,0.0,164.85,4
1788951581.330189,serverless_predictive_fixed:cyclical:4,4.9,164.85,4
1788951581.5326545,serverless_predictive_fixed:cyclical:4,0.0,164.85,4
1788951581.7352846,serverless_predictive_fixed:cyclical:4,4.9,164.85,4
1788951581.9379947,serverless_predictive_fixed:cyclical:4,0.0,164.85,4
1788951582.1406822,serverless_predictive_fixed:cyclical:4,0.0,164.85,4
1788951582.3429935,serverless_predictive_fixed:cyclical:4,0.0,164.85,4
1788951582.5455067,serverless_predictive_fixed:cyclical:4,0.0,164.85,4
1788951582.7479281,serverless_predictive_fixed:cyclical:4,0.0,164.85,4
1788951582.950333,serverless_predictive_fixed:cyclical:4,0.0,164.85,4
1788951583.152776,serverless_predictive_fixed:cyclical:4,0.0,164.85,4
1788951583.355587,serverless_predictive_fixed:cyclical:4,0.0,164.85,4
1788951583.558189,serverless_predictive_fixed:cyclical:4,0.0,164.85,4
1788951583.7607062,serverless_predictive_fixed:cyclical:4,0.0,164.85,4
1788951583.9633064,serverless_predictive_fixed:cyclical:4,4.9,164.85,4
1788951584.1666834,serverless_predictive_fixed:cyclical:4,0.0,164.85,4
1788951584.3692718,serverless_predictive_fixed:cyclical:4,0.0,164.85,4
1788951584.5717642,serverless_predictive_fixed:cyclical:4,4.9,164.91,4
1788951584.774042,serverless_predictive_fixed:cyclical:4,0.0,122.31,3
1788951584.976365,serverless_predictive_fixed:cyclical:4,0.0,79.78,2
1788951585.1789594,serverless_predictive_fixed:cyclical:4,0.0,37.14,1
1788951585.3810682,serverless_predictive_fixed:cyclical:4,0.0,37.14,1
1788951585.5831642,serverless_predictive_fixed:cyclical:4,0.0,37.14,1
1788951585.785383,serverless_predictive_fixed:cyclical:4,0.0,37.14,1
1788951585.9875062,serverless_predictive_fixed:cyclical:4,0.0,37.14,1
1788951586.1894102,serverless_predictive_fixed:cyclical:4,0.0,37.14,1
1788951586.3923457,serverless_predictive_fixed:cyclical:4,0.0,37.14,1
1788951586.5942867,serverless_predictive_fixed:cyclical:4,0.0,37.14,1
1788951586.7965205,serverless_predictive_fixed:cyclical:4,0.0,37.14,1
1788951586.9985378,serverless_predictive_fixed:cyclical:4,0.0,37.14,1
1788951587.2005973,serverless_predictive_fixed:cyclical:4,4.9,37.14,1
1788951587.4025831,serverless_predictive_fixed:cyclical:4,0.0,37.14,1
1788951587.6092014,serverless_predictive_fixed:cyclical:4,0.0,63.37,4
1788951587.8155212,serverless_predictive_fixed:cyclical:4,194.0,122.21,4
1788951588.017653,serverless_predictive_fixed:cyclical:4,197.8,145.04,4
1788951588.227894,serverless_predictive_fixed:cyclical:4,190.3,154.96,4
1788951588.4302928,serverless_predictive_fixed:cyclical:4,108.7,165.14,4
1788951588.6327462,serverless_predictive_fixed:cyclical:4,0.0,165.14,4
1788951588.8351104,serverless_predictive_fixed:cyclical:4,0.0,165.14,4
1788951589.0373404,serverless_predictive_fixed:cyclical:4,0.0,165.14,4
1788951589.2398918,serverless_predictive_fixed:cyclical:4,0.0,165.14,4
1788951589.4423454,serverless_predictive_fixed:cyclical:4,0.0,165.14,4
1788951589.6448104,serverless_predictive_fixed:cyclical:4,4.9,165.14,4
1788951589.847302,serverless_predictive_fixed:cyclical:4,4.9,165.14,4
1788951590.0496762,serverless_predictive_fixed:cyclical:4,0.0,165.14,4
1788951590.253301,serverless_predictive_fixed:cyclical:4,0.0,165.14,4
1788951590.4557734,serverless_predictive_fixed:cyclical:4,0.0,165.14,4
1788951590.6585655,serverless_predictive_fixed:cyclical:4,0.0,165.14,4
1788951590.8609872,serverless_predictive_fixed:cyclical:4,4.9,165.14,4
1788951591.0633597,serverless_predictive_fixed:cyclical:4,0.0,165.14,4
1788951591.2658043,serverless_predictive_fixed:cyclical:4,0.0,165.14,4
1788951591.4687166,serverless_predictive_fixed:cyclical:4,0.0,165.14,4
1788951591.6721215,serverless_predictive_fixed:cyclical:4,0.0,165.14,4
1788951591.875058,serverless_predictive_fixed:cyclical:4,0.0,165.14,4
1788951592.0773385,serverless_predictive_fixed:cyclical:4,4.9,165.14,4
1788951592.2798293,serverless_predictive_fixed:cyclical:4,0.0,165.14,4
1788951592.4824936,serverless_predictive_fixed:cyclical:4,0.0,165.14,4
1788951592.6849465,serverless_predictive_fixed:cyclical:4,0.0,165.14,4
1788951592.8874795,serverless_predictive_fixed:cyclical:4,0.0,165.14,4
1788951593.0898614,serverless_predictive_fixed:cyclical:4,0.0,165.14,4
1788951593.2923892,serverless_predictive_fixed:cyclical:4,0.0,165.14,4
1788951593.4947913,serverless_predictive_fixed:cyclical:4,9.8,165.14,4
1788951593.6972063,serverless_predictive_fixed:cyclical:4,0.0,165.14,4
1788951593.9000752,serverless_predictive_fixed:cyclical:4,0.0,165.14,4
1788951594.1025097,serverless_predictive_fixed:cyclical:4,0.0,165.14,4
1788951594.3049085,serverless_predictive_fixed:cyclical:4,0.0,165.14,4
1788951594.5071862,serverless_predictive_fixed:cyclical:4,0.0,165.14,4
1788951594.710433,serverless_predictive_fixed:cyclical:4,0.0,165.14,4
1788951594.912889,serverless_predictive_fixed:cyclical:4,4.9,122.54,3
1788951595.115773,serverless_predictive_fixed:cyclical:4,0.0,37.29,2
1788951595.3180108,serverless_predictive_fixed:cyclical:4,0.0,37.29,1
1788951595.520101,serverless_predictive_fixed:cyclical:4,0.0,37.29,1
1788951595.7223148,serverless_predictive_fixed:cyclical:4,0.0,37.29,1
1788951595.924524,serverless_predictive_fixed:cyclical:4,4.9,37.29,1
1788951596.1267738,serverless_predictive_fixed:cyclical:4,0.0,37.29,1
1788951596.3289666,serverless_predictive_fixed:cyclical:4,0.0,37.29,1
1788951596.5310152,serverless_predictive_fixed:cyclical:4,0.0,37.29,1
1788951596.733289,serverless_predictive_fixed:cyclical:4,0.0,37.29,1
1788951596.9356265,serverless_predictive_fixed:cyclical:4,0.0,37.29,1
1788951597.1379604,serverless_predictive_fixed:cyclical:4,0.0,37.29,1
1788951597.340137,serverless_predictive_fixed:cyclical:4,0.0,37.29,1
1788951597.5422108,serverless_predictive_fixed:cyclical:4,0.0,37.29,1
1788951597.744363,serverless_predictive_fixed:cyclical:4,0.0,37.29,1
1788951597.9465718,serverless_predictive_fixed:cyclical:4,0.0,53.25,2
1788951598.1486523,serverless_predictive_fixed:cyclical:4,103.9,72.71,2
1788951598.3517764,serverless_predictive_fixed:cyclical:4,103.5,101.01,4
1788951598.5545886,serverless_predictive_fixed:cyclical:4,192.4,144.75,4
1788951598.7601907,serverless_predictive_fixed:cyclical:4,199.8,158.69,4
1788951598.9650946,serverless_predictive_fixed:cyclical:4,58.5,165.08,4
1788951599.1676116,serverless_predictive_fixed:cyclical:4,0.0,165.08,4
1788951599.3704963,serverless_predictive_fixed:cyclical:4,0.0,165.08,4
1788951599.5731144,serverless_predictive_fixed:cyclical:4,0.0,165.08,4
1788951599.7755187,serverless_predictive_fixed:cyclical:4,0.0,165.08,4
1788951599.977766,serverless_predictive_fixed:cyclical:4,0.0,165.08,4
1788951600.1803768,serverless_predictive_fixed:cyclical:4,4.9,165.08,4
1788951600.3826776,serverless_predictive_fixed:cyclical:4,0.0,165.08,4
1788951600.5849054,serverless_predictive_fixed:cyclical:4,0.0,165.08,4
1788951600.787104,serverless_predictive_fixed:cyclical:4,4.9,165.08,4
1788951600.989288,serverless_predictive_fixed:cyclical:4,0.0,165.08,4
1788951601.191573,serverless_predictive_fixed:cyclical:4,0.0,165.08,4
1788951601.3936532,serverless_predictive_fixed:cyclical:4,0.0,165.08,4
1788951601.5959795,serverless_predictive_fixed:cyclical:4,4.9,165.08,4
1788951601.7983253,serverless_predictive_fixed:cyclical:4,0.0,165.08,4
1788951602.000593,serverless_predictive_fixed:cyclical:4,0.0,165.08,4
1788951602.2028859,serverless_predictive_fixed:cyclical:4,0.0,165.08,4
1788951602.405093,serverless_predictive_fixed:cyclical:4,0.0,165.08,4
1788951602.6073418,serverless_predictive_fixed:cyclical:4,0.0,165.08,4
1788951602.8095016,serverless_predictive_fixed:cyclical:4,0.0,165.08,4
1788951603.0118878,serverless_predictive_fixed:cyclical:4,0.0,165.08,4
1788951603.2140949,serverless_predictive_fixed:cyclical:4,0.0,165.08,4
1788951603.4175315,serverless_predictive_fixed:cyclical:4,9.8,165.08,4
1788951603.6198492,serverless_predictive_fixed:cyclical:4,0.0,165.08,4
1788951603.822094,serverless_predictive_fixed:cyclical:4,0.0,165.08,4
1788951604.0249808,serverless_predictive_fixed:cyclical:4,0.0,165.08,4
1788951604.2274616,serverless_predictive_fixed:cyclical:4,0.0,165.08,4
1788951604.429965,serverless_predictive_fixed:cyclical:4,0.0,165.08,4
1788951604.6325107,serverless_predictive_fixed:cyclical:4,0.0,165.08,4
1788951604.8346412,serverless_predictive_fixed:cyclical:4,0.0,122.51,3
1788951605.0368414,serverless_predictive_fixed:cyclical:4,0.0,122.51,3
1788951605.239599,serverless_predictive_fixed:cyclical:4,0.0,79.87,3
1788951605.4416416,serverless_predictive_fixed:cyclical:4,0.0,37.31,1
1788951605.6436198,serverless_predictive_fixed:cyclical:4,0.0,37.31,1
1788951605.8460414,serverless_predictive_fixed:cyclical:4,0.0,37.31,1
1788951606.048015,serverless_predictive_fixed:cyclical:4,0.0,37.31,1
1788951606.2504692,serverless_predictive_fixed:cyclical:4,0.0,37.31,1
1788951606.4527557,serverless_predictive_fixed:cyclical:4,0.0,37.31,1
1788951606.6547337,serverless_predictive_fixed:cyclical:4,0.0,37.31,1
1788951606.856709,serverless_predictive_fixed:cyclical:4,0.0,37.31,1
1788951607.0586762,serverless_predictive_fixed:cyclical:4,0.0,37.31,1
1788951607.2608256,serverless_predictive_fixed:cyclical:4,0.0,37.31,1
1788951607.462784,serverless_predictive_fixed:cyclical:4,5.0,37.31,1
1788951607.6648061,serverless_predictive_fixed:cyclical:4,0.0,37.31,1
1788951607.8669431,serverless_predictive_fixed:cyclical:4,0.0,37.31,1
1788951608.0774467,serverless_predictive_fixed:cyclical:4,4.8,112.64,4
1788951608.2836921,serverless_predictive_fixed:cyclical:4,189.1,141.24,4
1788951608.4857998,serverless_predictive_fixed:cyclical:4,183.0,152.16,4
1788951608.6883817,serverless_predictive_fixed:cyclical:4,162.9,164.41,4
1788951608.8910887,serverless_predictive_fixed:cyclical:4,9.9,165.16,4
1788951609.0936255,serverless_predictive_fixed:cyclical:4,0.0,165.16,4
1788951609.2959754,serverless_predictive_fixed:cyclical:4,0.0,165.16,4
1788951609.4980917,serverless_predictive_fixed:cyclical:4,0.0,165.16,4
1788951609.7003837,serverless_predictive_fixed:cyclical:4,0.0,165.16,4
1788951609.9025378,serverless_predictive_fixed:cyclical:4,0.0,165.16,4
1788951610.1048365,serverless_predictive_fixed:cyclical:4,4.9,165.16,4
1788951610.3070223,serverless_predictive_fixed:cyclical:4,0.0,165.16,4
1788951610.509012,serverless_predictive_fixed:cyclical:4,0.0,165.16,4
1788951610.7111506,serverless_predictive_fixed:cyclical:4,0.0,165.16,4
1788951610.9134142,serverless_predictive_fixed:cyclical:4,0.0,165.16,4
1788951611.1159248,serverless_predictive_fixed:cyclical:4,0.0,165.16,4
1788951611.3180723,serverless_predictive_fixed:cyclical:4,4.9,165.16,4
1788951611.5202923,serverless_predictive_fixed:cyclical:4,0.0,165.16,4
1788951611.7223823,serverless_predictive_fixed:cyclical:4,4.9,165.16,4
1788951611.9245808,serverless_predictive_fixed:cyclical:4,0.0,165.16,4
1788951612.1276045,serverless_predictive_fixed:cyclical:4,0.0,165.16,4
1788951612.3298192,serverless_predictive_fixed:cyclical:4,0.0,165.16,4
1788951612.532147,serverless_predictive_fixed:cyclical:4,0.0,165.16,4
1788951612.7342625,serverless_predictive_fixed:cyclical:4,0.0,165.16,4
1788951612.9367025,serverless_predictive_fixed:cyclical:4,0.0,165.16,4
1788951613.1390169,serverless_predictive_fixed:cyclical:4,0.0,165.16,4
1788951613.341181,serverless_predictive_fixed:cyclical:4,0.0,165.16,4
1788951613.5435534,serverless_predictive_fixed:cyclical:4,4.9,165.16,4
1788951613.7455916,serverless_predictive_fixed:cyclical:4,0.0,165.16,4
1788951613.947978,serverless_predictive_fixed:cyclical:4,0.0,165.16,4
1788951614.1501288,serverless_predictive_fixed:cyclical:4,4.9,165.16,4
1788951614.3523843,serverless_predictive_fixed:cyclical:4,0.0,165.16,4
1788951614.554519,serverless_predictive_fixed:cyclical:4,0.0,165.16,4
1788951614.7566803,serverless_predictive_fixed:cyclical:4,0.0,165.16,4
1788951614.9588516,serverless_predictive_fixed:cyclical:4,0.0,122.46,3
1788951615.1609585,serverless_predictive_fixed:cyclical:4,0.0,79.94,2
1788951615.3635159,serverless_predictive_fixed:cyclical:4,0.0,79.94,2
1788951615.5654292,serverless_predictive_fixed:cyclical:4,0.0,37.37,1
1788951615.7673907,serverless_predictive_fixed:cyclical:4,0.0,37.37,1
1788951615.9692512,serverless_predictive_fixed:cyclical:4,0.0,37.37,1
1788951616.1711032,serverless_predictive_fixed:cyclical:4,0.0,37.37,1
1788951616.37345,serverless_predictive_fixed:cyclical:4,0.0,37.37,1
1788951616.575376,serverless_predictive_fixed:cyclical:4,5.0,37.37,1
1788951616.7772574,serverless_predictive_fixed:cyclical:4,0.0,37.37,1
1788951616.9792957,serverless_predictive_fixed:cyclical:4,0.0,37.37,1
1788951617.1812603,serverless_predictive_fixed:cyclical:4,0.0,37.37,1
1788951617.384227,serverless_predictive_fixed:cyclical:4,0.0,37.37,1
1788951617.5861006,serverless_predictive_fixed:cyclical:4,0.0,37.37,1
1788951617.7891269,serverless_predictive_fixed:cyclical:4,4.9,73.95,4
1788951617.9911842,serverless_predictive_fixed:cyclical:4,187.9,125.43,4
1788951618.1989565,serverless_predictive_fixed:cyclical:4,163.6,145.88,4
1788951618.405043,serverless_predictive_fixed:cyclical:4,184.3,153.44,4
1788951619.4036434,serverless_predictive_fixed:cyclical:5,0.0,36.79,1
1788951619.6055057,serverless_predictive_fixed:cyclical:5,0.0,36.79,1
1788951619.8076744,serverless_predictive_fixed:cyclical:5,0.0,36.79,1
1788951620.0098274,serverless_predictive_fixed:cyclical:5,0.0,36.79,1
1788951620.211739,serverless_predictive_fixed:cyclical:5,0.0,36.79,1
1788951620.4138217,serverless_predictive_fixed:cyclical:5,0.0,36.79,1
1788951620.6160913,serverless_predictive_fixed:cyclical:5,0.0,36.79,1
1788951620.8179915,serverless_predictive_fixed:cyclical:5,0.0,36.79,1
1788951621.0200214,serverless_predictive_fixed:cyclical:5,0.0,36.79,1
1788951621.2219925,serverless_predictive_fixed:cyclical:5,0.0,36.79,1
1788951621.4239948,serverless_predictive_fixed:cyclical:5,0.0,36.79,1
1788951621.6258304,serverless_predictive_fixed:cyclical:5,0.0,36.79,1
1788951621.827777,serverless_predictive_fixed:cyclical:5,0.0,36.79,1
1788951622.02972,serverless_predictive_fixed:cyclical:5,0.0,36.79,1
1788951622.2316449,serverless_predictive_fixed:cyclical:5,5.0,36.79,1
1788951622.4334908,serverless_predictive_fixed:cyclical:5,0.0,36.79,1
1788951622.635387,serverless_predictive_fixed:cyclical:5,0.0,36.79,1
1788951622.8372703,serverless_predictive_fixed:cyclical:5,0.0,36.79,1
1788951623.0391111,serverless_predictive_fixed:cyclical:5,0.0,36.79,1
1788951623.2410414,serverless_predictive_fixed:cyclical:5,0.0,36.79,1
1788951623.4428692,serverless_predictive_fixed:cyclical:5,0.0,36.79,1
1788951623.6449506,serverless_predictive_fixed:cyclical:5,0.0,36.79,1
1788951623.8468628,serverless_predictive_fixed:cyclical:5,0.0,36.79,1
1788951624.049216,serverless_predictive_fixed:cyclical:5,0.0,36.79,1
1788951624.2513957,serverless_predictive_fixed:cyclical:5,0.0,36.79,1
1788951624.4535255,serverless_predictive_fixed:cyclical:5,0.0,36.79,1
1788951624.6555164,serverless_predictive_fixed:cyclical:5,0.0,36.79,1
1788951624.857515,serverless_predictive_fixed:cyclical:5,0.0,36.79,1
1788951625.0595107,serverless_predictive_fixed:cyclical:5,0.0,36.79,1
1788951625.2618892,serverless_predictive_fixed:cyclical:5,0.0,36.79,1
1788951625.4640298,serverless_predictive_fixed:cyclical:5,0.0,36.79,1
1788951625.6658466,serverless_predictive_fixed:cyclical:5,0.0,36.79,1
1788951625.867806,serverless_predictive_fixed:cyclical:5,0.0,36.79,1
1788951626.0701115,serverless_predictive_fixed:cyclical:5,0.0,36.79,1
1788951626.2724488,serverless_predictive_fixed:cyclical:5,0.0,36.79,1
1788951626.4749944,serverless_predictive_fixed:cyclical:5,0.0,36.79,1
1788951626.6767766,serverless_predictive_fixed:cyclical:5,0.0,36.79,1
1788951626.8790596,serverless_predictive_fixed:cyclical:5,9.9,36.79,1
1788951627.0825484,serverless_predictive_fixed:cyclical:5,0.0,36.79,1
1788951627.2844431,serverless_predictive_fixed:cyclical:5,0.0,36.79,1
1788951627.486451,serverless_predictive_fixed:cyclical:5,0.0,36.79,1
1788951627.6891809,serverless_predictive_fixed:cyclical:5,0.0,36.79,1
1788951627.8918633,serverless_predictive_fixed:cyclical:5,0.0,36.79,1
1788951628.0951226,serverless_predictive_fixed:cyclical:5,0.0,36.79,1
1788951628.2972462,serverless_predictive_fixed:cyclical:5,0.0,36.79,1
1788951628.499317,serverless_predictive_fixed:cyclical:5,0.0,36.79,1
1788951628.7012365,serverless_predictive_fixed:cyclical:5,0.0,36.79,1
1788951628.9034076,serverless_predictive_fixed:cyclical:5,0.0,36.79,1
1788951629.1053545,serverless_predictive_fixed:cyclical:5,0.0,36.79,1
1788951629.310033,serverless_predictive_fixed:cyclical:5,4.9,62.27,4
1788951629.5130224,serverless_predictive_fixed:cyclical:5,201.9,119.53,4
1788951629.7202878,serverless_predictive_fixed:cyclical:5,192.9,146.53,4
1788951629.9224768,serverless_predictive_fixed:cyclical:5,192.8,156.61,4
1788951630.124821,serverless_predictive_fixed:cyclical:5,89.0,165.01,4
1788951630.3283865,serverless_predictive_fixed:cyclical:5,0.0,165.01,4
1788951630.5320144,serverless_predictive_fixed:cyclical:5,0.0,165.01,4
1788951630.7349102,serverless_predictive_fixed:cyclical:5,4.9,165.01,4
1788951630.9380665,serverless_predictive_fixed:cyclical:5,9.8,165.01,4
1788951631.1414044,serverless_predictive_fixed:cyclical:5,0.0,165.01,4
1788951631.3446987,serverless_predictive_fixed:cyclical:5,0.0,165.01,4
1788951631.5478117,serverless_predictive_fixed:cyclical:5,0.0,165.01,4
1788951631.750766,serverless_predictive_fixed:cyclical:5,0.0,165.01,4
1788951631.9540508,serverless_predictive_fixed:cyclical:5,0.0,165.01,4
1788951632.157164,serverless_predictive_fixed:cyclical:5,0.0,165.01,4
1788951632.3601496,serverless_predictive_fixed:cyclical:5,0.0,165.01,4
1788951632.5639365,serverless_predictive_fixed:cyclical:5,0.0,165.01,4
1788951632.7661877,serverless_predictive_fixed:cyclical:5,4.9,165.01,4
1788951632.968568,serverless_predictive_fixed:cyclical:5,0.0,165.01,4
1788951633.1709433,serverless_predictive_fixed:cyclical:5,0.0,165.01,4
1788951633.374379,serverless_predictive_fixed:cyclical:5,0.0,165.01,4
1788951633.5769434,serverless_predictive_fixed:cyclical:5,0.0,165.01,4
1788951633.7805448,serverless_predictive_fixed:cyclical:5,0.0,165.01,4
1788951633.9829397,serverless_predictive_fixed:cyclical:5,0.0,165.01,4
1788951634.185209,serverless_predictive_fixed:cyclical:5,0.0,165.01,4
1788951634.387552,serverless_predictive_fixed:cyclical:5,0.0,165.01,4
1788951634.5899546,serverless_predictive_fixed:cyclical:5,4.9,165.01,4
1788951634.7927947,serverless_predictive_fixed:cyclical:5,0.0,165.01,4
1788951634.9955375,serverless_predictive_fixed:cyclical:5,0.0,165.01,4
1788951635.1986017,serverless_predictive_fixed:cyclical:5,0.0,165.02,4
1788951635.4007366,serverless_predictive_fixed:cyclical:5,4.9,165.02,4
1788951635.6033893,serverless_predictive_fixed:cyclical:5,0.0,165.02,4
1788951635.8057415,serverless_predictive_fixed:cyclical:5,4.9,165.02,4
1788951636.008959,serverless_predictive_fixed:cyclical:5,0.0,165.02,4
1788951636.211885,serverless_predictive_fixed:cyclical:5,0.0,165.07,4
1788951636.4142537,serverless_predictive_fixed:cyclical:5,0.0,122.45,3
1788951636.6167674,serverless_predictive_fixed:cyclical:5,4.9,79.87,2
1788951636.818767,serverless_predictive_fixed:cyclical:5,0.0,37.29,1
1788951637.02065,serverless_predictive_fixed:cyclical:5,0.0,37.29,1
1788951637.2225776,serverless_predictive_fixed:cyclical:5,0.0,37.29,1
1788951637.4244606,serverless_predictive_fixed:cyclical:5,0.0,37.29,1
1788951637.6265597,serverless_predictive_fixed:cyclical:5,0.0,37.29,1
1788951637.8286452,serverless_predictive_fixed:cyclical:5,0.0,37.29,1
1788951638.0305765,serverless_predictive_fixed:cyclical:5,0.0,37.29,1
1788951638.2325644,serverless_predictive_fixed:cyclical:5,0.0,37.29,1
1788951638.4344454,serverless_predictive_fixed:cyclical:5,0.0,37.29,1
1788951638.6365309,serverless_predictive_fixed:cyclical:5,0.0,37.29,1
1788951638.8385546,serverless_predictive_fixed:cyclical:5,0.0,37.29,1
1788951639.0411553,serverless_predictive_fixed:cyclical:5,0.0,37.29,1
1788951639.2430344,serverless_predictive_fixed:cyclical:5,0.0,37.29,1
1788951639.4492273,serverless_predictive_fixed:cyclical:5,9.7,112.42,4
1788951639.655478,serverless_predictive_fixed:cyclical:5,199.9,142.39,4
1788951639.8575435,serverless_predictive_fixed:cyclical:5,186.7,152.19,4
1788951640.061127,serverless_predictive_fixed:cyclical:5,142.4,165.07,4
1788951640.2634375,serverless_predictive_fixed:cyclical:5,0.0,165.07,4
1788951640.4658215,serverless_predictive_fixed:cyclical:5,0.0,165.07,4
1788951640.6683958,serverless_predictive_fixed:cyclical:5,0.0,165.07,4
1788951640.8717892,serverless_predictive_fixed:cyclical:5,0.0,165.07,4
1788951641.0753531,serverless_predictive_fixed:cyclical:5,0.0,165.07,4
1788951641.2776551,serverless_predictive_fixed:cyclical:5,4.9,165.07,4
1788951641.4813545,serverless_predictive_fixed:cyclical:5,0.0,165.07,4
1788951641.6837754,serverless_predictive_fixed:cyclical:5,0.0,165.07,4
1788951641.8862994,serverless_predictive_fixed:cyclical:5,0.0,165.07,4
1788951642.0886438,serverless_predictive_fixed:cyclical:5,0.0,165.07,4
1788951642.2909627,serverless_predictive_fixed:cyclical:5,9.8,165.07,4
1788951642.4931848,serverless_predictive_fixed:cyclical:5,0.0,165.07,4
1788951642.6956217,serverless_predictive_fixed:cyclical:5,0.0,165.07,4
1788951642.8979535,serverless_predictive_fixed:cyclical:5,0.0,165.07,4
1788951643.1004896,serverless_predictive_fixed:cyclical:5,0.0,165.07,4
1788951643.3026621,serverless_predictive_fixed:cyclical:5,0.0,165.07,4
1788951643.5049992,serverless_predictive_fixed:cyclical:5,0.0,165.07,4
1788951643.7071247,serverless_predictive_fixed:cyclical:5,0.0,165.07,4
1788951643.9093835,serverless_predictive_fixed:cyclical:5,0.0,165.07,4
1788951644.1115768,serverless_predictive_fixed:cyclical:5,4.9,165.07,4
1788951644.314493,serverless_predictive_fixed:cyclical:5,0.0,165.07,4
1788951644.5169382,serverless_predictive_fixed:cyclical:5,0.0,165.07,4
1788951644.7193518,serverless_predictive_fixed:cyclical:5,4.9,165.07,4
1788951644.9217334,serverless_predictive_fixed:cyclical:5,0.0,165.07,4
1788951645.1241527,serverless_predictive_fixed:cyclical:5,0.0,165.07,4
1788951645.326589,serverless_predictive_fixed:cyclical:5,0.0,165.07,4
1788951645.5289145,serverless_predictive_fixed:cyclical:5,4.9,165.07,4
1788951645.7311506,serverless_predictive_fixed:cyclical:5,0.0,165.07,4
1788951645.933402,serverless_predictive_fixed:cyclical:5,4.9,165.07,4
1788951646.1358128,serverless_predictive_fixed:cyclical:5,0.0,165.07,4
1788951646.3380146,serverless_predictive_fixed:cyclical:5,0.0,165.07,4
1788951646.5402186,serverless_predictive_fixed:cyclical:5,0.0,122.52,3
1788951646.742775,serverless_predictive_fixed:cyclical:5,0.0,79.97,2
1788951646.9448087,serverless_predictive_fixed:cyclical:5,0.0,37.42,1
1788951647.1466968,serverless_predictive_fixed:cyclical:5,0.0,37.42,1
1788951647.348762,serverless_predictive_fixed:cyclical:5,0.0,37.42,1
1788951647.5506845,serverless_predictive_fixed:cyclical:5,0.0,37.42,1
1788951647.7528372,serverless_predictive_fixed:cyclical:5,0.0,37.42,1
1788951647.9548824,serverless_predictive_fixed:cyclical:5,0.0,37.42,1
1788951648.1567972,serverless_predictive_fixed:cyclical:5,0.0,37.42,1
1788951648.3626099,serverless_predictive_fixed:cyclical:5,4.9,87.24,4
1788951648.5650191,serverless_predictive_fixed:cyclical:5,197.6,129.09,4
1788951648.7670317,serverless_predictive_fixed:cyclical:5,193.1,145.98,4
1788951648.9694445,serverless_predictive_fixed:cyclical:5,177.8,159.62,4
1788951649.1724527,serverless_predictive_fixed:cyclical:5,73.8,165.08,4
1788951649.3749828,serverless_predictive_fixed:cyclical:5,0.0,165.08,4
1788951649.5773933,serverless_predictive_fixed:cyclical:5,4.9,165.08,4
1788951649.779707,serverless_predictive_fixed:cyclical:5,0.0,165.08,4
1788951649.9821177,serverless_predictive_fixed:cyclical:5,0.0,165.08,4
1788951650.1844957,serverless_predictive_fixed:cyclical:5,0.0,165.08,4
1788951650.3866677,serverless_predictive_fixed:cyclical:5,4.9,165.08,4
1788951650.5889118,serverless_predictive_fixed:cyclical:5,0.0,165.08,4
1788951650.7910447,serverless_predictive_fixed:cyclical:5,0.0,165.08,4
1788951650.9932437,serverless_predictive_fixed:cyclical:5,0.0,165.08,4
1788951651.1955745,serverless_predictive_fixed:cyclical:5,0.0,165.08,4
1788951651.3977773,serverless_predictive_fixed:cyclical:5,4.9,165.08,4
1788951651.6000235,serverless_predictive_fixed:cyclical:5,4.9,165.08,4
1788951651.802672,serverless_predictive_fixed:cyclical:5,0.0,165.08,4
1788951652.0048902,serverless_predictive_fixed:cyclical:5,0.0,165.08,4
1788951652.2071488,serverless_predictive_fixed:cyclical:5,0.0,165.08,4
1788951652.4097712,serverless_predictive_fixed:cyclical:5,0.0,165.08,4
1788951652.612209,serverless_predictive_fixed:cyclical:5,0.0,165.08,4
1788951652.8145518,serverless_predictive_fixed:cyclical:5,0.0,165.08,4
1788951653.0178156,serverless_predictive_fixed:cyclical:5,0.0,165.08,4
1788951653.2208233,serverless_predictive_fixed:cyclical:5,0.0,165.08,4
1788951653.423425,serverless_predictive_fixed:cyclical:5,0.0,165.08,4
1788951653.6261322,serverless_predictive_fixed:cyclical:5,0.0,165.08,4
1788951653.8289647,serverless_predictive_fixed:cyclical:5,0.0,165.08,4
1788951654.031633,serverless_predictive_fixed:cyclical:5,0.0,165.08,4
1788951654.2340653,serverless_predictive_fixed:cyclical:5,0.0,165.08,4
1788951654.4376576,serverless_predictive_fixed:cyclical:5,0.0,165.08,4
1788951654.6414185,serverless_predictive_fixed:cyclical:5,4.9,165.08,4
1788951654.844363,serverless_predictive_fixed:cyclical:5,0.0,165.08,4
1788951655.046843,serverless_predictive_fixed:cyclical:5,0.0,165.08,4
1788951655.249262,serverless_predictive_fixed:cyclical:5,4.9,165.08,4
1788951655.4526267,serverless_predictive_fixed:cyclical:5,0.0,122.54,3
1788951655.6550784,serverless_predictive_fixed:cyclical:5,0.0,79.99,2
1788951655.8572783,serverless_predictive_fixed:cyclical:5,0.0,79.99,2
1788951656.0596817,serverless_predictive_fixed:cyclical:5,0.0,37.46,1
1788951656.2617865,serverless_predictive_fixed:cyclical:5,0.0,37.46,1
1788951656.4639657,serverless_predictive_fixed:cyclical:5,0.0,37.46,1
1788951656.6663096,serverless_predictive_fixed:cyclical:5,0.0,37.46,1
1788951656.868727,serverless_predictive_fixed:cyclical:5,0.0,37.46,1
1788951657.0708444,serverless_predictive_fixed:cyclical:5,0.0,37.46,1
1788951657.2738252,serverless_predictive_fixed:cyclical:5,4.9,37.46,1
1788951657.4762483,serverless_predictive_fixed:cyclical:5,0.0,37.46,1
1788951657.6786563,serverless_predictive_fixed:cyclical:5,0.0,37.46,1
1788951657.8817856,serverless_predictive_fixed:cyclical:5,0.0,37.46,1
1788951658.0841208,serverless_predictive_fixed:cyclical:5,0.0,37.46,1
1788951658.2904906,serverless_predictive_fixed:cyclical:5,4.9,60.29,4
1788951658.4959612,serverless_predictive_fixed:cyclical:5,194.6,114.64,4
1788951658.700126,serverless_predictive_fixed:cyclical:5,196.0,141.57,4
1788951658.905427,serverless_predictive_fixed:cyclical:5,194.9,151.22,4
1788951659.1080241,serverless_predictive_fixed:cyclical:5,162.9,165.25,4
1788951659.311958,serverless_predictive_fixed:cyclical:5,4.9,165.26,4
1788951659.514583,serverless_predictive_fixed:cyclical:5,0.0,165.26,4
1788951659.7170677,serverless_predictive_fixed:cyclical:5,0.0,165.26,4
1788951659.9195466,serverless_predictive_fixed:cyclical:5,0.0,165.26,4
1788951660.122,serverless_predictive_fixed:cyclical:5,4.9,165.26,4
1788951660.3244743,serverless_predictive_fixed:cyclical:5,0.0,165.26,4
1788951660.5269415,serverless_predictive_fixed:cyclical:5,0.0,165.26,4
1788951660.7293077,serverless_predictive_fixed:cyclical:5,0.0,165.26,4
1788951660.9318426,serverless_predictive_fixed:cyclical:5,0.0,165.26,4
1788951661.1346738,serverless_predictive_fixed:cyclical:5,0.0,165.26,4
1788951661.3371809,serverless_predictive_fixed:cyclical:5,4.9,165.26,4
1788951661.5398188,serverless_predictive_fixed:cyclical:5,0.0,165.26,4
1788951661.742288,serverless_predictive_fixed:cyclical:5,4.9,165.26,4
1788951661.9462907,serverless_predictive_fixed:cyclical:5,0.0,165.26,4
1788951662.1489136,serverless_predictive_fixed:cyclical:5,0.0,165.26,4
1788951662.3515332,serverless_predictive_fixed:cyclical:5,4.9,165.26,4
1788951662.5539477,serverless_predictive_fixed:cyclical:5,0.0,165.26,4
1788951662.7564027,serverless_predictive_fixed:cyclical:5,0.0,165.26,4
1788951662.9589903,serverless_predictive_fixed:cyclical:5,0.0,165.26,4
1788951663.1617007,serverless_predictive_fixed:cyclical:5,0.0,165.26,4
1788951663.3641794,serverless_predictive_fixed:cyclical:5,0.0,165.26,4
1788951663.5667164,serverless_predictive_fixed:cyclical:5,0.0,165.26,4
1788951663.769693,serverless_predictive_fixed:cyclical:5,0.0,165.26,4
1788951663.9724288,serverless_predictive_fixed:cyclical:5,0.0,165.26,4
1788951664.1750364,serverless_predictive_fixed:cyclical:5,0.0,165.26,4
1788951664.3773055,serverless_predictive_fixed:cyclical:5,0.0,165.26,4
1788951664.5798476,serverless_predictive_fixed:cyclical:5,4.9,165.26,4
1788951664.7822576,serverless_predictive_fixed:cyclical:5,0.0,165.26,4
1788951664.9848123,serverless_predictive_fixed:cyclical:5,0.0,165.26,4
1788951665.1871414,serverless_predictive_fixed:cyclical:5,0.0,165.26,4
1788951665.3896346,serverless_predictive_fixed:cyclical:5,0.0,165.26,4
1788951665.5920098,serverless_predictive_fixed:cyclical:5,4.9,122.73,3
1788951665.7942843,serverless_predictive_fixed:cyclical:5,4.9,80.05,2
1788951665.996423,serverless_predictive_fixed:cyclical:5,0.0,37.51,1
1788951666.1984656,serverless_predictive_fixed:cyclical:5,4.9,37.51,1
1788951666.4010346,serverless_predictive_fixed:cyclical:5,0.0,37.51,1
1788951666.6034498,serverless_predictive_fixed:cyclical:5,0.0,37.51,1
1788951666.8061073,serverless_predictive_fixed:cyclical:5,0.0,37.51,1
1788951667.0083063,serverless_predictive_fixed:cyclical:5,0.0,37.51,1
1788951667.2104745,serverless_predictive_fixed:cyclical:5,0.0,37.51,1
1788951667.412636,serverless_predictive_fixed:cyclical:5,0.0,37.51,1
1788951667.6290438,serverless_predictive_fixed:cyclical:5,4.8,92.39,4
1788951667.8332026,serverless_predictive_fixed:cyclical:5,206.0,129.19,4
1788951668.0404272,serverless_predictive_fixed:cyclical:5,193.1,147.78,4
1788951668.2479467,serverless_predictive_fixed:cyclical:5,187.9,161.73,4
1788951669.1354587,serverless_predictive_fixed:cyclical:0,0.0,36.67,1
1788951669.3375213,serverless_predictive_fixed:cyclical:0,4.9,36.67,1
1788951669.5397663,serverless_predictive_fixed:cyclical:0,0.0,36.67,1
1788951669.7419863,serverless_predictive_fixed:cyclical:0,0.0,36.67,1
1788951669.9441497,serverless_predictive_fixed:cyclical:0,0.0,36.67,1
1788951670.1462443,serverless_predictive_fixed:cyclical:0,4.9,36.67,1
1788951670.3483803,serverless_predictive_fixed:cyclical:0,0.0,36.67,1
1788951670.550987,serverless_predictive_fixed:cyclical:0,0.0,36.67,1
1788951670.7532,serverless_predictive_fixed:cyclical:0,0.0,36.67,1
1788951670.9553692,serverless_predictive_fixed:cyclical:0,0.0,36.67,1
1788951671.1575007,serverless_predictive_fixed:cyclical:0,0.0,36.67,1
1788951671.3596852,serverless_predictive_fixed:cyclical:0,0.0,36.67,1
1788951671.5618021,serverless_predictive_fixed:cyclical:0,0.0,36.67,1
1788951671.7639565,serverless_predictive_fixed:cyclical:0,0.0,36.67,1
1788951671.9662187,serverless_predictive_fixed:cyclical:0,0.0,36.67,1
1788951672.1684706,serverless_predictive_fixed:cyclical:0,0.0,36.67,1
1788951672.3705444,serverless_predictive_fixed:cyclical:0,0.0,36.67,1
1788951672.5729651,serverless_predictive_fixed:cyclical:0,0.0,36.67,1
1788951672.7761989,serverless_predictive_fixed:cyclical:0,0.0,36.67,1
1788951672.978403,serverless_predictive_fixed:cyclical:0,0.0,36.67,1
1788951673.1805837,serverless_predictive_fixed:cyclical:0,0.0,36.67,1
1788951673.3829007,serverless_predictive_fixed:cyclical:0,0.0,36.67,1
1788951673.5858626,serverless_predictive_fixed:cyclical:0,0.0,36.67,1
1788951673.7880027,serverless_predictive_fixed:cyclical:0,0.0,36.67,1
1788951673.9902022,serverless_predictive_fixed:cyclical:0,0.0,36.67,1
1788951674.1923852,serverless_predictive_fixed:cyclical:0,0.0,36.67,1
1788951674.3945801,serverless_predictive_fixed:cyclical:0,0.0,36.67,1
1788951674.5967686,serverless_predictive_fixed:cyclical:0,0.0,36.67,1
1788951674.798905,serverless_predictive_fixed:cyclical:0,0.0,36.67,1
1788951675.0012813,serverless_predictive_fixed:cyclical:0,0.0,36.67,1
1788951675.2034633,serverless_predictive_fixed:cyclical:0,0.0,36.67,1
1788951675.4055483,serverless_predictive_fixed:cyclical:0,0.0,36.67,1
1788951675.6077323,serverless_predictive_fixed:cyclical:0,0.0,36.67,1
1788951675.8098004,serverless_predictive_fixed:cyclical:0,4.9,36.67,1
1788951676.0119169,serverless_predictive_fixed:cyclical:0,0.0,36.67,1
1788951676.21437,serverless_predictive_fixed:cyclical:0,0.0,36.67,1
1788951676.4165673,serverless_predictive_fixed:cyclical:0,0.0,36.67,1
1788951676.6186874,serverless_predictive_fixed:cyclical:0,0.0,36.67,1
1788951676.8209827,serverless_predictive_fixed:cyclical:0,0.0,36.67,1
1788951677.023784,serverless_predictive_fixed:cyclical:0,0.0,36.67,1
1788951677.225766,serverless_predictive_fixed:cyclical:0,0.0,36.67,1
1788951677.4280367,serverless_predictive_fixed:cyclical:0,0.0,36.67,1
1788951677.6300406,serverless_predictive_fixed:cyclical:0,0.0,36.67,1
1788951677.8326113,serverless_predictive_fixed:cyclical:0,0.0,36.67,1
1788951678.0347817,serverless_predictive_fixed:cyclical:0,0.0,36.67,1
1788951678.2368886,serverless_predictive_fixed:cyclical:0,0.0,36.67,1
1788951678.4390914,serverless_predictive_fixed:cyclical:0,0.0,36.67,1
1788951678.6413612,serverless_predictive_fixed:cyclical:0,0.0,36.67,1
1788951678.843581,serverless_predictive_fixed:cyclical:0,0.0,36.67,1
1788951679.0520322,serverless_predictive_fixed:cyclical:0,4.8,68.78,4
1788951679.2598672,serverless_predictive_fixed:cyclical:0,182.8,117.81,4
1788951679.4639,serverless_predictive_fixed:cyclical:0,200.9,144.04,4
1788951679.6757324,serverless_predictive_fixed:cyclical:0,202.9,154.34,4
1788951679.8785143,serverless_predictive_fixed:cyclical:0,118.4,164.86,4
1788951680.0809522,serverless_predictive_fixed:cyclical:0,0.0,164.86,4
1788951680.2835698,serverless_predictive_fixed:cyclical:0,0.0,164.86,4
1788951680.4859192,serverless_predictive_fixed:cyclical:0,0.0,164.86,4
1788951680.6884394,serverless_predictive_fixed:cyclical:0,0.0,164.86,4
1788951680.8910787,serverless_predictive_fixed:cyclical:0,0.0,164.86,4
1788951681.0934927,serverless_predictive_fixed:cyclical:0,0.0,164.86,4
1788951681.2960532,serverless_predictive_fixed:cyclical:0,0.0,164.86,4
1788951681.4984546,serverless_predictive_fixed:cyclical:0,0.0,164.86,4
1788951681.7008767,serverless_predictive_fixed:cyclical:0,4.9,164.86,4
1788951681.9034255,serverless_predictive_fixed:cyclical:0,0.0,164.86,4
1788951682.105841,serverless_predictive_fixed:cyclical:0,0.0,164.86,4
1788951682.3083274,serverless_predictive_fixed:cyclical:0,0.0,164.86,4
1788951682.5109487,serverless_predictive_fixed:cyclical:0,0.0,164.86,4
1788951682.7137759,serverless_predictive_fixed:cyclical:0,0.0,164.86,4
1788951682.9164274,serverless_predictive_fixed:cyclical:0,0.0,164.86,4
1788951683.1198213,serverless_predictive_fixed:cyclical:0,0.0,164.86,4
1788951683.3222656,serverless_predictive_fixed:cyclical:0,0.0,164.86,4
1788951683.5246866,serverless_predictive_fixed:cyclical:0,4.9,164.86,4
1788951683.7270775,serverless_predictive_fixed:cyclical:0,0.0,164.86,4
1788951683.930318,serverless_predictive_fixed:cyclical:0,0.0,164.86,4
1788951684.1328237,serverless_predictive_fixed:cyclical:0,0.0,164.86,4
1788951684.3353066,serverless_predictive_fixed:cyclical:0,4.9,164.86,4
1788951684.5378537,serverless_predictive_fixed:cyclical:0,0.0,164.86,4
1788951684.7404315,serverless_predictive_fixed:cyclical:0,0.0,164.86,4
1788951684.9429803,serverless_predictive_fixed:cyclical:0,4.9,164.86,4
1788951685.145461,serverless_predictive_fixed:cyclical:0,0.0,164.86,4
1788951685.3480425,serverless_predictive_fixed:cyclical:0,0.0,164.86,4
1788951685.5505493,serverless_predictive_fixed:cyclical:0,0.0,164.86,4
1788951685.753101,serverless_predictive_fixed:cyclical:0,0.0,164.86,4
1788951685.9557028,serverless_predictive_fixed:cyclical:0,0.0,164.93,4
1788951686.1580734,serverless_predictive_fixed:cyclical:0,0.0,122.35,3
1788951686.3604128,serverless_predictive_fixed:cyclical:0,0.0,79.8,2
1788951686.5626972,serverless_predictive_fixed:cyclical:0,4.9,37.17,1
1788951686.7648351,serverless_predictive_fixed:cyclical:0,0.0,37.17,1
1788951686.9669602,serverless_predictive_fixed:cyclical:0,0.0,37.17,1
1788951687.1691935,serverless_predictive_fixed:cyclical:0,0.0,37.17,1
1788951687.3713596,serverless_predictive_fixed:cyclical:0,0.0,37.17,1
1788951687.5736163,serverless_predictive_fixed:cyclical:0,0.0,37.17,1
1788951687.775968,serverless_predictive_fixed:cyclical:0,0.0,37.17,1
1788951687.9780369,serverless_predictive_fixed:cyclical:0,0.0,37.17,1
1788951688.1837547,serverless_predictive_fixed:cyclical:0,0.0,41.34,2
1788951688.3892546,serverless_predictive_fixed:cyclical:0,68.1,111.93,4
1788951688.60019,serverless_predictive_fixed:cyclical:0,199.0,142.25,4
1788951688.802417,serverless_predictive_fixed:cyclical:0,197.8,151.88,4
1788951689.00488,serverless_predictive_fixed:cyclical:0,143.2,165.21,4
1788951689.208228,serverless_predictive_fixed:cyclical:0,4.9,165.21,4
1788951689.4107034,serverless_predictive_fixed:cyclical:0,4.9,165.21,4
1788951689.6133823,serverless_predictive_fixed:cyclical:0,0.0,165.21,4
1788951689.8160512,serverless_predictive_fixed:cyclical:0,0.0,165.21,4
1788951690.018386,serverless_predictive_fixed:cyclical:0,0.0,165.21,4
1788951690.2208886,serverless_predictive_fixed:cyclical:0,0.0,165.21,4
1788951690.4233587,serverless_predictive_fixed:cyclical:0,0.0,165.21,4
1788951690.62576,serverless_predictive_fixed:cyclical:0,0.0,165.21,4
1788951690.8285046,serverless_predictive_fixed:cyclical:0,0.0,165.21,4
1788951691.031183,serverless_predictive_fixed:cyclical:0,4.9,165.21,4
1788951691.2336566,serverless_predictive_fixed:cyclical:0,0.0,165.21,4
1788951691.4361227,serverless_predictive_fixed:cyclical:0,0.0,165.21,4
1788951691.6386826,serverless_predictive_fixed:cyclical:0,0.0,165.21,4
1788951691.8410459,serverless_predictive_fixed:cyclical:0,0.0,165.21,4
1788951692.0435083,serverless_predictive_fixed:cyclical:0,0.0,165.21,4
1788951692.2458503,serverless_predictive_fixed:cyclical:0,0.0,165.21,4
1788951692.4483263,serverless_predictive_fixed:cyclical:0,4.9,165.21,4
1788951692.650863,serverless_predictive_fixed:cyclical:0,0.0,165.21,4
1788951692.853253,serverless_predictive_fixed:cyclical:0,4.9,165.21,4
1788951693.055906,serverless_predictive_fixed:cyclical:0,0.0,165.21,4
1788951693.2584825,serverless_predictive_fixed:cyclical:0,0.0,165.21,4
1788951693.4608965,serverless_predictive_fixed:cyclical:0,0.0,165.21,4
1788951693.66366,serverless_predictive_fixed:cyclical:0,0.0,165.21,4
1788951693.866269,serverless_predictive_fixed:cyclical:0,0.0,165.21,4
1788951694.068967,serverless_predictive_fixed:cyclical:0,0.0,165.21,4
1788951694.271514,serverless_predictive_fixed:cyclical:0,4.9,165.21,4
1788951694.4738288,serverless_predictive_fixed:cyclical:0,0.0,165.21,4
1788951694.676627,serverless_predictive_fixed:cyclical:0,0.0,165.21,4
1788951694.8790412,serverless_predictive_fixed:cyclical:0,0.0,165.21,4
1788951695.081421,serverless_predictive_fixed:cyclical:0,0.0,165.21,4
1788951695.2842004,serverless_predictive_fixed:cyclical:0,4.9,122.66,3
1788951695.4865985,serverless_predictive_fixed:cyclical:0,0.0,80.0,2
1788951695.6888096,serverless_predictive_fixed:cyclical:0,0.0,37.3,1
1788951695.8908098,serverless_predictive_fixed:cyclical:0,0.0,37.3,1
1788951696.0930264,serverless_predictive_fixed:cyclical:0,0.0,37.3,1
1788951696.2956908,serverless_predictive_fixed:cyclical:0,0.0,37.3,1
1788951696.4980078,serverless_predictive_fixed:cyclical:0,0.0,37.3,1
1788951696.7000403,serverless_predictive_fixed:cyclical:0,0.0,37.3,1
1788951696.9019332,serverless_predictive_fixed:cyclical:0,0.0,37.3,1
1788951697.1045225,serverless_predictive_fixed:cyclical:0,0.0,37.3,1
1788951697.3064332,serverless_predictive_fixed:cyclical:0,0.0,37.3,1
1788951697.5095298,serverless_predictive_fixed:cyclical:0,0.0,37.3,1
1788951697.7115128,serverless_predictive_fixed:cyclical:0,0.0,37.3,1
1788951697.9172366,serverless_predictive_fixed:cyclical:0,4.9,53.34,4
1788951698.123481,serverless_predictive_fixed:cyclical:0,191.1,113.74,4
1788951698.325825,serverless_predictive_fixed:cyclical:0,185.8,137.87,4
1788951698.5331445,serverless_predictive_fixed:cyclical:0,192.8,154.77,4
1788951698.736376,serverless_predictive_fixed:cyclical:0,147.5,165.09,4
1788951698.939519,serverless_predictive_fixed:cyclical:0,0.0,165.09,4
1788951699.141842,serverless_predictive_fixed:cyclical:0,0.0,165.09,4
1788951699.3441277,serverless_predictive_fixed:cyclical:0,4.9,165.09,4
1788951699.546418,serverless_predictive_fixed:cyclical:0,0.0,165.09,4
1788951699.748992,serverless_predictive_fixed:cyclical:0,0.0,165.09,4
1788951699.9524698,serverless_predictive_fixed:cyclical:0,0.0,165.09,4
1788951700.1558628,serverless_predictive_fixed:cyclical:0,0.0,165.09,4
1788951700.3580549,serverless_predictive_fixed:cyclical:0,4.9,165.09,4
1788951700.5602458,serverless_predictive_fixed:cyclical:0,0.0,165.09,4
1788951700.7624302,serverless_predictive_fixed:cyclical:0,0.0,165.09,4
1788951700.9647985,serverless_predictive_fixed:cyclical:0,0.0,165.09,4
1788951701.1673706,serverless_predictive_fixed:cyclical:0,0.0,165.09,4
1788951701.3696687,serverless_predictive_fixed:cyclical:0,0.0,165.09,4
1788951701.5722945,serverless_predictive_fixed:cyclical:0,0.0,165.09,4
1788951701.774656,serverless_predictive_fixed:cyclical:0,0.0,165.09,4
1788951701.9771016,serverless_predictive_fixed:cyclical:0,0.0,165.09,4
1788951702.17973,serverless_predictive_fixed:cyclical:0,0.0,165.09,4
1788951702.3820593,serverless_predictive_fixed:cyclical:0,0.0,165.09,4
1788951702.5846343,serverless_predictive_fixed:cyclical:0,4.9,165.09,4
1788951702.7869992,serverless_predictive_fixed:cyclical:0,0.0,165.09,4
1788951702.9897087,serverless_predictive_fixed:cyclical:0,0.0,165.09,4
1788951703.1922376,serverless_predictive_fixed:cyclical:0,4.9,165.09,4
1788951703.3946438,serverless_predictive_fixed:cyclical:0,0.0,165.09,4
1788951703.597097,serverless_predictive_fixed:cyclical:0,0.0,165.09,4
1788951703.8000805,serverless_predictive_fixed:cyclical:0,4.9,165.09,4
1788951704.0028083,serverless_predictive_fixed:cyclical:0,0.0,165.09,4
1788951704.2053087,serverless_predictive_fixed:cyclical:0,0.0,165.09,4
1788951704.4077716,serverless_predictive_fixed:cyclical:0,0.0,165.09,4
1788951704.6106548,serverless_predictive_fixed:cyclical:0,0.0,165.09,4
1788951704.8130617,serverless_predictive_fixed:cyclical:0,0.0,165.09,4
1788951705.015465,serverless_predictive_fixed:cyclical:0,4.9,165.09,4
1788951705.2177744,serverless_predictive_fixed:cyclical:0,0.0,122.38,3
1788951705.4202678,serverless_predictive_fixed:cyclical:0,0.0,79.85,2
1788951705.6224115,serverless_predictive_fixed:cyclical:0,4.9,37.33,1
1788951705.824565,serverless_predictive_fixed:cyclical:0,0.0,37.33,1
1788951706.0266957,serverless_predictive_fixed:cyclical:0,0.0,37.33,1
1788951706.2288802,serverless_predictive_fixed:cyclical:0,0.0,37.33,1
1788951706.4309359,serverless_predictive_fixed:cyclical:0,0.0,37.33,1
1788951706.6333852,serverless_predictive_fixed:cyclical:0,0.0,37.33,1
1788951706.8358634,serverless_predictive_fixed:cyclical:0,0.0,37.33,1
1788951707.0388403,serverless_predictive_fixed:cyclical:0,0.0,37.33,1
1788951707.2438557,serverless_predictive_fixed:cyclical:0,0.0,41.57,2
1788951707.449339,serverless_predictive_fixed:cyclical:0,87.6,110.35,4
1788951707.6554742,serverless_predictive_fixed:cyclical:0,203.8,139.97,4
1788951707.863882,serverless_predictive_fixed:cyclical:0,201.6,151.29,4
1788951708.0671082,serverless_predictive_fixed:cyclical:0,157.5,165.04,4
1788951708.269541,serverless_predictive_fixed:cyclical:0,0.0,165.05,4
1788951708.472022,serverless_predictive_fixed:cyclical:0,0.0,165.05,4
1788951708.6743946,serverless_predictive_fixed:cyclical:0,0.0,165.05,4
1788951708.8771355,serverless_predictive_fixed:cyclical:0,4.9,165.05,4
1788951709.0797317,serverless_predictive_fixed:cyclical:0,0.0,165.05,4
1788951709.2822807,serverless_predictive_fixed:cyclical:0,0.0,165.05,4
1788951709.484737,serverless_predictive_fixed:cyclical:0,0.0,165.05,4
1788951709.687167,serverless_predictive_fixed:cyclical:0,0.0,165.05,4
1788951709.8896313,serverless_predictive_fixed:cyclical:0,0.0,165.05,4
1788951710.0922964,serverless_predictive_fixed:cyclical:0,4.9,165.05,4
1788951710.2949586,serverless_predictive_fixed:cyclical:0,0.0,165.05,4
1788951710.497475,serverless_predictive_fixed:cyclical:0,0.0,165.05,4
1788951710.7000158,serverless_predictive_fixed:cyclical:0,0.0,165.05,4
1788951710.9024699,serverless_predictive_fixed:cyclical:0,4.9,165.05,4
1788951711.1050348,serverless_predictive_fixed:cyclical:0,4.9,165.05,4
1788951711.307489,serverless_predictive_fixed:cyclical:0,4.9,165.05,4
1788951711.509866,serverless_predictive_fixed:cyclical:0,0.0,165.05,4
1788951711.712449,serverless_predictive_fixed:cyclical:0,0.0,165.05,4
1788951711.9148376,serverless_predictive_fixed:cyclical:0,0.0,165.05,4
1788951712.1175036,serverless_predictive_fixed:cyclical:0,0.0,165.05,4
1788951712.3201284,serverless_predictive_fixed:cyclical:0,0.0,165.05,4
1788951712.522463,serverless_predictive_fixed:cyclical:0,0.0,165.05,4
1788951712.7254786,serverless_predictive_fixed:cyclical:0,0.0,165.05,4
1788951712.927998,serverless_predictive_fixed:cyclical:0,0.0,165.05,4
1788951713.1303604,serverless_predictive_fixed:cyclical:0,0.0,165.05,4
1788951713.3327334,serverless_predictive_fixed:cyclical:0,0.0,165.05,4
1788951713.5350707,serverless_predictive_fixed:cyclical:0,0.0,165.05,4
1788951713.737339,serverless_predictive_fixed:cyclical:0,0.0,165.05,4
1788951713.9399183,serverless_predictive_fixed:cyclical:0,0.0,165.05,4
1788951714.142345,serverless_predictive_fixed:cyclical:0,0.0,165.05,4
1788951714.3448842,serverless_predictive_fixed:cyclical:0,4.9,165.05,4
1788951714.5473075,serverless_predictive_fixed:cyclical:0,0.0,122.47,3
1788951714.7494886,serverless_predictive_fixed:cyclical:0,0.0,79.89,2
1788951714.9517848,serverless_predictive_fixed:cyclical:0,0.0,37.35,1
1788951715.1538568,serverless_predictive_fixed:cyclical:0,0.0,37.35,1
1788951715.3558848,serverless_predictive_fixed:cyclical:0,0.0,37.35,1
1788951715.5579703,serverless_predictive_fixed:cyclical:0,0.0,37.35,1
1788951715.7600472,serverless_predictive_fixed:cyclical:0,0.0,37.35,1
1788951715.9621124,serverless_predictive_fixed:cyclical:0,0.0,37.35,1
1788951716.1641953,serverless_predictive_fixed:cyclical:0,0.0,37.35,1
1788951716.3660731,serverless_predictive_fixed:cyclical:0,0.0,37.35,1
1788951716.5684106,serverless_predictive_fixed:cyclical:0,0.0,37.35,1
1788951716.77056,serverless_predictive_fixed:cyclical:0,0.0,37.35,1
1788951716.9727054,serverless_predictive_fixed:cyclical:0,4.9,37.35,1
1788951717.1748033,serverless_predictive_fixed:cyclical:0,0.0,37.35,1
1788951717.377113,serverless_predictive_fixed:cyclical:0,0.0,37.35,1
1788951717.5790944,serverless_predictive_fixed:cyclical:0,0.0,37.35,1
1788951717.7813272,serverless_predictive_fixed:cyclical:0,0.0,37.35,1
1788951717.9886901,serverless_predictive_fixed:cyclical:0,9.6,92.95,4
1788951718.1953967,serverless_predictive_fixed:cyclical:0,183.0,130.3,4
1788951718.3998542,serverless_predictive_fixed:cyclical:0,200.9,147.14,4
1788951718.6020129,serverless_predictive_fixed:cyclical:0,178.1,160.21,4
1788951719.5323443,serverless_predictive_fixed:cyclical:1,0.0,36.65,1
1788951719.7344642,serverless_predictive_fixed:cyclical:1,4.9,36.65,1
1788951719.936728,serverless_predictive_fixed:cyclical:1,0.0,36.65,1
1788951720.1387625,serverless_predictive_fixed:cyclical:1,0.0,36.65,1
1788951720.3408594,serverless_predictive_fixed:cyclical:1,0.0,36.65,1
1788951720.5430462,serverless_predictive_fixed:cyclical:1,0.0,36.65,1
1788951720.745156,serverless_predictive_fixed:cyclical:1,0.0,36.65,1
1788951720.9473596,serverless_predictive_fixed:cyclical:1,0.0,36.65,1
1788951721.1493926,serverless_predictive_fixed:cyclical:1,4.9,36.65,1
1788951721.3514807,serverless_predictive_fixed:cyclical:1,0.0,36.65,1
1788951721.553737,serverless_predictive_fixed:cyclical:1,0.0,36.65,1
1788951721.7558203,serverless_predictive_fixed:cyclical:1,0.0,36.65,1
1788951721.9581475,serverless_predictive_fixed:cyclical:1,0.0,36.65,1
1788951722.1603642,serverless_predictive_fixed:cyclical:1,0.0,36.65,1
1788951722.3625984,serverless_predictive_fixed:cyclical:1,0.0,36.65,1
1788951722.5666285,serverless_predictive_fixed:cyclical:1,0.0,36.65,1
1788951722.769051,serverless_predictive_fixed:cyclical:1,0.0,36.65,1
1788951722.9713511,serverless_predictive_fixed:cyclical:1,0.0,36.65,1
1788951723.173735,serverless_predictive_fixed:cyclical:1,0.0,36.65,1
1788951723.376067,serverless_predictive_fixed:cyclical:1,0.0,36.65,1
1788951723.5781937,serverless_predictive_fixed:cyclical:1,0.0,36.65,1
1788951723.7804315,serverless_predictive_fixed:cyclical:1,0.0,36.65,1
1788951723.9840093,serverless_predictive_fixed:cyclical:1,0.0,36.65,1
1788951724.1861794,serverless_predictive_fixed:cyclical:1,0.0,36.65,1
1788951724.388505,serverless_predictive_fixed:cyclical:1,0.0,36.65,1
1788951724.590541,serverless_predictive_fixed:cyclical:1,0.0,36.65,1
1788951724.7928975,serverless_predictive_fixed:cyclical:1,0.0,36.65,1
1788951724.9950712,serverless_predictive_fixed:cyclical:1,0.0,36.65,1
1788951725.1973944,serverless_predictive_fixed:cyclical:1,0.0,36.65,1
1788951725.3996062,serverless_predictive_fixed:cyclical:1,4.9,36.65,1
1788951725.6017523,serverless_predictive_fixed:cyclical:1,0.0,36.65,1
1788951725.8039858,serverless_predictive_fixed:cyclical:1,0.0,36.65,1
1788951726.0060606,serverless_predictive_fixed:cyclical:1,0.0,36.65,1
1788951726.2081926,serverless_predictive_fixed:cyclical:1,0.0,36.65,1
1788951726.4102907,serverless_predictive_fixed:cyclical:1,0.0,36.65,1
1788951726.6126285,serverless_predictive_fixed:cyclical:1,0.0,36.65,1
1788951726.8146904,serverless_predictive_fixed:cyclical:1,0.0,36.65,1
1788951727.0168161,serverless_predictive_fixed:cyclical:1,0.0,36.65,1
1788951727.2188401,serverless_predictive_fixed:cyclical:1,0.0,36.65,1
1788951727.4217207,serverless_predictive_fixed:cyclical:1,0.0,36.65,1
1788951727.6246772,serverless_predictive_fixed:cyclical:1,0.0,36.65,1
1788951727.8308115,serverless_predictive_fixed:cyclical:1,4.9,37.83,2
1788951728.0379376,serverless_predictive_fixed:cyclical:1,53.2,107.43,4
1788951728.2410789,serverless_predictive_fixed:cyclical:1,191.9,138.23,4
1788951728.4451907,serverless_predictive_fixed:cyclical:1,200.9,153.24,4
1788951728.648016,serverless_predictive_fixed:cyclical:1,148.0,162.94,4
1788951728.8508542,serverless_predictive_fixed:cyclical:1,14.8,164.8,4
1788951729.0532367,serverless_predictive_fixed:cyclical:1,0.0,164.8,4
1788951729.2563524,serverless_predictive_fixed:cyclical:1,0.0,164.8,4
1788951729.4588594,serverless_predictive_fixed:cyclical:1,0.0,164.8,4
1788951729.661222,serverless_predictive_fixed:cyclical:1,4.9,164.8,4
1788951729.8636189,serverless_predictive_fixed:cyclical:1,0.0,164.8,4
1788951730.0659804,serverless_predictive_fixed:cyclical:1,0.0,164.8,4
1788951730.2684612,serverless_predictive_fixed:cyclical:1,0.0,164.8,4
1788951730.4716332,serverless_predictive_fixed:cyclical:1,0.0,164.8,4
1788951730.674337,serverless_predictive_fixed:cyclical:1,4.9,164.8,4
1788951730.8767977,serverless_predictive_fixed:cyclical:1,0.0,164.8,4
1788951731.07917,serverless_predictive_fixed:cyclical:1,4.9,164.8,4
1788951731.281622,serverless_predictive_fixed:cyclical:1,0.0,164.8,4
1788951731.4841611,serverless_predictive_fixed:cyclical:1,0.0,164.8,4
1788951731.6865706,serverless_predictive_fixed:cyclical:1,0.0,164.8,4
1788951731.8889885,serverless_predictive_fixed:cyclical:1,4.9,164.8,4
1788951732.0915954,serverless_predictive_fixed:cyclical:1,0.0,164.8,4
1788951732.2940526,serverless_predictive_fixed:cyclical:1,4.9,164.8,4
1788951732.496763,serverless_predictive_fixed:cyclical:1,0.0,164.8,4
1788951732.699494,serverless_predictive_fixed:cyclical:1,0.0,164.8,4
1788951732.9019868,serverless_predictive_fixed:cyclical:1,0.0,164.8,4
1788951733.10441,serverless_predictive_fixed:cyclical:1,0.0,164.8,4
1788951733.3067403,serverless_predictive_fixed:cyclical:1,0.0,164.8,4
1788951733.5089266,serverless_predictive_fixed:cyclical:1,0.0,164.8,4
1788951733.7110007,serverless_predictive_fixed:cyclical:1,0.0,164.8,4
1788951733.9133766,serverless_predictive_fixed:cyclical:1,0.0,164.8,4
1788951734.1158328,serverless_predictive_fixed:cyclical:1,0.0,164.8,4
1788951734.3181481,serverless_predictive_fixed:cyclical:1,0.0,164.8,4
1788951734.5211766,serverless_predictive_fixed:cyclical:1,0.0,164.8,4
1788951734.7237232,serverless_predictive_fixed:cyclical:1,0.0,164.8,4
1788951734.926156,serverless_predictive_fixed:cyclical:1,4.9,164.86,4
1788951735.1286006,serverless_predictive_fixed:cyclical:1,0.0,122.26,3
1788951735.3306923,serverless_predictive_fixed:cyclical:1,0.0,37.15,1
1788951735.53274,serverless_predictive_fixed:cyclical:1,0.0,37.15,1
1788951735.7352483,serverless_predictive_fixed:cyclical:1,0.0,37.15,1
1788951735.9371717,serverless_predictive_fixed:cyclical:1,0.0,37.15,1
1788951736.1391282,serverless_predictive_fixed:cyclical:1,0.0,37.15,1
1788951736.3411353,serverless_predictive_fixed:cyclical:1,0.0,37.15,1
1788951736.5431635,serverless_predictive_fixed:cyclical:1,0.0,37.15,1
1788951736.7451534,serverless_predictive_fixed:cyclical:1,0.0,37.15,1
1788951736.9477618,serverless_predictive_fixed:cyclical:1,4.9,37.15,1
1788951737.1496873,serverless_predictive_fixed:cyclical:1,0.0,37.15,1
1788951737.3517187,serverless_predictive_fixed:cyclical:1,0.0,37.15,1
1788951737.553793,serverless_predictive_fixed:cyclical:1,0.0,37.15,1
1788951737.7565188,serverless_predictive_fixed:cyclical:1,0.0,37.15,1
1788951737.9587579,serverless_predictive_fixed:cyclical:1,0.0,37.15,1
1788951738.1669388,serverless_predictive_fixed:cyclical:1,4.8,91.66,4
1788951738.3730745,serverless_predictive_fixed:cyclical:1,193.9,129.65,4
1788951738.5793388,serverless_predictive_fixed:cyclical:1,202.9,147.92,4
1788951738.7826576,serverless_predictive_fixed:cyclical:1,197.6,162.8,4
1788951738.9859915,serverless_predictive_fixed:cyclical:1,34.4,165.23,4
1788951739.1892173,serverless_predictive_fixed:cyclical:1,0.0,165.23,4
1788951739.3918424,serverless_predictive_fixed:cyclical:1,0.0,165.23,4
1788951739.5940416,serverless_predictive_fixed:cyclical:1,0.0,165.23,4
1788951739.7967126,serverless_predictive_fixed:cyclical:1,0.0,165.23,4
1788951739.9989934,serverless_predictive_fixed:cyclical:1,0.0,165.23,4
1788951740.201168,serverless_predictive_fixed:cyclical:1,0.0,165.23,4
1788951740.4034202,serverless_predictive_fixed:cyclical:1,0.0,165.23,4
1788951740.606379,serverless_predictive_fixed:cyclical:1,4.9,165.23,4
1788951740.8088448,serverless_predictive_fixed:cyclical:1,0.0,165.23,4
1788951741.0112991,serverless_predictive_fixed:cyclical:1,4.9,165.23,4
1788951741.213481,serverless_predictive_fixed:cyclical:1,0.0,165.23,4
1788951741.4157856,serverless_predictive_fixed:cyclical:1,0.0,165.23,4
1788951741.6182091,serverless_predictive_fixed:cyclical:1,0.0,165.23,4
1788951741.8208191,serverless_predictive_fixed:cyclical:1,0.0,165.23,4
1788951742.0231042,serverless_predictive_fixed:cyclical:1,0.0,165.23,4
1788951742.2254357,serverless_predictive_fixed:cyclical:1,0.0,165.23,4
1788951742.4277716,serverless_predictive_fixed:cyclical:1,0.0,165.23,4
1788951742.629916,serverless_predictive_fixed:cyclical:1,0.0,165.23,4
1788951742.833133,serverless_predictive_fixed:cyclical:1,0.0,165.23,4
1788951743.0355964,serverless_predictive_fixed:cyclical:1,0.0,165.23,4
1788951743.237868,serverless_predictive_fixed:cyclical:1,4.9,165.23,4
1788951743.440886,serverless_predictive_fixed:cyclical:1,4.9,165.23,4
1788951743.6431067,serverless_predictive_fixed:cyclical:1,0.0,165.23,4
1788951743.845206,serverless_predictive_fixed:cyclical:1,0.0,165.23,4
1788951744.0477772,serverless_predictive_fixed:cyclical:1,4.9,165.23,4
1788951744.2506595,serverless_predictive_fixed:cyclical:1,0.0,165.23,4
1788951744.452944,serverless_predictive_fixed:cyclical:1,0.0,165.23,4
1788951744.6556349,serverless_predictive_fixed:cyclical:1,0.0,165.23,4
1788951744.8578877,serverless_predictive_fixed:cyclical:1,0.0,165.23,4
1788951745.060079,serverless_predictive_fixed:cyclical:1,0.0,122.5,3
1788951745.2627952,serverless_predictive_fixed:cyclical:1,0.0,79.84,2
1788951745.465312,serverless_predictive_fixed:cyclical:1,0.0,37.32,1
1788951745.667504,serverless_predictive_fixed:cyclical:1,0.0,37.32,1
1788951745.8694835,serverless_predictive_fixed:cyclical:1,0.0,37.32,1
1788951746.071688,serverless_predictive_fixed:cyclical:1,0.0,37.32,1
1788951746.2736309,serverless_predictive_fixed:cyclical:1,0.0,37.32,1
1788951746.4759219,serverless_predictive_fixed:cyclical:1,0.0,37.32,1
1788951746.6778948,serverless_predictive_fixed:cyclical:1,5.0,37.32,1
1788951746.88033,serverless_predictive_fixed:cyclical:1,0.0,37.32,1
1788951747.0823867,serverless_predictive_fixed:cyclical:1,0.0,37.32,1
1788951747.2927403,serverless_predictive_fixed:cyclical:1,4.8,101.73,4
1788951747.497102,serverless_predictive_fixed:cyclical:1,200.4,135.59,4
1788951747.7095032,serverless_predictive_fixed:cyclical:1,193.1,149.4,4
1788951747.916138,serverless_predictive_fixed:cyclical:1,193.6,162.38,4
1788951748.1183934,serverless_predictive_fixed:cyclical:1,34.5,165.15,4
1788951748.320635,serverless_predictive_fixed:cyclical:1,0.0,165.15,4
1788951748.5228727,serverless_predictive_fixed:cyclical:1,0.0,165.15,4
1788951748.725184,serverless_predictive_fixed:cyclical:1,4.9,165.15,4
1788951748.9274936,serverless_predictive_fixed:cyclical:1,0.0,165.15,4
1788951749.1296895,serverless_predictive_fixed:cyclical:1,0.0,165.15,4
1788951749.331947,serverless_predictive_fixed:cyclical:1,0.0,165.15,4
1788951749.5342615,serverless_predictive_fixed:cyclical:1,0.0,165.15,4
1788951749.736532,serverless_predictive_fixed:cyclical:1,0.0,165.15,4
1788951749.93864,serverless_predictive_fixed:cyclical:1,0.0,165.15,4
1788951750.141011,serverless_predictive_fixed:cyclical:1,0.0,165.15,4
1788951750.3438647,serverless_predictive_fixed:cyclical:1,0.0,165.15,4
1788951750.5477433,serverless_predictive_fixed:cyclical:1,0.0,165.15,4
1788951750.7501366,serverless_predictive_fixed:cyclical:1,0.0,165.15,4
1788951750.9542181,serverless_predictive_fixed:cyclical:1,4.9,165.15,4
1788951751.1565301,serverless_predictive_fixed:cyclical:1,0.0,165.15,4
1788951751.3593132,serverless_predictive_fixed:cyclical:1,0.0,165.15,4
1788951751.5615246,serverless_predictive_fixed:cyclical:1,0.0,165.15,4
1788951751.7638881,serverless_predictive_fixed:cyclical:1,0.0,165.15,4
1788951751.9661453,serverless_predictive_fixed:cyclical:1,0.0,165.15,4
1788951752.1684709,serverless_predictive_fixed:cyclical:1,0.0,165.15,4
1788951752.3705835,serverless_predictive_fixed:cyclical:1,0.0,165.15,4
1788951752.5728605,serverless_predictive_fixed:cyclical:1,0.0,165.15,4
1788951752.7750342,serverless_predictive_fixed:cyclical:1,4.9,165.15,4
1788951752.9770806,serverless_predictive_fixed:cyclical:1,4.9,165.15,4
1788951753.1793888,serverless_predictive_fixed:cyclical:1,0.0,165.15,4
1788951753.3815157,serverless_predictive_fixed:cyclical:1,0.0,165.15,4
1788951753.5837553,serverless_predictive_fixed:cyclical:1,0.0,165.15,4
1788951753.7859635,serverless_predictive_fixed:cyclical:1,0.0,165.15,4
1788951753.9884157,serverless_predictive_fixed:cyclical:1,0.0,165.15,4
1788951754.1905582,serverless_predictive_fixed:cyclical:1,0.0,165.15,4
1788951754.3934784,serverless_predictive_fixed:cyclical:1,0.0,122.52,3
1788951754.59546,serverless_predictive_fixed:cyclical:1,5.0,79.97,2
1788951754.797536,serverless_predictive_fixed:cyclical:1,0.0,37.35,1
1788951754.9997466,serverless_predictive_fixed:cyclical:1,0.0,37.35,1
1788951755.2015662,serverless_predictive_fixed:cyclical:1,0.0,37.35,1
1788951755.403505,serverless_predictive_fixed:cyclical:1,0.0,37.35,1
1788951755.6053092,serverless_predictive_fixed:cyclical:1,0.0,37.35,1
1788951755.8071473,serverless_predictive_fixed:cyclical:1,0.0,37.35,1
1788951756.008982,serverless_predictive_fixed:cyclical:1,0.0,37.35,1
1788951756.210879,serverless_predictive_fixed:cyclical:1,0.0,37.35,1
1788951756.4171548,serverless_predictive_fixed:cyclical:1,4.9,86.52,4
1788951756.6233106,serverless_predictive_fixed:cyclical:1,192.9,131.29,4
1788951756.829015,serverless_predictive_fixed:cyclical:1,200.1,149.8,4
1788951757.030822,serverless_predictive_fixed:cyclical:1,183.4,165.04,4
1788951757.2338302,serverless_predictive_fixed:cyclical:1,9.8,165.09,4
1788951757.4360497,serverless_predictive_fixed:cyclical:1,0.0,165.09,4
1788951757.6386623,serverless_predictive_fixed:cyclical:1,0.0,165.09,4
1788951757.8418388,serverless_predictive_fixed:cyclical:1,4.9,165.09,4
1788951758.0450828,serverless_predictive_fixed:cyclical:1,0.0,165.09,4
1788951758.2474499,serverless_predictive_fixed:cyclical:1,0.0,165.09,4
1788951758.4496222,serverless_predictive_fixed:cyclical:1,0.0,165.09,4
1788951758.6519265,serverless_predictive_fixed:cyclical:1,0.0,165.09,4
1788951758.8540957,serverless_predictive_fixed:cyclical:1,0.0,165.09,4
1788951759.0562665,serverless_predictive_fixed:cyclical:1,0.0,165.09,4
1788951759.2584991,serverless_predictive_fixed:cyclical:1,0.0,165.09,4
1788951759.4607232,serverless_predictive_fixed:cyclical:1,4.9,165.09,4
1788951759.662946,serverless_predictive_fixed:cyclical:1,0.0,165.09,4
1788951759.8656676,serverless_predictive_fixed:cyclical:1,0.0,165.09,4
1788951760.0679076,serverless_predictive_fixed:cyclical:1,0.0,165.09,4
1788951760.2701702,serverless_predictive_fixed:cyclical:1,0.0,165.09,4
1788951760.4725308,serverless_predictive_fixed:cyclical:1,0.0,165.09,4
1788951760.6747181,serverless_predictive_fixed:cyclical:1,0.0,165.09,4
1788951760.8769786,serverless_predictive_fixed:cyclical:1,0.0,165.09,4
1788951761.0794675,serverless_predictive_fixed:cyclical:1,0.0,165.09,4
1788951761.2820866,serverless_predictive_fixed:cyclical:1,0.0,165.09,4
1788951761.484573,serverless_predictive_fixed:cyclical:1,0.0,165.09,4
1788951761.6883802,serverless_predictive_fixed:cyclical:1,0.0,165.09,4
1788951761.8907278,serverless_predictive_fixed:cyclical:1,0.0,165.09,4
1788951762.0933032,serverless_predictive_fixed:cyclical:1,9.8,165.09,4
1788951762.2956154,serverless_predictive_fixed:cyclical:1,0.0,165.09,4
1788951762.4977863,serverless_predictive_fixed:cyclical:1,0.0,165.09,4
1788951762.7002223,serverless_predictive_fixed:cyclical:1,0.0,165.09,4
1788951762.9038386,serverless_predictive_fixed:cyclical:1,0.0,165.09,4
1788951763.1063607,serverless_predictive_fixed:cyclical:1,4.9,165.09,4
1788951763.3101766,serverless_predictive_fixed:cyclical:1,4.9,165.09,4
1788951763.512513,serverless_predictive_fixed:cyclical:1,0.0,122.55,3
1788951763.7147074,serverless_predictive_fixed:cyclical:1,0.0,79.94,2
1788951763.9176223,serverless_predictive_fixed:cyclical:1,0.0,37.36,1
1788951764.1196089,serverless_predictive_fixed:cyclical:1,0.0,37.36,1
1788951764.3215327,serverless_predictive_fixed:cyclical:1,0.0,37.36,1
1788951764.5235624,serverless_predictive_fixed:cyclical:1,0.0,37.36,1
1788951764.725455,serverless_predictive_fixed:cyclical:1,0.0,37.36,1
1788951764.92797,serverless_predictive_fixed:cyclical:1,0.0,37.36,1
1788951765.1297748,serverless_predictive_fixed:cyclical:1,0.0,37.36,1
1788951765.332743,serverless_predictive_fixed:cyclical:1,4.9,88.1,4
1788951765.5370693,serverless_predictive_fixed:cyclical:1,200.6,130.44,4
1788951765.7391229,serverless_predictive_fixed:cyclical:1,193.0,148.48,4
1788951765.941452,serverless_predictive_fixed:cyclical:1,177.9,161.69,4
1788951766.8231544,serverless_predictive_fixed:cyclical:2,0.0,36.62,1
1788951767.0259395,serverless_predictive_fixed:cyclical:2,0.0,36.62,1
1788951767.2280679,serverless_predictive_fixed:cyclical:2,0.0,36.62,1
1788951767.4300177,serverless_predictive_fixed:cyclical:2,0.0,36.62,1
1788951767.6320477,serverless_predictive_fixed:cyclical:2,0.0,36.62,1
1788951767.834016,serverless_predictive_fixed:cyclical:2,0.0,36.62,1
1788951768.0359898,serverless_predictive_fixed:cyclical:2,0.0,36.62,1
1788951768.2379553,serverless_predictive_fixed:cyclical:2,0.0,36.62,1
1788951768.4399893,serverless_predictive_fixed:cyclical:2,4.9,36.62,1
1788951768.641865,serverless_predictive_fixed:cyclical:2,0.0,36.62,1
1788951768.8439083,serverless_predictive_fixed:cyclical:2,0.0,36.62,1
1788951769.0457435,serverless_predictive_fixed:cyclical:2,0.0,36.62,1
1788951769.247795,serverless_predictive_fixed:cyclical:2,0.0,36.62,1
1788951769.4497306,serverless_predictive_fixed:cyclical:2,0.0,36.62,1
1788951769.6518714,serverless_predictive_fixed:cyclical:2,0.0,36.62,1
1788951769.8538074,serverless_predictive_fixed:cyclical:2,0.0,36.62,1
1788951770.0558922,serverless_predictive_fixed:cyclical:2,0.0,36.62,1
1788951770.2578077,serverless_predictive_fixed:cyclical:2,0.0,36.62,1
1788951770.4598327,serverless_predictive_fixed:cyclical:2,0.0,36.62,1
1788951770.6617253,serverless_predictive_fixed:cyclical:2,0.0,36.62,1
1788951770.863662,serverless_predictive_fixed:cyclical:2,0.0,36.62,1
1788951771.0669477,serverless_predictive_fixed:cyclical:2,0.0,36.62,1
1788951771.2689848,serverless_predictive_fixed:cyclical:2,0.0,36.62,1
1788951771.470977,serverless_predictive_fixed:cyclical:2,0.0,36.62,1
1788951771.6729558,serverless_predictive_fixed:cyclical:2,0.0,36.62,1
1788951771.8748786,serverless_predictive_fixed:cyclical:2,0.0,36.62,1
1788951772.0768564,serverless_predictive_fixed:cyclical:2,0.0,36.62,1
1788951772.2787538,serverless_predictive_fixed:cyclical:2,0.0,36.62,1
1788951772.4808364,serverless_predictive_fixed:cyclical:2,4.9,36.62,1
1788951772.6828,serverless_predictive_fixed:cyclical:2,0.0,36.62,1
1788951772.8848784,serverless_predictive_fixed:cyclical:2,0.0,36.62,1
1788951773.0869408,serverless_predictive_fixed:cyclical:2,0.0,36.62,1
1788951773.2888813,serverless_predictive_fixed:cyclical:2,0.0,36.62,1
1788951773.4907727,serverless_predictive_fixed:cyclical:2,0.0,36.62,1
1788951773.6927552,serverless_predictive_fixed:cyclical:2,0.0,36.62,1
1788951773.8949578,serverless_predictive_fixed:cyclical:2,0.0,36.62,1
1788951774.096886,serverless_predictive_fixed:cyclical:2,0.0,36.62,1
1788951774.2989416,serverless_predictive_fixed:cyclical:2,0.0,36.62,1
1788951774.500803,serverless_predictive_fixed:cyclical:2,0.0,36.62,1
1788951774.7028072,serverless_predictive_fixed:cyclical:2,0.0,36.62,1
1788951774.9048405,serverless_predictive_fixed:cyclical:2,0.0,36.62,1
1788951775.1073658,serverless_predictive_fixed:cyclical:2,0.0,36.62,1
1788951775.3093686,serverless_predictive_fixed:cyclical:2,0.0,36.62,1
1788951775.5115852,serverless_predictive_fixed:cyclical:2,0.0,36.62,1
1788951775.7134836,serverless_predictive_fixed:cyclical:2,0.0,36.62,1
1788951775.915617,serverless_predictive_fixed:cyclical:2,0.0,36.62,1
1788951776.1177049,serverless_predictive_fixed:cyclical:2,4.9,36.62,1
1788951776.319754,serverless_predictive_fixed:cyclical:2,0.0,36.62,1
1788951776.5222573,serverless_predictive_fixed:cyclical:2,0.0,36.62,1
1788951776.729279,serverless_predictive_fixed:cyclical:2,9.7,113.38,4
1788951776.9329567,serverless_predictive_fixed:cyclical:2,201.3,141.2,4
1788951777.136954,serverless_predictive_fixed:cyclical:2,196.0,154.23,4
1788951777.3404562,serverless_predictive_fixed:cyclical:2,113.0,164.7,4
1788951777.5426366,serverless_predictive_fixed:cyclical:2,0.0,164.7,4
1788951777.7448819,serverless_predictive_fixed:cyclical:2,0.0,164.7,4
1788951777.9473126,serverless_predictive_fixed:cyclical:2,0.0,164.7,4
1788951778.1503203,serverless_predictive_fixed:cyclical:2,0.0,164.7,4
1788951778.3528588,serverless_predictive_fixed:cyclical:2,0.0,164.7,4
1788951778.5553102,serverless_predictive_fixed:cyclical:2,4.9,164.7,4
1788951778.75766,serverless_predictive_fixed:cyclical:2,0.0,164.7,4
1788951778.9601111,serverless_predictive_fixed:cyclical:2,4.9,164.7,4
1788951779.162582,serverless_predictive_fixed:cyclical:2,0.0,164.7,4
1788951779.3650184,serverless_predictive_fixed:cyclical:2,0.0,164.7,4
1788951779.5673847,serverless_predictive_fixed:cyclical:2,4.9,164.7,4
1788951779.7696407,serverless_predictive_fixed:cyclical:2,0.0,164.7,4
1788951779.9719734,serverless_predictive_fixed:cyclical:2,0.0,164.7,4
1788951780.1741765,serverless_predictive_fixed:cyclical:2,4.9,164.7,4
1788951780.3765817,serverless_predictive_fixed:cyclical:2,0.0,164.7,4
1788951780.578707,serverless_predictive_fixed:cyclical:2,0.0,164.7,4
1788951780.7811325,serverless_predictive_fixed:cyclical:2,0.0,164.7,4
1788951780.9840214,serverless_predictive_fixed:cyclical:2,0.0,164.7,4
1788951781.186307,serverless_predictive_fixed:cyclical:2,0.0,164.7,4
1788951781.388603,serverless_predictive_fixed:cyclical:2,0.0,164.7,4
1788951781.5908864,serverless_predictive_fixed:cyclical:2,0.0,164.7,4
1788951781.7931256,serverless_predictive_fixed:cyclical:2,0.0,164.7,4
1788951781.9960454,serverless_predictive_fixed:cyclical:2,0.0,164.7,4
1788951782.198861,serverless_predictive_fixed:cyclical:2,0.0,164.7,4
1788951782.4025075,serverless_predictive_fixed:cyclical:2,0.0,164.7,4
1788951782.6049895,serverless_predictive_fixed:cyclical:2,4.9,164.7,4
1788951782.8085685,serverless_predictive_fixed:cyclical:2,0.0,164.7,4
1788951783.0109472,serverless_predictive_fixed:cyclical:2,0.0,164.7,4
1788951783.2132454,serverless_predictive_fixed:cyclical:2,0.0,164.7,4
1788951783.415684,serverless_predictive_fixed:cyclical:2,0.0,164.77,4
1788951783.6185484,serverless_predictive_fixed:cyclical:2,0.0,122.23,3
1788951783.821642,serverless_predictive_fixed:cyclical:2,0.0,79.66,2
1788951784.023817,serverless_predictive_fixed:cyclical:2,0.0,37.14,1
1788951784.2256927,serverless_predictive_fixed:cyclical:2,0.0,37.14,1
1788951784.4276628,serverless_predictive_fixed:cyclical:2,0.0,37.14,1
1788951784.6296215,serverless_predictive_fixed:cyclical:2,0.0,37.14,1
1788951784.8316739,serverless_predictive_fixed:cyclical:2,4.9,37.14,1
1788951785.0335987,serverless_predictive_fixed:cyclical:2,0.0,37.14,1
1788951785.2356007,serverless_predictive_fixed:cyclical:2,0.0,37.14,1
1788951785.4375212,serverless_predictive_fixed:cyclical:2,0.0,37.14,1
1788951785.639553,serverless_predictive_fixed:cyclical:2,0.0,37.14,1
1788951785.8415577,serverless_predictive_fixed:cyclical:2,0.0,37.14,1
1788951786.045182,serverless_predictive_fixed:cyclical:2,9.8,115.54,4
1788951786.2512794,serverless_predictive_fixed:cyclical:2,198.2,145.64,4
1788951786.4534214,serverless_predictive_fixed:cyclical:2,198.9,155.94,4
1788951786.655789,serverless_predictive_fixed:cyclical:2,84.1,165.08,4
1788951786.8584735,serverless_predictive_fixed:cyclical:2,0.0,165.08,4
1788951787.0618346,serverless_predictive_fixed:cyclical:2,0.0,165.08,4
1788951787.2640707,serverless_predictive_fixed:cyclical:2,0.0,165.08,4
1788951787.4661827,serverless_predictive_fixed:cyclical:2,0.0,165.08,4
1788951787.6684232,serverless_predictive_fixed:cyclical:2,0.0,165.08,4
1788951787.8714128,serverless_predictive_fixed:cyclical:2,0.0,165.08,4
1788951788.0743308,serverless_predictive_fixed:cyclical:2,0.0,165.08,4
1788951788.2765732,serverless_predictive_fixed:cyclical:2,0.0,165.08,4
1788951788.4788084,serverless_predictive_fixed:cyclical:2,0.0,165.08,4
1788951788.681059,serverless_predictive_fixed:cyclical:2,0.0,165.08,4
1788951788.8836398,serverless_predictive_fixed:cyclical:2,0.0,165.08,4
1788951789.087037,serverless_predictive_fixed:cyclical:2,0.0,165.08,4
1788951789.2890754,serverless_predictive_fixed:cyclical:2,0.0,165.08,4
1788951789.4913545,serverless_predictive_fixed:cyclical:2,0.0,165.08,4
1788951789.693551,serverless_predictive_fixed:cyclical:2,0.0,165.08,4
1788951789.8957694,serverless_predictive_fixed:cyclical:2,4.9,165.08,4
1788951790.0979075,serverless_predictive_fixed:cyclical:2,0.0,165.08,4
1788951790.3002377,serverless_predictive_fixed:cyclical:2,0.0,165.08,4
1788951790.5024965,serverless_predictive_fixed:cyclical:2,0.0,165.08,4
1788951790.704842,serverless_predictive_fixed:cyclical:2,0.0,165.08,4
1788951790.9070485,serverless_predictive_fixed:cyclical:2,4.9,165.08,4
1788951791.109026,serverless_predictive_fixed:cyclical:2,0.0,165.08,4
1788951791.3111637,serverless_predictive_fixed:cyclical:2,0.0,165.08,4
1788951791.5141668,serverless_predictive_fixed:cyclical:2,4.9,165.08,4
1788951791.7164235,serverless_predictive_fixed:cyclical:2,4.9,165.08,4
1788951791.918577,serverless_predictive_fixed:cyclical:2,0.0,165.08,4
1788951792.1208842,serverless_predictive_fixed:cyclical:2,0.0,165.08,4
1788951792.3231268,serverless_predictive_fixed:cyclical:2,0.0,165.08,4
1788951792.5257607,serverless_predictive_fixed:cyclical:2,0.0,165.08,4
1788951792.728137,serverless_predictive_fixed:cyclical:2,0.0,165.08,4
1788951792.9304183,serverless_predictive_fixed:cyclical:2,0.0,122.55,3
1788951793.1325214,serverless_predictive_fixed:cyclical:2,0.0,80.02,2
1788951793.3345215,serverless_predictive_fixed:cyclical:2,0.0,37.26,1
1788951793.5365112,serverless_predictive_fixed:cyclical:2,0.0,37.26,1
1788951793.73843,serverless_predictive_fixed:cyclical:2,0.0,37.26,1
1788951793.9404402,serverless_predictive_fixed:cyclical:2,5.0,37.26,1
1788951794.1432774,serverless_predictive_fixed:cyclical:2,0.0,37.26,1
1788951794.3451936,serverless_predictive_fixed:cyclical:2,0.0,37.26,1
1788951794.547264,serverless_predictive_fixed:cyclical:2,0.0,37.26,1
1788951794.7498877,serverless_predictive_fixed:cyclical:2,0.0,37.26,1
1788951794.956262,serverless_predictive_fixed:cyclical:2,0.0,70.43,4
1788951795.1583042,serverless_predictive_fixed:cyclical:2,207.9,124.52,4
1788951795.365038,serverless_predictive_fixed:cyclical:2,188.6,147.08,4
1788951795.5670922,serverless_predictive_fixed:cyclical:2,197.9,161.9,4
1788951795.7701983,serverless_predictive_fixed:cyclical:2,39.3,165.07,4
1788951795.972466,serverless_predictive_fixed:cyclical:2,0.0,165.07,4
1788951796.1746953,serverless_predictive_fixed:cyclical:2,0.0,165.07,4
1788951796.377245,serverless_predictive_fixed:cyclical:2,0.0,165.07,4
1788951796.579569,serverless_predictive_fixed:cyclical:2,0.0,165.07,4
1788951796.7820482,serverless_predictive_fixed:cyclical:2,0.0,165.07,4
1788951796.9843054,serverless_predictive_fixed:cyclical:2,0.0,165.07,4
1788951797.1865735,serverless_predictive_fixed:cyclical:2,0.0,165.07,4
1788951797.3888798,serverless_predictive_fixed:cyclical:2,0.0,165.07,4
1788951797.5911148,serverless_predictive_fixed:cyclical:2,0.0,165.07,4
1788951797.7930763,serverless_predictive_fixed:cyclical:2,0.0,165.07,4
1788951797.9953723,serverless_predictive_fixed:cyclical:2,0.0,165.07,4
1788951798.197699,serverless_predictive_fixed:cyclical:2,0.0,165.07,4
1788951798.4004326,serverless_predictive_fixed:cyclical:2,4.9,165.07,4
1788951798.6027439,serverless_predictive_fixed:cyclical:2,4.9,165.07,4
1788951798.804995,serverless_predictive_fixed:cyclical:2,0.0,165.07,4
1788951799.0073724,serverless_predictive_fixed:cyclical:2,0.0,165.07,4
1788951799.2097604,serverless_predictive_fixed:cyclical:2,0.0,165.07,4
1788951799.4120154,serverless_predictive_fixed:cyclical:2,0.0,165.07,4
1788951799.6152759,serverless_predictive_fixed:cyclical:2,0.0,165.07,4
1788951799.8179898,serverless_predictive_fixed:cyclical:2,0.0,165.07,4
1788951800.020689,serverless_predictive_fixed:cyclical:2,0.0,165.07,4
1788951800.2229855,serverless_predictive_fixed:cyclical:2,4.9,165.07,4
1788951800.425211,serverless_predictive_fixed:cyclical:2,0.0,165.07,4
1788951800.6277044,serverless_predictive_fixed:cyclical:2,0.0,165.07,4
1788951800.8299062,serverless_predictive_fixed:cyclical:2,0.0,165.07,4
1788951801.0321453,serverless_predictive_fixed:cyclical:2,0.0,165.07,4
1788951801.2342873,serverless_predictive_fixed:cyclical:2,0.0,165.07,4
1788951801.4365327,serverless_predictive_fixed:cyclical:2,4.9,165.07,4
1788951801.6386914,serverless_predictive_fixed:cyclical:2,0.0,165.07,4
1788951801.84097,serverless_predictive_fixed:cyclical:2,4.9,165.07,4
1788951802.0430553,serverless_predictive_fixed:cyclical:2,0.0,122.38,3
1788951802.245108,serverless_predictive_fixed:cyclical:2,0.0,79.84,2
1788951802.4470975,serverless_predictive_fixed:cyclical:2,0.0,37.29,1
1788951802.6494195,serverless_predictive_fixed:cyclical:2,0.0,37.29,1
1788951802.851503,serverless_predictive_fixed:cyclical:2,0.0,37.29,1
1788951803.0537343,serverless_predictive_fixed:cyclical:2,0.0,37.29,1
1788951803.2558584,serverless_predictive_fixed:cyclical:2,0.0,37.29,1
1788951803.4578369,serverless_predictive_fixed:cyclical:2,0.0,37.29,1
1788951803.6598337,serverless_predictive_fixed:cyclical:2,0.0,37.29,1
1788951803.8618555,serverless_predictive_fixed:cyclical:2,0.0,37.29,1
1788951804.0638828,serverless_predictive_fixed:cyclical:2,0.0,37.29,1
1788951804.265824,serverless_predictive_fixed:cyclical:2,0.0,37.29,1
1788951804.467762,serverless_predictive_fixed:cyclical:2,0.0,37.29,1
1788951804.6697524,serverless_predictive_fixed:cyclical:2,0.0,37.29,1
1788951804.871836,serverless_predictive_fixed:cyclical:2,4.9,37.29,1
1788951805.0740044,serverless_predictive_fixed:cyclical:2,0.0,37.29,1
1788951805.2761245,serverless_predictive_fixed:cyclical:2,0.0,37.29,1
1788951805.4830863,serverless_predictive_fixed:cyclical:2,4.9,104.67,4
1788951805.6892216,serverless_predictive_fixed:cyclical:2,214.6,139.47,4
1788951805.8954618,serverless_predictive_fixed:cyclical:2,195.2,151.09,4
1788951806.097757,serverless_predictive_fixed:cyclical:2,152.5,165.0,4
1788951806.300183,serverless_predictive_fixed:cyclical:2,0.0,165.15,4
1788951806.5023787,serverless_predictive_fixed:cyclical:2,0.0,165.15,4
1788951806.7049975,serverless_predictive_fixed:cyclical:2,0.0,165.15,4
1788951806.9074209,serverless_predictive_fixed:cyclical:2,0.0,165.15,4
1788951807.1096447,serverless_predictive_fixed:cyclical:2,4.9,165.15,4
1788951807.311986,serverless_predictive_fixed:cyclical:2,0.0,165.15,4
1788951807.5144155,serverless_predictive_fixed:cyclical:2,0.0,165.15,4
1788951807.7170184,serverless_predictive_fixed:cyclical:2,0.0,165.15,4
1788951807.9196737,serverless_predictive_fixed:cyclical:2,0.0,165.15,4
1788951808.1222758,serverless_predictive_fixed:cyclical:2,0.0,165.15,4
1788951808.3250651,serverless_predictive_fixed:cyclical:2,0.0,165.15,4
1788951808.5276828,serverless_predictive_fixed:cyclical:2,4.9,165.15,4
1788951808.7311091,serverless_predictive_fixed:cyclical:2,0.0,165.15,4
1788951808.9334977,serverless_predictive_fixed:cyclical:2,4.9,165.15,4
1788951809.1364744,serverless_predictive_fixed:cyclical:2,4.9,165.15,4
1788951809.3390994,serverless_predictive_fixed:cyclical:2,0.0,165.15,4
1788951809.5413837,serverless_predictive_fixed:cyclical:2,0.0,165.15,4
1788951809.7441032,serverless_predictive_fixed:cyclical:2,0.0,165.15,4
1788951809.9467926,serverless_predictive_fixed:cyclical:2,0.0,165.15,4
1788951810.1491652,serverless_predictive_fixed:cyclical:2,0.0,165.15,4
1788951810.351626,serverless_predictive_fixed:cyclical:2,0.0,165.15,4
1788951810.5539563,serverless_predictive_fixed:cyclical:2,0.0,165.15,4
1788951810.7579796,serverless_predictive_fixed:cyclical:2,0.0,165.15,4
1788951810.9624484,serverless_predictive_fixed:cyclical:2,0.0,165.15,4
1788951811.1651397,serverless_predictive_fixed:cyclical:2,0.0,165.15,4
1788951811.3677635,serverless_predictive_fixed:cyclical:2,0.0,165.15,4
1788951811.5702202,serverless_predictive_fixed:cyclical:2,0.0,165.15,4
1788951811.7726965,serverless_predictive_fixed:cyclical:2,0.0,165.15,4
1788951811.975042,serverless_predictive_fixed:cyclical:2,0.0,165.15,4
1788951812.1774218,serverless_predictive_fixed:cyclical:2,4.9,165.15,4
1788951812.380278,serverless_predictive_fixed:cyclical:2,0.0,122.56,3
1788951812.5833685,serverless_predictive_fixed:cyclical:2,4.9,79.9,2
1788951812.7865727,serverless_predictive_fixed:cyclical:2,0.0,37.32,1
1788951812.9889157,serverless_predictive_fixed:cyclical:2,0.0,37.32,1
1788951813.1912634,serverless_predictive_fixed:cyclical:2,0.0,37.32,1
1788951813.3932872,serverless_predictive_fixed:cyclical:2,0.0,37.32,1
1788951813.5954704,serverless_predictive_fixed:cyclical:2,0.0,37.32,1
1788951813.7987552,serverless_predictive_fixed:cyclical:2,0.0,37.32,1
1788951814.0015042,serverless_predictive_fixed:cyclical:2,0.0,37.32,1
1788951814.2044168,serverless_predictive_fixed:cyclical:2,0.0,37.32,1
1788951814.4073365,serverless_predictive_fixed:cyclical:2,0.0,37.32,1
1788951814.6091783,serverless_predictive_fixed:cyclical:2,0.0,37.32,1
1788951814.811092,serverless_predictive_fixed:cyclical:2,0.0,37.32,1
1788951815.0131478,serverless_predictive_fixed:cyclical:2,0.0,37.32,1
1788951815.2150493,serverless_predictive_fixed:cyclical:2,0.0,37.32,1
1788951815.4169633,serverless_predictive_fixed:cyclical:2,0.0,37.32,1
1788951815.6261628,serverless_predictive_fixed:cyclical:2,4.8,70.62,4
1788951815.8291392,serverless_predictive_fixed:cyclical:2,196.9,119.36,4
1788951816.0354612,serverless_predictive_fixed:cyclical:2,200.9,143.27,4
1788951816.2377985,serverless_predictive_fixed:cyclical:2,192.1,155.91,4
1788951817.1831338,serverless_predictive_fixed:cyclical:3,0.0,36.61,1
1788951817.38551,serverless_predictive_fixed:cyclical:3,0.0,36.61,1
1788951817.5882962,serverless_predictive_fixed:cyclical:3,0.0,36.61,1
1788951817.7904139,serverless_predictive_fixed:cyclical:3,0.0,36.61,1
1788951817.992504,serverless_predictive_fixed:cyclical:3,0.0,36.61,1
1788951818.1955955,serverless_predictive_fixed:cyclical:3,4.9,36.61,1
1788951818.3975875,serverless_predictive_fixed:cyclical:3,0.0,36.61,1
1788951818.5995777,serverless_predictive_fixed:cyclical:3,0.0,36.61,1
1788951818.8019276,serverless_predictive_fixed:cyclical:3,0.0,36.61,1
1788951819.0042994,serverless_predictive_fixed:cyclical:3,0.0,36.62,1
1788951819.2062728,serverless_predictive_fixed:cyclical:3,0.0,36.62,1
1788951819.4082615,serverless_predictive_fixed:cyclical:3,0.0,36.62,1
1788951819.6104095,serverless_predictive_fixed:cyclical:3,0.0,36.62,1
1788951819.8126748,serverless_predictive_fixed:cyclical:3,0.0,36.62,1
1788951820.0150106,serverless_predictive_fixed:cyclical:3,0.0,36.62,1
1788951820.2170238,serverless_predictive_fixed:cyclical:3,0.0,36.62,1
1788951820.419531,serverless_predictive_fixed:cyclical:3,0.0,36.62,1
1788951820.6215262,serverless_predictive_fixed:cyclical:3,0.0,36.62,1
1788951820.8235512,serverless_predictive_fixed:cyclical:3,0.0,36.62,1
1788951821.025529,serverless_predictive_fixed:cyclical:3,0.0,36.62,1
1788951821.2275481,serverless_predictive_fixed:cyclical:3,0.0,36.62,1
1788951821.4298828,serverless_predictive_fixed:cyclical:3,0.0,36.62,1
1788951821.6319463,serverless_predictive_fixed:cyclical:3,0.0,36.62,1
1788951821.8339472,serverless_predictive_fixed:cyclical:3,0.0,36.62,1
1788951822.0360205,serverless_predictive_fixed:cyclical:3,4.9,36.62,1
1788951822.238013,serverless_predictive_fixed:cyclical:3,0.0,36.62,1
1788951822.4400587,serverless_predictive_fixed:cyclical:3,0.0,36.62,1
1788951822.642591,serverless_predictive_fixed:cyclical:3,0.0,36.62,1
1788951822.8445814,serverless_predictive_fixed:cyclical:3,0.0,36.62,1
1788951823.0466228,serverless_predictive_fixed:cyclical:3,0.0,36.62,1
1788951823.248623,serverless_predictive_fixed:cyclical:3,0.0,36.62,1
1788951823.4505079,serverless_predictive_fixed:cyclical:3,0.0,36.62,1
1788951823.6529174,serverless_predictive_fixed:cyclical:3,0.0,36.62,1
1788951823.854761,serverless_predictive_fixed:cyclical:3,0.0,36.62,1
1788951824.0567057,serverless_predictive_fixed:cyclical:3,0.0,36.62,1
1788951824.2588995,serverless_predictive_fixed:cyclical:3,0.0,36.62,1
1788951824.4607844,serverless_predictive_fixed:cyclical:3,0.0,36.62,1
1788951824.6633058,serverless_predictive_fixed:cyclical:3,0.0,36.62,1
1788951824.8659205,serverless_predictive_fixed:cyclical:3,0.0,36.62,1
1788951825.0680597,serverless_predictive_fixed:cyclical:3,0.0,36.62,1
1788951825.2699344,serverless_predictive_fixed:cyclical:3,0.0,36.62,1
1788951825.4720128,serverless_predictive_fixed:cyclical:3,4.9,36.62,1
1788951825.673918,serverless_predictive_fixed:cyclical:3,0.0,36.62,1
1788951825.8760328,serverless_predictive_fixed:cyclical:3,0.0,36.62,1
1788951826.077999,serverless_predictive_fixed:cyclical:3,0.0,36.62,1
1788951826.2800474,serverless_predictive_fixed:cyclical:3,0.0,36.62,1
1788951826.482709,serverless_predictive_fixed:cyclical:3,4.9,83.46,4
1788951826.689009,serverless_predictive_fixed:cyclical:3,198.7,127.68,4
1788951826.8930767,serverless_predictive_fixed:cyclical:3,191.1,146.84,4
1788951827.0961127,serverless_predictive_fixed:cyclical:3,197.1,159.47,4
1788951827.298887,serverless_predictive_fixed:cyclical:3,54.3,164.84,4
1788951827.5012782,serverless_predictive_fixed:cyclical:3,0.0,164.84,4
1788951827.70375,serverless_predictive_fixed:cyclical:3,0.0,164.84,4
1788951827.9077911,serverless_predictive_fixed:cyclical:3,4.9,164.84,4
1788951828.110004,serverless_predictive_fixed:cyclical:3,0.0,164.84,4
1788951828.3123631,serverless_predictive_fixed:cyclical:3,0.0,164.84,4
1788951828.5146875,serverless_predictive_fixed:cyclical:3,0.0,164.84,4
1788951828.7171504,serverless_predictive_fixed:cyclical:3,0.0,164.84,4
1788951828.9195142,serverless_predictive_fixed:cyclical:3,4.9,164.84,4
1788951829.1218357,serverless_predictive_fixed:cyclical:3,9.9,164.84,4
1788951829.3243911,serverless_predictive_fixed:cyclical:3,0.0,164.84,4
1788951829.52669,serverless_predictive_fixed:cyclical:3,0.0,164.84,4
1788951829.728915,serverless_predictive_fixed:cyclical:3,0.0,164.84,4
1788951829.93156,serverless_predictive_fixed:cyclical:3,0.0,164.84,4
1788951830.1338775,serverless_predictive_fixed:cyclical:3,0.0,164.84,4
1788951830.336253,serverless_predictive_fixed:cyclical:3,0.0,164.84,4
1788951830.5390868,serverless_predictive_fixed:cyclical:3,0.0,164.84,4
1788951830.7413528,serverless_predictive_fixed:cyclical:3,0.0,164.84,4
1788951830.9437394,serverless_predictive_fixed:cyclical:3,0.0,164.84,4
1788951831.1464794,serverless_predictive_fixed:cyclical:3,4.9,164.84,4
1788951831.34874,serverless_predictive_fixed:cyclical:3,0.0,164.84,4
1788951831.5514805,serverless_predictive_fixed:cyclical:3,0.0,164.84,4
1788951831.7542424,serverless_predictive_fixed:cyclical:3,0.0,164.84,4
1788951831.956651,serverless_predictive_fixed:cyclical:3,0.0,164.84,4
1788951832.1588757,serverless_predictive_fixed:cyclical:3,4.9,164.84,4
1788951832.36192,serverless_predictive_fixed:cyclical:3,4.9,164.84,4
1788951832.564648,serverless_predictive_fixed:cyclical:3,0.0,164.84,4
1788951832.768296,serverless_predictive_fixed:cyclical:3,0.0,164.84,4
1788951832.9709182,serverless_predictive_fixed:cyclical:3,0.0,164.84,4
1788951833.1734571,serverless_predictive_fixed:cyclical:3,0.0,164.84,4
1788951833.3760614,serverless_predictive_fixed:cyclical:3,0.0,164.84,4
1788951833.5785234,serverless_predictive_fixed:cyclical:3,4.9,122.28,4
1788951833.7810388,serverless_predictive_fixed:cyclical:3,0.0,79.69,2
1788951833.9833782,serverless_predictive_fixed:cyclical:3,4.9,37.12,2
1788951834.185517,serverless_predictive_fixed:cyclical:3,0.0,37.12,1
1788951834.3881698,serverless_predictive_fixed:cyclical:3,0.0,37.12,1
1788951834.5902812,serverless_predictive_fixed:cyclical:3,0.0,37.12,1
1788951834.7924745,serverless_predictive_fixed:cyclical:3,0.0,37.12,1
1788951834.9947436,serverless_predictive_fixed:cyclical:3,0.0,37.12,1
1788951835.2109673,serverless_predictive_fixed:cyclical:3,0.0,37.12,1
1788951835.4131615,serverless_predictive_fixed:cyclical:3,0.0,37.12,1
1788951835.6153812,serverless_predictive_fixed:cyclical:3,0.0,37.12,1
1788951835.8181536,serverless_predictive_fixed:cyclical:3,0.0,37.12,1
1788951836.020448,serverless_predictive_fixed:cyclical:3,0.0,37.12,1
1788951836.2229483,serverless_predictive_fixed:cyclical:3,0.0,37.12,1
1788951836.4251134,serverless_predictive_fixed:cyclical:3,0.0,37.12,1
1788951836.6273715,serverless_predictive_fixed:cyclical:3,0.0,37.12,1
1788951836.833431,serverless_predictive_fixed:cyclical:3,9.7,110.46,4
1788951837.039811,serverless_predictive_fixed:cyclical:3,198.6,139.34,4
1788951837.2422795,serverless_predictive_fixed:cyclical:3,197.5,150.81,4
1788951837.4448907,serverless_predictive_fixed:cyclical:3,182.6,164.79,4
1788951837.647571,serverless_predictive_fixed:cyclical:3,4.9,165.01,4
1788951837.85043,serverless_predictive_fixed:cyclical:3,0.0,165.01,4
1788951838.0527642,serverless_predictive_fixed:cyclical:3,0.0,165.01,4
1788951838.2561643,serverless_predictive_fixed:cyclical:3,0.0,165.01,4
1788951838.4583998,serverless_predictive_fixed:cyclical:3,0.0,165.01,4
1788951838.6609094,serverless_predictive_fixed:cyclical:3,0.0,165.01,4
1788951838.8632505,serverless_predictive_fixed:cyclical:3,0.0,165.01,4
1788951839.0657146,serverless_predictive_fixed:cyclical:3,0.0,165.01,4
1788951839.268096,serverless_predictive_fixed:cyclical:3,0.0,165.01,4
1788951839.4704652,serverless_predictive_fixed:cyclical:3,0.0,165.01,4
1788951839.6732621,serverless_predictive_fixed:cyclical:3,9.8,165.01,4
1788951839.875857,serverless_predictive_fixed:cyclical:3,0.0,165.01,4
1788951840.0782583,serverless_predictive_fixed:cyclical:3,0.0,165.01,4
1788951840.2808075,serverless_predictive_fixed:cyclical:3,4.9,165.01,4
1788951840.4833424,serverless_predictive_fixed:cyclical:3,0.0,165.01,4
1788951840.6859102,serverless_predictive_fixed:cyclical:3,0.0,165.01,4
1788951840.888549,serverless_predictive_fixed:cyclical:3,0.0,165.01,4
1788951841.0910897,serverless_predictive_fixed:cyclical:3,0.0,165.01,4
1788951841.2935421,serverless_predictive_fixed:cyclical:3,0.0,165.01,4
1788951841.4959953,serverless_predictive_fixed:cyclical:3,4.9,165.01,4
1788951841.6987247,serverless_predictive_fixed:cyclical:3,0.0,165.01,4
1788951841.9012036,serverless_predictive_fixed:cyclical:3,0.0,165.01,4
1788951842.1037052,serverless_predictive_fixed:cyclical:3,0.0,165.01,4
1788951842.3062632,serverless_predictive_fixed:cyclical:3,0.0,165.01,4
1788951842.5088181,serverless_predictive_fixed:cyclical:3,0.0,165.01,4
1788951842.7116795,serverless_predictive_fixed:cyclical:3,0.0,165.01,4
1788951842.9143362,serverless_predictive_fixed:cyclical:3,4.9,165.01,4
1788951843.1169298,serverless_predictive_fixed:cyclical:3,0.0,165.01,4
1788951843.321846,serverless_predictive_fixed:cyclical:3,0.0,165.01,4
1788951843.5243359,serverless_predictive_fixed:cyclical:3,0.0,165.01,4
1788951843.7273786,serverless_predictive_fixed:cyclical:3,0.0,165.01,4
1788951843.9298244,serverless_predictive_fixed:cyclical:3,0.0,79.82,3
1788951844.1318414,serverless_predictive_fixed:cyclical:3,0.0,37.25,1
1788951844.333774,serverless_predictive_fixed:cyclical:3,0.0,37.25,1
1788951844.5361116,serverless_predictive_fixed:cyclical:3,0.0,37.25,1
1788951844.738143,serverless_predictive_fixed:cyclical:3,0.0,37.25,1
1788951844.9400647,serverless_predictive_fixed:cyclical:3,0.0,37.25,1
1788951845.1419804,serverless_predictive_fixed:cyclical:3,0.0,37.25,1
1788951845.3446205,serverless_predictive_fixed:cyclical:3,0.0,37.25,1
1788951845.5466504,serverless_predictive_fixed:cyclical:3,0.0,37.25,1
1788951845.7491693,serverless_predictive_fixed:cyclical:3,0.0,37.25,1
1788951845.95126,serverless_predictive_fixed:cyclical:3,4.9,37.25,1
1788951846.1614392,serverless_predictive_fixed:cyclical:3,4.8,105.06,4
1788951846.365087,serverless_predictive_fixed:cyclical:3,201.3,138.06,4
1788951846.5713296,serverless_predictive_fixed:cyclical:3,197.9,150.57,4
1788951846.773513,serverless_predictive_fixed:cyclical:3,189.1,164.27,4
1788951846.9768226,serverless_predictive_fixed:cyclical:3,9.8,164.99,4
1788951847.1791117,serverless_predictive_fixed:cyclical:3,0.0,164.99,4
1788951847.3820112,serverless_predictive_fixed:cyclical:3,0.0,164.99,4
1788951847.584655,serverless_predictive_fixed:cyclical:3,0.0,164.99,4
1788951847.7872627,serverless_predictive_fixed:cyclical:3,9.9,164.99,4
1788951847.9895897,serverless_predictive_fixed:cyclical:3,0.0,164.99,4
1788951848.1926146,serverless_predictive_fixed:cyclical:3,0.0,164.99,4
1788951848.3954794,serverless_predictive_fixed:cyclical:3,0.0,164.99,4
1788951848.5979538,serverless_predictive_fixed:cyclical:3,0.0,164.99,4
1788951848.802196,serverless_predictive_fixed:cyclical:3,0.0,164.99,4
1788951849.0046628,serverless_predictive_fixed:cyclical:3,0.0,164.99,4
1788951849.2085707,serverless_predictive_fixed:cyclical:3,0.0,164.99,4
1788951849.4121892,serverless_predictive_fixed:cyclical:3,0.0,164.99,4
1788951849.6150901,serverless_predictive_fixed:cyclical:3,0.0,164.99,4
1788951849.8175998,serverless_predictive_fixed:cyclical:3,4.9,164.99,4
1788951850.020486,serverless_predictive_fixed:cyclical:3,0.0,164.99,4
1788951850.223538,serverless_predictive_fixed:cyclical:3,0.0,164.99,4
1788951850.4263813,serverless_predictive_fixed:cyclical:3,0.0,164.99,4
1788951850.6298153,serverless_predictive_fixed:cyclical:3,0.0,164.99,4
1788951850.8339176,serverless_predictive_fixed:cyclical:3,0.0,164.99,4
1788951851.0364614,serverless_predictive_fixed:cyclical:3,4.9,164.99,4
1788951851.2388213,serverless_predictive_fixed:cyclical:3,4.9,164.99,4
1788951851.4424562,serverless_predictive_fixed:cyclical:3,0.0,164.99,4
1788951851.6456735,serverless_predictive_fixed:cyclical:3,4.9,164.99,4
1788951851.848268,serverless_predictive_fixed:cyclical:3,0.0,164.99,4
1788951852.050724,serverless_predictive_fixed:cyclical:3,0.0,164.99,4
1788951852.2540104,serverless_predictive_fixed:cyclical:3,0.0,164.99,4
1788951852.4567645,serverless_predictive_fixed:cyclical:3,0.0,164.99,4
1788951852.6604836,serverless_predictive_fixed:cyclical:3,0.0,164.99,4
1788951852.865363,serverless_predictive_fixed:cyclical:3,0.0,164.99,4
1788951853.0680106,serverless_predictive_fixed:cyclical:3,0.0,164.99,4
1788951853.2702906,serverless_predictive_fixed:cyclical:3,0.0,79.9,2
1788951853.472424,serverless_predictive_fixed:cyclical:3,0.0,37.28,1
1788951853.6744056,serverless_predictive_fixed:cyclical:3,4.9,37.28,1
1788951853.876365,serverless_predictive_fixed:cyclical:3,0.0,37.28,1
1788951854.0783699,serverless_predictive_fixed:cyclical:3,0.0,37.28,1
1788951854.2810094,serverless_predictive_fixed:cyclical:3,0.0,37.28,1
1788951854.4829385,serverless_predictive_fixed:cyclical:3,0.0,37.28,1
1788951854.684951,serverless_predictive_fixed:cyclical:3,0.0,37.28,1
1788951854.8868415,serverless_predictive_fixed:cyclical:3,0.0,37.28,1
1788951855.0899634,serverless_predictive_fixed:cyclical:3,0.0,37.28,1
1788951855.2919867,serverless_predictive_fixed:cyclical:3,0.0,37.28,1
1788951855.494162,serverless_predictive_fixed:cyclical:3,0.0,37.28,1
1788951855.6968362,serverless_predictive_fixed:cyclical:3,0.0,37.28,1
1788951855.9053197,serverless_predictive_fixed:cyclical:3,4.8,78.66,4
1788951856.1118097,serverless_predictive_fixed:cyclical:3,198.5,125.51,4
1788951856.314169,serverless_predictive_fixed:cyclical:3,192.7,146.09,4
1788951856.5162954,serverless_predictive_fixed:cyclical:3,188.0,156.32,4
1788951856.7186646,serverless_predictive_fixed:cyclical:3,108.7,164.98,4
1788951856.9210987,serverless_predictive_fixed:cyclical:3,0.0,164.98,4
1788951857.123723,serverless_predictive_fixed:cyclical:3,0.0,164.98,4
1788951857.325903,serverless_predictive_fixed:cyclical:3,0.0,164.98,4
1788951857.5294902,serverless_predictive_fixed:cyclical:3,0.0,164.98,4
1788951857.7364082,serverless_predictive_fixed:cyclical:3,0.0,164.98,4
1788951857.9396925,serverless_predictive_fixed:cyclical:3,0.0,164.98,4
1788951858.142067,serverless_predictive_fixed:cyclical:3,4.9,164.98,4
1788951858.3444872,serverless_predictive_fixed:cyclical:3,0.0,164.98,4
1788951858.5469341,serverless_predictive_fixed:cyclical:3,0.0,164.98,4
1788951858.749536,serverless_predictive_fixed:cyclical:3,4.9,164.98,4
1788951858.9532678,serverless_predictive_fixed:cyclical:3,0.0,164.98,4
1788951859.1558106,serverless_predictive_fixed:cyclical:3,0.0,164.98,4
1788951859.3579605,serverless_predictive_fixed:cyclical:3,0.0,164.98,4
1788951859.560434,serverless_predictive_fixed:cyclical:3,0.0,164.98,4
1788951859.7631786,serverless_predictive_fixed:cyclical:3,0.0,164.98,4
1788951859.9659848,serverless_predictive_fixed:cyclical:3,0.0,164.98,4
1788951860.1692348,serverless_predictive_fixed:cyclical:3,0.0,164.98,4
1788951860.3718312,serverless_predictive_fixed:cyclical:3,0.0,164.98,4
1788951860.574277,serverless_predictive_fixed:cyclical:3,0.0,164.98,4
1788951860.7772686,serverless_predictive_fixed:cyclical:3,4.9,164.98,4
1788951860.9797819,serverless_predictive_fixed:cyclical:3,4.9,164.98,4
1788951861.1823514,serverless_predictive_fixed:cyclical:3,0.0,164.98,4
1788951861.3848758,serverless_predictive_fixed:cyclical:3,0.0,164.98,4
1788951861.587696,serverless_predictive_fixed:cyclical:3,0.0,164.98,4
1788951861.7903128,serverless_predictive_fixed:cyclical:3,4.9,164.98,4
1788951861.9926376,serverless_predictive_fixed:cyclical:3,4.9,164.98,4
1788951862.19512,serverless_predictive_fixed:cyclical:3,0.0,164.98,4
1788951862.3983483,serverless_predictive_fixed:cyclical:3,0.0,164.98,4
1788951862.6020825,serverless_predictive_fixed:cyclical:3,4.9,164.98,4
1788951862.8051684,serverless_predictive_fixed:cyclical:3,0.0,164.98,4
1788951863.0083792,serverless_predictive_fixed:cyclical:3,0.0,122.41,3
1788951863.210503,serverless_predictive_fixed:cyclical:3,0.0,79.83,2
1788951863.4130342,serverless_predictive_fixed:cyclical:3,0.0,37.32,1
1788951863.6150317,serverless_predictive_fixed:cyclical:3,0.0,37.32,1
1788951863.8170571,serverless_predictive_fixed:cyclical:3,0.0,37.32,1
1788951864.020555,serverless_predictive_fixed:cyclical:3,0.0,37.32,1
1788951864.2233734,serverless_predictive_fixed:cyclical:3,0.0,37.32,1
1788951864.425291,serverless_predictive_fixed:cyclical:3,0.0,37.32,1
1788951864.6273685,serverless_predictive_fixed:cyclical:3,4.9,37.32,1
1788951864.8297358,serverless_predictive_fixed:cyclical:3,0.0,37.32,1
1788951865.0317836,serverless_predictive_fixed:cyclical:3,0.0,37.32,1
1788951865.2373374,serverless_predictive_fixed:cyclical:3,4.9,86.17,4
1788951865.4477117,serverless_predictive_fixed:cyclical:3,185.4,126.2,4
1788951865.653025,serverless_predictive_fixed:cyclical:3,199.6,147.14,4
1788951865.8550978,serverless_predictive_fixed:cyclical:3,197.9,159.87,4
1788951866.7978728,serverless_predictive_fixed:cyclical:4,0.0,36.62,1
1788951867.0000668,serverless_predictive_fixed:cyclical:4,0.0,36.62,1
1788951867.202332,serverless_predictive_fixed:cyclical:4,0.0,36.62,1
1788951867.4051971,serverless_predictive_fixed:cyclical:4,0.0,36.62,1
1788951867.6079133,serverless_predictive_fixed:cyclical:4,0.0,36.62,1
1788951867.810153,serverless_predictive_fixed:cyclical:4,0.0,36.62,1
1788951868.012124,serverless_predictive_fixed:cyclical:4,0.0,36.62,1
1788951868.2141705,serverless_predictive_fixed:cyclical:4,0.0,36.62,1
1788951868.417034,serverless_predictive_fixed:cyclical:4,0.0,36.62,1
1788951868.6188965,serverless_predictive_fixed:cyclical:4,0.0,36.62,1
1788951868.8209026,serverless_predictive_fixed:cyclical:4,0.0,36.62,1
1788951869.0229313,serverless_predictive_fixed:cyclical:4,4.9,36.62,1
1788951869.2249138,serverless_predictive_fixed:cyclical:4,0.0,36.62,1
1788951869.4268205,serverless_predictive_fixed:cyclical:4,0.0,36.62,1
1788951869.6297128,serverless_predictive_fixed:cyclical:4,0.0,36.62,1
1788951869.8319974,serverless_predictive_fixed:cyclical:4,0.0,36.62,1
1788951870.0339336,serverless_predictive_fixed:cyclical:4,0.0,36.62,1
1788951870.2361376,serverless_predictive_fixed:cyclical:4,0.0,36.62,1
1788951870.4381492,serverless_predictive_fixed:cyclical:4,0.0,36.62,1
1788951870.6404731,serverless_predictive_fixed:cyclical:4,0.0,36.62,1
1788951870.8430605,serverless_predictive_fixed:cyclical:4,0.0,36.62,1
1788951871.0451431,serverless_predictive_fixed:cyclical:4,0.0,36.62,1
1788951871.2476182,serverless_predictive_fixed:cyclical:4,0.0,36.62,1
1788951871.4497793,serverless_predictive_fixed:cyclical:4,0.0,36.62,1
1788951871.6517944,serverless_predictive_fixed:cyclical:4,0.0,36.62,1
1788951871.8536906,serverless_predictive_fixed:cyclical:4,0.0,36.62,1
1788951872.0558465,serverless_predictive_fixed:cyclical:4,0.0,36.62,1
1788951872.2577996,serverless_predictive_fixed:cyclical:4,0.0,36.62,1
1788951872.4602134,serverless_predictive_fixed:cyclical:4,4.9,36.62,1
1788951872.662194,serverless_predictive_fixed:cyclical:4,0.0,36.62,1
1788951872.865109,serverless_predictive_fixed:cyclical:4,0.0,36.62,1
1788951873.0683436,serverless_predictive_fixed:cyclical:4,0.0,36.62,1
1788951873.2705514,serverless_predictive_fixed:cyclical:4,0.0,36.62,1
1788951873.4983282,serverless_predictive_fixed:cyclical:4,0.0,36.62,1
1788951873.700513,serverless_predictive_fixed:cyclical:4,0.0,36.62,1
1788951873.9035137,serverless_predictive_fixed:cyclical:4,0.0,36.62,1
1788951874.1056492,serverless_predictive_fixed:cyclical:4,0.0,36.62,1
1788951874.3078609,serverless_predictive_fixed:cyclical:4,0.0,36.62,1
1788951874.51011,serverless_predictive_fixed:cyclical:4,0.0,36.62,1
1788951874.7123425,serverless_predictive_fixed:cyclical:4,0.0,36.62,1
1788951874.9146192,serverless_predictive_fixed:cyclical:4,0.0,36.62,1
1788951875.1170728,serverless_predictive_fixed:cyclical:4,0.0,36.62,1
1788951875.3190963,serverless_predictive_fixed:cyclical:4,0.0,36.62,1
1788951875.5212226,serverless_predictive_fixed:cyclical:4,0.0,36.62,1
1788951875.7277029,serverless_predictive_fixed:cyclical:4,237.2,66.7,4
1788951875.9301717,serverless_predictive_fixed:cyclical:4,197.5,119.55,4
1788951876.1333706,serverless_predictive_fixed:cyclical:4,196.8,144.79,4
1788951876.3384755,serverless_predictive_fixed:cyclical:4,195.1,156.28,4
1788951876.5413606,serverless_predictive_fixed:cyclical:4,108.5,164.71,4
1788951876.7437606,serverless_predictive_fixed:cyclical:4,0.0,164.71,4
1788951876.9461937,serverless_predictive_fixed:cyclical:4,0.0,164.71,4
1788951877.1487296,serverless_predictive_fixed:cyclical:4,0.0,164.71,4
1788951877.3509696,serverless_predictive_fixed:cyclical:4,0.0,164.71,4
1788951877.5534036,serverless_predictive_fixed:cyclical:4,0.0,164.71,4
1788951877.7559576,serverless_predictive_fixed:cyclical:4,0.0,164.71,4
1788951877.9583676,serverless_predictive_fixed:cyclical:4,0.0,164.71,4
1788951878.1610448,serverless_predictive_fixed:cyclical:4,0.0,164.71,4
1788951878.363465,serverless_predictive_fixed:cyclical:4,4.9,164.71,4
1788951878.5658772,serverless_predictive_fixed:cyclical:4,0.0,164.71,4
1788951878.7687879,serverless_predictive_fixed:cyclical:4,0.0,164.71,4
1788951878.9715502,serverless_predictive_fixed:cyclical:4,0.0,164.71,4
1788951879.1739435,serverless_predictive_fixed:cyclical:4,4.9,164.71,4
1788951879.3763971,serverless_predictive_fixed:cyclical:4,0.0,164.71,4
1788951879.5788455,serverless_predictive_fixed:cyclical:4,0.0,164.71,4
1788951879.781231,serverless_predictive_fixed:cyclical:4,0.0,164.71,4
1788951879.98366,serverless_predictive_fixed:cyclical:4,0.0,164.71,4
1788951880.1864874,serverless_predictive_fixed:cyclical:4,0.0,164.71,4
1788951880.3890457,serverless_predictive_fixed:cyclical:4,4.9,164.71,4
1788951880.591629,serverless_predictive_fixed:cyclical:4,0.0,164.71,4
1788951880.7940173,serverless_predictive_fixed:cyclical:4,0.0,164.71,4
1788951880.9964323,serverless_predictive_fixed:cyclical:4,0.0,164.71,4
1788951881.1996856,serverless_predictive_fixed:cyclical:4,0.0,164.71,4
1788951881.4031875,serverless_predictive_fixed:cyclical:4,0.0,164.71,4
1788951881.6062772,serverless_predictive_fixed:cyclical:4,4.9,164.71,4
1788951881.810019,serverless_predictive_fixed:cyclical:4,0.0,164.71,4
1788951882.0123901,serverless_predictive_fixed:cyclical:4,0.0,164.71,4
1788951882.2147343,serverless_predictive_fixed:cyclical:4,0.0,164.71,4
1788951882.4180555,serverless_predictive_fixed:cyclical:4,0.0,164.71,4
1788951882.6218853,serverless_predictive_fixed:cyclical:4,0.0,164.77,4
1788951882.8245673,serverless_predictive_fixed:cyclical:4,4.9,122.26,3
1788951883.0275078,serverless_predictive_fixed:cyclical:4,0.0,79.63,2
1788951883.230489,serverless_predictive_fixed:cyclical:4,0.0,37.11,1
1788951883.4326994,serverless_predictive_fixed:cyclical:4,0.0,37.11,1
1788951883.634637,serverless_predictive_fixed:cyclical:4,0.0,37.11,1
1788951883.8370075,serverless_predictive_fixed:cyclical:4,0.0,37.11,1
1788951884.0389714,serverless_predictive_fixed:cyclical:4,0.0,37.11,1
1788951884.2410576,serverless_predictive_fixed:cyclical:4,0.0,37.11,1
1788951884.4433239,serverless_predictive_fixed:cyclical:4,0.0,37.11,1
1788951884.645356,serverless_predictive_fixed:cyclical:4,0.0,37.11,1
1788951884.8474214,serverless_predictive_fixed:cyclical:4,0.0,37.11,1
1788951885.049557,serverless_predictive_fixed:cyclical:4,0.0,37.11,1
1788951885.2516787,serverless_predictive_fixed:cyclical:4,0.0,37.11,1
1788951885.4536755,serverless_predictive_fixed:cyclical:4,5.0,37.11,1
1788951885.661099,serverless_predictive_fixed:cyclical:4,0.0,62.67,4
1788951885.8676367,serverless_predictive_fixed:cyclical:4,195.9,115.38,4
1788951886.0732026,serverless_predictive_fixed:cyclical:4,203.1,143.23,4
1788951886.2839217,serverless_predictive_fixed:cyclical:4,194.6,155.22,4
1788951886.4870365,serverless_predictive_fixed:cyclical:4,137.8,164.88,4
1788951886.6900537,serverless_predictive_fixed:cyclical:4,0.0,164.88,4
1788951886.892951,serverless_predictive_fixed:cyclical:4,0.0,164.88,4
1788951887.0952723,serverless_predictive_fixed:cyclical:4,0.0,164.88,4
1788951887.2976089,serverless_predictive_fixed:cyclical:4,0.0,164.88,4
1788951887.4999378,serverless_predictive_fixed:cyclical:4,4.9,164.88,4
1788951887.7021852,serverless_predictive_fixed:cyclical:4,0.0,164.88,4
1788951887.9044614,serverless_predictive_fixed:cyclical:4,0.0,164.88,4
1788951888.1066525,serverless_predictive_fixed:cyclical:4,0.0,164.88,4
1788951888.3103747,serverless_predictive_fixed:cyclical:4,4.9,164.88,4
1788951888.5126672,serverless_predictive_fixed:cyclical:4,0.0,164.88,4
1788951888.7148333,serverless_predictive_fixed:cyclical:4,4.9,164.88,4
1788951888.9185987,serverless_predictive_fixed:cyclical:4,0.0,164.88,4
1788951889.1222425,serverless_predictive_fixed:cyclical:4,0.0,164.88,4
1788951889.3259673,serverless_predictive_fixed:cyclical:4,4.9,164.88,4
1788951889.528371,serverless_predictive_fixed:cyclical:4,0.0,164.88,4
1788951889.7317247,serverless_predictive_fixed:cyclical:4,0.0,164.88,4
1788951889.9340484,serverless_predictive_fixed:cyclical:4,0.0,164.88,4
1788951890.1364436,serverless_predictive_fixed:cyclical:4,0.0,164.88,4
1788951890.3389199,serverless_predictive_fixed:cyclical:4,0.0,164.88,4
1788951890.5421922,serverless_predictive_fixed:cyclical:4,0.0,164.88,4
1788951890.7462094,serverless_predictive_fixed:cyclical:4,0.0,164.88,4
1788951890.9497054,serverless_predictive_fixed:cyclical:4,0.0,164.88,4
1788951891.1520727,serverless_predictive_fixed:cyclical:4,0.0,164.88,4
1788951891.3550417,serverless_predictive_fixed:cyclical:4,0.0,164.88,4
1788951891.557688,serverless_predictive_fixed:cyclical:4,0.0,164.88,4
1788951891.7601662,serverless_predictive_fixed:cyclical:4,0.0,164.88,4
1788951891.962471,serverless_predictive_fixed:cyclical:4,0.0,164.88,4
1788951892.1653922,serverless_predictive_fixed:cyclical:4,0.0,164.88,4
1788951892.3676126,serverless_predictive_fixed:cyclical:4,4.9,164.88,4
1788951892.570085,serverless_predictive_fixed:cyclical:4,0.0,164.88,4
1788951892.7724245,serverless_predictive_fixed:cyclical:4,4.9,164.88,4
1788951892.9747727,serverless_predictive_fixed:cyclical:4,4.9,122.36,3
1788951893.178363,serverless_predictive_fixed:cyclical:4,0.0,79.82,2
1788951893.3805122,serverless_predictive_fixed:cyclical:4,0.0,37.25,1
1788951893.5826797,serverless_predictive_fixed:cyclical:4,0.0,37.25,1
1788951893.785393,serverless_predictive_fixed:cyclical:4,0.0,37.25,1
1788951893.9880729,serverless_predictive_fixed:cyclical:4,0.0,37.25,1
1788951894.1902626,serverless_predictive_fixed:cyclical:4,0.0,37.25,1
1788951894.3922803,serverless_predictive_fixed:cyclical:4,0.0,37.25,1
1788951894.5942266,serverless_predictive_fixed:cyclical:4,0.0,37.25,1
1788951894.796266,serverless_predictive_fixed:cyclical:4,0.0,37.25,1
1788951894.9982026,serverless_predictive_fixed:cyclical:4,0.0,37.25,1
1788951895.2006536,serverless_predictive_fixed:cyclical:4,4.9,37.25,1
1788951895.4027894,serverless_predictive_fixed:cyclical:4,0.0,37.25,1
1788951895.605292,serverless_predictive_fixed:cyclical:4,0.0,37.25,1
1788951895.8074794,serverless_predictive_fixed:cyclical:4,0.0,37.25,1
1788951896.0096524,serverless_predictive_fixed:cyclical:4,0.0,37.25,1
1788951896.2117882,serverless_predictive_fixed:cyclical:4,0.0,37.25,1
1788951896.4206603,serverless_predictive_fixed:cyclical:4,0.0,61.64,4
1788951896.6228855,serverless_predictive_fixed:cyclical:4,192.7,115.38,4
1788951896.8251207,serverless_predictive_fixed:cyclical:4,202.8,142.56,4
1788951897.0306258,serverless_predictive_fixed:cyclical:4,194.7,152.62,4
1788951897.2346797,serverless_predictive_fixed:cyclical:4,151.9,164.96,4
1788951897.4369862,serverless_predictive_fixed:cyclical:4,4.9,164.96,4
1788951897.639439,serverless_predictive_fixed:cyclical:4,0.0,164.96,4
1788951897.8420985,serverless_predictive_fixed:cyclical:4,0.0,164.96,4
1788951898.0444193,serverless_predictive_fixed:cyclical:4,0.0,164.96,4
1788951898.2466736,serverless_predictive_fixed:cyclical:4,4.9,164.96,4
1788951898.4489775,serverless_predictive_fixed:cyclical:4,0.0,164.96,4
1788951898.651356,serverless_predictive_fixed:cyclical:4,0.0,164.96,4
1788951898.8538022,serverless_predictive_fixed:cyclical:4,0.0,164.96,4
1788951899.0564468,serverless_predictive_fixed:cyclical:4,0.0,164.96,4
1788951899.2586412,serverless_predictive_fixed:cyclical:4,0.0,164.96,4
1788951899.461013,serverless_predictive_fixed:cyclical:4,4.9,164.96,4
1788951899.6634152,serverless_predictive_fixed:cyclical:4,0.0,164.96,4
1788951899.8668823,serverless_predictive_fixed:cyclical:4,4.9,164.96,4
1788951900.0704825,serverless_predictive_fixed:cyclical:4,0.0,164.96,4
1788951900.2732286,serverless_predictive_fixed:cyclical:4,0.0,164.96,4
1788951900.4762096,serverless_predictive_fixed:cyclical:4,0.0,164.96,4
1788951900.6785414,serverless_predictive_fixed:cyclical:4,0.0,164.96,4
1788951900.8811378,serverless_predictive_fixed:cyclical:4,0.0,164.96,4
1788951901.0837307,serverless_predictive_fixed:cyclical:4,0.0,164.96,4
1788951901.2862003,serverless_predictive_fixed:cyclical:4,0.0,164.96,4
1788951901.4886262,serverless_predictive_fixed:cyclical:4,0.0,164.96,4
1788951901.6908522,serverless_predictive_fixed:cyclical:4,0.0,164.96,4
1788951901.8931613,serverless_predictive_fixed:cyclical:4,0.0,164.96,4
1788951902.095565,serverless_predictive_fixed:cyclical:4,4.9,164.96,4
1788951902.2978334,serverless_predictive_fixed:cyclical:4,0.0,164.96,4
1788951902.5001245,serverless_predictive_fixed:cyclical:4,0.0,164.96,4
1788951902.702518,serverless_predictive_fixed:cyclical:4,0.0,164.96,4
1788951902.9048502,serverless_predictive_fixed:cyclical:4,4.9,164.96,4
1788951903.107325,serverless_predictive_fixed:cyclical:4,0.0,164.96,4
1788951903.3106236,serverless_predictive_fixed:cyclical:4,0.0,164.96,4
1788951903.5130308,serverless_predictive_fixed:cyclical:4,0.0,122.42,3
1788951903.7151425,serverless_predictive_fixed:cyclical:4,0.0,79.84,2
1788951903.917228,serverless_predictive_fixed:cyclical:4,0.0,37.29,1
1788951904.1193285,serverless_predictive_fixed:cyclical:4,4.9,37.29,1
1788951904.3214078,serverless_predictive_fixed:cyclical:4,0.0,37.29,1
1788951904.5242462,serverless_predictive_fixed:cyclical:4,0.0,37.29,1
1788951904.726264,serverless_predictive_fixed:cyclical:4,0.0,37.29,1
1788951904.928457,serverless_predictive_fixed:cyclical:4,0.0,37.29,1
1788951905.1304257,serverless_predictive_fixed:cyclical:4,0.0,37.29,1
1788951905.3325946,serverless_predictive_fixed:cyclical:4,0.0,37.29,1
1788951905.5349545,serverless_predictive_fixed:cyclical:4,0.0,37.29,1
1788951905.7381744,serverless_predictive_fixed:cyclical:4,0.0,37.29,1
1788951905.9402168,serverless_predictive_fixed:cyclical:4,0.0,37.29,1
1788951906.1429977,serverless_predictive_fixed:cyclical:4,0.0,37.29,1
1788951906.3501146,serverless_predictive_fixed:cyclical:4,4.8,76.67,4
1788951906.5563998,serverless_predictive_fixed:cyclical:4,193.9,122.95,4
1788951906.758477,serverless_predictive_fixed:cyclical:4,212.8,144.67,4
1788951906.9619234,serverless_predictive_fixed:cyclical:4,191.6,156.88,4
1788951907.1659005,serverless_predictive_fixed:cyclical:4,117.7,165.18,4
1788951907.368658,serverless_predictive_fixed:cyclical:4,0.0,165.18,4
1788951907.5724475,serverless_predictive_fixed:cyclical:4,0.0,165.18,4
1788951907.7758417,serverless_predictive_fixed:cyclical:4,0.0,165.18,4
1788951907.9790277,serverless_predictive_fixed:cyclical:4,0.0,165.18,4
1788951908.182173,serverless_predictive_fixed:cyclical:4,0.0,165.18,4
1788951908.3858573,serverless_predictive_fixed:cyclical:4,0.0,165.18,4
1788951908.5892704,serverless_predictive_fixed:cyclical:4,4.9,165.18,4
1788951908.792555,serverless_predictive_fixed:cyclical:4,4.9,165.18,4
1788951908.9957774,serverless_predictive_fixed:cyclical:4,0.0,165.18,4
1788951909.1990118,serverless_predictive_fixed:cyclical:4,0.0,165.18,4
1788951909.4026132,serverless_predictive_fixed:cyclical:4,0.0,165.18,4
1788951909.6058667,serverless_predictive_fixed:cyclical:4,0.0,165.18,4
1788951909.8083186,serverless_predictive_fixed:cyclical:4,0.0,165.18,4
1788951910.0109637,serverless_predictive_fixed:cyclical:4,0.0,165.18,4
1788951910.2135243,serverless_predictive_fixed:cyclical:4,0.0,165.18,4
1788951910.415822,serverless_predictive_fixed:cyclical:4,0.0,165.18,4
1788951910.6197052,serverless_predictive_fixed:cyclical:4,0.0,165.18,4
1788951910.8221083,serverless_predictive_fixed:cyclical:4,0.0,165.18,4
1788951911.024504,serverless_predictive_fixed:cyclical:4,0.0,165.18,4
1788951911.2280936,serverless_predictive_fixed:cyclical:4,0.0,165.18,4
1788951911.4318552,serverless_predictive_fixed:cyclical:4,0.0,165.18,4
1788951911.6355147,serverless_predictive_fixed:cyclical:4,0.0,165.18,4
1788951911.8385766,serverless_predictive_fixed:cyclical:4,0.0,165.18,4
1788951912.0410342,serverless_predictive_fixed:cyclical:4,14.7,165.18,4
1788951912.2433846,serverless_predictive_fixed:cyclical:4,0.0,165.18,4
1788951912.4469912,serverless_predictive_fixed:cyclical:4,0.0,165.18,4
1788951912.6506581,serverless_predictive_fixed:cyclical:4,0.0,165.18,4
1788951912.852982,serverless_predictive_fixed:cyclical:4,0.0,165.18,4
1788951913.0567617,serverless_predictive_fixed:cyclical:4,0.0,165.18,4
1788951913.2607164,serverless_predictive_fixed:cyclical:4,0.0,122.58,4
1788951913.463041,serverless_predictive_fixed:cyclical:4,4.9,79.91,3
1788951913.66622,serverless_predictive_fixed:cyclical:4,0.0,37.3,1
1788951913.8685257,serverless_predictive_fixed:cyclical:4,0.0,37.3,1
1788951914.070588,serverless_predictive_fixed:cyclical:4,0.0,37.3,1
1788951914.2729244,serverless_predictive_fixed:cyclical:4,0.0,37.3,1
1788951914.4752555,serverless_predictive_fixed:cyclical:4,0.0,37.3,1
1788951914.6772976,serverless_predictive_fixed:cyclical:4,0.0,37.3,1
1788951914.8793285,serverless_predictive_fixed:cyclical:4,0.0,37.3,1
1788951915.0819542,serverless_predictive_fixed:cyclical:4,0.0,37.3,1
1788951915.2839572,serverless_predictive_fixed:cyclical:4,0.0,37.3,1
1788951915.486527,serverless_predictive_fixed:cyclical:4,4.9,37.3,1
1788951915.6885216,serverless_predictive_fixed:cyclical:4,0.0,37.3,1
1788951915.8905478,serverless_predictive_fixed:cyclical:4,0.0,37.3,1
1788951916.0926063,serverless_predictive_fixed:cyclical:4,0.0,37.3,1
1788951916.2971876,serverless_predictive_fixed:cyclical:4,4.9,109.66,4
1788951916.5010912,serverless_predictive_fixed:cyclical:4,191.2,139.32,4
1788951916.7076173,serverless_predictive_fixed:cyclical:4,203.4,152.36,4
1788951916.9096265,serverless_predictive_fixed:cyclical:4,158.2,164.3,4
1788951917.756726,serverless_predictive_fixed:cyclical:5,0.0,36.61,1
1788951917.9592562,serverless_predictive_fixed:cyclical:5,0.0,36.61,1
1788951918.1624348,serverless_predictive_fixed:cyclical:5,0.0,36.61,1
1788951918.3644876,serverless_predictive_fixed:cyclical:5,0.0,36.61,1
1788951918.5664806,serverless_predictive_fixed:cyclical:5,0.0,36.61,1
1788951918.768521,serverless_predictive_fixed:cyclical:5,0.0,36.61,1
1788951918.9704916,serverless_predictive_fixed:cyclical:5,0.0,36.61,1
1788951919.173043,serverless_predictive_fixed:cyclical:5,0.0,36.61,1
1788951919.3760114,serverless_predictive_fixed:cyclical:5,0.0,36.61,1
1788951919.578035,serverless_predictive_fixed:cyclical:5,0.0,36.61,1
1788951919.7801588,serverless_predictive_fixed:cyclical:5,0.0,36.61,1
1788951919.982789,serverless_predictive_fixed:cyclical:5,0.0,36.61,1
1788951920.1849465,serverless_predictive_fixed:cyclical:5,0.0,36.61,1
1788951920.3869112,serverless_predictive_fixed:cyclical:5,0.0,36.61,1
1788951920.589238,serverless_predictive_fixed:cyclical:5,4.9,36.61,1
1788951920.7913735,serverless_predictive_fixed:cyclical:5,0.0,36.61,1
1788951920.9933097,serverless_predictive_fixed:cyclical:5,0.0,36.61,1
1788951921.1955361,serverless_predictive_fixed:cyclical:5,0.0,36.61,1
1788951921.3978329,serverless_predictive_fixed:cyclical:5,0.0,36.61,1
1788951921.6001134,serverless_predictive_fixed:cyclical:5,0.0,36.61,1
1788951921.8022044,serverless_predictive_fixed:cyclical:5,0.0,36.61,1
1788951922.0045002,serverless_predictive_fixed:cyclical:5,0.0,36.61,1
1788951922.2068791,serverless_predictive_fixed:cyclical:5,0.0,36.61,1
1788951922.4100015,serverless_predictive_fixed:cyclical:5,0.0,36.61,1
1788951922.612253,serverless_predictive_fixed:cyclical:5,0.0,36.61,1
1788951922.8143828,serverless_predictive_fixed:cyclical:5,0.0,36.61,1
1788951923.0165565,serverless_predictive_fixed:cyclical:5,0.0,36.61,1
1788951923.2196083,serverless_predictive_fixed:cyclical:5,0.0,36.61,1
1788951923.421713,serverless_predictive_fixed:cyclical:5,0.0,36.61,1
1788951923.6239278,serverless_predictive_fixed:cyclical:5,0.0,36.61,1
1788951923.8260713,serverless_predictive_fixed:cyclical:5,4.9,36.61,1
1788951924.0282068,serverless_predictive_fixed:cyclical:5,0.0,36.61,1
1788951924.2302372,serverless_predictive_fixed:cyclical:5,0.0,36.61,1
1788951924.4324088,serverless_predictive_fixed:cyclical:5,0.0,36.61,1
1788951924.6356196,serverless_predictive_fixed:cyclical:5,0.0,36.61,1
1788951924.8377478,serverless_predictive_fixed:cyclical:5,0.0,36.61,1
1788951925.0398734,serverless_predictive_fixed:cyclical:5,0.0,36.61,1
1788951925.242208,serverless_predictive_fixed:cyclical:5,0.0,36.61,1
1788951925.444641,serverless_predictive_fixed:cyclical:5,0.0,36.61,1
1788951925.646727,serverless_predictive_fixed:cyclical:5,0.0,36.61,1
1788951925.8496282,serverless_predictive_fixed:cyclical:5,0.0,36.61,1
1788951926.051785,serverless_predictive_fixed:cyclical:5,0.0,36.61,1
1788951926.2538896,serverless_predictive_fixed:cyclical:5,0.0,36.61,1
1788951926.4559944,serverless_predictive_fixed:cyclical:5,0.0,36.61,1
1788951926.658032,serverless_predictive_fixed:cyclical:5,0.0,36.61,1
1788951926.8602014,serverless_predictive_fixed:cyclical:5,0.0,36.61,1
1788951927.0623422,serverless_predictive_fixed:cyclical:5,0.0,36.61,1
1788951927.264496,serverless_predictive_fixed:cyclical:5,0.0,36.61,1
1788951927.4667063,serverless_predictive_fixed:cyclical:5,4.9,36.61,1
1788951927.6720304,serverless_predictive_fixed:cyclical:5,9.7,63.4,4
1788951927.883926,serverless_predictive_fixed:cyclical:5,188.7,120.5,4
1788951928.0861516,serverless_predictive_fixed:cyclical:5,197.9,145.11,4
1788951928.288435,serverless_predictive_fixed:cyclical:5,192.8,154.72,4
1788951928.4916053,serverless_predictive_fixed:cyclical:5,103.3,164.71,4
1788951928.693931,serverless_predictive_fixed:cyclical:5,0.0,164.71,4
1788951928.8966012,serverless_predictive_fixed:cyclical:5,0.0,164.71,4
1788951929.0991197,serverless_predictive_fixed:cyclical:5,0.0,164.71,4
1788951929.3020465,serverless_predictive_fixed:cyclical:5,0.0,164.71,4
1788951929.5045233,serverless_predictive_fixed:cyclical:5,0.0,164.71,4
1788951929.7079291,serverless_predictive_fixed:cyclical:5,0.0,164.71,4
1788951929.910409,serverless_predictive_fixed:cyclical:5,0.0,164.71,4
1788951930.1140573,serverless_predictive_fixed:cyclical:5,4.9,164.71,4
1788951930.3165429,serverless_predictive_fixed:cyclical:5,0.0,164.71,4
1788951930.519492,serverless_predictive_fixed:cyclical:5,0.0,164.71,4
1788951930.7240357,serverless_predictive_fixed:cyclical:5,0.0,164.71,4
1788951930.92656,serverless_predictive_fixed:cyclical:5,0.0,164.71,4
1788951931.1293714,serverless_predictive_fixed:cyclical:5,4.9,164.71,4
1788951931.3331125,serverless_predictive_fixed:cyclical:5,4.9,164.71,4
1788951931.5363674,serverless_predictive_fixed:cyclical:5,0.0,164.71,4
1788951931.7389452,serverless_predictive_fixed:cyclical:5,0.0,164.71,4
1788951931.9415016,serverless_predictive_fixed:cyclical:5,4.9,164.71,4
1788951932.1440518,serverless_predictive_fixed:cyclical:5,0.0,164.71,4
1788951932.346521,serverless_predictive_fixed:cyclical:5,4.9,164.71,4
1788951932.5492873,serverless_predictive_fixed:cyclical:5,0.0,164.71,4
1788951932.7519078,serverless_predictive_fixed:cyclical:5,0.0,164.71,4
1788951932.9543533,serverless_predictive_fixed:cyclical:5,0.0,164.71,4
1788951933.1582267,serverless_predictive_fixed:cyclical:5,0.0,164.71,4
1788951933.3608708,serverless_predictive_fixed:cyclical:5,0.0,164.71,4
1788951933.5631685,serverless_predictive_fixed:cyclical:5,0.0,164.72,4
1788951933.7655327,serverless_predictive_fixed:cyclical:5,0.0,164.72,4
1788951933.968099,serverless_predictive_fixed:cyclical:5,4.9,164.72,4
1788951934.170781,serverless_predictive_fixed:cyclical:5,0.0,164.72,4
1788951934.3732297,serverless_predictive_fixed:cyclical:5,0.0,164.72,4
1788951934.5757143,serverless_predictive_fixed:cyclical:5,4.9,164.79,4
1788951934.7779627,serverless_predictive_fixed:cyclical:5,0.0,122.2,3
1788951934.9802077,serverless_predictive_fixed:cyclical:5,0.0,79.62,2
1788951935.1826496,serverless_predictive_fixed:cyclical:5,0.0,37.12,1
1788951935.3847315,serverless_predictive_fixed:cyclical:5,0.0,37.12,1
1788951935.5866616,serverless_predictive_fixed:cyclical:5,0.0,37.12,1
1788951935.7887225,serverless_predictive_fixed:cyclical:5,0.0,37.12,1
1788951935.9908617,serverless_predictive_fixed:cyclical:5,0.0,37.12,1
1788951936.1929324,serverless_predictive_fixed:cyclical:5,0.0,37.12,1
1788951936.3953562,serverless_predictive_fixed:cyclical:5,0.0,37.12,1
1788951936.5973353,serverless_predictive_fixed:cyclical:5,5.0,37.12,1
1788951936.799337,serverless_predictive_fixed:cyclical:5,0.0,37.12,1
1788951937.0011985,serverless_predictive_fixed:cyclical:5,0.0,37.12,1
1788951937.203734,serverless_predictive_fixed:cyclical:5,0.0,37.12,1
1788951937.406107,serverless_predictive_fixed:cyclical:5,0.0,37.12,1
1788951937.6087098,serverless_predictive_fixed:cyclical:5,0.0,37.12,1
1788951937.8200476,serverless_predictive_fixed:cyclical:5,9.5,106.07,4
1788951938.0223074,serverless_predictive_fixed:cyclical:5,197.7,137.43,4
1788951938.2246134,serverless_predictive_fixed:cyclical:5,192.7,150.42,4
1788951938.426991,serverless_predictive_fixed:cyclical:5,173.0,162.93,4
1788951938.6296296,serverless_predictive_fixed:cyclical:5,29.6,165.06,4
1788951938.8321128,serverless_predictive_fixed:cyclical:5,0.0,165.06,4
1788951939.0342467,serverless_predictive_fixed:cyclical:5,0.0,165.06,4
1788951939.236595,serverless_predictive_fixed:cyclical:5,0.0,165.06,4
1788951939.438774,serverless_predictive_fixed:cyclical:5,0.0,165.06,4
1788951939.6409755,serverless_predictive_fixed:cyclical:5,0.0,165.06,4
1788951939.8434231,serverless_predictive_fixed:cyclical:5,0.0,165.06,4
1788951940.0461588,serverless_predictive_fixed:cyclical:5,0.0,165.06,4
1788951940.2485244,serverless_predictive_fixed:cyclical:5,0.0,165.06,4
1788951940.4516163,serverless_predictive_fixed:cyclical:5,4.9,165.06,4
1788951940.6540568,serverless_predictive_fixed:cyclical:5,0.0,165.06,4
1788951940.856495,serverless_predictive_fixed:cyclical:5,0.0,165.06,4
1788951941.0588534,serverless_predictive_fixed:cyclical:5,0.0,165.06,4
1788951941.2613194,serverless_predictive_fixed:cyclical:5,0.0,165.06,4
1788951941.4648888,serverless_predictive_fixed:cyclical:5,0.0,165.06,4
1788951941.66875,serverless_predictive_fixed:cyclical:5,0.0,165.06,4
1788951941.8714733,serverless_predictive_fixed:cyclical:5,4.9,165.06,4
1788951942.0745234,serverless_predictive_fixed:cyclical:5,4.9,165.06,4
1788951942.2771032,serverless_predictive_fixed:cyclical:5,0.0,165.06,4
1788951942.4796438,serverless_predictive_fixed:cyclical:5,4.9,165.06,4
1788951942.6817966,serverless_predictive_fixed:cyclical:5,0.0,165.06,4
1788951942.8848655,serverless_predictive_fixed:cyclical:5,0.0,165.06,4
1788951943.0885913,serverless_predictive_fixed:cyclical:5,0.0,165.06,4
1788951943.291272,serverless_predictive_fixed:cyclical:5,0.0,165.06,4
1788951943.4934294,serverless_predictive_fixed:cyclical:5,0.0,165.06,4
1788951943.696128,serverless_predictive_fixed:cyclical:5,0.0,165.06,4
1788951943.8997357,serverless_predictive_fixed:cyclical:5,0.0,165.06,4
1788951944.1026502,serverless_predictive_fixed:cyclical:5,0.0,165.06,4
1788951944.3051136,serverless_predictive_fixed:cyclical:5,0.0,165.06,4
1788951944.507568,serverless_predictive_fixed:cyclical:5,0.0,165.06,4
1788951944.7098606,serverless_predictive_fixed:cyclical:5,0.0,165.06,4
1788951944.9123194,serverless_predictive_fixed:cyclical:5,0.0,122.51,4
1788951945.1145778,serverless_predictive_fixed:cyclical:5,0.0,79.8,2
1788951945.3167782,serverless_predictive_fixed:cyclical:5,4.9,37.25,1
1788951945.519999,serverless_predictive_fixed:cyclical:5,0.0,37.25,1
1788951945.7220592,serverless_predictive_fixed:cyclical:5,0.0,37.25,1
1788951945.92485,serverless_predictive_fixed:cyclical:5,0.0,37.25,1
1788951946.1268923,serverless_predictive_fixed:cyclical:5,0.0,37.25,1
1788951946.3288841,serverless_predictive_fixed:cyclical:5,0.0,37.25,1
1788951946.5309393,serverless_predictive_fixed:cyclical:5,0.0,37.25,1
1788951946.7380219,serverless_predictive_fixed:cyclical:5,4.8,60.73,4
1788951946.9402316,serverless_predictive_fixed:cyclical:5,192.8,116.14,4
1788951947.1423216,serverless_predictive_fixed:cyclical:5,197.9,139.96,4
1788951947.348777,serverless_predictive_fixed:cyclical:5,198.7,152.52,4
1788951947.5522947,serverless_predictive_fixed:cyclical:5,167.0,165.08,4
1788951947.7546787,serverless_predictive_fixed:cyclical:5,0.0,165.08,4
1788951947.9571846,serverless_predictive_fixed:cyclical:5,0.0,165.08,4
1788951948.1595821,serverless_predictive_fixed:cyclical:5,0.0,165.08,4
1788951948.3622246,serverless_predictive_fixed:cyclical:5,0.0,165.08,4
1788951948.5651324,serverless_predictive_fixed:cyclical:5,0.0,165.08,4
1788951948.767499,serverless_predictive_fixed:cyclical:5,4.9,165.08,4
1788951948.9698374,serverless_predictive_fixed:cyclical:5,0.0,165.08,4
1788951949.1728442,serverless_predictive_fixed:cyclical:5,0.0,165.08,4
1788951949.3754988,serverless_predictive_fixed:cyclical:5,0.0,165.08,4
1788951949.5779917,serverless_predictive_fixed:cyclical:5,0.0,165.08,4
1788951949.7810395,serverless_predictive_fixed:cyclical:5,0.0,165.08,4
1788951949.9841537,serverless_predictive_fixed:cyclical:5,0.0,165.08,4
1788951950.1880486,serverless_predictive_fixed:cyclical:5,0.0,165.08,4
1788951950.3909867,serverless_predictive_fixed:cyclical:5,4.9,165.08,4
1788951950.5949204,serverless_predictive_fixed:cyclical:5,0.0,165.08,4
1788951950.797784,serverless_predictive_fixed:cyclical:5,0.0,165.08,4
1788951951.000666,serverless_predictive_fixed:cyclical:5,0.0,165.08,4
1788951951.2031152,serverless_predictive_fixed:cyclical:5,4.9,165.08,4
1788951951.4055266,serverless_predictive_fixed:cyclical:5,0.0,165.08,4
1788951951.607998,serverless_predictive_fixed:cyclical:5,0.0,165.08,4
1788951951.8104548,serverless_predictive_fixed:cyclical:5,4.9,165.08,4
1788951952.0130258,serverless_predictive_fixed:cyclical:5,0.0,165.08,4
1788951952.2159135,serverless_predictive_fixed:cyclical:5,4.9,165.08,4
1788951952.4184694,serverless_predictive_fixed:cyclical:5,0.0,165.08,4
1788951952.6211026,serverless_predictive_fixed:cyclical:5,0.0,165.08,4
1788951952.8237286,serverless_predictive_fixed:cyclical:5,0.0,165.08,4
1788951953.0262496,serverless_predictive_fixed:cyclical:5,0.0,165.08,4
1788951953.22885,serverless_predictive_fixed:cyclical:5,0.0,165.08,4
1788951953.4313912,serverless_predictive_fixed:cyclical:5,0.0,165.08,4
1788951953.633904,serverless_predictive_fixed:cyclical:5,0.0,165.08,4
1788951953.8365295,serverless_predictive_fixed:cyclical:5,0.0,122.46,3
1788951954.0388994,serverless_predictive_fixed:cyclical:5,4.9,79.88,2
1788951954.2420208,serverless_predictive_fixed:cyclical:5,4.9,37.31,1
1788951954.4448786,serverless_predictive_fixed:cyclical:5,0.0,37.31,1
1788951954.6468022,serverless_predictive_fixed:cyclical:5,0.0,37.31,1
1788951954.8489916,serverless_predictive_fixed:cyclical:5,0.0,37.31,1
1788951955.05095,serverless_predictive_fixed:cyclical:5,0.0,37.31,1
1788951955.2529213,serverless_predictive_fixed:cyclical:5,0.0,37.31,1
1788951955.4549186,serverless_predictive_fixed:cyclical:5,0.0,37.31,1
1788951955.6569076,serverless_predictive_fixed:cyclical:5,0.0,37.31,1
1788951955.858847,serverless_predictive_fixed:cyclical:5,0.0,37.31,1
1788951956.0613108,serverless_predictive_fixed:cyclical:5,0.0,37.31,1
1788951956.2634907,serverless_predictive_fixed:cyclical:5,0.0,37.31,1
1788951956.4654515,serverless_predictive_fixed:cyclical:5,0.0,37.31,1
1788951956.668478,serverless_predictive_fixed:cyclical:5,0.0,63.99,4
1788951956.873019,serverless_predictive_fixed:cyclical:5,190.7,121.36,4
1788951957.07516,serverless_predictive_fixed:cyclical:5,197.9,142.5,4
1788951957.2779257,serverless_predictive_fixed:cyclical:5,192.3,156.42,4
1788951957.480477,serverless_predictive_fixed:cyclical:5,113.6,165.04,4
1788951957.682854,serverless_predictive_fixed:cyclical:5,0.0,165.04,4
1788951957.8851223,serverless_predictive_fixed:cyclical:5,0.0,165.04,4
1788951958.0877955,serverless_predictive_fixed:cyclical:5,0.0,165.04,4
1788951958.2900825,serverless_predictive_fixed:cyclical:5,0.0,165.04,4
1788951958.4923873,serverless_predictive_fixed:cyclical:5,0.0,165.04,4
1788951958.6946435,serverless_predictive_fixed:cyclical:5,4.9,165.04,4
1788951958.8971143,serverless_predictive_fixed:cyclical:5,4.9,165.04,4
1788951959.0996423,serverless_predictive_fixed:cyclical:5,0.0,165.04,4
1788951959.3019633,serverless_predictive_fixed:cyclical:5,0.0,165.04,4
1788951959.5046663,serverless_predictive_fixed:cyclical:5,0.0,165.04,4
1788951959.7069044,serverless_predictive_fixed:cyclical:5,0.0,165.04,4
1788951959.9100134,serverless_predictive_fixed:cyclical:5,4.9,165.04,4
1788951960.112312,serverless_predictive_fixed:cyclical:5,0.0,165.04,4
1788951960.314475,serverless_predictive_fixed:cyclical:5,0.0,165.04,4
1788951960.5171804,serverless_predictive_fixed:cyclical:5,0.0,165.04,4
1788951960.7194552,serverless_predictive_fixed:cyclical:5,0.0,165.04,4
1788951960.9216688,serverless_predictive_fixed:cyclical:5,0.0,165.04,4
1788951961.1244135,serverless_predictive_fixed:cyclical:5,0.0,165.04,4
1788951961.3273537,serverless_predictive_fixed:cyclical:5,0.0,165.04,4
1788951961.5295827,serverless_predictive_fixed:cyclical:5,0.0,165.04,4
1788951961.7318673,serverless_predictive_fixed:cyclical:5,4.9,165.04,4
1788951961.9343762,serverless_predictive_fixed:cyclical:5,0.0,165.04,4
1788951962.1367142,serverless_predictive_fixed:cyclical:5,4.9,165.04,4
1788951962.3390427,serverless_predictive_fixed:cyclical:5,0.0,165.04,4
1788951962.541191,serverless_predictive_fixed:cyclical:5,0.0,165.04,4
1788951962.7444897,serverless_predictive_fixed:cyclical:5,0.0,165.04,4
1788951962.9480782,serverless_predictive_fixed:cyclical:5,0.0,165.04,4
1788951963.151874,serverless_predictive_fixed:cyclical:5,0.0,165.04,4
1788951963.3544466,serverless_predictive_fixed:cyclical:5,0.0,165.04,4
1788951963.5567455,serverless_predictive_fixed:cyclical:5,0.0,165.04,4
1788951963.7602208,serverless_predictive_fixed:cyclical:5,4.9,122.49,3
1788951963.9623106,serverless_predictive_fixed:cyclical:5,0.0,79.97,2
1788951964.1643677,serverless_predictive_fixed:cyclical:5,0.0,37.32,1
1788951964.3662639,serverless_predictive_fixed:cyclical:5,5.0,37.32,1
1788951964.568223,serverless_predictive_fixed:cyclical:5,0.0,37.32,1
1788951964.7700748,serverless_predictive_fixed:cyclical:5,0.0,37.32,1
1788951964.9720979,serverless_predictive_fixed:cyclical:5,0.0,37.32,1
1788951965.174009,serverless_predictive_fixed:cyclical:5,0.0,37.32,1
1788951965.3790448,serverless_predictive_fixed:cyclical:5,0.0,37.32,1
1788951965.5813408,serverless_predictive_fixed:cyclical:5,0.0,37.32,1
1788951965.7840278,serverless_predictive_fixed:cyclical:5,0.0,37.32,1
1788951965.9870374,serverless_predictive_fixed:cyclical:5,4.9,107.93,4
1788951966.1930482,serverless_predictive_fixed:cyclical:5,199.0,136.82,4
1788951966.396227,serverless_predictive_fixed:cyclical:5,196.9,154.24,4
