t,label,cpu_pct_sum,rss_mb_sum,n_procs,idle_timeout_s
1788963105.6644747,serverless_reactive:cyclical:0,0.0,36.57,1,8.0
1788963105.8667567,serverless_reactive:cyclical:0,0.0,36.57,1,8.0
1788963106.068976,serverless_reactive:cyclical:0,0.0,36.57,1,8.0
1788963106.2712002,serverless_reactive:cyclical:0,0.0,36.57,1,8.0
1788963106.4730794,serverless_reactive:cyclical:0,0.0,36.57,1,8.0
1788963106.6758175,serverless_reactive:cyclical:0,0.0,36.57,1,8.0
1788963106.8777199,serverless_reactive:cyclical:0,0.0,36.57,1,8.0
1788963107.0796387,serverless_reactive:cyclical:0,5.0,36.57,1,8.0
1788963107.2815943,serverless_reactive:cyclical:0,0.0,36.57,1,8.0
1788963107.4833572,serverless_reactive:cyclical:0,0.0,36.57,1,8.0
1788963107.685206,serverless_reactive:cyclical:0,0.0,36.57,1,8.0
1788963107.887178,serverless_reactive:cyclical:0,0.0,36.57,1,8.0
1788963108.0888824,serverless_reactive:cyclical:0,0.0,36.57,1,8.0
1788963108.2905366,serverless_reactive:cyclical:0,0.0,36.57,1,8.0
1788963108.492734,serverless_reactive:cyclical:0,0.0,36.57,1,8.0
1788963108.6944818,serverless_reactive:cyclical:0,0.0,36.57,1,8.0
1788963108.8961134,serverless_reactive:cyclical:0,0.0,36.57,1,8.0
1788963109.0978518,serverless_reactive:cyclical:0,0.0,36.57,1,8.0
1788963109.2997127,serverless_reactive:cyclical:0,0.0,36.57,1,8.0
1788963109.5014572,serverless_reactive:cyclical:0,0.0,36.57,1,8.0
1788963109.7032466,serverless_reactive:cyclical:0,0.0,36.57,1,8.0
1788963109.9051926,serverless_reactive:cyclical:0,0.0,36.57,1,8.0
1788963110.1068556,serverless_reactive:cyclical:0,0.0,36.57,1,8.0
1788963110.3093429,serverless_reactive:cyclical:0,0.0,36.57,1,8.0
1788963110.5110636,serverless_reactive:cyclical:0,0.0,36.57,1,8.0
1788963110.712911,serverless_reactive:cyclical:0,0.0,36.57,1,8.0
1788963110.9147007,serverless_reactive:cyclical:0,0.0,36.57,1,8.0
1788963111.1164877,serverless_reactive:cyclical:0,0.0,36.57,1,8.0
1788963111.318367,serverless_reactive:cyclical:0,0.0,36.57,1,8.0
1788963111.5201254,serverless_reactive:cyclical:0,0.0,36.57,1,8.0
1788963111.7220566,serverless_reactive:cyclical:0,0.0,36.57,1,8.0
1788963111.9237309,serverless_reactive:cyclical:0,0.0,36.57,1,8.0
1788963112.1255755,serverless_reactive:cyclical:0,0.0,36.57,1,8.0
1788963112.3280945,serverless_reactive:cyclical:0,0.0,36.57,1,8.0
1788963112.5307233,serverless_reactive:cyclical:0,0.0,36.57,1,8.0
1788963112.7332985,serverless_reactive:cyclical:0,0.0,36.57,1,8.0
1788963112.9356763,serverless_reactive:cyclical:0,0.0,36.57,1,8.0
1788963113.1381521,serverless_reactive:cyclical:0,0.0,36.57,1,8.0
1788963113.3398006,serverless_reactive:cyclical:0,0.0,36.57,1,8.0
1788963113.5422564,serverless_reactive:cyclical:0,0.0,36.57,1,8.0
1788963113.7446547,serverless_reactive:cyclical:0,0.0,36.57,1,8.0
1788963113.946441,serverless_reactive:cyclical:0,0.0,36.57,1,8.0
1788963114.1484675,serverless_reactive:cyclical:0,0.0,36.57,1,8.0
1788963114.3510225,serverless_reactive:cyclical:0,0.0,36.57,1,8.0
1788963114.552822,serverless_reactive:cyclical:0,0.0,36.57,1,8.0
1788963114.7545037,serverless_reactive:cyclical:0,0.0,36.57,1,8.0
1788963114.9562554,serverless_reactive:cyclical:0,0.0,36.57,1,8.0
1788963115.1580055,serverless_reactive:cyclical:0,0.0,36.57,1,8.0
1788963115.359652,serverless_reactive:cyclical:0,0.0,36.57,1,8.0
1788963115.563072,serverless_reactive:cyclical:0,4.9,61.92,4,8.0
1788963115.7647529,serverless_reactive:cyclical:0,198.3,122.95,4,8.0
1788963115.9707556,serverless_reactive:cyclical:0,194.2,148.17,4,8.0
1788963116.1744027,serverless_reactive:cyclical:0,186.6,164.7,4,8.0
1788963116.377008,serverless_reactive:cyclical:0,9.8,164.85,4,8.0
1788963116.5790048,serverless_reactive:cyclical:0,0.0,164.85,4,8.0
1788963116.780999,serverless_reactive:cyclical:0,0.0,164.85,4,8.0
1788963116.9829905,serverless_reactive:cyclical:0,0.0,164.85,4,8.0
1788963117.186213,serverless_reactive:cyclical:0,0.0,164.85,4,8.0
1788963117.388383,serverless_reactive:cyclical:0,0.0,164.85,4,8.0
1788963117.5906484,serverless_reactive:cyclical:0,4.9,164.85,4,8.0
1788963117.7927184,serverless_reactive:cyclical:0,0.0,164.85,4,8.0
1788963117.9947336,serverless_reactive:cyclical:0,4.9,164.85,4,8.0
1788963118.1968489,serverless_reactive:cyclical:0,0.0,164.85,4,8.0
1788963118.398953,serverless_reactive:cyclical:0,0.0,164.85,4,8.0
1788963118.6010478,serverless_reactive:cyclical:0,0.0,164.85,4,8.0
1788963118.8029578,serverless_reactive:cyclical:0,0.0,164.85,4,8.0
1788963119.0050163,serverless_reactive:cyclical:0,0.0,164.85,4,8.0
1788963119.206937,serverless_reactive:cyclical:0,0.0,164.85,4,8.0
1788963119.4088068,serverless_reactive:cyclical:0,0.0,164.85,4,8.0
1788963119.6107826,serverless_reactive:cyclical:0,0.0,164.85,4,8.0
1788963119.8130553,serverless_reactive:cyclical:0,0.0,164.85,4,8.0
1788963120.0149653,serverless_reactive:cyclical:0,0.0,164.85,4,8.0
1788963120.2171702,serverless_reactive:cyclical:0,0.0,164.85,4,8.0
1788963120.4190755,serverless_reactive:cyclical:0,0.0,164.85,4,8.0
1788963120.620932,serverless_reactive:cyclical:0,0.0,164.85,4,8.0
1788963120.82292,serverless_reactive:cyclical:0,0.0,164.85,4,8.0
1788963121.0256264,serverless_reactive:cyclical:0,0.0,164.85,4,8.0
1788963121.227916,serverless_reactive:cyclical:0,0.0,164.85,4,8.0
1788963121.4298134,serverless_reactive:cyclical:0,5.0,164.85,4,8.0
1788963121.6316705,serverless_reactive:cyclical:0,0.0,164.85,4,8.0
1788963121.8338213,serverless_reactive:cyclical:0,0.0,164.85,4,8.0
1788963122.0356371,serverless_reactive:cyclical:0,0.0,164.85,4,8.0
1788963122.2377439,serverless_reactive:cyclical:0,4.9,164.85,4,8.0
1788963122.439723,serverless_reactive:cyclical:0,0.0,164.85,4,8.0
1788963122.6416483,serverless_reactive:cyclical:0,0.0,164.85,4,8.0
1788963122.8434424,serverless_reactive:cyclical:0,0.0,164.85,4,8.0
1788963123.045454,serverless_reactive:cyclical:0,0.0,164.85,4,8.0
1788963123.2481132,serverless_reactive:cyclical:0,9.8,164.85,4,8.0
1788963123.4501462,serverless_reactive:cyclical:0,0.0,164.85,4,8.0
1788963123.6522584,serverless_reactive:cyclical:0,0.0,164.85,4,8.0
1788963123.8542,serverless_reactive:cyclical:0,0.0,164.85,4,8.0
1788963124.056753,serverless_reactive:cyclical:0,0.0,164.85,4,8.0
1788963124.258721,serverless_reactive:cyclical:0,0.0,164.85,4,8.0
1788963124.4606047,serverless_reactive:cyclical:0,0.0,164.92,4,8.0
1788963124.6695452,serverless_reactive:cyclical:0,228.4,180.62,6,8.0
1788963124.8715055,serverless_reactive:cyclical:0,197.9,174.49,5,8.0
1788963125.077661,serverless_reactive:cyclical:0,194.2,148.3,4,8.0
1788963125.2812054,serverless_reactive:cyclical:0,201.3,164.75,4,8.0
1788963125.4842424,serverless_reactive:cyclical:0,4.9,164.76,4,8.0
1788963125.6865754,serverless_reactive:cyclical:0,0.0,164.76,4,8.0
1788963125.8884788,serverless_reactive:cyclical:0,0.0,164.76,4,8.0
1788963126.0905795,serverless_reactive:cyclical:0,0.0,164.76,4,8.0
1788963126.2925055,serverless_reactive:cyclical:0,5.0,164.76,4,8.0
1788963126.494405,serverless_reactive:cyclical:0,5.0,164.76,4,8.0
1788963126.696387,serverless_reactive:cyclical:0,0.0,164.76,4,8.0
1788963126.8987403,serverless_reactive:cyclical:0,0.0,164.76,4,8.0
1788963127.1006384,serverless_reactive:cyclical:0,0.0,164.76,4,8.0
1788963127.3026361,serverless_reactive:cyclical:0,0.0,164.76,4,8.0
1788963127.5047169,serverless_reactive:cyclical:0,0.0,164.76,4,8.0
1788963127.7072196,serverless_reactive:cyclical:0,0.0,164.76,4,8.0
1788963127.9091887,serverless_reactive:cyclical:0,0.0,164.76,4,8.0
1788963128.1111875,serverless_reactive:cyclical:0,0.0,164.76,4,8.0
1788963128.3132567,serverless_reactive:cyclical:0,4.9,164.76,4,8.0
1788963128.5152657,serverless_reactive:cyclical:0,0.0,164.76,4,8.0
1788963128.7174048,serverless_reactive:cyclical:0,0.0,164.76,4,8.0
1788963128.9196446,serverless_reactive:cyclical:0,4.9,164.76,4,8.0
1788963129.1217182,serverless_reactive:cyclical:0,0.0,164.76,4,8.0
1788963129.3236532,serverless_reactive:cyclical:0,0.0,164.76,4,8.0
1788963129.5259054,serverless_reactive:cyclical:0,0.0,164.76,4,8.0
1788963129.7279534,serverless_reactive:cyclical:0,0.0,164.76,4,8.0
1788963129.930399,serverless_reactive:cyclical:0,0.0,164.76,4,8.0
1788963130.1323323,serverless_reactive:cyclical:0,0.0,164.76,4,8.0
1788963130.3342466,serverless_reactive:cyclical:0,0.0,164.76,4,8.0
1788963130.5361052,serverless_reactive:cyclical:0,5.0,164.76,4,8.0
1788963130.7380188,serverless_reactive:cyclical:0,0.0,164.76,4,8.0
1788963130.9401286,serverless_reactive:cyclical:0,0.0,164.76,4,8.0
1788963131.1420815,serverless_reactive:cyclical:0,0.0,164.76,4,8.0
1788963131.3442147,serverless_reactive:cyclical:0,0.0,164.76,4,8.0
1788963131.5463634,serverless_reactive:cyclical:0,0.0,164.76,4,8.0
1788963131.7482526,serverless_reactive:cyclical:0,0.0,164.76,4,8.0
1788963131.950295,serverless_reactive:cyclical:0,0.0,164.76,4,8.0
1788963132.1521876,serverless_reactive:cyclical:0,0.0,164.76,4,8.0
1788963132.3542228,serverless_reactive:cyclical:0,0.0,164.76,4,8.0
1788963132.5561602,serverless_reactive:cyclical:0,0.0,164.76,4,8.0
1788963132.7587807,serverless_reactive:cyclical:0,0.0,164.76,4,8.0
1788963132.9607873,serverless_reactive:cyclical:0,0.0,164.76,4,8.0
1788963133.1628788,serverless_reactive:cyclical:0,4.9,164.76,4,8.0
1788963133.3648734,serverless_reactive:cyclical:0,0.0,164.76,4,8.0
1788963133.5668342,serverless_reactive:cyclical:0,0.0,164.76,4,8.0
1788963133.7688336,serverless_reactive:cyclical:0,0.0,122.26,3,8.0
1788963133.9706519,serverless_reactive:cyclical:0,0.0,79.76,2,8.0
1788963134.1723819,serverless_reactive:cyclical:0,5.0,37.2,1,8.0
1788963134.3821273,serverless_reactive:cyclical:0,4.8,113.38,4,8.0
1788963134.5899284,serverless_reactive:cyclical:0,206.9,146.93,4,8.0
1788963134.794595,serverless_reactive:cyclical:0,185.6,161.75,4,8.0
1788963134.9973626,serverless_reactive:cyclical:0,34.4,165.14,4,8.0
1788963135.1992812,serverless_reactive:cyclical:0,0.0,165.14,4,8.0
1788963135.4010782,serverless_reactive:cyclical:0,0.0,165.14,4,8.0
1788963135.6030748,serverless_reactive:cyclical:0,5.0,165.14,4,8.0
1788963135.8050475,serverless_reactive:cyclical:0,0.0,165.14,4,8.0
1788963136.0081232,serverless_reactive:cyclical:0,0.0,165.14,4,8.0
1788963136.210088,serverless_reactive:cyclical:0,0.0,165.14,4,8.0
1788963136.4119449,serverless_reactive:cyclical:0,0.0,165.14,4,8.0
1788963136.614262,serverless_reactive:cyclical:0,0.0,165.14,4,8.0
1788963136.8162074,serverless_reactive:cyclical:0,0.0,165.14,4,8.0
1788963137.0183687,serverless_reactive:cyclical:0,4.9,165.14,4,8.0
1788963137.220328,serverless_reactive:cyclical:0,0.0,165.14,4,8.0
1788963137.4223957,serverless_reactive:cyclical:0,0.0,165.14,4,8.0
1788963137.6243927,serverless_reactive:cyclical:0,0.0,165.14,4,8.0
1788963137.8265207,serverless_reactive:cyclical:0,0.0,165.14,4,8.0
1788963138.0285408,serverless_reactive:cyclical:0,0.0,165.14,4,8.0
1788963138.2308416,serverless_reactive:cyclical:0,0.0,165.14,4,8.0
1788963138.4328215,serverless_reactive:cyclical:0,0.0,165.14,4,8.0
1788963138.6351583,serverless_reactive:cyclical:0,0.0,165.14,4,8.0
1788963138.8369853,serverless_reactive:cyclical:0,0.0,165.14,4,8.0
1788963139.0393581,serverless_reactive:cyclical:0,0.0,165.14,4,8.0
1788963139.2414474,serverless_reactive:cyclical:0,0.0,165.14,4,8.0
1788963139.4433537,serverless_reactive:cyclical:0,5.0,165.14,4,8.0
1788963139.6452594,serverless_reactive:cyclical:0,0.0,165.14,4,8.0
1788963139.847294,serverless_reactive:cyclical:0,0.0,165.14,4,8.0
1788963140.0493689,serverless_reactive:cyclical:0,4.9,165.14,4,8.0
1788963140.25126,serverless_reactive:cyclical:0,0.0,165.14,4,8.0
1788963140.4534395,serverless_reactive:cyclical:0,0.0,165.14,4,8.0
1788963140.6552262,serverless_reactive:cyclical:0,0.0,165.14,4,8.0
1788963140.8570724,serverless_reactive:cyclical:0,0.0,165.14,4,8.0
1788963141.0590837,serverless_reactive:cyclical:0,0.0,165.14,4,8.0
1788963141.260994,serverless_reactive:cyclical:0,0.0,165.14,4,8.0
1788963141.4628534,serverless_reactive:cyclical:0,5.0,165.14,4,8.0
1788963141.6648211,serverless_reactive:cyclical:0,0.0,165.14,4,8.0
1788963141.8670943,serverless_reactive:cyclical:0,0.0,165.14,4,8.0
1788963142.0692556,serverless_reactive:cyclical:0,0.0,165.14,4,8.0
1788963142.2710826,serverless_reactive:cyclical:0,0.0,165.14,4,8.0
1788963142.4729164,serverless_reactive:cyclical:0,0.0,165.14,4,8.0
1788963142.6748736,serverless_reactive:cyclical:0,5.0,165.14,4,8.0
1788963142.8769329,serverless_reactive:cyclical:0,4.9,165.14,4,8.0
1788963143.0786157,serverless_reactive:cyclical:0,0.0,165.14,4,8.0
1788963143.2805562,serverless_reactive:cyclical:0,0.0,122.45,3,8.0
1788963143.4869015,serverless_reactive:cyclical:0,4.8,138.07,5,8.0
1788963143.6886566,serverless_reactive:cyclical:0,178.5,139.13,4,8.0
1788963143.8946862,serverless_reactive:cyclical:0,203.9,152.46,4,8.0
1788963144.0970404,serverless_reactive:cyclical:0,148.2,163.4,4,8.0
1788963144.298804,serverless_reactive:cyclical:0,19.9,165.06,4,8.0
1788963144.5007558,serverless_reactive:cyclical:0,0.0,165.06,4,8.0
1788963144.7028944,serverless_reactive:cyclical:0,0.0,165.06,4,8.0
1788963144.9049225,serverless_reactive:cyclical:0,0.0,165.06,4,8.0
1788963145.1069586,serverless_reactive:cyclical:0,0.0,165.06,4,8.0
1788963145.3089857,serverless_reactive:cyclical:0,0.0,165.06,4,8.0
1788963145.5110786,serverless_reactive:cyclical:0,0.0,165.06,4,8.0
1788963145.7130759,serverless_reactive:cyclical:0,0.0,165.06,4,8.0
1788963145.9150867,serverless_reactive:cyclical:0,0.0,165.06,4,8.0
1788963146.1176887,serverless_reactive:cyclical:0,0.0,165.06,4,8.0
1788963146.319493,serverless_reactive:cyclical:0,0.0,165.06,4,8.0
1788963146.5214574,serverless_reactive:cyclical:0,0.0,165.06,4,8.0
1788963146.7235718,serverless_reactive:cyclical:0,14.8,165.06,4,8.0
1788963146.9262278,serverless_reactive:cyclical:0,0.0,165.06,4,8.0
1788963147.1288853,serverless_reactive:cyclical:0,0.0,165.06,4,8.0
1788963147.3310876,serverless_reactive:cyclical:0,0.0,165.06,4,8.0
1788963147.5329869,serverless_reactive:cyclical:0,0.0,165.06,4,8.0
1788963147.7348287,serverless_reactive:cyclical:0,0.0,165.06,4,8.0
1788963147.936688,serverless_reactive:cyclical:0,0.0,165.06,4,8.0
1788963148.139094,serverless_reactive:cyclical:0,0.0,165.06,4,8.0
1788963148.3409457,serverless_reactive:cyclical:0,0.0,165.06,4,8.0
1788963148.5429075,serverless_reactive:cyclical:0,5.0,165.06,4,8.0
1788963148.7448068,serverless_reactive:cyclical:0,0.0,165.06,4,8.0
1788963148.946653,serverless_reactive:cyclical:0,0.0,165.06,4,8.0
1788963149.1492639,serverless_reactive:cyclical:0,4.9,165.06,4,8.0
1788963149.3533435,serverless_reactive:cyclical:0,0.0,165.06,4,8.0
1788963149.5555682,serverless_reactive:cyclical:0,0.0,165.06,4,8.0
1788963149.7576993,serverless_reactive:cyclical:0,0.0,165.06,4,8.0
1788963149.9596982,serverless_reactive:cyclical:0,0.0,165.06,4,8.0
1788963150.1617835,serverless_reactive:cyclical:0,0.0,165.06,4,8.0
1788963150.363726,serverless_reactive:cyclical:0,0.0,165.06,4,8.0
1788963150.5656438,serverless_reactive:cyclical:0,0.0,165.06,4,8.0
1788963150.7674298,serverless_reactive:cyclical:0,0.0,165.06,4,8.0
1788963150.9694173,serverless_reactive:cyclical:0,0.0,165.06,4,8.0
1788963151.1712346,serverless_reactive:cyclical:0,0.0,165.06,4,8.0
1788963151.3730319,serverless_reactive:cyclical:0,0.0,165.06,4,8.0
1788963151.574848,serverless_reactive:cyclical:0,0.0,165.06,4,8.0
1788963151.7775662,serverless_reactive:cyclical:0,0.0,165.06,4,8.0
1788963151.9796646,serverless_reactive:cyclical:0,9.8,165.06,4,8.0
1788963152.1818542,serverless_reactive:cyclical:0,0.0,165.06,4,8.0
1788963152.383816,serverless_reactive:cyclical:0,0.0,165.06,4,8.0
1788963152.5856194,serverless_reactive:cyclical:0,0.0,79.88,3,8.0
1788963152.787491,serverless_reactive:cyclical:0,0.0,37.27,1,8.0
1788963152.9896002,serverless_reactive:cyclical:0,0.0,37.27,1,8.0
1788963153.1913471,serverless_reactive:cyclical:0,0.0,37.27,1,8.0
1788963153.3930657,serverless_reactive:cyclical:0,0.0,37.27,1,8.0
1788963153.5948052,serverless_reactive:cyclical:0,0.0,37.27,1,8.0
1788963153.7967093,serverless_reactive:cyclical:0,0.0,37.27,1,8.0
1788963154.000527,serverless_reactive:cyclical:0,4.9,92.79,4,8.0
1788963154.2023857,serverless_reactive:cyclical:0,198.1,135.02,4,8.0
1788963154.4046545,serverless_reactive:cyclical:0,187.8,153.68,4,8.0
1788963155.3660727,serverless_reactive:cyclical:1,0.0,36.71,1,8.0
1788963155.5678315,serverless_reactive:cyclical:1,0.0,36.71,1,8.0
1788963155.7698774,serverless_reactive:cyclical:1,0.0,36.71,1,8.0
1788963155.9718714,serverless_reactive:cyclical:1,0.0,36.71,1,8.0
1788963156.1735148,serverless_reactive:cyclical:1,0.0,36.71,1,8.0
1788963156.3758388,serverless_reactive:cyclical:1,0.0,36.71,1,8.0
1788963156.577638,serverless_reactive:cyclical:1,0.0,36.71,1,8.0
1788963156.7792976,serverless_reactive:cyclical:1,0.0,36.71,1,8.0
1788963156.9812279,serverless_reactive:cyclical:1,0.0,36.71,1,8.0
1788963157.182911,serverless_reactive:cyclical:1,0.0,36.71,1,8.0
1788963157.3852415,serverless_reactive:cyclical:1,0.0,36.71,1,8.0
1788963157.5877974,serverless_reactive:cyclical:1,0.0,36.71,1,8.0
1788963157.7905633,serverless_reactive:cyclical:1,0.0,36.71,1,8.0
1788963157.9923043,serverless_reactive:cyclical:1,0.0,36.71,1,8.0
1788963158.1940553,serverless_reactive:cyclical:1,0.0,36.71,1,8.0
1788963158.3963315,serverless_reactive:cyclical:1,0.0,36.71,1,8.0
1788963158.5980964,serverless_reactive:cyclical:1,0.0,36.71,1,8.0
1788963158.7998836,serverless_reactive:cyclical:1,0.0,36.71,1,8.0
1788963159.0016918,serverless_reactive:cyclical:1,0.0,36.71,1,8.0
1788963159.2033124,serverless_reactive:cyclical:1,0.0,36.71,1,8.0
1788963159.4049313,serverless_reactive:cyclical:1,0.0,36.71,1,8.0
1788963159.606713,serverless_reactive:cyclical:1,0.0,36.71,1,8.0
1788963159.8084328,serverless_reactive:cyclical:1,0.0,36.71,1,8.0
1788963160.0101151,serverless_reactive:cyclical:1,0.0,36.71,1,8.0
1788963160.211857,serverless_reactive:cyclical:1,0.0,36.71,1,8.0
1788963160.4137104,serverless_reactive:cyclical:1,0.0,36.71,1,8.0
1788963160.61544,serverless_reactive:cyclical:1,0.0,36.71,1,8.0
1788963160.8172858,serverless_reactive:cyclical:1,0.0,36.71,1,8.0
1788963161.018914,serverless_reactive:cyclical:1,0.0,36.71,1,8.0
1788963161.2205842,serverless_reactive:cyclical:1,0.0,36.71,1,8.0
1788963161.4223032,serverless_reactive:cyclical:1,0.0,36.71,1,8.0
1788963161.6242106,serverless_reactive:cyclical:1,0.0,36.71,1,8.0
1788963161.825917,serverless_reactive:cyclical:1,0.0,36.71,1,8.0
1788963162.0275402,serverless_reactive:cyclical:1,0.0,36.71,1,8.0
1788963162.229255,serverless_reactive:cyclical:1,0.0,36.71,1,8.0
1788963162.4309042,serverless_reactive:cyclical:1,0.0,36.71,1,8.0
1788963162.6325874,serverless_reactive:cyclical:1,0.0,36.71,1,8.0
1788963162.8343544,serverless_reactive:cyclical:1,0.0,36.71,1,8.0
1788963163.0364287,serverless_reactive:cyclical:1,0.0,36.71,1,8.0
1788963163.2381258,serverless_reactive:cyclical:1,0.0,36.71,1,8.0
1788963163.439731,serverless_reactive:cyclical:1,0.0,36.71,1,8.0
1788963163.6414912,serverless_reactive:cyclical:1,0.0,36.71,1,8.0
1788963163.8502269,serverless_reactive:cyclical:1,9.6,114.84,4,8.0
1788963164.0589006,serverless_reactive:cyclical:1,206.1,146.73,4,8.0
1788963164.2604926,serverless_reactive:cyclical:1,183.6,164.13,4,8.0
1788963164.464536,serverless_reactive:cyclical:1,14.7,164.82,4,8.0
1788963164.6665027,serverless_reactive:cyclical:1,0.0,164.82,4,8.0
1788963164.868392,serverless_reactive:cyclical:1,0.0,164.82,4,8.0
1788963165.0704703,serverless_reactive:cyclical:1,0.0,164.82,4,8.0
1788963165.272936,serverless_reactive:cyclical:1,0.0,164.82,4,8.0
1788963165.4747765,serverless_reactive:cyclical:1,0.0,164.82,4,8.0
1788963165.6765983,serverless_reactive:cyclical:1,0.0,164.82,4,8.0
1788963165.878801,serverless_reactive:cyclical:1,0.0,164.82,4,8.0
1788963166.0807023,serverless_reactive:cyclical:1,0.0,164.82,4,8.0
1788963166.2826345,serverless_reactive:cyclical:1,0.0,164.82,4,8.0
1788963166.484452,serverless_reactive:cyclical:1,0.0,164.82,4,8.0
1788963166.6863735,serverless_reactive:cyclical:1,5.0,164.82,4,8.0
1788963166.88826,serverless_reactive:cyclical:1,0.0,164.82,4,8.0
1788963167.0907013,serverless_reactive:cyclical:1,0.0,164.82,4,8.0
1788963167.29281,serverless_reactive:cyclical:1,0.0,164.82,4,8.0
1788963167.49474,serverless_reactive:cyclical:1,0.0,164.82,4,8.0
1788963167.6966896,serverless_reactive:cyclical:1,0.0,164.82,4,8.0
1788963167.8986783,serverless_reactive:cyclical:1,0.0,164.82,4,8.0
1788963168.1005309,serverless_reactive:cyclical:1,0.0,164.82,4,8.0
1788963168.3031137,serverless_reactive:cyclical:1,0.0,164.82,4,8.0
1788963168.504977,serverless_reactive:cyclical:1,5.0,164.82,4,8.0
1788963168.7068853,serverless_reactive:cyclical:1,5.0,164.82,4,8.0
1788963168.9090135,serverless_reactive:cyclical:1,0.0,164.82,4,8.0
1788963169.1109176,serverless_reactive:cyclical:1,0.0,164.82,4,8.0
1788963169.3127952,serverless_reactive:cyclical:1,0.0,164.82,4,8.0
1788963169.514704,serverless_reactive:cyclical:1,0.0,164.82,4,8.0
1788963169.7166128,serverless_reactive:cyclical:1,0.0,164.82,4,8.0
1788963169.918523,serverless_reactive:cyclical:1,0.0,164.82,4,8.0
1788963170.1204417,serverless_reactive:cyclical:1,0.0,164.82,4,8.0
1788963170.3225193,serverless_reactive:cyclical:1,0.0,164.82,4,8.0
1788963170.524397,serverless_reactive:cyclical:1,0.0,164.82,4,8.0
1788963170.7263463,serverless_reactive:cyclical:1,0.0,164.82,4,8.0
1788963170.9281886,serverless_reactive:cyclical:1,5.0,164.82,4,8.0
1788963171.1303535,serverless_reactive:cyclical:1,0.0,164.82,4,8.0
1788963171.3327394,serverless_reactive:cyclical:1,0.0,164.82,4,8.0
1788963171.5347583,serverless_reactive:cyclical:1,0.0,164.82,4,8.0
1788963171.7367296,serverless_reactive:cyclical:1,5.0,164.82,4,8.0
1788963171.9386594,serverless_reactive:cyclical:1,0.0,164.82,4,8.0
1788963172.1405897,serverless_reactive:cyclical:1,0.0,164.82,4,8.0
1788963172.3424075,serverless_reactive:cyclical:1,0.0,164.89,4,8.0
1788963172.545275,serverless_reactive:cyclical:1,0.0,122.36,3,8.0
1788963172.7478383,serverless_reactive:cyclical:1,0.0,79.77,2,8.0
1788963172.9504325,serverless_reactive:cyclical:1,0.0,79.77,2,8.0
1788963173.1521094,serverless_reactive:cyclical:1,0.0,37.2,1,8.0
1788963173.3544521,serverless_reactive:cyclical:1,0.0,37.2,1,8.0
1788963173.556661,serverless_reactive:cyclical:1,0.0,37.2,1,8.0
1788963173.7636788,serverless_reactive:cyclical:1,4.8,71.25,4,8.0
1788963173.965531,serverless_reactive:cyclical:1,198.2,129.5,4,8.0
1788963174.1706061,serverless_reactive:cyclical:1,190.3,148.81,4,8.0
1788963174.3730085,serverless_reactive:cyclical:1,168.1,164.96,4,8.0
1788963174.57503,serverless_reactive:cyclical:1,4.9,164.96,4,8.0
1788963174.7768023,serverless_reactive:cyclical:1,5.0,164.96,4,8.0
1788963174.978606,serverless_reactive:cyclical:1,0.0,164.96,4,8.0
1788963175.1804976,serverless_reactive:cyclical:1,0.0,164.96,4,8.0
1788963175.3824072,serverless_reactive:cyclical:1,0.0,164.96,4,8.0
1788963175.5842721,serverless_reactive:cyclical:1,0.0,164.96,4,8.0
1788963175.786338,serverless_reactive:cyclical:1,0.0,164.96,4,8.0
1788963175.9883702,serverless_reactive:cyclical:1,0.0,164.96,4,8.0
1788963176.190301,serverless_reactive:cyclical:1,0.0,164.96,4,8.0
1788963176.392122,serverless_reactive:cyclical:1,0.0,164.96,4,8.0
1788963176.5940363,serverless_reactive:cyclical:1,0.0,164.96,4,8.0
1788963176.7960336,serverless_reactive:cyclical:1,0.0,164.96,4,8.0
1788963176.997954,serverless_reactive:cyclical:1,5.0,164.96,4,8.0
1788963177.1999202,serverless_reactive:cyclical:1,0.0,164.96,4,8.0
1788963177.401889,serverless_reactive:cyclical:1,0.0,164.96,4,8.0
1788963177.60372,serverless_reactive:cyclical:1,0.0,164.96,4,8.0
1788963177.8056958,serverless_reactive:cyclical:1,0.0,164.96,4,8.0
1788963178.0075831,serverless_reactive:cyclical:1,0.0,164.96,4,8.0
1788963178.2096174,serverless_reactive:cyclical:1,0.0,164.96,4,8.0
1788963178.411594,serverless_reactive:cyclical:1,5.0,164.96,4,8.0
1788963178.6137211,serverless_reactive:cyclical:1,0.0,164.96,4,8.0
1788963178.8155937,serverless_reactive:cyclical:1,0.0,164.96,4,8.0
1788963179.0187514,serverless_reactive:cyclical:1,0.0,164.96,4,8.0
1788963179.2205567,serverless_reactive:cyclical:1,0.0,164.96,4,8.0
1788963179.422688,serverless_reactive:cyclical:1,4.9,164.96,4,8.0
1788963179.6254785,serverless_reactive:cyclical:1,0.0,164.96,4,8.0
1788963179.8275547,serverless_reactive:cyclical:1,0.0,164.96,4,8.0
1788963180.029763,serverless_reactive:cyclical:1,0.0,164.96,4,8.0
1788963180.2316434,serverless_reactive:cyclical:1,0.0,164.96,4,8.0
1788963180.4337559,serverless_reactive:cyclical:1,0.0,164.96,4,8.0
1788963180.6359751,serverless_reactive:cyclical:1,0.0,164.96,4,8.0
1788963180.838088,serverless_reactive:cyclical:1,0.0,164.96,4,8.0
1788963181.0400326,serverless_reactive:cyclical:1,0.0,164.96,4,8.0
1788963181.241959,serverless_reactive:cyclical:1,5.0,164.96,4,8.0
1788963181.4441342,serverless_reactive:cyclical:1,0.0,164.96,4,8.0
1788963181.6464348,serverless_reactive:cyclical:1,0.0,164.96,4,8.0
1788963181.8488283,serverless_reactive:cyclical:1,0.0,164.96,4,8.0
1788963182.0507953,serverless_reactive:cyclical:1,0.0,164.96,4,8.0
1788963182.252754,serverless_reactive:cyclical:1,0.0,164.96,4,8.0
1788963182.4552422,serverless_reactive:cyclical:1,0.0,164.96,4,8.0
1788963182.6573584,serverless_reactive:cyclical:1,0.0,164.96,4,8.0
1788963182.8629558,serverless_reactive:cyclical:1,4.9,201.24,6,8.0
1788963183.0648305,serverless_reactive:cyclical:1,193.2,186.52,5,8.0
1788963183.2668536,serverless_reactive:cyclical:1,198.0,159.77,4,8.0
1788963183.4688346,serverless_reactive:cyclical:1,54.5,165.14,4,8.0
1788963183.6707053,serverless_reactive:cyclical:1,0.0,165.14,4,8.0
1788963183.8726797,serverless_reactive:cyclical:1,0.0,165.14,4,8.0
1788963184.0746095,serverless_reactive:cyclical:1,0.0,165.14,4,8.0
1788963184.276514,serverless_reactive:cyclical:1,5.0,165.14,4,8.0
1788963184.478665,serverless_reactive:cyclical:1,0.0,165.14,4,8.0
1788963184.6816177,serverless_reactive:cyclical:1,0.0,165.14,4,8.0
1788963184.8838127,serverless_reactive:cyclical:1,0.0,165.14,4,8.0
1788963185.0859168,serverless_reactive:cyclical:1,4.9,165.14,4,8.0
1788963185.287768,serverless_reactive:cyclical:1,0.0,165.14,4,8.0
1788963185.489559,serverless_reactive:cyclical:1,0.0,165.14,4,8.0
1788963185.6914904,serverless_reactive:cyclical:1,0.0,165.14,4,8.0
1788963185.8936865,serverless_reactive:cyclical:1,0.0,165.14,4,8.0
1788963186.0954785,serverless_reactive:cyclical:1,5.0,165.14,4,8.0
1788963186.2974038,serverless_reactive:cyclical:1,0.0,165.14,4,8.0
1788963186.499235,serverless_reactive:cyclical:1,10.0,165.14,4,8.0
1788963186.7016892,serverless_reactive:cyclical:1,0.0,165.14,4,8.0
1788963186.9037051,serverless_reactive:cyclical:1,0.0,165.14,4,8.0
1788963187.1055913,serverless_reactive:cyclical:1,0.0,165.14,4,8.0
1788963187.3074908,serverless_reactive:cyclical:1,0.0,165.14,4,8.0
1788963187.5097303,serverless_reactive:cyclical:1,0.0,165.14,4,8.0
1788963187.7115428,serverless_reactive:cyclical:1,0.0,165.14,4,8.0
1788963187.9134557,serverless_reactive:cyclical:1,0.0,165.14,4,8.0
1788963188.1153426,serverless_reactive:cyclical:1,0.0,165.14,4,8.0
1788963188.3173263,serverless_reactive:cyclical:1,0.0,165.14,4,8.0
1788963188.5191758,serverless_reactive:cyclical:1,5.0,165.14,4,8.0
1788963188.7214687,serverless_reactive:cyclical:1,0.0,165.14,4,8.0
1788963188.9233296,serverless_reactive:cyclical:1,0.0,165.14,4,8.0
1788963189.1252975,serverless_reactive:cyclical:1,0.0,165.14,4,8.0
1788963189.327378,serverless_reactive:cyclical:1,0.0,165.14,4,8.0
1788963189.5294764,serverless_reactive:cyclical:1,0.0,165.14,4,8.0
1788963189.7314782,serverless_reactive:cyclical:1,0.0,165.14,4,8.0
1788963189.9335284,serverless_reactive:cyclical:1,0.0,165.14,4,8.0
1788963190.1353984,serverless_reactive:cyclical:1,0.0,165.14,4,8.0
1788963190.3374643,serverless_reactive:cyclical:1,4.9,165.14,4,8.0
1788963190.5393717,serverless_reactive:cyclical:1,0.0,165.14,4,8.0
1788963190.7417245,serverless_reactive:cyclical:1,0.0,165.14,4,8.0
1788963190.9439416,serverless_reactive:cyclical:1,0.0,165.14,4,8.0
1788963191.146107,serverless_reactive:cyclical:1,0.0,165.14,4,8.0
1788963191.3480282,serverless_reactive:cyclical:1,0.0,165.14,4,8.0
1788963191.550052,serverless_reactive:cyclical:1,0.0,165.14,4,8.0
1788963191.755233,serverless_reactive:cyclical:1,9.8,151.26,6,8.0
1788963191.96136,serverless_reactive:cyclical:1,189.0,170.77,5,8.0
1788963192.1658912,serverless_reactive:cyclical:1,190.6,149.55,4,8.0
1788963192.3678536,serverless_reactive:cyclical:1,168.3,165.04,4,8.0
1788963192.5703747,serverless_reactive:cyclical:1,14.7,165.28,4,8.0
1788963192.7722542,serverless_reactive:cyclical:1,0.0,165.28,4,8.0
1788963192.9743202,serverless_reactive:cyclical:1,4.9,165.28,4,8.0
1788963193.1763668,serverless_reactive:cyclical:1,0.0,165.28,4,8.0
1788963193.3782973,serverless_reactive:cyclical:1,5.0,165.28,4,8.0
1788963193.5801563,serverless_reactive:cyclical:1,0.0,165.28,4,8.0
1788963193.7820587,serverless_reactive:cyclical:1,0.0,165.28,4,8.0
1788963193.983874,serverless_reactive:cyclical:1,0.0,165.28,4,8.0
1788963194.1858675,serverless_reactive:cyclical:1,0.0,165.28,4,8.0
1788963194.3877037,serverless_reactive:cyclical:1,0.0,165.28,4,8.0
1788963194.5897672,serverless_reactive:cyclical:1,0.0,165.28,4,8.0
1788963194.791587,serverless_reactive:cyclical:1,0.0,165.28,4,8.0
1788963194.9934309,serverless_reactive:cyclical:1,0.0,165.28,4,8.0
1788963195.1953962,serverless_reactive:cyclical:1,0.0,165.28,4,8.0
1788963195.3973937,serverless_reactive:cyclical:1,0.0,165.28,4,8.0
1788963195.5992134,serverless_reactive:cyclical:1,0.0,165.28,4,8.0
1788963195.8012128,serverless_reactive:cyclical:1,0.0,165.28,4,8.0
1788963196.003047,serverless_reactive:cyclical:1,0.0,165.28,4,8.0
1788963196.2050867,serverless_reactive:cyclical:1,0.0,165.28,4,8.0
1788963196.407006,serverless_reactive:cyclical:1,0.0,165.28,4,8.0
1788963196.6088219,serverless_reactive:cyclical:1,0.0,165.28,4,8.0
1788963196.810633,serverless_reactive:cyclical:1,0.0,165.28,4,8.0
1788963197.012643,serverless_reactive:cyclical:1,0.0,165.28,4,8.0
1788963197.2145092,serverless_reactive:cyclical:1,0.0,165.28,4,8.0
1788963197.4170525,serverless_reactive:cyclical:1,0.0,165.28,4,8.0
1788963197.6196096,serverless_reactive:cyclical:1,4.9,165.28,4,8.0
1788963197.8223965,serverless_reactive:cyclical:1,0.0,165.28,4,8.0
1788963198.0243294,serverless_reactive:cyclical:1,0.0,165.28,4,8.0
1788963198.2264667,serverless_reactive:cyclical:1,0.0,165.28,4,8.0
1788963198.428284,serverless_reactive:cyclical:1,5.0,165.28,4,8.0
1788963198.6312108,serverless_reactive:cyclical:1,0.0,165.28,4,8.0
1788963198.8333554,serverless_reactive:cyclical:1,0.0,165.28,4,8.0
1788963199.035379,serverless_reactive:cyclical:1,0.0,165.28,4,8.0
1788963199.2376554,serverless_reactive:cyclical:1,4.9,165.28,4,8.0
1788963199.4403102,serverless_reactive:cyclical:1,0.0,165.28,4,8.0
1788963199.6427116,serverless_reactive:cyclical:1,0.0,165.28,4,8.0
1788963199.8448462,serverless_reactive:cyclical:1,0.0,165.28,4,8.0
1788963200.0467763,serverless_reactive:cyclical:1,0.0,165.28,4,8.0
1788963200.2493553,serverless_reactive:cyclical:1,0.0,165.28,4,8.0
1788963200.4513085,serverless_reactive:cyclical:1,0.0,165.28,4,8.0
1788963200.6540995,serverless_reactive:cyclical:1,9.8,165.28,4,8.0
1788963201.463681,serverless_reactive:cyclical:2,0.0,36.61,1,8.0
1788963201.6657777,serverless_reactive:cyclical:2,0.0,36.61,1,8.0
1788963201.8675687,serverless_reactive:cyclical:2,0.0,36.61,1,8.0
1788963202.0693495,serverless_reactive:cyclical:2,0.0,36.61,1,8.0
1788963202.2714097,serverless_reactive:cyclical:2,0.0,36.61,1,8.0
1788963202.473331,serverless_reactive:cyclical:2,0.0,36.61,1,8.0
1788963202.6750474,serverless_reactive:cyclical:2,0.0,36.61,1,8.0
1788963202.877477,serverless_reactive:cyclical:2,0.0,36.61,1,8.0
1788963203.0793438,serverless_reactive:cyclical:2,0.0,36.61,1,8.0
1788963203.281358,serverless_reactive:cyclical:2,0.0,36.61,1,8.0
1788963203.4832838,serverless_reactive:cyclical:2,0.0,36.61,1,8.0
1788963203.6850612,serverless_reactive:cyclical:2,0.0,36.61,1,8.0
1788963203.886716,serverless_reactive:cyclical:2,0.0,36.61,1,8.0
1788963204.0883868,serverless_reactive:cyclical:2,0.0,36.61,1,8.0
1788963204.2900622,serverless_reactive:cyclical:2,0.0,36.61,1,8.0
1788963204.4916503,serverless_reactive:cyclical:2,0.0,36.61,1,8.0
1788963204.6934621,serverless_reactive:cyclical:2,0.0,36.61,1,8.0
1788963204.8951228,serverless_reactive:cyclical:2,0.0,36.61,1,8.0
1788963205.0970802,serverless_reactive:cyclical:2,0.0,36.61,1,8.0
1788963205.3029232,serverless_reactive:cyclical:2,0.0,36.61,1,8.0
1788963205.5053208,serverless_reactive:cyclical:2,0.0,36.61,1,8.0
1788963205.7077472,serverless_reactive:cyclical:2,0.0,36.61,1,8.0
1788963205.9103951,serverless_reactive:cyclical:2,0.0,36.61,1,8.0
1788963206.1122234,serverless_reactive:cyclical:2,0.0,36.61,1,8.0
1788963206.314139,serverless_reactive:cyclical:2,0.0,36.61,1,8.0
1788963206.5160148,serverless_reactive:cyclical:2,0.0,36.61,1,8.0
1788963206.7179768,serverless_reactive:cyclical:2,0.0,36.61,1,8.0
1788963206.919679,serverless_reactive:cyclical:2,0.0,36.61,1,8.0
1788963207.1215537,serverless_reactive:cyclical:2,0.0,36.61,1,8.0
1788963207.3234894,serverless_reactive:cyclical:2,0.0,36.61,1,8.0
1788963207.525267,serverless_reactive:cyclical:2,0.0,36.61,1,8.0
1788963207.72704,serverless_reactive:cyclical:2,0.0,36.61,1,8.0
1788963207.9287355,serverless_reactive:cyclical:2,0.0,36.61,1,8.0
1788963208.1305132,serverless_reactive:cyclical:2,0.0,36.61,1,8.0
1788963208.3321476,serverless_reactive:cyclical:2,0.0,36.61,1,8.0
1788963208.5338533,serverless_reactive:cyclical:2,0.0,36.61,1,8.0
1788963208.7356377,serverless_reactive:cyclical:2,0.0,36.61,1,8.0
1788963208.9375129,serverless_reactive:cyclical:2,0.0,36.61,1,8.0
1788963209.1404629,serverless_reactive:cyclical:2,0.0,36.61,1,8.0
1788963209.342519,serverless_reactive:cyclical:2,0.0,36.61,1,8.0
1788963209.5441687,serverless_reactive:cyclical:2,0.0,36.61,1,8.0
1788963209.7460446,serverless_reactive:cyclical:2,0.0,36.61,1,8.0
1788963209.9478464,serverless_reactive:cyclical:2,0.0,36.61,1,8.0
1788963210.149636,serverless_reactive:cyclical:2,0.0,36.61,1,8.0
1788963210.3512897,serverless_reactive:cyclical:2,0.0,36.61,1,8.0
1788963210.5529816,serverless_reactive:cyclical:2,0.0,36.61,1,8.0
1788963210.7547948,serverless_reactive:cyclical:2,0.0,36.61,1,8.0
1788963210.9566607,serverless_reactive:cyclical:2,0.0,36.61,1,8.0
1788963211.1585364,serverless_reactive:cyclical:2,0.0,36.61,1,8.0
1788963211.360674,serverless_reactive:cyclical:2,9.9,117.67,4,8.0
1788963211.5665183,serverless_reactive:cyclical:2,199.3,147.42,4,8.0
1788963211.7714465,serverless_reactive:cyclical:2,180.6,161.97,4,8.0
1788963211.974071,serverless_reactive:cyclical:2,34.5,164.85,4,8.0
1788963212.1760905,serverless_reactive:cyclical:2,0.0,164.85,4,8.0
1788963212.378406,serverless_reactive:cyclical:2,0.0,164.85,4,8.0
1788963212.5803103,serverless_reactive:cyclical:2,0.0,164.85,4,8.0
1788963212.782293,serverless_reactive:cyclical:2,0.0,164.85,4,8.0
1788963212.9841926,serverless_reactive:cyclical:2,0.0,164.85,4,8.0
1788963213.1861434,serverless_reactive:cyclical:2,0.0,164.85,4,8.0
1788963213.3884122,serverless_reactive:cyclical:2,0.0,164.85,4,8.0
1788963213.5903637,serverless_reactive:cyclical:2,0.0,164.85,4,8.0
1788963213.7923803,serverless_reactive:cyclical:2,0.0,164.85,4,8.0
1788963213.9946272,serverless_reactive:cyclical:2,0.0,164.85,4,8.0
1788963214.1965425,serverless_reactive:cyclical:2,0.0,164.85,4,8.0
1788963214.3985045,serverless_reactive:cyclical:2,0.0,164.85,4,8.0
1788963214.601291,serverless_reactive:cyclical:2,4.9,164.85,4,8.0
1788963214.8032343,serverless_reactive:cyclical:2,0.0,164.85,4,8.0
1788963215.0052202,serverless_reactive:cyclical:2,0.0,164.85,4,8.0
1788963215.207225,serverless_reactive:cyclical:2,0.0,164.85,4,8.0
1788963215.409258,serverless_reactive:cyclical:2,0.0,164.85,4,8.0
1788963215.6111946,serverless_reactive:cyclical:2,0.0,164.85,4,8.0
1788963215.8133888,serverless_reactive:cyclical:2,0.0,164.85,4,8.0
1788963216.0155294,serverless_reactive:cyclical:2,0.0,164.85,4,8.0
1788963216.218428,serverless_reactive:cyclical:2,0.0,164.85,4,8.0
1788963216.4209554,serverless_reactive:cyclical:2,0.0,164.85,4,8.0
1788963216.6228707,serverless_reactive:cyclical:2,0.0,164.85,4,8.0
1788963216.8246253,serverless_reactive:cyclical:2,0.0,164.85,4,8.0
1788963217.026911,serverless_reactive:cyclical:2,0.0,164.85,4,8.0
1788963217.2289798,serverless_reactive:cyclical:2,4.9,164.85,4,8.0
1788963217.4309947,serverless_reactive:cyclical:2,0.0,164.85,4,8.0
1788963217.6328619,serverless_reactive:cyclical:2,5.0,164.85,4,8.0
1788963217.8347802,serverless_reactive:cyclical:2,5.0,164.85,4,8.0
1788963218.0377808,serverless_reactive:cyclical:2,0.0,164.85,4,8.0
1788963218.2398465,serverless_reactive:cyclical:2,0.0,164.85,4,8.0
1788963218.4417837,serverless_reactive:cyclical:2,0.0,164.85,4,8.0
1788963218.6437707,serverless_reactive:cyclical:2,0.0,164.85,4,8.0
1788963218.8459249,serverless_reactive:cyclical:2,0.0,164.85,4,8.0
1788963219.0478194,serverless_reactive:cyclical:2,0.0,164.85,4,8.0
1788963219.249752,serverless_reactive:cyclical:2,0.0,164.85,4,8.0
1788963219.4523273,serverless_reactive:cyclical:2,0.0,164.85,4,8.0
1788963219.654809,serverless_reactive:cyclical:2,0.0,164.85,4,8.0
1788963219.856817,serverless_reactive:cyclical:2,0.0,164.85,4,8.0
1788963220.0586457,serverless_reactive:cyclical:2,5.0,122.27,3,8.0
1788963220.26037,serverless_reactive:cyclical:2,5.0,79.7,3,8.0
1788963220.466835,serverless_reactive:cyclical:2,4.8,94.0,4,8.0
1788963220.6685832,serverless_reactive:cyclical:2,193.3,136.41,4,8.0
1788963220.8762243,serverless_reactive:cyclical:2,192.6,150.98,4,8.0
1788963221.0779722,serverless_reactive:cyclical:2,148.7,165.07,4,8.0
1788963221.2798448,serverless_reactive:cyclical:2,0.0,165.07,4,8.0
1788963221.4816575,serverless_reactive:cyclical:2,0.0,165.07,4,8.0
1788963221.6835566,serverless_reactive:cyclical:2,0.0,165.07,4,8.0
1788963221.8855004,serverless_reactive:cyclical:2,0.0,165.07,4,8.0
1788963222.087295,serverless_reactive:cyclical:2,0.0,165.07,4,8.0
1788963222.2901163,serverless_reactive:cyclical:2,0.0,165.07,4,8.0
1788963222.4923084,serverless_reactive:cyclical:2,0.0,165.07,4,8.0
1788963222.6942172,serverless_reactive:cyclical:2,0.0,165.07,4,8.0
1788963222.896255,serverless_reactive:cyclical:2,0.0,165.07,4,8.0
1788963223.0982523,serverless_reactive:cyclical:2,0.0,165.07,4,8.0
1788963223.3000576,serverless_reactive:cyclical:2,0.0,165.07,4,8.0
1788963223.5019894,serverless_reactive:cyclical:2,0.0,165.07,4,8.0
1788963223.703834,serverless_reactive:cyclical:2,0.0,165.07,4,8.0
1788963223.9056907,serverless_reactive:cyclical:2,5.0,165.07,4,8.0
1788963224.1074991,serverless_reactive:cyclical:2,5.0,165.07,4,8.0
1788963224.3093107,serverless_reactive:cyclical:2,5.0,165.07,4,8.0
1788963224.5111082,serverless_reactive:cyclical:2,0.0,165.07,4,8.0
1788963224.7128813,serverless_reactive:cyclical:2,0.0,165.07,4,8.0
1788963224.9147174,serverless_reactive:cyclical:2,0.0,165.07,4,8.0
1788963225.116587,serverless_reactive:cyclical:2,0.0,165.07,4,8.0
1788963225.3184445,serverless_reactive:cyclical:2,0.0,165.07,4,8.0
1788963225.5202725,serverless_reactive:cyclical:2,0.0,165.07,4,8.0
1788963225.7221422,serverless_reactive:cyclical:2,0.0,165.07,4,8.0
1788963225.9241455,serverless_reactive:cyclical:2,0.0,165.07,4,8.0
1788963226.126059,serverless_reactive:cyclical:2,0.0,165.07,4,8.0
1788963226.327912,serverless_reactive:cyclical:2,0.0,165.07,4,8.0
1788963226.5298698,serverless_reactive:cyclical:2,0.0,165.07,4,8.0
1788963226.731828,serverless_reactive:cyclical:2,0.0,165.07,4,8.0
1788963226.9338346,serverless_reactive:cyclical:2,0.0,165.07,4,8.0
1788963227.1357582,serverless_reactive:cyclical:2,0.0,165.07,4,8.0
1788963227.3377542,serverless_reactive:cyclical:2,0.0,165.07,4,8.0
1788963227.539633,serverless_reactive:cyclical:2,0.0,165.07,4,8.0
1788963227.7417972,serverless_reactive:cyclical:2,0.0,165.07,4,8.0
1788963227.9436326,serverless_reactive:cyclical:2,0.0,165.07,4,8.0
1788963228.1455574,serverless_reactive:cyclical:2,0.0,165.07,4,8.0
1788963228.347455,serverless_reactive:cyclical:2,0.0,165.07,4,8.0
1788963228.5496879,serverless_reactive:cyclical:2,0.0,165.07,4,8.0
1788963228.7518265,serverless_reactive:cyclical:2,0.0,165.07,4,8.0
1788963228.953825,serverless_reactive:cyclical:2,5.0,165.07,4,8.0
1788963229.1558228,serverless_reactive:cyclical:2,0.0,165.07,4,8.0
1788963229.3587728,serverless_reactive:cyclical:2,9.8,165.07,4,8.0
1788963229.5670075,serverless_reactive:cyclical:2,9.6,164.48,5,8.0
1788963229.7688625,serverless_reactive:cyclical:2,198.2,147.19,4,8.0
1788963229.9710667,serverless_reactive:cyclical:2,192.8,164.48,4,8.0
1788963230.173316,serverless_reactive:cyclical:2,14.8,165.15,4,8.0
1788963230.3752215,serverless_reactive:cyclical:2,0.0,165.15,4,8.0
1788963230.5770044,serverless_reactive:cyclical:2,0.0,165.15,4,8.0
1788963230.7789648,serverless_reactive:cyclical:2,0.0,165.15,4,8.0
1788963230.98092,serverless_reactive:cyclical:2,0.0,165.15,4,8.0
1788963231.1829772,serverless_reactive:cyclical:2,0.0,165.15,4,8.0
1788963231.3856747,serverless_reactive:cyclical:2,0.0,165.15,4,8.0
1788963231.5882306,serverless_reactive:cyclical:2,4.9,165.15,4,8.0
1788963231.7902884,serverless_reactive:cyclical:2,0.0,165.15,4,8.0
1788963231.993451,serverless_reactive:cyclical:2,0.0,165.15,4,8.0
1788963232.1960087,serverless_reactive:cyclical:2,0.0,165.15,4,8.0
1788963232.3979275,serverless_reactive:cyclical:2,5.0,165.15,4,8.0
1788963232.599949,serverless_reactive:cyclical:2,0.0,165.15,4,8.0
1788963232.8020744,serverless_reactive:cyclical:2,0.0,165.15,4,8.0
1788963233.0042708,serverless_reactive:cyclical:2,0.0,165.15,4,8.0
1788963233.2066464,serverless_reactive:cyclical:2,0.0,165.15,4,8.0
1788963233.4087007,serverless_reactive:cyclical:2,0.0,165.15,4,8.0
1788963233.610655,serverless_reactive:cyclical:2,0.0,165.15,4,8.0
1788963233.8126733,serverless_reactive:cyclical:2,0.0,165.15,4,8.0
1788963234.0161738,serverless_reactive:cyclical:2,0.0,165.15,4,8.0
1788963234.2181838,serverless_reactive:cyclical:2,0.0,165.15,4,8.0
1788963234.420077,serverless_reactive:cyclical:2,0.0,165.15,4,8.0
1788963234.6223645,serverless_reactive:cyclical:2,0.0,165.15,4,8.0
1788963234.824267,serverless_reactive:cyclical:2,0.0,165.15,4,8.0
1788963235.0261483,serverless_reactive:cyclical:2,0.0,165.15,4,8.0
1788963235.2280223,serverless_reactive:cyclical:2,0.0,165.15,4,8.0
1788963235.4302547,serverless_reactive:cyclical:2,0.0,165.15,4,8.0
1788963235.632144,serverless_reactive:cyclical:2,0.0,165.15,4,8.0
1788963235.834334,serverless_reactive:cyclical:2,0.0,165.15,4,8.0
1788963236.037545,serverless_reactive:cyclical:2,0.0,165.15,4,8.0
1788963236.2396758,serverless_reactive:cyclical:2,0.0,165.15,4,8.0
1788963236.4417427,serverless_reactive:cyclical:2,4.9,165.15,4,8.0
1788963236.6438034,serverless_reactive:cyclical:2,0.0,165.15,4,8.0
1788963236.8458157,serverless_reactive:cyclical:2,0.0,165.15,4,8.0
1788963237.0477612,serverless_reactive:cyclical:2,5.0,165.15,4,8.0
1788963237.250355,serverless_reactive:cyclical:2,4.9,165.15,4,8.0
1788963237.4528506,serverless_reactive:cyclical:2,0.0,165.15,4,8.0
1788963237.6549199,serverless_reactive:cyclical:2,0.0,165.15,4,8.0
1788963237.8568697,serverless_reactive:cyclical:2,0.0,165.15,4,8.0
1788963238.0588212,serverless_reactive:cyclical:2,0.0,165.15,4,8.0
1788963238.2608805,serverless_reactive:cyclical:2,4.9,165.15,4,8.0
1788963238.4627807,serverless_reactive:cyclical:2,0.0,122.47,3,8.0
1788963238.6647196,serverless_reactive:cyclical:2,5.0,79.88,2,8.0
1788963238.8670382,serverless_reactive:cyclical:2,0.0,37.28,1,8.0
1788963239.0691931,serverless_reactive:cyclical:2,0.0,37.28,1,8.0
1788963239.271273,serverless_reactive:cyclical:2,0.0,37.28,1,8.0
1788963239.4738612,serverless_reactive:cyclical:2,0.0,37.28,1,8.0
1788963239.6756978,serverless_reactive:cyclical:2,0.0,37.28,1,8.0
1788963239.8827524,serverless_reactive:cyclical:2,4.8,119.81,4,8.0
1788963240.0846798,serverless_reactive:cyclical:2,203.1,147.09,4,8.0
1788963240.2948794,serverless_reactive:cyclical:2,142.8,155.54,4,8.0
1788963240.4968793,serverless_reactive:cyclical:2,84.2,165.08,4,8.0
1788963240.6993315,serverless_reactive:cyclical:2,0.0,165.08,4,8.0
1788963240.9015205,serverless_reactive:cyclical:2,0.0,165.08,4,8.0
1788963241.1034667,serverless_reactive:cyclical:2,0.0,165.08,4,8.0
1788963241.3055553,serverless_reactive:cyclical:2,0.0,165.08,4,8.0
1788963241.5075252,serverless_reactive:cyclical:2,0.0,165.08,4,8.0
1788963241.709745,serverless_reactive:cyclical:2,0.0,165.08,4,8.0
1788963241.9116774,serverless_reactive:cyclical:2,0.0,165.08,4,8.0
1788963242.1136343,serverless_reactive:cyclical:2,0.0,165.08,4,8.0
1788963242.3155088,serverless_reactive:cyclical:2,0.0,165.08,4,8.0
1788963242.5175903,serverless_reactive:cyclical:2,0.0,165.08,4,8.0
1788963242.7196484,serverless_reactive:cyclical:2,0.0,165.08,4,8.0
1788963242.9217288,serverless_reactive:cyclical:2,0.0,165.08,4,8.0
1788963243.1247962,serverless_reactive:cyclical:2,4.9,165.08,4,8.0
1788963243.3268096,serverless_reactive:cyclical:2,0.0,165.08,4,8.0
1788963243.5288787,serverless_reactive:cyclical:2,0.0,165.08,4,8.0
1788963243.730793,serverless_reactive:cyclical:2,5.0,165.08,4,8.0
1788963243.9327044,serverless_reactive:cyclical:2,5.0,165.08,4,8.0
1788963244.1348138,serverless_reactive:cyclical:2,0.0,165.08,4,8.0
1788963244.336766,serverless_reactive:cyclical:2,0.0,165.08,4,8.0
1788963244.5387902,serverless_reactive:cyclical:2,0.0,165.08,4,8.0
1788963244.740763,serverless_reactive:cyclical:2,0.0,165.08,4,8.0
1788963244.9428194,serverless_reactive:cyclical:2,0.0,165.08,4,8.0
1788963245.144699,serverless_reactive:cyclical:2,0.0,165.08,4,8.0
1788963245.3468215,serverless_reactive:cyclical:2,0.0,165.08,4,8.0
1788963245.548681,serverless_reactive:cyclical:2,0.0,165.08,4,8.0
1788963245.7506852,serverless_reactive:cyclical:2,0.0,165.08,4,8.0
1788963245.9527113,serverless_reactive:cyclical:2,0.0,165.08,4,8.0
1788963246.1546857,serverless_reactive:cyclical:2,5.0,165.08,4,8.0
1788963246.3567376,serverless_reactive:cyclical:2,0.0,165.08,4,8.0
1788963246.5590577,serverless_reactive:cyclical:2,0.0,165.08,4,8.0
1788963246.761223,serverless_reactive:cyclical:2,0.0,165.08,4,8.0
1788963246.963176,serverless_reactive:cyclical:2,0.0,165.08,4,8.0
1788963247.1661053,serverless_reactive:cyclical:2,0.0,165.08,4,8.0
1788963247.3680534,serverless_reactive:cyclical:2,0.0,165.08,4,8.0
1788963247.5715172,serverless_reactive:cyclical:2,0.0,165.08,4,8.0
1788963247.7740457,serverless_reactive:cyclical:2,0.0,165.08,4,8.0
1788963247.9764884,serverless_reactive:cyclical:2,0.0,165.08,4,8.0
1788963248.178446,serverless_reactive:cyclical:2,5.0,165.08,4,8.0
1788963248.3805456,serverless_reactive:cyclical:2,0.0,165.08,4,8.0
1788963248.5825,serverless_reactive:cyclical:2,0.0,165.08,4,8.0
1788963248.7842195,serverless_reactive:cyclical:2,0.0,122.48,3,8.0
1788963248.986199,serverless_reactive:cyclical:2,0.0,37.3,2,8.0
1788963249.1878293,serverless_reactive:cyclical:2,0.0,37.3,1,8.0
1788963249.3895729,serverless_reactive:cyclical:2,0.0,37.3,1,8.0
1788963249.5913014,serverless_reactive:cyclical:2,0.0,37.3,1,8.0
1788963249.7929244,serverless_reactive:cyclical:2,0.0,37.3,1,8.0
1788963249.9994922,serverless_reactive:cyclical:2,4.8,101.15,4,8.0
1788963250.2013214,serverless_reactive:cyclical:2,193.3,138.5,4,8.0
1788963250.4043717,serverless_reactive:cyclical:2,196.9,155.64,4,8.0
1788963251.378744,serverless_reactive:cyclical:3,0.0,36.5,1,8.0
1788963251.581012,serverless_reactive:cyclical:3,0.0,36.5,1,8.0
1788963251.7826567,serverless_reactive:cyclical:3,0.0,36.5,1,8.0
1788963251.9843132,serverless_reactive:cyclical:3,0.0,36.5,1,8.0
1788963252.1859207,serverless_reactive:cyclical:3,0.0,36.5,1,8.0
1788963252.3878376,serverless_reactive:cyclical:3,0.0,36.5,1,8.0
1788963252.5895464,serverless_reactive:cyclical:3,0.0,36.5,1,8.0
1788963252.7912767,serverless_reactive:cyclical:3,0.0,36.5,1,8.0
1788963252.9928565,serverless_reactive:cyclical:3,0.0,36.5,1,8.0
1788963253.1946473,serverless_reactive:cyclical:3,0.0,36.5,1,8.0
1788963253.397034,serverless_reactive:cyclical:3,0.0,36.5,1,8.0
1788963253.5999851,serverless_reactive:cyclical:3,0.0,36.5,1,8.0
1788963253.8017392,serverless_reactive:cyclical:3,0.0,36.5,1,8.0
1788963254.0040781,serverless_reactive:cyclical:3,0.0,36.5,1,8.0
1788963254.2066634,serverless_reactive:cyclical:3,0.0,36.5,1,8.0
1788963254.4083586,serverless_reactive:cyclical:3,0.0,36.5,1,8.0
1788963254.609998,serverless_reactive:cyclical:3,0.0,36.5,1,8.0
1788963254.8116322,serverless_reactive:cyclical:3,0.0,36.5,1,8.0
1788963255.0133862,serverless_reactive:cyclical:3,0.0,36.5,1,8.0
1788963255.2150502,serverless_reactive:cyclical:3,0.0,36.5,1,8.0
1788963255.4173875,serverless_reactive:cyclical:3,0.0,36.5,1,8.0
1788963255.6189618,serverless_reactive:cyclical:3,0.0,36.5,1,8.0
1788963255.8213887,serverless_reactive:cyclical:3,0.0,36.5,1,8.0
1788963256.0233884,serverless_reactive:cyclical:3,0.0,36.5,1,8.0
1788963256.2250285,serverless_reactive:cyclical:3,0.0,36.5,1,8.0
1788963256.426521,serverless_reactive:cyclical:3,0.0,36.5,1,8.0
1788963256.6280642,serverless_reactive:cyclical:3,0.0,36.5,1,8.0
1788963256.8297865,serverless_reactive:cyclical:3,0.0,36.5,1,8.0
1788963257.0314615,serverless_reactive:cyclical:3,0.0,36.5,1,8.0
1788963257.2338142,serverless_reactive:cyclical:3,0.0,36.5,1,8.0
1788963257.4354784,serverless_reactive:cyclical:3,0.0,36.5,1,8.0
1788963257.6370618,serverless_reactive:cyclical:3,0.0,36.5,1,8.0
1788963257.8389163,serverless_reactive:cyclical:3,0.0,36.5,1,8.0
1788963258.041029,serverless_reactive:cyclical:3,0.0,36.5,1,8.0
1788963258.2437577,serverless_reactive:cyclical:3,0.0,36.5,1,8.0
1788963258.445596,serverless_reactive:cyclical:3,5.0,36.5,1,8.0
1788963258.6482766,serverless_reactive:cyclical:3,0.0,36.5,1,8.0
1788963258.850071,serverless_reactive:cyclical:3,0.0,36.5,1,8.0
1788963259.0519037,serverless_reactive:cyclical:3,0.0,36.5,1,8.0
1788963259.253922,serverless_reactive:cyclical:3,0.0,36.5,1,8.0
1788963259.4556606,serverless_reactive:cyclical:3,0.0,36.5,1,8.0
1788963259.6575222,serverless_reactive:cyclical:3,0.0,36.5,1,8.0
1788963259.8593838,serverless_reactive:cyclical:3,0.0,36.5,1,8.0
1788963260.0613325,serverless_reactive:cyclical:3,0.0,36.5,1,8.0
1788963260.2632797,serverless_reactive:cyclical:3,0.0,36.5,1,8.0
1788963260.464976,serverless_reactive:cyclical:3,0.0,36.5,1,8.0
1788963260.6711798,serverless_reactive:cyclical:3,0.0,76.7,4,8.0
1788963260.8814495,serverless_reactive:cyclical:3,113.9,109.97,4,8.0
1788963261.0835657,serverless_reactive:cyclical:3,123.5,133.57,4,8.0
1788963261.285612,serverless_reactive:cyclical:3,193.0,149.99,4,8.0
1788963261.488246,serverless_reactive:cyclical:3,163.0,164.83,4,8.0
1788963261.690438,serverless_reactive:cyclical:3,0.0,164.83,4,8.0
1788963261.8930333,serverless_reactive:cyclical:3,0.0,164.83,4,8.0
1788963262.0955417,serverless_reactive:cyclical:3,0.0,164.83,4,8.0
1788963262.2975123,serverless_reactive:cyclical:3,0.0,164.83,4,8.0
1788963262.4995098,serverless_reactive:cyclical:3,0.0,164.83,4,8.0
1788963262.7015545,serverless_reactive:cyclical:3,0.0,164.83,4,8.0
1788963262.9038758,serverless_reactive:cyclical:3,0.0,164.83,4,8.0
1788963263.1064954,serverless_reactive:cyclical:3,0.0,164.83,4,8.0
1788963263.3088033,serverless_reactive:cyclical:3,0.0,164.83,4,8.0
1788963263.5106096,serverless_reactive:cyclical:3,0.0,164.83,4,8.0
1788963263.7135036,serverless_reactive:cyclical:3,0.0,164.83,4,8.0
1788963263.9155374,serverless_reactive:cyclical:3,4.9,164.83,4,8.0
1788963264.1174715,serverless_reactive:cyclical:3,5.0,164.83,4,8.0
1788963264.3195999,serverless_reactive:cyclical:3,0.0,164.83,4,8.0
1788963264.521856,serverless_reactive:cyclical:3,0.0,164.83,4,8.0
1788963264.7238905,serverless_reactive:cyclical:3,0.0,164.83,4,8.0
1788963264.9265172,serverless_reactive:cyclical:3,0.0,164.83,4,8.0
1788963265.128698,serverless_reactive:cyclical:3,0.0,164.83,4,8.0
1788963265.330636,serverless_reactive:cyclical:3,5.0,164.83,4,8.0
1788963265.5335677,serverless_reactive:cyclical:3,0.0,164.83,4,8.0
1788963265.7358363,serverless_reactive:cyclical:3,0.0,164.83,4,8.0
1788963265.9380765,serverless_reactive:cyclical:3,0.0,164.83,4,8.0
1788963266.1409678,serverless_reactive:cyclical:3,0.0,164.83,4,8.0
1788963266.3429642,serverless_reactive:cyclical:3,0.0,164.83,4,8.0
1788963266.5448413,serverless_reactive:cyclical:3,0.0,164.84,4,8.0
1788963266.7473583,serverless_reactive:cyclical:3,0.0,164.84,4,8.0
1788963266.9501946,serverless_reactive:cyclical:3,0.0,164.84,4,8.0
1788963267.1524305,serverless_reactive:cyclical:3,0.0,164.84,4,8.0
1788963267.3552806,serverless_reactive:cyclical:3,0.0,164.84,4,8.0
1788963267.5575113,serverless_reactive:cyclical:3,0.0,164.84,4,8.0
1788963267.7601724,serverless_reactive:cyclical:3,0.0,164.84,4,8.0
1788963267.9622648,serverless_reactive:cyclical:3,0.0,164.84,4,8.0
1788963268.1642458,serverless_reactive:cyclical:3,0.0,164.84,4,8.0
1788963268.3663106,serverless_reactive:cyclical:3,0.0,164.84,4,8.0
1788963268.56827,serverless_reactive:cyclical:3,5.0,164.84,4,8.0
1788963268.770785,serverless_reactive:cyclical:3,4.9,164.84,4,8.0
1788963268.9730744,serverless_reactive:cyclical:3,0.0,164.84,4,8.0
1788963269.176176,serverless_reactive:cyclical:3,0.0,164.84,4,8.0
1788963269.3789916,serverless_reactive:cyclical:3,0.0,164.84,4,8.0
1788963269.5856094,serverless_reactive:cyclical:3,0.0,164.84,4,8.0
1788963269.7995224,serverless_reactive:cyclical:3,0.0,122.35,3,8.0
1788963270.0014918,serverless_reactive:cyclical:3,5.0,79.7,2,8.0
1788963270.203529,serverless_reactive:cyclical:3,0.0,37.0,2,8.0
1788963270.4054852,serverless_reactive:cyclical:3,0.0,37.0,1,8.0
1788963270.6075175,serverless_reactive:cyclical:3,0.0,37.0,1,8.0
1788963270.8092868,serverless_reactive:cyclical:3,0.0,37.0,1,8.0
1788963271.012429,serverless_reactive:cyclical:3,4.9,82.24,4,8.0
1788963271.2185352,serverless_reactive:cyclical:3,194.1,131.39,4,8.0
1788963271.4202235,serverless_reactive:cyclical:3,198.3,150.7,4,8.0
1788963271.623074,serverless_reactive:cyclical:3,152.8,164.88,4,8.0
1788963271.8255873,serverless_reactive:cyclical:3,9.8,164.88,4,8.0
1788963272.027403,serverless_reactive:cyclical:3,0.0,164.88,4,8.0
1788963272.2301831,serverless_reactive:cyclical:3,0.0,164.88,4,8.0
1788963272.4320445,serverless_reactive:cyclical:3,0.0,164.88,4,8.0
1788963272.6339374,serverless_reactive:cyclical:3,0.0,164.88,4,8.0
1788963272.836567,serverless_reactive:cyclical:3,0.0,164.88,4,8.0
1788963273.0385907,serverless_reactive:cyclical:3,0.0,164.88,4,8.0
1788963273.240358,serverless_reactive:cyclical:3,0.0,164.88,4,8.0
1788963273.4423203,serverless_reactive:cyclical:3,0.0,164.88,4,8.0
1788963273.6441894,serverless_reactive:cyclical:3,0.0,164.88,4,8.0
1788963273.8472354,serverless_reactive:cyclical:3,0.0,164.88,4,8.0
1788963274.0501468,serverless_reactive:cyclical:3,4.9,164.88,4,8.0
1788963274.252115,serverless_reactive:cyclical:3,0.0,164.88,4,8.0
1788963274.4541173,serverless_reactive:cyclical:3,0.0,164.88,4,8.0
1788963274.6565104,serverless_reactive:cyclical:3,0.0,164.88,4,8.0
1788963274.8592877,serverless_reactive:cyclical:3,0.0,164.88,4,8.0
1788963275.0615275,serverless_reactive:cyclical:3,0.0,164.88,4,8.0
1788963275.2632935,serverless_reactive:cyclical:3,0.0,164.88,4,8.0
1788963275.4655848,serverless_reactive:cyclical:3,0.0,164.88,4,8.0
1788963275.6674929,serverless_reactive:cyclical:3,0.0,164.88,4,8.0
1788963275.8702202,serverless_reactive:cyclical:3,0.0,164.88,4,8.0
1788963276.0729384,serverless_reactive:cyclical:3,0.0,164.88,4,8.0
1788963276.2748406,serverless_reactive:cyclical:3,0.0,164.88,4,8.0
1788963276.477578,serverless_reactive:cyclical:3,0.0,164.88,4,8.0
1788963276.6796346,serverless_reactive:cyclical:3,4.9,164.88,4,8.0
1788963276.882141,serverless_reactive:cyclical:3,0.0,164.88,4,8.0
1788963277.084044,serverless_reactive:cyclical:3,0.0,164.88,4,8.0
1788963277.2862122,serverless_reactive:cyclical:3,0.0,164.88,4,8.0
1788963277.4883008,serverless_reactive:cyclical:3,0.0,164.88,4,8.0
1788963277.6903925,serverless_reactive:cyclical:3,4.9,164.88,4,8.0
1788963277.8923118,serverless_reactive:cyclical:3,0.0,164.88,4,8.0
1788963278.0943978,serverless_reactive:cyclical:3,4.9,164.88,4,8.0
1788963278.296466,serverless_reactive:cyclical:3,0.0,164.88,4,8.0
1788963278.4992216,serverless_reactive:cyclical:3,0.0,164.88,4,8.0
1788963278.701372,serverless_reactive:cyclical:3,4.9,164.88,4,8.0
1788963278.9039752,serverless_reactive:cyclical:3,0.0,164.88,4,8.0
1788963279.106018,serverless_reactive:cyclical:3,0.0,164.88,4,8.0
1788963279.3080964,serverless_reactive:cyclical:3,0.0,164.88,4,8.0
1788963279.5101123,serverless_reactive:cyclical:3,0.0,164.88,4,8.0
1788963279.712061,serverless_reactive:cyclical:3,0.0,164.88,4,8.0
1788963279.914589,serverless_reactive:cyclical:3,0.0,122.36,4,8.0
1788963280.116509,serverless_reactive:cyclical:3,0.0,122.36,3,8.0
1788963280.32616,serverless_reactive:cyclical:3,4.8,139.74,5,8.0
1788963280.5285318,serverless_reactive:cyclical:3,197.6,137.49,4,8.0
1788963280.7375476,serverless_reactive:cyclical:3,191.4,154.11,4,8.0
1788963280.9396482,serverless_reactive:cyclical:3,118.8,164.92,4,8.0
1788963281.1419282,serverless_reactive:cyclical:3,0.0,164.92,4,8.0
1788963281.34383,serverless_reactive:cyclical:3,0.0,164.92,4,8.0
1788963281.5457866,serverless_reactive:cyclical:3,0.0,164.92,4,8.0
1788963281.7475996,serverless_reactive:cyclical:3,5.0,164.92,4,8.0
1788963281.9510262,serverless_reactive:cyclical:3,0.0,164.92,4,8.0
1788963282.1529758,serverless_reactive:cyclical:3,0.0,164.92,4,8.0
1788963282.3570185,serverless_reactive:cyclical:3,0.0,164.92,4,8.0
1788963282.5589166,serverless_reactive:cyclical:3,0.0,164.92,4,8.0
1788963282.760725,serverless_reactive:cyclical:3,0.0,164.92,4,8.0
1788963282.962645,serverless_reactive:cyclical:3,0.0,164.92,4,8.0
1788963283.1644964,serverless_reactive:cyclical:3,0.0,164.92,4,8.0
1788963283.3666,serverless_reactive:cyclical:3,0.0,164.92,4,8.0
1788963283.5684779,serverless_reactive:cyclical:3,0.0,164.92,4,8.0
1788963283.770536,serverless_reactive:cyclical:3,0.0,164.92,4,8.0
1788963283.9723494,serverless_reactive:cyclical:3,0.0,164.92,4,8.0
1788963284.174388,serverless_reactive:cyclical:3,0.0,164.92,4,8.0
1788963284.37632,serverless_reactive:cyclical:3,0.0,164.92,4,8.0
1788963284.5782363,serverless_reactive:cyclical:3,0.0,164.92,4,8.0
1788963284.7804132,serverless_reactive:cyclical:3,0.0,164.92,4,8.0
1788963284.982322,serverless_reactive:cyclical:3,0.0,164.92,4,8.0
1788963285.1841483,serverless_reactive:cyclical:3,0.0,164.92,4,8.0
1788963285.3865097,serverless_reactive:cyclical:3,0.0,164.92,4,8.0
1788963285.5883112,serverless_reactive:cyclical:3,5.0,164.92,4,8.0
1788963285.7901657,serverless_reactive:cyclical:3,5.0,164.92,4,8.0
1788963285.9920597,serverless_reactive:cyclical:3,0.0,164.92,4,8.0
1788963286.1941705,serverless_reactive:cyclical:3,4.9,164.92,4,8.0
1788963286.3959594,serverless_reactive:cyclical:3,0.0,164.92,4,8.0
1788963286.5979705,serverless_reactive:cyclical:3,0.0,164.92,4,8.0
1788963286.7998564,serverless_reactive:cyclical:3,5.0,164.92,4,8.0
1788963287.0021281,serverless_reactive:cyclical:3,0.0,164.92,4,8.0
1788963287.2046309,serverless_reactive:cyclical:3,0.0,164.92,4,8.0
1788963287.4065864,serverless_reactive:cyclical:3,0.0,164.92,4,8.0
1788963287.6086476,serverless_reactive:cyclical:3,0.0,164.92,4,8.0
1788963287.8108215,serverless_reactive:cyclical:3,0.0,164.92,4,8.0
1788963288.0126526,serverless_reactive:cyclical:3,0.0,164.92,4,8.0
1788963288.2148764,serverless_reactive:cyclical:3,0.0,164.92,4,8.0
1788963288.4168398,serverless_reactive:cyclical:3,0.0,164.92,4,8.0
1788963288.6195855,serverless_reactive:cyclical:3,0.0,164.92,4,8.0
1788963288.8218286,serverless_reactive:cyclical:3,0.0,164.92,4,8.0
1788963289.0244472,serverless_reactive:cyclical:3,0.0,164.92,4,8.0
1788963289.2266316,serverless_reactive:cyclical:3,0.0,164.92,4,8.0
1788963289.429098,serverless_reactive:cyclical:3,0.0,122.4,3,8.0
1788963289.6313586,serverless_reactive:cyclical:3,0.0,79.82,2,8.0
1788963289.8330598,serverless_reactive:cyclical:3,0.0,37.19,1,8.0
1788963290.0389829,serverless_reactive:cyclical:3,4.9,108.73,4,8.0
1788963290.2409616,serverless_reactive:cyclical:3,193.0,143.59,4,8.0
1788963290.4466126,serverless_reactive:cyclical:3,194.5,156.8,4,8.0
1788963290.6492152,serverless_reactive:cyclical:3,84.0,164.94,4,8.0
1788963290.8511498,serverless_reactive:cyclical:3,5.0,164.94,4,8.0
1788963291.053703,serverless_reactive:cyclical:3,0.0,164.94,4,8.0
1788963291.255751,serverless_reactive:cyclical:3,0.0,164.94,4,8.0
1788963291.4579623,serverless_reactive:cyclical:3,0.0,164.94,4,8.0
1788963291.6605034,serverless_reactive:cyclical:3,0.0,164.94,4,8.0
1788963291.8626812,serverless_reactive:cyclical:3,0.0,164.94,4,8.0
1788963292.0648556,serverless_reactive:cyclical:3,0.0,164.94,4,8.0
1788963292.2671618,serverless_reactive:cyclical:3,0.0,164.94,4,8.0
1788963292.470023,serverless_reactive:cyclical:3,0.0,164.94,4,8.0
1788963292.6723917,serverless_reactive:cyclical:3,0.0,164.94,4,8.0
1788963292.8743958,serverless_reactive:cyclical:3,4.9,164.94,4,8.0
1788963293.0764308,serverless_reactive:cyclical:3,0.0,164.94,4,8.0
1788963293.2785165,serverless_reactive:cyclical:3,0.0,164.94,4,8.0
1788963293.4808898,serverless_reactive:cyclical:3,0.0,164.94,4,8.0
1788963293.683059,serverless_reactive:cyclical:3,0.0,164.94,4,8.0
1788963293.8850133,serverless_reactive:cyclical:3,0.0,164.94,4,8.0
1788963294.0872934,serverless_reactive:cyclical:3,0.0,164.94,4,8.0
1788963294.2893233,serverless_reactive:cyclical:3,0.0,164.94,4,8.0
1788963294.4913287,serverless_reactive:cyclical:3,0.0,164.94,4,8.0
1788963294.6933146,serverless_reactive:cyclical:3,0.0,164.94,4,8.0
1788963294.8966608,serverless_reactive:cyclical:3,0.0,164.94,4,8.0
1788963295.0987196,serverless_reactive:cyclical:3,0.0,164.94,4,8.0
1788963295.3007748,serverless_reactive:cyclical:3,4.9,164.94,4,8.0
1788963295.504316,serverless_reactive:cyclical:3,4.9,164.94,4,8.0
1788963295.7074413,serverless_reactive:cyclical:3,0.0,164.94,4,8.0
1788963295.909514,serverless_reactive:cyclical:3,0.0,164.94,4,8.0
1788963296.111779,serverless_reactive:cyclical:3,0.0,164.94,4,8.0
1788963296.3143606,serverless_reactive:cyclical:3,0.0,164.94,4,8.0
1788963296.516962,serverless_reactive:cyclical:3,0.0,164.94,4,8.0
1788963296.7190673,serverless_reactive:cyclical:3,0.0,164.94,4,8.0
1788963296.9215455,serverless_reactive:cyclical:3,0.0,164.94,4,8.0
1788963297.12383,serverless_reactive:cyclical:3,0.0,164.94,4,8.0
1788963297.3266168,serverless_reactive:cyclical:3,0.0,164.94,4,8.0
1788963297.5285478,serverless_reactive:cyclical:3,0.0,164.94,4,8.0
1788963297.7313821,serverless_reactive:cyclical:3,4.9,164.94,4,8.0
1788963297.933432,serverless_reactive:cyclical:3,0.0,164.94,4,8.0
1788963298.1359487,serverless_reactive:cyclical:3,0.0,164.94,4,8.0
1788963298.3384738,serverless_reactive:cyclical:3,0.0,164.94,4,8.0
1788963298.5409505,serverless_reactive:cyclical:3,0.0,164.94,4,8.0
1788963298.7428622,serverless_reactive:cyclical:3,0.0,164.94,4,8.0
1788963298.945717,serverless_reactive:cyclical:3,4.9,122.38,3,8.0
1788963299.1483102,serverless_reactive:cyclical:3,4.9,132.12,5,8.0
1788963299.3547344,serverless_reactive:cyclical:3,155.0,125.46,4,8.0
1788963299.5588365,serverless_reactive:cyclical:3,191.1,147.93,4,8.0
1788963299.7768936,serverless_reactive:cyclical:3,174.3,156.2,4,8.0
1788963300.7664096,serverless_reactive:cyclical:4,0.0,36.61,1,8.0
1788963300.968881,serverless_reactive:cyclical:4,0.0,36.61,1,8.0
1788963301.170548,serverless_reactive:cyclical:4,0.0,36.61,1,8.0
1788963301.3725684,serverless_reactive:cyclical:4,0.0,36.61,1,8.0
1788963301.5743632,serverless_reactive:cyclical:4,0.0,36.62,1,8.0
1788963301.776003,serverless_reactive:cyclical:4,0.0,36.62,1,8.0
1788963301.977731,serverless_reactive:cyclical:4,0.0,36.62,1,8.0
1788963302.1793716,serverless_reactive:cyclical:4,0.0,36.62,1,8.0
1788963302.380996,serverless_reactive:cyclical:4,0.0,36.62,1,8.0
1788963302.5827823,serverless_reactive:cyclical:4,0.0,36.62,1,8.0
1788963302.7844062,serverless_reactive:cyclical:4,0.0,36.62,1,8.0
1788963302.9862003,serverless_reactive:cyclical:4,0.0,36.62,1,8.0
1788963303.1878815,serverless_reactive:cyclical:4,0.0,36.62,1,8.0
1788963303.3897786,serverless_reactive:cyclical:4,0.0,36.62,1,8.0
1788963303.5915537,serverless_reactive:cyclical:4,0.0,36.62,1,8.0
1788963303.7933006,serverless_reactive:cyclical:4,0.0,36.62,1,8.0
1788963303.9960723,serverless_reactive:cyclical:4,0.0,36.62,1,8.0
1788963304.1978905,serverless_reactive:cyclical:4,0.0,36.62,1,8.0
1788963304.3997443,serverless_reactive:cyclical:4,0.0,36.62,1,8.0
1788963304.6021795,serverless_reactive:cyclical:4,0.0,36.62,1,8.0
1788963304.8038208,serverless_reactive:cyclical:4,0.0,36.62,1,8.0
1788963305.0057414,serverless_reactive:cyclical:4,0.0,36.62,1,8.0
1788963305.208407,serverless_reactive:cyclical:4,4.9,36.62,1,8.0
1788963305.4104886,serverless_reactive:cyclical:4,0.0,36.62,1,8.0
1788963305.61306,serverless_reactive:cyclical:4,0.0,36.62,1,8.0
1788963305.815096,serverless_reactive:cyclical:4,0.0,36.62,1,8.0
1788963306.0167892,serverless_reactive:cyclical:4,0.0,36.62,1,8.0
1788963306.2187407,serverless_reactive:cyclical:4,0.0,36.62,1,8.0
1788963306.4204395,serverless_reactive:cyclical:4,0.0,36.62,1,8.0
1788963306.622135,serverless_reactive:cyclical:4,0.0,36.62,1,8.0
1788963306.8237915,serverless_reactive:cyclical:4,0.0,36.62,1,8.0
1788963307.025641,serverless_reactive:cyclical:4,0.0,36.62,1,8.0
1788963307.2273943,serverless_reactive:cyclical:4,0.0,36.62,1,8.0
1788963307.4291773,serverless_reactive:cyclical:4,0.0,36.62,1,8.0
1788963307.6309254,serverless_reactive:cyclical:4,0.0,36.62,1,8.0
1788963307.8328152,serverless_reactive:cyclical:4,0.0,36.62,1,8.0
1788963308.0347867,serverless_reactive:cyclical:4,0.0,36.62,1,8.0
1788963308.2364416,serverless_reactive:cyclical:4,0.0,36.62,1,8.0
1788963308.438186,serverless_reactive:cyclical:4,0.0,36.62,1,8.0
1788963308.639932,serverless_reactive:cyclical:4,0.0,36.62,1,8.0
1788963308.841871,serverless_reactive:cyclical:4,0.0,36.62,1,8.0
1788963309.0437965,serverless_reactive:cyclical:4,0.0,36.62,1,8.0
1788963309.245639,serverless_reactive:cyclical:4,0.0,36.62,1,8.0
1788963309.4472923,serverless_reactive:cyclical:4,0.0,36.62,1,8.0
1788963309.6490629,serverless_reactive:cyclical:4,0.0,36.62,1,8.0
1788963309.8516428,serverless_reactive:cyclical:4,9.9,113.39,4,8.0
1788963310.058783,serverless_reactive:cyclical:4,202.7,142.7,4,8.0
1788963310.265809,serverless_reactive:cyclical:4,174.0,158.84,4,8.0
1788963310.4677606,serverless_reactive:cyclical:4,64.4,164.8,4,8.0
1788963310.6698453,serverless_reactive:cyclical:4,4.9,164.8,4,8.0
1788963310.8719995,serverless_reactive:cyclical:4,4.9,164.8,4,8.0
1788963311.0741065,serverless_reactive:cyclical:4,0.0,164.8,4,8.0
1788963311.276073,serverless_reactive:cyclical:4,0.0,164.8,4,8.0
1788963311.4782934,serverless_reactive:cyclical:4,0.0,164.8,4,8.0
1788963311.6802518,serverless_reactive:cyclical:4,0.0,164.8,4,8.0
1788963311.8822534,serverless_reactive:cyclical:4,0.0,164.8,4,8.0
1788963312.0842311,serverless_reactive:cyclical:4,0.0,164.8,4,8.0
1788963312.2892416,serverless_reactive:cyclical:4,0.0,164.8,4,8.0
1788963312.4921315,serverless_reactive:cyclical:4,0.0,164.8,4,8.0
1788963312.6946,serverless_reactive:cyclical:4,0.0,164.8,4,8.0
1788963312.8979015,serverless_reactive:cyclical:4,0.0,164.8,4,8.0
1788963313.0998273,serverless_reactive:cyclical:4,0.0,164.8,4,8.0
1788963313.302217,serverless_reactive:cyclical:4,0.0,164.8,4,8.0
1788963313.5041976,serverless_reactive:cyclical:4,0.0,164.8,4,8.0
1788963313.7062094,serverless_reactive:cyclical:4,0.0,164.8,4,8.0
1788963313.90832,serverless_reactive:cyclical:4,0.0,164.8,4,8.0
1788963314.110932,serverless_reactive:cyclical:4,4.9,164.8,4,8.0
1788963314.312925,serverless_reactive:cyclical:4,0.0,164.8,4,8.0
1788963314.5150878,serverless_reactive:cyclical:4,0.0,164.8,4,8.0
1788963314.7176611,serverless_reactive:cyclical:4,0.0,164.8,4,8.0
1788963314.919908,serverless_reactive:cyclical:4,0.0,164.8,4,8.0
1788963315.12308,serverless_reactive:cyclical:4,0.0,164.8,4,8.0
1788963315.3258908,serverless_reactive:cyclical:4,4.9,164.8,4,8.0
1788963315.5280168,serverless_reactive:cyclical:4,0.0,164.8,4,8.0
1788963315.730471,serverless_reactive:cyclical:4,4.9,164.8,4,8.0
1788963315.932677,serverless_reactive:cyclical:4,0.0,164.8,4,8.0
1788963316.1347775,serverless_reactive:cyclical:4,0.0,164.8,4,8.0
1788963316.337765,serverless_reactive:cyclical:4,0.0,164.8,4,8.0
1788963316.5400488,serverless_reactive:cyclical:4,0.0,164.8,4,8.0
1788963316.742324,serverless_reactive:cyclical:4,0.0,164.8,4,8.0
1788963316.9442215,serverless_reactive:cyclical:4,0.0,164.8,4,8.0
1788963317.1467612,serverless_reactive:cyclical:4,0.0,164.8,4,8.0
1788963317.3494844,serverless_reactive:cyclical:4,0.0,164.8,4,8.0
1788963317.55162,serverless_reactive:cyclical:4,0.0,164.8,4,8.0
1788963317.7537262,serverless_reactive:cyclical:4,0.0,164.8,4,8.0
1788963317.9556468,serverless_reactive:cyclical:4,0.0,164.8,4,8.0
1788963318.15776,serverless_reactive:cyclical:4,0.0,164.8,4,8.0
1788963318.359711,serverless_reactive:cyclical:4,0.0,164.8,4,8.0
1788963318.5617144,serverless_reactive:cyclical:4,5.0,164.87,4,8.0
1788963318.7638385,serverless_reactive:cyclical:4,0.0,122.3,3,8.0
1788963318.9657845,serverless_reactive:cyclical:4,0.0,79.69,2,8.0
1788963319.1676042,serverless_reactive:cyclical:4,0.0,37.12,1,8.0
1788963319.3694084,serverless_reactive:cyclical:4,0.0,37.12,1,8.0
1788963319.5748239,serverless_reactive:cyclical:4,4.9,78.67,4,8.0
1788963319.7766087,serverless_reactive:cyclical:4,193.3,126.68,4,8.0
1788963319.9790654,serverless_reactive:cyclical:4,197.5,153.09,4,8.0
1788963320.181287,serverless_reactive:cyclical:4,158.2,165.14,4,8.0
1788963320.3832011,serverless_reactive:cyclical:4,0.0,165.14,4,8.0
1788963320.5855925,serverless_reactive:cyclical:4,0.0,165.14,4,8.0
1788963320.787691,serverless_reactive:cyclical:4,0.0,165.14,4,8.0
1788963320.9896934,serverless_reactive:cyclical:4,0.0,165.14,4,8.0
1788963321.191657,serverless_reactive:cyclical:4,0.0,165.14,4,8.0
1788963321.39367,serverless_reactive:cyclical:4,0.0,165.14,4,8.0
1788963321.5956893,serverless_reactive:cyclical:4,0.0,165.14,4,8.0
1788963321.797824,serverless_reactive:cyclical:4,0.0,165.14,4,8.0
1788963321.9999259,serverless_reactive:cyclical:4,0.0,165.14,4,8.0
1788963322.2019706,serverless_reactive:cyclical:4,4.9,165.14,4,8.0
1788963322.4039698,serverless_reactive:cyclical:4,0.0,165.14,4,8.0
1788963322.6059759,serverless_reactive:cyclical:4,0.0,165.14,4,8.0
1788963322.8079512,serverless_reactive:cyclical:4,0.0,165.14,4,8.0
1788963323.0099545,serverless_reactive:cyclical:4,5.0,165.14,4,8.0
1788963323.2120376,serverless_reactive:cyclical:4,4.9,165.14,4,8.0
1788963323.4140656,serverless_reactive:cyclical:4,0.0,165.14,4,8.0
1788963323.616113,serverless_reactive:cyclical:4,0.0,165.14,4,8.0
1788963323.8185523,serverless_reactive:cyclical:4,0.0,165.14,4,8.0
1788963324.0205364,serverless_reactive:cyclical:4,0.0,165.14,4,8.0
1788963324.2227356,serverless_reactive:cyclical:4,0.0,165.14,4,8.0
1788963324.4245656,serverless_reactive:cyclical:4,0.0,165.14,4,8.0
1788963324.6267183,serverless_reactive:cyclical:4,0.0,165.14,4,8.0
1788963324.8287113,serverless_reactive:cyclical:4,0.0,165.14,4,8.0
1788963325.030748,serverless_reactive:cyclical:4,0.0,165.14,4,8.0
1788963325.2329288,serverless_reactive:cyclical:4,0.0,165.14,4,8.0
1788963325.4349604,serverless_reactive:cyclical:4,0.0,165.14,4,8.0
1788963325.6369987,serverless_reactive:cyclical:4,0.0,165.14,4,8.0
1788963325.8390405,serverless_reactive:cyclical:4,0.0,165.14,4,8.0
1788963326.0410748,serverless_reactive:cyclical:4,0.0,165.14,4,8.0
1788963326.2435253,serverless_reactive:cyclical:4,0.0,165.14,4,8.0
1788963326.4455547,serverless_reactive:cyclical:4,0.0,165.14,4,8.0
1788963326.6475744,serverless_reactive:cyclical:4,5.0,165.14,4,8.0
1788963326.8498092,serverless_reactive:cyclical:4,0.0,165.14,4,8.0
1788963327.0519342,serverless_reactive:cyclical:4,0.0,165.14,4,8.0
1788963327.2540727,serverless_reactive:cyclical:4,0.0,165.14,4,8.0
1788963327.4561667,serverless_reactive:cyclical:4,0.0,165.14,4,8.0
1788963327.6585355,serverless_reactive:cyclical:4,4.9,165.14,4,8.0
1788963327.8605547,serverless_reactive:cyclical:4,0.0,165.14,4,8.0
1788963328.0640085,serverless_reactive:cyclical:4,0.0,165.14,4,8.0
1788963328.2660565,serverless_reactive:cyclical:4,0.0,165.14,4,8.0
1788963328.467949,serverless_reactive:cyclical:4,5.0,122.5,3,8.0
1788963328.6698115,serverless_reactive:cyclical:4,5.0,79.83,2,8.0
1788963328.872064,serverless_reactive:cyclical:4,0.0,37.25,1,8.0
1788963329.0739686,serverless_reactive:cyclical:4,0.0,37.25,1,8.0
1788963329.2757893,serverless_reactive:cyclical:4,0.0,37.25,1,8.0
1788963329.477934,serverless_reactive:cyclical:4,0.0,37.25,1,8.0
1788963329.6798732,serverless_reactive:cyclical:4,0.0,37.25,1,8.0
1788963329.881954,serverless_reactive:cyclical:4,0.0,37.25,1,8.0
1788963330.084416,serverless_reactive:cyclical:4,4.9,65.14,4,8.0
1788963330.2907627,serverless_reactive:cyclical:4,193.8,126.98,4,8.0
1788963330.4927802,serverless_reactive:cyclical:4,163.4,146.93,4,8.0
1788963330.69467,serverless_reactive:cyclical:4,104.1,151.54,4,8.0
1788963330.897338,serverless_reactive:cyclical:4,113.5,160.91,4,8.0
1788963331.1003737,serverless_reactive:cyclical:4,34.5,164.98,4,8.0
1788963331.3027256,serverless_reactive:cyclical:4,0.0,164.98,4,8.0
1788963331.5047219,serverless_reactive:cyclical:4,0.0,164.98,4,8.0
1788963331.7067301,serverless_reactive:cyclical:4,5.0,164.98,4,8.0
1788963331.9087532,serverless_reactive:cyclical:4,0.0,164.98,4,8.0
1788963332.110734,serverless_reactive:cyclical:4,0.0,164.98,4,8.0
1788963332.3125916,serverless_reactive:cyclical:4,0.0,164.98,4,8.0
1788963332.514623,serverless_reactive:cyclical:4,0.0,164.98,4,8.0
1788963332.7175121,serverless_reactive:cyclical:4,0.0,164.98,4,8.0
1788963332.9195442,serverless_reactive:cyclical:4,4.9,164.98,4,8.0
1788963333.1215944,serverless_reactive:cyclical:4,0.0,164.98,4,8.0
1788963333.3235292,serverless_reactive:cyclical:4,0.0,164.98,4,8.0
1788963333.5254846,serverless_reactive:cyclical:4,0.0,164.98,4,8.0
1788963333.7274714,serverless_reactive:cyclical:4,0.0,164.98,4,8.0
1788963333.9295247,serverless_reactive:cyclical:4,0.0,164.98,4,8.0
1788963334.131534,serverless_reactive:cyclical:4,5.0,164.98,4,8.0
1788963334.3335567,serverless_reactive:cyclical:4,0.0,164.98,4,8.0
1788963334.5357285,serverless_reactive:cyclical:4,0.0,164.98,4,8.0
1788963334.7377,serverless_reactive:cyclical:4,0.0,164.98,4,8.0
1788963334.9408906,serverless_reactive:cyclical:4,4.9,164.98,4,8.0
1788963335.1431088,serverless_reactive:cyclical:4,0.0,164.98,4,8.0
1788963335.3454113,serverless_reactive:cyclical:4,9.9,164.98,4,8.0
1788963335.5475724,serverless_reactive:cyclical:4,0.0,164.98,4,8.0
1788963335.7497728,serverless_reactive:cyclical:4,0.0,164.98,4,8.0
1788963335.9523315,serverless_reactive:cyclical:4,0.0,164.98,4,8.0
1788963336.1543868,serverless_reactive:cyclical:4,0.0,164.98,4,8.0
1788963336.356891,serverless_reactive:cyclical:4,0.0,164.98,4,8.0
1788963336.5587587,serverless_reactive:cyclical:4,0.0,164.98,4,8.0
1788963336.7616012,serverless_reactive:cyclical:4,0.0,164.98,4,8.0
1788963336.9634826,serverless_reactive:cyclical:4,0.0,164.98,4,8.0
1788963337.1655114,serverless_reactive:cyclical:4,0.0,164.98,4,8.0
1788963337.367385,serverless_reactive:cyclical:4,0.0,164.98,4,8.0
1788963337.5693102,serverless_reactive:cyclical:4,0.0,164.98,4,8.0
1788963337.7717016,serverless_reactive:cyclical:4,0.0,164.98,4,8.0
1788963337.9737644,serverless_reactive:cyclical:4,0.0,164.98,4,8.0
1788963338.1756244,serverless_reactive:cyclical:4,0.0,164.98,4,8.0
1788963338.378184,serverless_reactive:cyclical:4,0.0,164.98,4,8.0
1788963338.579981,serverless_reactive:cyclical:4,0.0,164.98,4,8.0
1788963338.781903,serverless_reactive:cyclical:4,0.0,164.98,4,8.0
1788963338.9838274,serverless_reactive:cyclical:4,0.0,164.98,4,8.0
1788963339.185694,serverless_reactive:cyclical:4,5.0,164.98,4,8.0
1788963339.3876255,serverless_reactive:cyclical:4,5.0,79.86,3,8.0
1788963339.5895374,serverless_reactive:cyclical:4,0.0,37.29,2,8.0
1788963339.7913089,serverless_reactive:cyclical:4,0.0,37.29,1,8.0
1788963339.9930975,serverless_reactive:cyclical:4,0.0,37.29,1,8.0
1788963340.1988168,serverless_reactive:cyclical:4,4.9,115.82,4,8.0
1788963340.4007597,serverless_reactive:cyclical:4,207.9,145.72,4,8.0
1788963340.6067274,serverless_reactive:cyclical:4,136.0,153.86,4,8.0
1788963340.8084958,serverless_reactive:cyclical:4,99.2,165.06,4,8.0
1788963341.010596,serverless_reactive:cyclical:4,0.0,165.06,4,8.0
1788963341.212845,serverless_reactive:cyclical:4,0.0,165.06,4,8.0
1788963341.4148667,serverless_reactive:cyclical:4,0.0,165.06,4,8.0
1788963341.616869,serverless_reactive:cyclical:4,5.0,165.06,4,8.0
1788963341.8189456,serverless_reactive:cyclical:4,0.0,165.06,4,8.0
1788963342.0210724,serverless_reactive:cyclical:4,0.0,165.06,4,8.0
1788963342.223172,serverless_reactive:cyclical:4,0.0,165.06,4,8.0
1788963342.425075,serverless_reactive:cyclical:4,0.0,165.06,4,8.0
1788963342.627113,serverless_reactive:cyclical:4,5.0,165.06,4,8.0
1788963342.829064,serverless_reactive:cyclical:4,0.0,165.06,4,8.0
1788963343.0314486,serverless_reactive:cyclical:4,0.0,165.06,4,8.0
1788963343.2334836,serverless_reactive:cyclical:4,0.0,165.06,4,8.0
1788963343.4356294,serverless_reactive:cyclical:4,0.0,165.06,4,8.0
1788963343.6375856,serverless_reactive:cyclical:4,0.0,165.06,4,8.0
1788963343.8396497,serverless_reactive:cyclical:4,0.0,165.06,4,8.0
1788963344.0416703,serverless_reactive:cyclical:4,0.0,165.06,4,8.0
1788963344.2437634,serverless_reactive:cyclical:4,0.0,165.06,4,8.0
1788963344.4457939,serverless_reactive:cyclical:4,0.0,165.06,4,8.0
1788963344.6477048,serverless_reactive:cyclical:4,0.0,165.06,4,8.0
1788963344.8498766,serverless_reactive:cyclical:4,0.0,165.06,4,8.0
1788963345.0520852,serverless_reactive:cyclical:4,4.9,165.06,4,8.0
1788963345.2541964,serverless_reactive:cyclical:4,0.0,165.06,4,8.0
1788963345.4561763,serverless_reactive:cyclical:4,0.0,165.06,4,8.0
1788963345.6582093,serverless_reactive:cyclical:4,4.9,165.06,4,8.0
1788963345.8601224,serverless_reactive:cyclical:4,0.0,165.06,4,8.0
1788963346.0630214,serverless_reactive:cyclical:4,0.0,165.06,4,8.0
1788963346.2654204,serverless_reactive:cyclical:4,4.9,165.06,4,8.0
1788963346.467592,serverless_reactive:cyclical:4,0.0,165.06,4,8.0
1788963346.6706204,serverless_reactive:cyclical:4,0.0,165.06,4,8.0
1788963346.8725357,serverless_reactive:cyclical:4,0.0,165.06,4,8.0
1788963347.0745451,serverless_reactive:cyclical:4,0.0,165.06,4,8.0
1788963347.2772293,serverless_reactive:cyclical:4,0.0,165.06,4,8.0
1788963347.479186,serverless_reactive:cyclical:4,0.0,165.06,4,8.0
1788963347.6821215,serverless_reactive:cyclical:4,0.0,165.06,4,8.0
1788963347.88414,serverless_reactive:cyclical:4,4.9,165.06,4,8.0
1788963348.0862954,serverless_reactive:cyclical:4,0.0,165.06,4,8.0
1788963348.2884808,serverless_reactive:cyclical:4,0.0,165.06,4,8.0
1788963348.491252,serverless_reactive:cyclical:4,0.0,165.06,4,8.0
1788963348.693401,serverless_reactive:cyclical:4,0.0,165.06,4,8.0
1788963348.8952532,serverless_reactive:cyclical:4,0.0,165.06,4,8.0
1788963349.097566,serverless_reactive:cyclical:4,0.0,122.54,3,8.0
1788963349.2993317,serverless_reactive:cyclical:4,0.0,37.32,1,8.0
1788963349.5010612,serverless_reactive:cyclical:4,0.0,37.32,1,8.0
1788963349.7027922,serverless_reactive:cyclical:4,0.0,37.32,1,8.0
1788963349.910766,serverless_reactive:cyclical:4,4.8,95.06,4,8.0
1788963350.114636,serverless_reactive:cyclical:4,107.8,123.11,4,8.0
1788963350.318622,serverless_reactive:cyclical:4,137.2,141.75,4,8.0
1788963350.5222201,serverless_reactive:cyclical:4,196.5,156.45,4,8.0
1788963351.4835649,serverless_reactive:cyclical:5,0.0,36.52,1,8.0
1788963351.6853817,serverless_reactive:cyclical:5,0.0,36.52,1,8.0
1788963351.8871326,serverless_reactive:cyclical:5,0.0,36.52,1,8.0
1788963352.0896082,serverless_reactive:cyclical:5,0.0,36.52,1,8.0
1788963352.29184,serverless_reactive:cyclical:5,0.0,36.52,1,8.0
1788963352.4938707,serverless_reactive:cyclical:5,0.0,36.52,1,8.0
1788963352.6956408,serverless_reactive:cyclical:5,0.0,36.52,1,8.0
1788963352.8976371,serverless_reactive:cyclical:5,0.0,36.52,1,8.0
1788963353.0993278,serverless_reactive:cyclical:5,0.0,36.52,1,8.0
1788963353.3013117,serverless_reactive:cyclical:5,0.0,36.52,1,8.0
1788963353.5032458,serverless_reactive:cyclical:5,0.0,36.52,1,8.0
1788963353.7050595,serverless_reactive:cyclical:5,0.0,36.52,1,8.0
1788963353.9077415,serverless_reactive:cyclical:5,0.0,36.52,1,8.0
1788963354.1095383,serverless_reactive:cyclical:5,0.0,36.52,1,8.0
1788963354.3113906,serverless_reactive:cyclical:5,0.0,36.52,1,8.0
1788963354.513042,serverless_reactive:cyclical:5,0.0,36.52,1,8.0
1788963354.715729,serverless_reactive:cyclical:5,0.0,36.52,1,8.0
1788963354.9175549,serverless_reactive:cyclical:5,0.0,36.52,1,8.0
1788963355.1193533,serverless_reactive:cyclical:5,0.0,36.52,1,8.0
1788963355.321263,serverless_reactive:cyclical:5,0.0,36.52,1,8.0
1788963355.52314,serverless_reactive:cyclical:5,0.0,36.52,1,8.0
1788963355.7248704,serverless_reactive:cyclical:5,0.0,36.52,1,8.0
1788963355.9265995,serverless_reactive:cyclical:5,0.0,36.52,1,8.0
1788963356.1286645,serverless_reactive:cyclical:5,0.0,36.52,1,8.0
1788963356.330444,serverless_reactive:cyclical:5,0.0,36.52,1,8.0
1788963356.5321364,serverless_reactive:cyclical:5,0.0,36.52,1,8.0
1788963356.7339754,serverless_reactive:cyclical:5,0.0,36.52,1,8.0
1788963356.9357514,serverless_reactive:cyclical:5,0.0,36.52,1,8.0
1788963357.1379461,serverless_reactive:cyclical:5,0.0,36.52,1,8.0
1788963357.3401203,serverless_reactive:cyclical:5,0.0,36.52,1,8.0
1788963357.5419538,serverless_reactive:cyclical:5,0.0,36.52,1,8.0
1788963357.7436774,serverless_reactive:cyclical:5,0.0,36.52,1,8.0
1788963357.94574,serverless_reactive:cyclical:5,0.0,36.52,1,8.0
1788963358.147423,serverless_reactive:cyclical:5,0.0,36.52,1,8.0
1788963358.3490307,serverless_reactive:cyclical:5,0.0,36.52,1,8.0
1788963358.5507472,serverless_reactive:cyclical:5,0.0,36.52,1,8.0
1788963358.75237,serverless_reactive:cyclical:5,0.0,36.52,1,8.0
1788963358.954227,serverless_reactive:cyclical:5,0.0,36.52,1,8.0
1788963359.1561067,serverless_reactive:cyclical:5,0.0,36.52,1,8.0
1788963359.3578575,serverless_reactive:cyclical:5,0.0,36.52,1,8.0
1788963359.5596733,serverless_reactive:cyclical:5,0.0,36.52,1,8.0
1788963359.7616265,serverless_reactive:cyclical:5,0.0,36.52,1,8.0
1788963359.963411,serverless_reactive:cyclical:5,0.0,36.52,1,8.0
1788963360.165198,serverless_reactive:cyclical:5,0.0,36.52,1,8.0
1788963360.3670607,serverless_reactive:cyclical:5,0.0,36.52,1,8.0
1788963360.569297,serverless_reactive:cyclical:5,0.0,36.52,1,8.0
1788963360.7709837,serverless_reactive:cyclical:5,0.0,36.52,1,8.0
1788963360.9735572,serverless_reactive:cyclical:5,0.0,36.52,1,8.0
1788963361.175483,serverless_reactive:cyclical:5,0.0,36.52,1,8.0
1788963361.3817375,serverless_reactive:cyclical:5,4.9,61.15,4,8.0
1788963361.5836084,serverless_reactive:cyclical:5,198.1,122.75,4,8.0
1788963361.790915,serverless_reactive:cyclical:5,197.7,146.23,4,8.0
1788963361.9933553,serverless_reactive:cyclical:5,177.8,161.33,4,8.0
1788963362.1953871,serverless_reactive:cyclical:5,49.4,164.99,4,8.0
1788963362.3974333,serverless_reactive:cyclical:5,0.0,164.99,4,8.0
1788963362.5993214,serverless_reactive:cyclical:5,0.0,164.99,4,8.0
1788963362.8013635,serverless_reactive:cyclical:5,0.0,164.99,4,8.0
1788963363.0037186,serverless_reactive:cyclical:5,0.0,164.99,4,8.0
1788963363.2059038,serverless_reactive:cyclical:5,0.0,164.99,4,8.0
1788963363.4079845,serverless_reactive:cyclical:5,0.0,164.99,4,8.0
1788963363.6104045,serverless_reactive:cyclical:5,0.0,164.99,4,8.0
1788963363.8125296,serverless_reactive:cyclical:5,0.0,164.99,4,8.0
1788963364.0145462,serverless_reactive:cyclical:5,0.0,164.99,4,8.0
1788963364.2164698,serverless_reactive:cyclical:5,0.0,164.99,4,8.0
1788963364.418607,serverless_reactive:cyclical:5,0.0,164.99,4,8.0
1788963364.6206954,serverless_reactive:cyclical:5,0.0,164.99,4,8.0
1788963364.8226829,serverless_reactive:cyclical:5,0.0,164.99,4,8.0
1788963365.024858,serverless_reactive:cyclical:5,0.0,164.99,4,8.0
1788963365.2274697,serverless_reactive:cyclical:5,0.0,164.99,4,8.0
1788963365.42946,serverless_reactive:cyclical:5,0.0,164.99,4,8.0
1788963365.6313775,serverless_reactive:cyclical:5,0.0,164.99,4,8.0
1788963365.8336728,serverless_reactive:cyclical:5,0.0,164.99,4,8.0
1788963366.0356011,serverless_reactive:cyclical:5,0.0,164.99,4,8.0
1788963366.237654,serverless_reactive:cyclical:5,0.0,164.99,4,8.0
1788963366.43962,serverless_reactive:cyclical:5,0.0,164.99,4,8.0
1788963366.6416016,serverless_reactive:cyclical:5,0.0,164.99,4,8.0
1788963366.8434525,serverless_reactive:cyclical:5,5.0,164.99,4,8.0
1788963367.0463388,serverless_reactive:cyclical:5,4.9,164.99,4,8.0
1788963367.2482352,serverless_reactive:cyclical:5,0.0,164.99,4,8.0
1788963367.4503796,serverless_reactive:cyclical:5,0.0,164.99,4,8.0
1788963367.6523645,serverless_reactive:cyclical:5,0.0,164.99,4,8.0
1788963367.855038,serverless_reactive:cyclical:5,0.0,164.99,4,8.0
1788963368.0573423,serverless_reactive:cyclical:5,0.0,164.99,4,8.0
1788963368.259287,serverless_reactive:cyclical:5,0.0,164.99,4,8.0
1788963368.461358,serverless_reactive:cyclical:5,0.0,164.99,4,8.0
1788963368.6642725,serverless_reactive:cyclical:5,0.0,164.99,4,8.0
1788963368.866387,serverless_reactive:cyclical:5,0.0,164.99,4,8.0
1788963369.0685816,serverless_reactive:cyclical:5,0.0,164.99,4,8.0
1788963369.2705946,serverless_reactive:cyclical:5,0.0,164.99,4,8.0
1788963369.4724703,serverless_reactive:cyclical:5,0.0,164.99,4,8.0
1788963369.6746573,serverless_reactive:cyclical:5,4.9,164.99,4,8.0
1788963369.8766837,serverless_reactive:cyclical:5,0.0,164.99,4,8.0
1788963370.0786564,serverless_reactive:cyclical:5,0.0,164.99,4,8.0
1788963370.2806156,serverless_reactive:cyclical:5,5.0,165.06,4,8.0
1788963370.482479,serverless_reactive:cyclical:5,0.0,122.49,3,8.0
1788963370.6843543,serverless_reactive:cyclical:5,0.0,79.79,2,8.0
1788963370.8862364,serverless_reactive:cyclical:5,0.0,37.02,1,8.0
1788963371.0886638,serverless_reactive:cyclical:5,0.0,37.02,1,8.0
1788963371.2941933,serverless_reactive:cyclical:5,0.0,63.57,4,8.0
1788963371.4986303,serverless_reactive:cyclical:5,185.9,125.69,4,8.0
1788963371.7003558,serverless_reactive:cyclical:5,198.4,147.93,4,8.0
1788963371.9023583,serverless_reactive:cyclical:5,178.2,164.59,4,8.0
1788963372.104604,serverless_reactive:cyclical:5,4.9,165.03,4,8.0
1788963372.3065479,serverless_reactive:cyclical:5,0.0,165.03,4,8.0
1788963372.5092914,serverless_reactive:cyclical:5,0.0,165.03,4,8.0
1788963372.711182,serverless_reactive:cyclical:5,0.0,165.03,4,8.0
1788963372.9132535,serverless_reactive:cyclical:5,0.0,165.03,4,8.0
1788963373.115247,serverless_reactive:cyclical:5,0.0,165.03,4,8.0
1788963373.317222,serverless_reactive:cyclical:5,0.0,165.03,4,8.0
1788963373.5192614,serverless_reactive:cyclical:5,0.0,165.03,4,8.0
1788963373.7212853,serverless_reactive:cyclical:5,5.0,165.03,4,8.0
1788963373.9231822,serverless_reactive:cyclical:5,5.0,165.03,4,8.0
1788963374.125272,serverless_reactive:cyclical:5,0.0,165.03,4,8.0
1788963374.3274798,serverless_reactive:cyclical:5,0.0,165.03,4,8.0
1788963374.5295053,serverless_reactive:cyclical:5,0.0,165.03,4,8.0
1788963374.7320812,serverless_reactive:cyclical:5,0.0,165.03,4,8.0
1788963374.9340775,serverless_reactive:cyclical:5,0.0,165.03,4,8.0
1788963375.1361113,serverless_reactive:cyclical:5,9.9,165.03,4,8.0
1788963375.3382316,serverless_reactive:cyclical:5,0.0,165.03,4,8.0
1788963375.5404744,serverless_reactive:cyclical:5,0.0,165.03,4,8.0
1788963375.742434,serverless_reactive:cyclical:5,0.0,165.03,4,8.0
1788963375.9443188,serverless_reactive:cyclical:5,0.0,165.03,4,8.0
1788963376.1463485,serverless_reactive:cyclical:5,4.9,165.03,4,8.0
1788963376.3483195,serverless_reactive:cyclical:5,0.0,165.03,4,8.0
1788963376.5503426,serverless_reactive:cyclical:5,0.0,165.03,4,8.0
1788963376.7522058,serverless_reactive:cyclical:5,0.0,165.03,4,8.0
1788963376.9545374,serverless_reactive:cyclical:5,0.0,165.03,4,8.0
1788963377.1564074,serverless_reactive:cyclical:5,0.0,165.03,4,8.0
1788963377.3585076,serverless_reactive:cyclical:5,0.0,165.03,4,8.0
1788963377.5604296,serverless_reactive:cyclical:5,0.0,165.03,4,8.0
1788963377.7631562,serverless_reactive:cyclical:5,0.0,165.03,4,8.0
1788963377.9658895,serverless_reactive:cyclical:5,0.0,165.03,4,8.0
1788963378.170872,serverless_reactive:cyclical:5,4.9,165.03,4,8.0
1788963378.3736823,serverless_reactive:cyclical:5,0.0,165.03,4,8.0
1788963378.5756311,serverless_reactive:cyclical:5,0.0,165.03,4,8.0
1788963378.7786124,serverless_reactive:cyclical:5,0.0,165.03,4,8.0
1788963378.9806583,serverless_reactive:cyclical:5,5.0,165.03,4,8.0
1788963379.183017,serverless_reactive:cyclical:5,0.0,165.03,4,8.0
1788963379.3850744,serverless_reactive:cyclical:5,0.0,165.03,4,8.0
1788963379.5872765,serverless_reactive:cyclical:5,0.0,165.03,4,8.0
1788963379.789307,serverless_reactive:cyclical:5,0.0,165.03,4,8.0
1788963379.9913497,serverless_reactive:cyclical:5,0.0,165.03,4,8.0
1788963380.1982186,serverless_reactive:cyclical:5,4.8,156.81,6,8.0
1788963380.4028077,serverless_reactive:cyclical:5,190.6,167.64,5,8.0
1788963380.6133366,serverless_reactive:cyclical:5,199.5,147.03,5,8.0
1788963380.8157833,serverless_reactive:cyclical:5,182.7,164.82,4,8.0
1788963381.0181072,serverless_reactive:cyclical:5,9.8,164.83,4,8.0
1788963381.2201724,serverless_reactive:cyclical:5,0.0,164.83,4,8.0
1788963381.422518,serverless_reactive:cyclical:5,0.0,164.83,4,8.0
1788963381.6246445,serverless_reactive:cyclical:5,0.0,164.83,4,8.0
1788963381.8267918,serverless_reactive:cyclical:5,0.0,164.83,4,8.0
1788963382.0287662,serverless_reactive:cyclical:5,0.0,164.83,4,8.0
1788963382.2307663,serverless_reactive:cyclical:5,0.0,164.83,4,8.0
1788963382.433661,serverless_reactive:cyclical:5,0.0,164.83,4,8.0
1788963382.6357358,serverless_reactive:cyclical:5,9.8,164.83,4,8.0
1788963382.8378456,serverless_reactive:cyclical:5,0.0,164.83,4,8.0
1788963383.039819,serverless_reactive:cyclical:5,0.0,164.83,4,8.0
1788963383.242043,serverless_reactive:cyclical:5,0.0,164.83,4,8.0
1788963383.44435,serverless_reactive:cyclical:5,0.0,164.83,4,8.0
1788963383.6465473,serverless_reactive:cyclical:5,4.9,164.83,4,8.0
1788963383.8485584,serverless_reactive:cyclical:5,0.0,164.83,4,8.0
1788963384.05053,serverless_reactive:cyclical:5,0.0,164.83,4,8.0
1788963384.2526839,serverless_reactive:cyclical:5,0.0,164.83,4,8.0
1788963384.4546592,serverless_reactive:cyclical:5,0.0,164.83,4,8.0
1788963384.6566062,serverless_reactive:cyclical:5,0.0,164.83,4,8.0
1788963384.8592484,serverless_reactive:cyclical:5,0.0,164.83,4,8.0
1788963385.062724,serverless_reactive:cyclical:5,0.0,164.83,4,8.0
1788963385.264675,serverless_reactive:cyclical:5,5.0,164.83,4,8.0
1788963385.466678,serverless_reactive:cyclical:5,0.0,164.83,4,8.0
1788963385.6684942,serverless_reactive:cyclical:5,0.0,164.83,4,8.0
1788963385.8706987,serverless_reactive:cyclical:5,0.0,164.83,4,8.0
1788963386.0725894,serverless_reactive:cyclical:5,0.0,164.83,4,8.0
1788963386.2748456,serverless_reactive:cyclical:5,0.0,164.83,4,8.0
1788963386.476788,serverless_reactive:cyclical:5,0.0,164.83,4,8.0
1788963386.67874,serverless_reactive:cyclical:5,0.0,164.83,4,8.0
1788963386.88065,serverless_reactive:cyclical:5,0.0,164.83,4,8.0
1788963387.0826404,serverless_reactive:cyclical:5,0.0,164.83,4,8.0
1788963387.284708,serverless_reactive:cyclical:5,0.0,164.83,4,8.0
1788963387.4868562,serverless_reactive:cyclical:5,0.0,164.83,4,8.0
1788963387.6888456,serverless_reactive:cyclical:5,0.0,164.83,4,8.0
1788963387.8906884,serverless_reactive:cyclical:5,0.0,164.83,4,8.0
1788963388.0925777,serverless_reactive:cyclical:5,0.0,164.83,4,8.0
1788963388.2946594,serverless_reactive:cyclical:5,4.9,164.83,4,8.0
1788963388.4965842,serverless_reactive:cyclical:5,0.0,164.83,4,8.0
1788963388.6986344,serverless_reactive:cyclical:5,0.0,164.83,4,8.0
1788963388.901383,serverless_reactive:cyclical:5,0.0,164.83,4,8.0
1788963389.103402,serverless_reactive:cyclical:5,0.0,122.3,3,8.0
1788963389.306004,serverless_reactive:cyclical:5,0.0,79.79,2,8.0
1788963389.5077732,serverless_reactive:cyclical:5,0.0,37.22,1,8.0
1788963389.7095914,serverless_reactive:cyclical:5,0.0,37.22,1,8.0
1788963389.9113739,serverless_reactive:cyclical:5,0.0,37.22,1,8.0
1788963390.1136706,serverless_reactive:cyclical:5,9.9,110.6,4,8.0
1788963390.3183818,serverless_reactive:cyclical:5,200.2,143.19,4,8.0
1788963390.5207486,serverless_reactive:cyclical:5,187.7,157.18,4,8.0
1788963390.7228184,serverless_reactive:cyclical:5,74.1,164.86,4,8.0
1788963390.9248576,serverless_reactive:cyclical:5,0.0,164.86,4,8.0
1788963391.126864,serverless_reactive:cyclical:5,0.0,164.86,4,8.0
1788963391.3288226,serverless_reactive:cyclical:5,0.0,164.86,4,8.0
1788963391.5307953,serverless_reactive:cyclical:5,0.0,164.86,4,8.0
1788963391.732818,serverless_reactive:cyclical:5,0.0,164.86,4,8.0
1788963391.934822,serverless_reactive:cyclical:5,0.0,164.86,4,8.0
1788963392.136825,serverless_reactive:cyclical:5,0.0,164.86,4,8.0
1788963392.3387094,serverless_reactive:cyclical:5,0.0,164.86,4,8.0
1788963392.5406525,serverless_reactive:cyclical:5,0.0,164.86,4,8.0
1788963392.7428966,serverless_reactive:cyclical:5,0.0,164.86,4,8.0
1788963392.9452112,serverless_reactive:cyclical:5,0.0,164.86,4,8.0
1788963393.1470854,serverless_reactive:cyclical:5,0.0,164.86,4,8.0
1788963393.3492613,serverless_reactive:cyclical:5,0.0,164.86,4,8.0
1788963393.5512376,serverless_reactive:cyclical:5,0.0,164.86,4,8.0
1788963393.753393,serverless_reactive:cyclical:5,0.0,164.86,4,8.0
1788963393.9553957,serverless_reactive:cyclical:5,0.0,164.86,4,8.0
1788963394.157334,serverless_reactive:cyclical:5,5.0,164.86,4,8.0
1788963394.3592598,serverless_reactive:cyclical:5,0.0,164.86,4,8.0
1788963394.5616286,serverless_reactive:cyclical:5,0.0,164.86,4,8.0
1788963394.7636406,serverless_reactive:cyclical:5,4.9,164.86,4,8.0
1788963394.965763,serverless_reactive:cyclical:5,0.0,164.86,4,8.0
1788963395.167871,serverless_reactive:cyclical:5,4.9,164.86,4,8.0
1788963395.3702908,serverless_reactive:cyclical:5,0.0,164.86,4,8.0
1788963395.5723877,serverless_reactive:cyclical:5,0.0,164.86,4,8.0
1788963395.7754695,serverless_reactive:cyclical:5,4.9,164.86,4,8.0
1788963395.9777446,serverless_reactive:cyclical:5,0.0,164.86,4,8.0
1788963396.179826,serverless_reactive:cyclical:5,0.0,164.86,4,8.0
1788963396.3818498,serverless_reactive:cyclical:5,0.0,164.86,4,8.0
1788963396.5838661,serverless_reactive:cyclical:5,0.0,164.86,4,8.0
1788963396.7862003,serverless_reactive:cyclical:5,0.0,164.86,4,8.0
1788963396.9886174,serverless_reactive:cyclical:5,0.0,164.86,4,8.0
1788963397.190637,serverless_reactive:cyclical:5,0.0,164.86,4,8.0
1788963397.3933632,serverless_reactive:cyclical:5,0.0,164.86,4,8.0
1788963397.5954783,serverless_reactive:cyclical:5,0.0,164.86,4,8.0
1788963397.7977607,serverless_reactive:cyclical:5,0.0,164.86,4,8.0
1788963397.9998024,serverless_reactive:cyclical:5,0.0,164.86,4,8.0
1788963398.2021685,serverless_reactive:cyclical:5,0.0,164.86,4,8.0
1788963398.4050436,serverless_reactive:cyclical:5,0.0,164.86,4,8.0
1788963398.6069856,serverless_reactive:cyclical:5,0.0,164.86,4,8.0
1788963398.8088255,serverless_reactive:cyclical:5,0.0,164.86,4,8.0
1788963399.0150034,serverless_reactive:cyclical:5,4.9,142.57,6,8.0
1788963399.2170749,serverless_reactive:cyclical:5,187.9,120.03,4,8.0
1788963399.4192336,serverless_reactive:cyclical:5,202.8,146.75,4,8.0
1788963399.6214943,serverless_reactive:cyclical:5,192.8,160.05,4,8.0
1788963400.5105147,serverless_reactive:cyclical:6,0.0,36.59,1,8.0
1788963400.7121158,serverless_reactive:cyclical:6,0.0,36.59,1,8.0
1788963400.9139342,serverless_reactive:cyclical:6,0.0,36.59,1,8.0
1788963401.1159503,serverless_reactive:cyclical:6,0.0,36.59,1,8.0
1788963401.3177803,serverless_reactive:cyclical:6,0.0,36.59,1,8.0
1788963401.5195277,serverless_reactive:cyclical:6,0.0,36.59,1,8.0
1788963401.7215638,serverless_reactive:cyclical:6,0.0,36.6,1,8.0
1788963401.923657,serverless_reactive:cyclical:6,0.0,36.6,1,8.0
1788963402.1257913,serverless_reactive:cyclical:6,0.0,36.6,1,8.0
1788963402.3276608,serverless_reactive:cyclical:6,0.0,36.6,1,8.0
1788963402.5295026,serverless_reactive:cyclical:6,0.0,36.6,1,8.0
1788963402.73163,serverless_reactive:cyclical:6,4.9,36.6,1,8.0
1788963402.9334888,serverless_reactive:cyclical:6,0.0,36.6,1,8.0
1788963403.1351845,serverless_reactive:cyclical:6,0.0,36.6,1,8.0
1788963403.336775,serverless_reactive:cyclical:6,0.0,36.6,1,8.0
1788963403.5386815,serverless_reactive:cyclical:6,0.0,36.6,1,8.0
1788963403.7404935,serverless_reactive:cyclical:6,0.0,36.6,1,8.0
1788963403.9424167,serverless_reactive:cyclical:6,0.0,36.6,1,8.0
1788963404.1440473,serverless_reactive:cyclical:6,0.0,36.6,1,8.0
1788963404.3457363,serverless_reactive:cyclical:6,0.0,36.6,1,8.0
1788963404.547443,serverless_reactive:cyclical:6,0.0,36.6,1,8.0
1788963404.7494357,serverless_reactive:cyclical:6,0.0,36.6,1,8.0
1788963404.951217,serverless_reactive:cyclical:6,0.0,36.6,1,8.0
1788963405.1529357,serverless_reactive:cyclical:6,0.0,36.6,1,8.0
1788963405.3551354,serverless_reactive:cyclical:6,0.0,36.6,1,8.0
1788963405.5568447,serverless_reactive:cyclical:6,0.0,36.6,1,8.0
1788963405.7585642,serverless_reactive:cyclical:6,0.0,36.6,1,8.0
1788963405.9602475,serverless_reactive:cyclical:6,0.0,36.6,1,8.0
1788963406.1620693,serverless_reactive:cyclical:6,0.0,36.6,1,8.0
1788963406.3637538,serverless_reactive:cyclical:6,0.0,36.6,1,8.0
1788963406.5654747,serverless_reactive:cyclical:6,0.0,36.6,1,8.0
1788963406.7671278,serverless_reactive:cyclical:6,0.0,36.6,1,8.0
1788963406.9692495,serverless_reactive:cyclical:6,0.0,36.6,1,8.0
1788963407.1716793,serverless_reactive:cyclical:6,0.0,36.6,1,8.0
1788963407.3741455,serverless_reactive:cyclical:6,0.0,36.6,1,8.0
1788963407.576694,serverless_reactive:cyclical:6,0.0,36.6,1,8.0
1788963407.7792256,serverless_reactive:cyclical:6,0.0,36.6,1,8.0
1788963407.980867,serverless_reactive:cyclical:6,0.0,36.6,1,8.0
1788963408.1833277,serverless_reactive:cyclical:6,0.0,36.6,1,8.0
1788963408.385056,serverless_reactive:cyclical:6,0.0,36.6,1,8.0
1788963408.58671,serverless_reactive:cyclical:6,0.0,36.6,1,8.0
1788963408.788437,serverless_reactive:cyclical:6,0.0,36.6,1,8.0
1788963408.99078,serverless_reactive:cyclical:6,0.0,36.6,1,8.0
1788963409.1925592,serverless_reactive:cyclical:6,0.0,36.6,1,8.0
1788963409.3943849,serverless_reactive:cyclical:6,0.0,36.6,1,8.0
1788963409.5961223,serverless_reactive:cyclical:6,0.0,36.6,1,8.0
1788963409.802771,serverless_reactive:cyclical:6,9.7,77.48,4,8.0
1788963410.0045264,serverless_reactive:cyclical:6,193.4,130.65,4,8.0
1788963410.212515,serverless_reactive:cyclical:6,197.1,150.59,4,8.0
1788963410.41469,serverless_reactive:cyclical:6,158.3,164.83,4,8.0
1788963410.6165872,serverless_reactive:cyclical:6,0.0,164.83,4,8.0
1788963410.8185458,serverless_reactive:cyclical:6,0.0,164.83,4,8.0
1788963411.020515,serverless_reactive:cyclical:6,0.0,164.83,4,8.0
1788963411.2224407,serverless_reactive:cyclical:6,0.0,164.83,4,8.0
1788963411.4244068,serverless_reactive:cyclical:6,0.0,164.83,4,8.0
1788963411.6264932,serverless_reactive:cyclical:6,0.0,164.83,4,8.0
1788963411.8284256,serverless_reactive:cyclical:6,0.0,164.83,4,8.0
1788963412.0306363,serverless_reactive:cyclical:6,0.0,164.83,4,8.0
1788963412.2325675,serverless_reactive:cyclical:6,0.0,164.83,4,8.0
1788963412.434681,serverless_reactive:cyclical:6,0.0,164.83,4,8.0
1788963412.6369362,serverless_reactive:cyclical:6,4.9,164.83,4,8.0
1788963412.8389127,serverless_reactive:cyclical:6,0.0,164.83,4,8.0
1788963413.0408354,serverless_reactive:cyclical:6,0.0,164.83,4,8.0
1788963413.24272,serverless_reactive:cyclical:6,0.0,164.83,4,8.0
1788963413.4447,serverless_reactive:cyclical:6,0.0,164.83,4,8.0
1788963413.6466336,serverless_reactive:cyclical:6,0.0,164.83,4,8.0
1788963413.848663,serverless_reactive:cyclical:6,4.9,164.83,4,8.0
1788963414.0508635,serverless_reactive:cyclical:6,4.9,164.83,4,8.0
1788963414.2528317,serverless_reactive:cyclical:6,0.0,164.83,4,8.0
1788963414.4547794,serverless_reactive:cyclical:6,0.0,164.83,4,8.0
1788963414.6568086,serverless_reactive:cyclical:6,0.0,164.83,4,8.0
1788963414.858797,serverless_reactive:cyclical:6,0.0,164.83,4,8.0
1788963415.0606747,serverless_reactive:cyclical:6,0.0,164.83,4,8.0
1788963415.2627168,serverless_reactive:cyclical:6,0.0,164.83,4,8.0
1788963415.464515,serverless_reactive:cyclical:6,0.0,164.84,4,8.0
1788963415.6665583,serverless_reactive:cyclical:6,0.0,164.84,4,8.0
1788963415.8684254,serverless_reactive:cyclical:6,0.0,164.84,4,8.0
1788963416.0703766,serverless_reactive:cyclical:6,0.0,164.84,4,8.0
1788963416.2722652,serverless_reactive:cyclical:6,0.0,164.84,4,8.0
1788963416.4742453,serverless_reactive:cyclical:6,0.0,164.84,4,8.0
1788963416.676129,serverless_reactive:cyclical:6,0.0,164.84,4,8.0
1788963416.8781493,serverless_reactive:cyclical:6,0.0,164.84,4,8.0
1788963417.0800464,serverless_reactive:cyclical:6,0.0,164.84,4,8.0
1788963417.282273,serverless_reactive:cyclical:6,0.0,164.84,4,8.0
1788963417.4846115,serverless_reactive:cyclical:6,0.0,164.84,4,8.0
1788963417.6866684,serverless_reactive:cyclical:6,0.0,164.84,4,8.0
1788963417.889442,serverless_reactive:cyclical:6,0.0,164.84,4,8.0
1788963418.091446,serverless_reactive:cyclical:6,4.9,164.84,4,8.0
1788963418.2934895,serverless_reactive:cyclical:6,0.0,164.84,4,8.0
1788963418.495846,serverless_reactive:cyclical:6,4.9,164.9,4,8.0
1788963418.6978042,serverless_reactive:cyclical:6,0.0,79.71,3,8.0
1788963418.8998282,serverless_reactive:cyclical:6,0.0,79.71,2,8.0
1788963419.101813,serverless_reactive:cyclical:6,0.0,37.09,1,8.0
1788963419.3261874,serverless_reactive:cyclical:6,0.0,37.09,1,8.0
1788963419.5279703,serverless_reactive:cyclical:6,0.0,37.09,1,8.0
1788963419.730297,serverless_reactive:cyclical:6,0.0,37.09,1,8.0
1788963419.9319935,serverless_reactive:cyclical:6,0.0,37.09,1,8.0
1788963420.1337552,serverless_reactive:cyclical:6,0.0,37.09,1,8.0
1788963420.3387773,serverless_reactive:cyclical:6,0.0,67.41,4,8.0
1788963420.540722,serverless_reactive:cyclical:6,183.2,126.82,4,8.0
1788963420.7466693,serverless_reactive:cyclical:6,203.9,149.02,4,8.0
1788963420.9487755,serverless_reactive:cyclical:6,158.3,162.7,4,8.0
1788963421.1511812,serverless_reactive:cyclical:6,19.7,164.93,4,8.0
1788963421.353434,serverless_reactive:cyclical:6,0.0,164.93,4,8.0
1788963421.555369,serverless_reactive:cyclical:6,0.0,164.93,4,8.0
1788963421.757468,serverless_reactive:cyclical:6,0.0,164.93,4,8.0
1788963421.9594877,serverless_reactive:cyclical:6,0.0,164.93,4,8.0
1788963422.1615841,serverless_reactive:cyclical:6,4.9,164.93,4,8.0
1788963422.363651,serverless_reactive:cyclical:6,0.0,164.93,4,8.0
1788963422.565706,serverless_reactive:cyclical:6,4.9,164.93,4,8.0
1788963422.7680085,serverless_reactive:cyclical:6,0.0,164.93,4,8.0
1788963422.9699986,serverless_reactive:cyclical:6,0.0,164.93,4,8.0
1788963423.1719873,serverless_reactive:cyclical:6,0.0,164.93,4,8.0
1788963423.3742898,serverless_reactive:cyclical:6,0.0,164.93,4,8.0
1788963423.576355,serverless_reactive:cyclical:6,0.0,164.93,4,8.0
1788963423.7785807,serverless_reactive:cyclical:6,4.9,164.93,4,8.0
1788963423.9808269,serverless_reactive:cyclical:6,0.0,164.93,4,8.0
1788963424.1826546,serverless_reactive:cyclical:6,5.0,164.93,4,8.0
1788963424.3845625,serverless_reactive:cyclical:6,0.0,164.93,4,8.0
1788963424.5867338,serverless_reactive:cyclical:6,0.0,164.93,4,8.0
1788963424.788707,serverless_reactive:cyclical:6,0.0,164.93,4,8.0
1788963424.9909842,serverless_reactive:cyclical:6,0.0,164.93,4,8.0
1788963425.193025,serverless_reactive:cyclical:6,0.0,164.93,4,8.0
1788963425.3952057,serverless_reactive:cyclical:6,0.0,164.93,4,8.0
1788963425.5972939,serverless_reactive:cyclical:6,0.0,164.93,4,8.0
1788963425.7994437,serverless_reactive:cyclical:6,0.0,164.93,4,8.0
1788963426.0015736,serverless_reactive:cyclical:6,0.0,164.93,4,8.0
1788963426.2036493,serverless_reactive:cyclical:6,0.0,164.93,4,8.0
1788963426.405719,serverless_reactive:cyclical:6,0.0,164.93,4,8.0
1788963426.6076891,serverless_reactive:cyclical:6,0.0,164.93,4,8.0
1788963426.8097923,serverless_reactive:cyclical:6,0.0,164.93,4,8.0
1788963427.0118127,serverless_reactive:cyclical:6,0.0,164.93,4,8.0
1788963427.2138667,serverless_reactive:cyclical:6,0.0,164.93,4,8.0
1788963427.4159148,serverless_reactive:cyclical:6,0.0,164.93,4,8.0
1788963427.617991,serverless_reactive:cyclical:6,0.0,164.93,4,8.0
1788963427.8203015,serverless_reactive:cyclical:6,4.9,164.93,4,8.0
1788963428.022442,serverless_reactive:cyclical:6,0.0,164.93,4,8.0
1788963428.2248738,serverless_reactive:cyclical:6,0.0,164.93,4,8.0
1788963428.4279485,serverless_reactive:cyclical:6,0.0,164.93,4,8.0
1788963428.6303372,serverless_reactive:cyclical:6,9.8,164.93,4,8.0
1788963428.8323846,serverless_reactive:cyclical:6,0.0,164.93,4,8.0
1788963429.0344758,serverless_reactive:cyclical:6,0.0,164.93,4,8.0
1788963429.2364957,serverless_reactive:cyclical:6,0.0,122.33,3,8.0
1788963429.438545,serverless_reactive:cyclical:6,0.0,79.78,2,8.0
1788963429.640286,serverless_reactive:cyclical:6,0.0,79.78,2,8.0
1788963429.8422453,serverless_reactive:cyclical:6,0.0,37.25,1,8.0
1788963430.0467806,serverless_reactive:cyclical:6,4.9,110.14,4,8.0
1788963430.2506428,serverless_reactive:cyclical:6,191.3,142.0,4,8.0
1788963430.4546618,serverless_reactive:cyclical:6,205.8,156.73,4,8.0
1788963430.656559,serverless_reactive:cyclical:6,74.3,165.28,4,8.0
1788963430.8586552,serverless_reactive:cyclical:6,0.0,165.28,4,8.0
1788963431.0605676,serverless_reactive:cyclical:6,0.0,165.28,4,8.0
1788963431.2627702,serverless_reactive:cyclical:6,0.0,165.28,4,8.0
1788963431.4658813,serverless_reactive:cyclical:6,0.0,165.28,4,8.0
1788963431.6687415,serverless_reactive:cyclical:6,0.0,165.28,4,8.0
1788963431.870735,serverless_reactive:cyclical:6,0.0,165.28,4,8.0
1788963432.0727088,serverless_reactive:cyclical:6,0.0,165.28,4,8.0
1788963432.2746873,serverless_reactive:cyclical:6,0.0,165.28,4,8.0
1788963432.4766073,serverless_reactive:cyclical:6,0.0,165.28,4,8.0
1788963432.6786416,serverless_reactive:cyclical:6,4.9,165.28,4,8.0
1788963432.8807695,serverless_reactive:cyclical:6,0.0,165.28,4,8.0
1788963433.0828393,serverless_reactive:cyclical:6,0.0,165.28,4,8.0
1788963433.2848496,serverless_reactive:cyclical:6,5.0,165.28,4,8.0
1788963433.4867852,serverless_reactive:cyclical:6,0.0,165.28,4,8.0
1788963433.6889863,serverless_reactive:cyclical:6,0.0,165.28,4,8.0
1788963433.8914971,serverless_reactive:cyclical:6,0.0,165.28,4,8.0
1788963434.0934775,serverless_reactive:cyclical:6,4.9,165.28,4,8.0
1788963434.2961648,serverless_reactive:cyclical:6,0.0,165.28,4,8.0
1788963434.498209,serverless_reactive:cyclical:6,0.0,165.28,4,8.0
1788963434.70131,serverless_reactive:cyclical:6,0.0,165.28,4,8.0
1788963434.903263,serverless_reactive:cyclical:6,0.0,165.28,4,8.0
1788963435.1052902,serverless_reactive:cyclical:6,4.9,165.28,4,8.0
1788963435.3083231,serverless_reactive:cyclical:6,0.0,165.28,4,8.0
1788963435.5114584,serverless_reactive:cyclical:6,0.0,165.28,4,8.0
1788963435.7135365,serverless_reactive:cyclical:6,0.0,165.28,4,8.0
1788963435.9154983,serverless_reactive:cyclical:6,0.0,165.28,4,8.0
1788963436.1174505,serverless_reactive:cyclical:6,0.0,165.28,4,8.0
1788963436.3199916,serverless_reactive:cyclical:6,0.0,165.28,4,8.0
1788963436.5218744,serverless_reactive:cyclical:6,0.0,165.28,4,8.0
1788963436.7238307,serverless_reactive:cyclical:6,0.0,165.28,4,8.0
1788963436.926698,serverless_reactive:cyclical:6,0.0,165.28,4,8.0
1788963437.1286292,serverless_reactive:cyclical:6,0.0,165.28,4,8.0
1788963437.330661,serverless_reactive:cyclical:6,0.0,165.28,4,8.0
1788963437.5326278,serverless_reactive:cyclical:6,0.0,165.28,4,8.0
1788963437.734723,serverless_reactive:cyclical:6,0.0,165.28,4,8.0
1788963437.9367206,serverless_reactive:cyclical:6,5.0,165.28,4,8.0
1788963438.1387076,serverless_reactive:cyclical:6,0.0,165.28,4,8.0
1788963438.340624,serverless_reactive:cyclical:6,0.0,165.28,4,8.0
1788963438.5427005,serverless_reactive:cyclical:6,0.0,165.28,4,8.0
1788963438.7448027,serverless_reactive:cyclical:6,0.0,165.28,4,8.0
1788963438.9468272,serverless_reactive:cyclical:6,0.0,122.6,3,8.0
1788963439.1512592,serverless_reactive:cyclical:6,9.8,114.25,5,8.0
1788963439.3571706,serverless_reactive:cyclical:6,203.1,127.9,4,8.0
1788963439.559041,serverless_reactive:cyclical:6,179.7,148.84,4,8.0
1788963439.7613037,serverless_reactive:cyclical:6,173.1,165.07,4,8.0
1788963439.963423,serverless_reactive:cyclical:6,4.9,165.08,4,8.0
1788963440.1657252,serverless_reactive:cyclical:6,0.0,165.08,4,8.0
1788963440.3675797,serverless_reactive:cyclical:6,0.0,165.08,4,8.0
1788963440.5696855,serverless_reactive:cyclical:6,0.0,165.08,4,8.0
1788963440.7720833,serverless_reactive:cyclical:6,0.0,165.08,4,8.0
1788963440.9745102,serverless_reactive:cyclical:6,0.0,165.08,4,8.0
1788963441.1765003,serverless_reactive:cyclical:6,0.0,165.08,4,8.0
1788963441.3785446,serverless_reactive:cyclical:6,0.0,165.08,4,8.0
1788963441.5804164,serverless_reactive:cyclical:6,0.0,165.08,4,8.0
1788963441.782726,serverless_reactive:cyclical:6,0.0,165.08,4,8.0
1788963441.9846566,serverless_reactive:cyclical:6,0.0,165.08,4,8.0
1788963442.1869807,serverless_reactive:cyclical:6,0.0,165.08,4,8.0
1788963442.3890402,serverless_reactive:cyclical:6,0.0,165.08,4,8.0
1788963442.5910656,serverless_reactive:cyclical:6,0.0,165.08,4,8.0
1788963442.793016,serverless_reactive:cyclical:6,10.0,165.08,4,8.0
1788963442.9950287,serverless_reactive:cyclical:6,0.0,165.08,4,8.0
1788963443.1970885,serverless_reactive:cyclical:6,0.0,165.08,4,8.0
1788963443.399746,serverless_reactive:cyclical:6,4.9,165.08,4,8.0
1788963443.6021101,serverless_reactive:cyclical:6,0.0,165.08,4,8.0
1788963443.804339,serverless_reactive:cyclical:6,0.0,165.08,4,8.0
1788963444.006288,serverless_reactive:cyclical:6,0.0,165.08,4,8.0
1788963444.2082467,serverless_reactive:cyclical:6,0.0,165.08,4,8.0
1788963444.4109414,serverless_reactive:cyclical:6,4.9,165.08,4,8.0
1788963444.6134033,serverless_reactive:cyclical:6,0.0,165.08,4,8.0
1788963444.8152792,serverless_reactive:cyclical:6,0.0,165.08,4,8.0
1788963445.0180495,serverless_reactive:cyclical:6,0.0,165.08,4,8.0
1788963445.2209816,serverless_reactive:cyclical:6,0.0,165.08,4,8.0
1788963445.4230444,serverless_reactive:cyclical:6,0.0,165.08,4,8.0
1788963445.625708,serverless_reactive:cyclical:6,0.0,165.08,4,8.0
1788963445.8282049,serverless_reactive:cyclical:6,0.0,165.08,4,8.0
1788963446.03123,serverless_reactive:cyclical:6,0.0,165.08,4,8.0
1788963446.2342637,serverless_reactive:cyclical:6,0.0,165.08,4,8.0
1788963446.4362352,serverless_reactive:cyclical:6,0.0,165.08,4,8.0
1788963446.6392412,serverless_reactive:cyclical:6,0.0,165.08,4,8.0
1788963446.8422794,serverless_reactive:cyclical:6,0.0,165.08,4,8.0
1788963447.0454788,serverless_reactive:cyclical:6,0.0,165.08,4,8.0
1788963447.247422,serverless_reactive:cyclical:6,0.0,165.08,4,8.0
1788963447.4494355,serverless_reactive:cyclical:6,10.0,165.08,4,8.0
1788963447.6515281,serverless_reactive:cyclical:6,0.0,165.08,4,8.0
1788963447.8535864,serverless_reactive:cyclical:6,0.0,165.08,4,8.0
1788963448.058997,serverless_reactive:cyclical:6,0.0,166.91,6,8.0
1788963448.2609217,serverless_reactive:cyclical:6,188.3,132.38,5,8.0
1788963448.4668229,serverless_reactive:cyclical:6,199.3,151.02,4,8.0
1788963449.4740782,serverless_reactive:cyclical:7,0.0,36.59,1,8.0
1788963449.6758907,serverless_reactive:cyclical:7,0.0,36.59,1,8.0
1788963449.8776476,serverless_reactive:cyclical:7,0.0,36.59,1,8.0
1788963450.0793285,serverless_reactive:cyclical:7,0.0,36.59,1,8.0
1788963450.281504,serverless_reactive:cyclical:7,0.0,36.59,1,8.0
1788963450.483092,serverless_reactive:cyclical:7,0.0,36.59,1,8.0
1788963450.684673,serverless_reactive:cyclical:7,0.0,36.59,1,8.0
1788963450.8870242,serverless_reactive:cyclical:7,0.0,36.59,1,8.0
1788963451.0891821,serverless_reactive:cyclical:7,0.0,36.59,1,8.0
1788963451.2909126,serverless_reactive:cyclical:7,0.0,36.59,1,8.0
1788963451.4924607,serverless_reactive:cyclical:7,0.0,36.59,1,8.0
1788963451.69495,serverless_reactive:cyclical:7,0.0,36.59,1,8.0
1788963451.8974538,serverless_reactive:cyclical:7,0.0,36.59,1,8.0
1788963452.0999422,serverless_reactive:cyclical:7,0.0,36.59,1,8.0
1788963452.3025029,serverless_reactive:cyclical:7,0.0,36.59,1,8.0
1788963452.504964,serverless_reactive:cyclical:7,0.0,36.59,1,8.0
1788963452.7074118,serverless_reactive:cyclical:7,0.0,36.59,1,8.0
1788963452.9099293,serverless_reactive:cyclical:7,0.0,36.59,1,8.0
1788963453.112401,serverless_reactive:cyclical:7,0.0,36.59,1,8.0
1788963453.3149166,serverless_reactive:cyclical:7,0.0,36.59,1,8.0
1788963453.5164924,serverless_reactive:cyclical:7,0.0,36.59,1,8.0
1788963453.718174,serverless_reactive:cyclical:7,0.0,36.59,1,8.0
1788963453.9198947,serverless_reactive:cyclical:7,0.0,36.59,1,8.0
1788963454.1227303,serverless_reactive:cyclical:7,0.0,36.59,1,8.0
1788963454.325409,serverless_reactive:cyclical:7,0.0,36.59,1,8.0
1788963454.527852,serverless_reactive:cyclical:7,0.0,36.59,1,8.0
1788963454.7305028,serverless_reactive:cyclical:7,0.0,36.59,1,8.0
1788963454.9327693,serverless_reactive:cyclical:7,0.0,36.59,1,8.0
1788963455.1352532,serverless_reactive:cyclical:7,0.0,36.59,1,8.0
1788963455.3378055,serverless_reactive:cyclical:7,0.0,36.59,1,8.0
1788963455.5394797,serverless_reactive:cyclical:7,0.0,36.59,1,8.0
1788963455.741206,serverless_reactive:cyclical:7,0.0,36.59,1,8.0
1788963455.9434166,serverless_reactive:cyclical:7,0.0,36.59,1,8.0
1788963456.1452057,serverless_reactive:cyclical:7,0.0,36.59,1,8.0
1788963456.3469365,serverless_reactive:cyclical:7,5.0,36.6,1,8.0
1788963456.5495327,serverless_reactive:cyclical:7,0.0,36.6,1,8.0
1788963456.7512743,serverless_reactive:cyclical:7,0.0,36.6,1,8.0
1788963456.953348,serverless_reactive:cyclical:7,0.0,36.6,1,8.0
1788963457.1552298,serverless_reactive:cyclical:7,0.0,36.6,1,8.0
1788963457.3569732,serverless_reactive:cyclical:7,0.0,36.6,1,8.0
1788963457.5595043,serverless_reactive:cyclical:7,0.0,36.6,1,8.0
1788963457.7620406,serverless_reactive:cyclical:7,0.0,36.6,1,8.0
1788963457.964768,serverless_reactive:cyclical:7,0.0,36.6,1,8.0
1788963458.1670275,serverless_reactive:cyclical:7,0.0,36.6,1,8.0
1788963458.368767,serverless_reactive:cyclical:7,0.0,36.6,1,8.0
1788963458.570616,serverless_reactive:cyclical:7,0.0,36.6,1,8.0
1788963458.7723548,serverless_reactive:cyclical:7,0.0,36.6,1,8.0
1788963458.974258,serverless_reactive:cyclical:7,0.0,36.6,1,8.0
1788963459.175859,serverless_reactive:cyclical:7,0.0,36.6,1,8.0
1788963459.3853614,serverless_reactive:cyclical:7,9.7,101.04,4,8.0
1788963459.590875,serverless_reactive:cyclical:7,175.1,138.48,4,8.0
1788963459.7925847,serverless_reactive:cyclical:7,163.6,151.54,4,8.0
1788963459.9950001,serverless_reactive:cyclical:7,138.4,164.84,4,8.0
1788963460.1972208,serverless_reactive:cyclical:7,4.9,164.84,4,8.0
1788963460.3991022,serverless_reactive:cyclical:7,0.0,164.84,4,8.0
1788963460.6010628,serverless_reactive:cyclical:7,0.0,164.84,4,8.0
1788963460.803089,serverless_reactive:cyclical:7,5.0,164.84,4,8.0
1788963461.0050535,serverless_reactive:cyclical:7,0.0,164.84,4,8.0
1788963461.2070699,serverless_reactive:cyclical:7,0.0,164.84,4,8.0
1788963461.4093387,serverless_reactive:cyclical:7,0.0,164.84,4,8.0
1788963461.6112697,serverless_reactive:cyclical:7,0.0,164.84,4,8.0
1788963461.813353,serverless_reactive:cyclical:7,0.0,164.84,4,8.0
1788963462.0152702,serverless_reactive:cyclical:7,0.0,164.84,4,8.0
1788963462.2172933,serverless_reactive:cyclical:7,0.0,164.84,4,8.0
1788963462.420131,serverless_reactive:cyclical:7,0.0,164.84,4,8.0
1788963462.6223283,serverless_reactive:cyclical:7,4.9,164.84,4,8.0
1788963462.8242261,serverless_reactive:cyclical:7,0.0,164.84,4,8.0
1788963463.0262594,serverless_reactive:cyclical:7,0.0,164.84,4,8.0
1788963463.2293937,serverless_reactive:cyclical:7,0.0,164.84,4,8.0
1788963463.4320712,serverless_reactive:cyclical:7,0.0,164.84,4,8.0
1788963463.634052,serverless_reactive:cyclical:7,0.0,164.84,4,8.0
1788963463.835968,serverless_reactive:cyclical:7,0.0,164.84,4,8.0
1788963464.0379531,serverless_reactive:cyclical:7,0.0,164.84,4,8.0
1788963464.2397754,serverless_reactive:cyclical:7,0.0,164.84,4,8.0
1788963464.4417505,serverless_reactive:cyclical:7,0.0,164.84,4,8.0
1788963464.6439755,serverless_reactive:cyclical:7,0.0,164.84,4,8.0
1788963464.8459933,serverless_reactive:cyclical:7,0.0,164.84,4,8.0
1788963465.0479145,serverless_reactive:cyclical:7,0.0,164.84,4,8.0
1788963465.2501197,serverless_reactive:cyclical:7,4.9,164.84,4,8.0
1788963465.4520276,serverless_reactive:cyclical:7,0.0,164.84,4,8.0
1788963465.6541436,serverless_reactive:cyclical:7,0.0,164.84,4,8.0
1788963465.856104,serverless_reactive:cyclical:7,0.0,164.84,4,8.0
1788963466.0582182,serverless_reactive:cyclical:7,9.8,164.84,4,8.0
1788963466.260118,serverless_reactive:cyclical:7,0.0,164.84,4,8.0
1788963466.4628878,serverless_reactive:cyclical:7,0.0,164.84,4,8.0
1788963466.6648939,serverless_reactive:cyclical:7,0.0,164.84,4,8.0
1788963466.8668756,serverless_reactive:cyclical:7,0.0,164.84,4,8.0
1788963467.068824,serverless_reactive:cyclical:7,0.0,164.84,4,8.0
1788963467.2707124,serverless_reactive:cyclical:7,0.0,164.84,4,8.0
1788963467.472455,serverless_reactive:cyclical:7,0.0,164.84,4,8.0
1788963467.674365,serverless_reactive:cyclical:7,0.0,164.84,4,8.0
1788963467.8764105,serverless_reactive:cyclical:7,0.0,164.84,4,8.0
1788963468.0783553,serverless_reactive:cyclical:7,0.0,164.84,4,8.0
1788963468.2809448,serverless_reactive:cyclical:7,9.8,164.84,4,8.0
1788963468.4826305,serverless_reactive:cyclical:7,0.0,164.84,4,8.0
1788963468.6846611,serverless_reactive:cyclical:7,0.0,164.84,4,8.0
1788963468.886651,serverless_reactive:cyclical:7,5.0,164.84,4,8.0
1788963469.0886207,serverless_reactive:cyclical:7,0.0,164.84,4,8.0
1788963469.2909107,serverless_reactive:cyclical:7,4.9,164.84,4,8.0
1788963469.492893,serverless_reactive:cyclical:7,0.0,164.84,4,8.0
1788963469.6951401,serverless_reactive:cyclical:7,0.0,164.84,4,8.0
1788963469.8970127,serverless_reactive:cyclical:7,0.0,164.84,4,8.0
1788963470.0988245,serverless_reactive:cyclical:7,0.0,164.84,4,8.0
1788963470.3006449,serverless_reactive:cyclical:7,0.0,164.84,4,8.0
1788963470.5024738,serverless_reactive:cyclical:7,0.0,164.84,4,8.0
1788963470.7044733,serverless_reactive:cyclical:7,0.0,164.84,4,8.0
1788963470.9067802,serverless_reactive:cyclical:7,0.0,164.84,4,8.0
1788963471.1086717,serverless_reactive:cyclical:7,0.0,164.84,4,8.0
1788963471.3105958,serverless_reactive:cyclical:7,0.0,164.84,4,8.0
1788963471.5123684,serverless_reactive:cyclical:7,0.0,164.84,4,8.0
1788963471.7141867,serverless_reactive:cyclical:7,5.0,164.84,4,8.0
1788963471.9159627,serverless_reactive:cyclical:7,0.0,164.84,4,8.0
1788963472.118037,serverless_reactive:cyclical:7,0.0,164.84,4,8.0
1788963472.319978,serverless_reactive:cyclical:7,0.0,164.84,4,8.0
1788963472.5219078,serverless_reactive:cyclical:7,0.0,164.84,4,8.0
1788963472.7238557,serverless_reactive:cyclical:7,0.0,164.84,4,8.0
1788963472.9260375,serverless_reactive:cyclical:7,0.0,164.84,4,8.0
1788963473.1280525,serverless_reactive:cyclical:7,0.0,164.84,4,8.0
1788963473.3299832,serverless_reactive:cyclical:7,5.0,164.84,4,8.0
1788963473.5318437,serverless_reactive:cyclical:7,0.0,164.84,4,8.0
1788963473.7338452,serverless_reactive:cyclical:7,0.0,164.84,4,8.0
1788963473.9357734,serverless_reactive:cyclical:7,0.0,164.84,4,8.0
1788963474.1377084,serverless_reactive:cyclical:7,5.0,164.84,4,8.0
1788963474.3401968,serverless_reactive:cyclical:7,0.0,164.84,4,8.0
1788963474.5421498,serverless_reactive:cyclical:7,0.0,164.84,4,8.0
1788963474.7440808,serverless_reactive:cyclical:7,0.0,164.84,4,8.0
1788963474.9462416,serverless_reactive:cyclical:7,0.0,164.84,4,8.0
1788963475.1482053,serverless_reactive:cyclical:7,0.0,164.84,4,8.0
1788963475.3501542,serverless_reactive:cyclical:7,0.0,164.84,4,8.0
1788963475.5543976,serverless_reactive:cyclical:7,0.0,164.84,4,8.0
1788963475.756754,serverless_reactive:cyclical:7,0.0,164.84,4,8.0
1788963475.9591572,serverless_reactive:cyclical:7,0.0,164.84,4,8.0
1788963476.1613219,serverless_reactive:cyclical:7,0.0,164.84,4,8.0
1788963476.3632758,serverless_reactive:cyclical:7,0.0,164.84,4,8.0
1788963476.5657547,serverless_reactive:cyclical:7,0.0,164.9,4,8.0
1788963476.7684531,serverless_reactive:cyclical:7,0.0,79.63,2,8.0
1788963476.9702294,serverless_reactive:cyclical:7,0.0,37.09,1,8.0
1788963477.1719816,serverless_reactive:cyclical:7,0.0,37.09,1,8.0
1788963477.3738244,serverless_reactive:cyclical:7,5.0,37.09,1,8.0
1788963477.575601,serverless_reactive:cyclical:7,0.0,37.09,1,8.0
1788963477.777966,serverless_reactive:cyclical:7,0.0,37.09,1,8.0
1788963477.979758,serverless_reactive:cyclical:7,0.0,37.09,1,8.0
1788963478.1867912,serverless_reactive:cyclical:7,0.0,110.86,4,8.0
1788963478.3886385,serverless_reactive:cyclical:7,203.1,143.45,4,8.0
1788963478.5947003,serverless_reactive:cyclical:7,203.8,156.62,4,8.0
1788963478.7966373,serverless_reactive:cyclical:7,64.4,164.95,4,8.0
1788963478.998914,serverless_reactive:cyclical:7,0.0,164.95,4,8.0
1788963479.2008526,serverless_reactive:cyclical:7,5.0,164.95,4,8.0
1788963479.4027658,serverless_reactive:cyclical:7,0.0,164.95,4,8.0
1788963479.6047125,serverless_reactive:cyclical:7,0.0,164.95,4,8.0
1788963479.806644,serverless_reactive:cyclical:7,5.0,164.95,4,8.0
1788963480.0085864,serverless_reactive:cyclical:7,0.0,164.95,4,8.0
1788963480.211327,serverless_reactive:cyclical:7,0.0,164.95,4,8.0
1788963480.4134948,serverless_reactive:cyclical:7,4.9,164.95,4,8.0
1788963480.6155643,serverless_reactive:cyclical:7,0.0,164.95,4,8.0
1788963480.8177738,serverless_reactive:cyclical:7,0.0,164.95,4,8.0
1788963481.0197418,serverless_reactive:cyclical:7,0.0,164.95,4,8.0
1788963481.2218072,serverless_reactive:cyclical:7,0.0,164.95,4,8.0
1788963481.42369,serverless_reactive:cyclical:7,0.0,164.95,4,8.0
1788963481.625741,serverless_reactive:cyclical:7,0.0,164.95,4,8.0
1788963481.8276885,serverless_reactive:cyclical:7,0.0,164.95,4,8.0
1788963482.029718,serverless_reactive:cyclical:7,0.0,164.95,4,8.0
1788963482.2316792,serverless_reactive:cyclical:7,0.0,164.95,4,8.0
1788963482.4336748,serverless_reactive:cyclical:7,0.0,164.95,4,8.0
1788963482.635606,serverless_reactive:cyclical:7,0.0,164.95,4,8.0
1788963482.8375416,serverless_reactive:cyclical:7,0.0,164.95,4,8.0
1788963483.0409503,serverless_reactive:cyclical:7,0.0,164.95,4,8.0
1788963483.2428482,serverless_reactive:cyclical:7,0.0,164.95,4,8.0
1788963483.4447956,serverless_reactive:cyclical:7,0.0,164.95,4,8.0
1788963483.6467159,serverless_reactive:cyclical:7,0.0,164.95,4,8.0
1788963483.8487067,serverless_reactive:cyclical:7,0.0,164.95,4,8.0
1788963484.0507658,serverless_reactive:cyclical:7,0.0,164.95,4,8.0
1788963484.25331,serverless_reactive:cyclical:7,0.0,164.95,4,8.0
1788963484.4552486,serverless_reactive:cyclical:7,5.0,164.95,4,8.0
1788963484.6584332,serverless_reactive:cyclical:7,0.0,164.95,4,8.0
1788963484.8607993,serverless_reactive:cyclical:7,4.9,164.95,4,8.0
1788963485.0627527,serverless_reactive:cyclical:7,0.0,164.95,4,8.0
1788963485.2649786,serverless_reactive:cyclical:7,0.0,164.95,4,8.0
1788963485.4671464,serverless_reactive:cyclical:7,4.9,164.95,4,8.0
1788963485.66951,serverless_reactive:cyclical:7,0.0,164.95,4,8.0
1788963485.8716025,serverless_reactive:cyclical:7,0.0,164.95,4,8.0
1788963486.073684,serverless_reactive:cyclical:7,0.0,164.95,4,8.0
1788963486.276378,serverless_reactive:cyclical:7,0.0,164.95,4,8.0
1788963486.4782517,serverless_reactive:cyclical:7,0.0,164.95,4,8.0
1788963486.6801355,serverless_reactive:cyclical:7,0.0,164.95,4,8.0
1788963486.882008,serverless_reactive:cyclical:7,0.0,164.95,4,8.0
1788963487.0838342,serverless_reactive:cyclical:7,0.0,122.32,3,8.0
1788963487.286483,serverless_reactive:cyclical:7,0.0,79.76,2,8.0
1788963487.4885995,serverless_reactive:cyclical:7,0.0,37.25,1,8.0
1788963487.6905293,serverless_reactive:cyclical:7,0.0,37.25,1,8.0
1788963487.8923485,serverless_reactive:cyclical:7,0.0,37.25,1,8.0
1788963488.0940998,serverless_reactive:cyclical:7,0.0,37.25,1,8.0
1788963488.295885,serverless_reactive:cyclical:7,0.0,37.25,1,8.0
1788963488.4977744,serverless_reactive:cyclical:7,5.0,37.25,1,8.0
1788963488.7002025,serverless_reactive:cyclical:7,0.0,79.48,4,8.0
1788963488.9019477,serverless_reactive:cyclical:7,203.2,131.0,4,8.0
1788963489.1037402,serverless_reactive:cyclical:7,203.2,149.56,4,8.0
1788963489.3065095,serverless_reactive:cyclical:7,167.6,165.13,4,8.0
1788963489.509563,serverless_reactive:cyclical:7,4.9,165.13,4,8.0
1788963489.711731,serverless_reactive:cyclical:7,0.0,165.13,4,8.0
1788963489.9137883,serverless_reactive:cyclical:7,0.0,165.13,4,8.0
1788963490.1161058,serverless_reactive:cyclical:7,0.0,165.13,4,8.0
1788963490.318318,serverless_reactive:cyclical:7,0.0,165.13,4,8.0
1788963490.520357,serverless_reactive:cyclical:7,0.0,165.13,4,8.0
1788963490.7226353,serverless_reactive:cyclical:7,0.0,165.13,4,8.0
1788963490.9247441,serverless_reactive:cyclical:7,0.0,165.13,4,8.0
1788963491.1269734,serverless_reactive:cyclical:7,0.0,165.13,4,8.0
1788963491.3289583,serverless_reactive:cyclical:7,5.0,165.13,4,8.0
1788963491.5309067,serverless_reactive:cyclical:7,0.0,165.13,4,8.0
1788963491.7330494,serverless_reactive:cyclical:7,0.0,165.13,4,8.0
1788963491.9351,serverless_reactive:cyclical:7,0.0,165.13,4,8.0
1788963492.136999,serverless_reactive:cyclical:7,0.0,165.13,4,8.0
1788963492.3387794,serverless_reactive:cyclical:7,0.0,165.13,4,8.0
1788963492.54082,serverless_reactive:cyclical:7,0.0,165.13,4,8.0
1788963492.7428043,serverless_reactive:cyclical:7,0.0,165.13,4,8.0
1788963492.9449046,serverless_reactive:cyclical:7,4.9,165.13,4,8.0
1788963493.1466844,serverless_reactive:cyclical:7,0.0,165.13,4,8.0
1788963493.3485665,serverless_reactive:cyclical:7,0.0,165.13,4,8.0
1788963493.5508554,serverless_reactive:cyclical:7,0.0,165.13,4,8.0
1788963493.7527544,serverless_reactive:cyclical:7,5.0,165.13,4,8.0
1788963493.9546957,serverless_reactive:cyclical:7,0.0,165.13,4,8.0
1788963494.1566002,serverless_reactive:cyclical:7,0.0,165.13,4,8.0
1788963494.3585856,serverless_reactive:cyclical:7,0.0,165.13,4,8.0
1788963494.5605721,serverless_reactive:cyclical:7,0.0,165.13,4,8.0
1788963494.7632842,serverless_reactive:cyclical:7,0.0,165.13,4,8.0
1788963494.965311,serverless_reactive:cyclical:7,0.0,165.13,4,8.0
1788963495.1673784,serverless_reactive:cyclical:7,0.0,165.13,4,8.0
1788963495.369688,serverless_reactive:cyclical:7,0.0,165.13,4,8.0
1788963495.571869,serverless_reactive:cyclical:7,4.9,165.13,4,8.0
1788963495.774548,serverless_reactive:cyclical:7,0.0,165.13,4,8.0
1788963495.9767766,serverless_reactive:cyclical:7,0.0,165.13,4,8.0
1788963496.178825,serverless_reactive:cyclical:7,0.0,165.13,4,8.0
1788963496.3807058,serverless_reactive:cyclical:7,0.0,165.13,4,8.0
1788963496.5836756,serverless_reactive:cyclical:7,0.0,165.13,4,8.0
1788963496.7863936,serverless_reactive:cyclical:7,0.0,165.13,4,8.0
1788963496.9889767,serverless_reactive:cyclical:7,4.9,165.13,4,8.0
1788963497.1908362,serverless_reactive:cyclical:7,0.0,165.13,4,8.0
1788963497.3930488,serverless_reactive:cyclical:7,0.0,165.13,4,8.0
1788963497.5990374,serverless_reactive:cyclical:7,4.9,188.08,7,8.0
1788963497.8099155,serverless_reactive:cyclical:7,194.5,225.3,6,8.0
1788963498.0117683,serverless_reactive:cyclical:7,188.2,152.8,4,8.0
1788963498.9988365,serverless_reactive:cyclical:8,0.0,36.62,1,8.0
1788963499.2004645,serverless_reactive:cyclical:8,0.0,36.62,1,8.0
1788963499.4022462,serverless_reactive:cyclical:8,0.0,36.62,1,8.0
1788963499.6039746,serverless_reactive:cyclical:8,0.0,36.62,1,8.0
1788963499.805756,serverless_reactive:cyclical:8,0.0,36.62,1,8.0
1788963500.0080452,serverless_reactive:cyclical:8,0.0,36.62,1,8.0
1788963500.2098053,serverless_reactive:cyclical:8,0.0,36.62,1,8.0
1788963500.411626,serverless_reactive:cyclical:8,0.0,36.62,1,8.0
1788963500.6133864,serverless_reactive:cyclical:8,0.0,36.62,1,8.0
1788963500.8193316,serverless_reactive:cyclical:8,0.0,36.62,1,8.0
1788963501.0213969,serverless_reactive:cyclical:8,0.0,36.62,1,8.0
1788963501.2231863,serverless_reactive:cyclical:8,0.0,36.62,1,8.0
1788963501.4249065,serverless_reactive:cyclical:8,0.0,36.62,1,8.0
1788963501.6266959,serverless_reactive:cyclical:8,0.0,36.62,1,8.0
1788963501.828449,serverless_reactive:cyclical:8,0.0,36.62,1,8.0
1788963502.0302224,serverless_reactive:cyclical:8,0.0,36.62,1,8.0
1788963502.2320406,serverless_reactive:cyclical:8,0.0,36.62,1,8.0
1788963502.43384,serverless_reactive:cyclical:8,0.0,36.62,1,8.0
1788963502.6354706,serverless_reactive:cyclical:8,0.0,36.62,1,8.0
1788963502.8372595,serverless_reactive:cyclical:8,0.0,36.62,1,8.0
1788963503.0389867,serverless_reactive:cyclical:8,0.0,36.62,1,8.0
1788963503.2406807,serverless_reactive:cyclical:8,0.0,36.62,1,8.0
1788963503.4422855,serverless_reactive:cyclical:8,0.0,36.62,1,8.0
1788963503.6440246,serverless_reactive:cyclical:8,0.0,36.62,1,8.0
1788963503.845886,serverless_reactive:cyclical:8,0.0,36.62,1,8.0
1788963504.047565,serverless_reactive:cyclical:8,0.0,36.62,1,8.0
1788963504.249288,serverless_reactive:cyclical:8,0.0,36.62,1,8.0
1788963504.4509916,serverless_reactive:cyclical:8,0.0,36.62,1,8.0
1788963504.6527107,serverless_reactive:cyclical:8,0.0,36.62,1,8.0
1788963504.8545005,serverless_reactive:cyclical:8,0.0,36.62,1,8.0
1788963505.0574331,serverless_reactive:cyclical:8,0.0,36.62,1,8.0
1788963505.2591598,serverless_reactive:cyclical:8,0.0,36.62,1,8.0
1788963505.4608202,serverless_reactive:cyclical:8,0.0,36.62,1,8.0
1788963505.6625526,serverless_reactive:cyclical:8,0.0,36.62,1,8.0
1788963505.8645802,serverless_reactive:cyclical:8,0.0,36.62,1,8.0
1788963506.066456,serverless_reactive:cyclical:8,0.0,36.62,1,8.0
1788963506.2681878,serverless_reactive:cyclical:8,0.0,36.62,1,8.0
1788963506.470148,serverless_reactive:cyclical:8,0.0,36.62,1,8.0
1788963506.671777,serverless_reactive:cyclical:8,0.0,36.62,1,8.0
1788963506.8736863,serverless_reactive:cyclical:8,0.0,36.62,1,8.0
1788963507.0755806,serverless_reactive:cyclical:8,0.0,36.62,1,8.0
1788963507.2772608,serverless_reactive:cyclical:8,0.0,36.62,1,8.0
1788963507.4792056,serverless_reactive:cyclical:8,0.0,36.62,1,8.0
1788963507.6816707,serverless_reactive:cyclical:8,0.0,36.62,1,8.0
1788963507.8844364,serverless_reactive:cyclical:8,4.9,96.68,4,8.0
1788963508.0906055,serverless_reactive:cyclical:8,198.9,135.18,4,8.0
1788963508.2927418,serverless_reactive:cyclical:8,193.0,152.75,4,8.0
1788963508.4952621,serverless_reactive:cyclical:8,143.2,164.75,4,8.0
1788963508.697217,serverless_reactive:cyclical:8,0.0,164.75,4,8.0
1788963508.8992743,serverless_reactive:cyclical:8,0.0,164.75,4,8.0
1788963509.1012626,serverless_reactive:cyclical:8,0.0,164.75,4,8.0
1788963509.3039243,serverless_reactive:cyclical:8,0.0,164.75,4,8.0
1788963509.5058708,serverless_reactive:cyclical:8,0.0,164.75,4,8.0
1788963509.7078931,serverless_reactive:cyclical:8,5.0,164.75,4,8.0
1788963509.9099417,serverless_reactive:cyclical:8,0.0,164.75,4,8.0
1788963510.1119173,serverless_reactive:cyclical:8,0.0,164.75,4,8.0
1788963510.3139079,serverless_reactive:cyclical:8,0.0,164.75,4,8.0
1788963510.5156736,serverless_reactive:cyclical:8,0.0,164.75,4,8.0
1788963510.717515,serverless_reactive:cyclical:8,0.0,164.75,4,8.0
1788963510.9194334,serverless_reactive:cyclical:8,0.0,164.75,4,8.0
1788963511.1214507,serverless_reactive:cyclical:8,0.0,164.75,4,8.0
1788963511.3233464,serverless_reactive:cyclical:8,0.0,164.75,4,8.0
1788963511.525264,serverless_reactive:cyclical:8,0.0,164.75,4,8.0
1788963511.727946,serverless_reactive:cyclical:8,4.9,164.75,4,8.0
1788963511.929943,serverless_reactive:cyclical:8,0.0,164.75,4,8.0
1788963512.1317391,serverless_reactive:cyclical:8,0.0,164.75,4,8.0
1788963512.3338158,serverless_reactive:cyclical:8,0.0,164.75,4,8.0
1788963512.5356255,serverless_reactive:cyclical:8,5.0,164.75,4,8.0
1788963512.7384706,serverless_reactive:cyclical:8,0.0,164.75,4,8.0
1788963512.9403534,serverless_reactive:cyclical:8,0.0,164.75,4,8.0
1788963513.1435506,serverless_reactive:cyclical:8,0.0,164.75,4,8.0
1788963513.3464665,serverless_reactive:cyclical:8,0.0,164.75,4,8.0
1788963513.5495765,serverless_reactive:cyclical:8,0.0,164.76,4,8.0
1788963513.752281,serverless_reactive:cyclical:8,0.0,164.76,4,8.0
1788963513.9542823,serverless_reactive:cyclical:8,0.0,164.76,4,8.0
1788963514.1561303,serverless_reactive:cyclical:8,0.0,164.76,4,8.0
1788963514.3583105,serverless_reactive:cyclical:8,0.0,164.76,4,8.0
1788963514.560287,serverless_reactive:cyclical:8,0.0,164.76,4,8.0
1788963514.7622697,serverless_reactive:cyclical:8,0.0,164.76,4,8.0
1788963514.9652672,serverless_reactive:cyclical:8,4.9,164.76,4,8.0
1788963515.1675003,serverless_reactive:cyclical:8,0.0,164.76,4,8.0
1788963515.3695288,serverless_reactive:cyclical:8,0.0,164.76,4,8.0
1788963515.5716643,serverless_reactive:cyclical:8,0.0,164.76,4,8.0
1788963515.7738085,serverless_reactive:cyclical:8,0.0,164.76,4,8.0
1788963515.976639,serverless_reactive:cyclical:8,0.0,164.76,4,8.0
1788963516.1787195,serverless_reactive:cyclical:8,0.0,164.76,4,8.0
1788963516.3809779,serverless_reactive:cyclical:8,0.0,164.76,4,8.0
1788963516.5829942,serverless_reactive:cyclical:8,4.9,164.83,4,8.0
1788963516.7847915,serverless_reactive:cyclical:8,0.0,122.3,3,8.0
1788963516.9865682,serverless_reactive:cyclical:8,0.0,79.7,2,8.0
1788963517.1883285,serverless_reactive:cyclical:8,0.0,79.7,2,8.0
1788963517.3901725,serverless_reactive:cyclical:8,0.0,37.12,1,8.0
1788963517.59178,serverless_reactive:cyclical:8,0.0,37.12,1,8.0
1788963517.7935374,serverless_reactive:cyclical:8,0.0,37.12,1,8.0
1788963517.9991276,serverless_reactive:cyclical:8,4.9,106.89,4,8.0
1788963518.2008455,serverless_reactive:cyclical:8,193.3,140.93,4,8.0
1788963518.4030204,serverless_reactive:cyclical:8,197.8,155.63,4,8.0
1788963518.6051934,serverless_reactive:cyclical:8,88.9,164.98,4,8.0
1788963518.8071597,serverless_reactive:cyclical:8,0.0,164.98,4,8.0
1788963519.0103803,serverless_reactive:cyclical:8,0.0,164.98,4,8.0
1788963519.2137778,serverless_reactive:cyclical:8,0.0,164.98,4,8.0
1788963519.415585,serverless_reactive:cyclical:8,0.0,164.98,4,8.0
1788963519.61846,serverless_reactive:cyclical:8,4.9,164.98,4,8.0
1788963519.8205945,serverless_reactive:cyclical:8,4.9,164.98,4,8.0
1788963520.022519,serverless_reactive:cyclical:8,0.0,164.98,4,8.0
1788963520.2244217,serverless_reactive:cyclical:8,0.0,164.98,4,8.0
1788963520.426515,serverless_reactive:cyclical:8,0.0,164.98,4,8.0
1788963520.6283834,serverless_reactive:cyclical:8,0.0,164.98,4,8.0
1788963520.8304381,serverless_reactive:cyclical:8,0.0,164.98,4,8.0
1788963521.0325305,serverless_reactive:cyclical:8,0.0,164.98,4,8.0
1788963521.2345562,serverless_reactive:cyclical:8,0.0,164.98,4,8.0
1788963521.4364684,serverless_reactive:cyclical:8,0.0,164.98,4,8.0
1788963521.6394439,serverless_reactive:cyclical:8,4.9,164.98,4,8.0
1788963521.8414679,serverless_reactive:cyclical:8,0.0,164.98,4,8.0
1788963522.0433407,serverless_reactive:cyclical:8,0.0,164.98,4,8.0
1788963522.2454736,serverless_reactive:cyclical:8,0.0,164.98,4,8.0
1788963522.4473233,serverless_reactive:cyclical:8,0.0,164.98,4,8.0
1788963522.6492734,serverless_reactive:cyclical:8,0.0,164.98,4,8.0
1788963522.8512013,serverless_reactive:cyclical:8,0.0,164.98,4,8.0
1788963523.0533502,serverless_reactive:cyclical:8,0.0,164.98,4,8.0
1788963523.2551982,serverless_reactive:cyclical:8,0.0,164.98,4,8.0
1788963523.457299,serverless_reactive:cyclical:8,0.0,164.98,4,8.0
1788963523.659274,serverless_reactive:cyclical:8,10.0,164.98,4,8.0
1788963523.861224,serverless_reactive:cyclical:8,0.0,164.98,4,8.0
1788963524.0633488,serverless_reactive:cyclical:8,0.0,164.98,4,8.0
1788963524.265402,serverless_reactive:cyclical:8,0.0,164.98,4,8.0
1788963524.4673722,serverless_reactive:cyclical:8,0.0,164.98,4,8.0
1788963524.6696594,serverless_reactive:cyclical:8,4.9,164.98,4,8.0
1788963524.8716383,serverless_reactive:cyclical:8,0.0,164.98,4,8.0
1788963525.0735695,serverless_reactive:cyclical:8,0.0,164.98,4,8.0
1788963525.2754645,serverless_reactive:cyclical:8,0.0,164.98,4,8.0
1788963525.4774532,serverless_reactive:cyclical:8,0.0,164.98,4,8.0
1788963525.6792743,serverless_reactive:cyclical:8,0.0,164.98,4,8.0
1788963525.8813894,serverless_reactive:cyclical:8,0.0,164.98,4,8.0
1788963526.0834103,serverless_reactive:cyclical:8,0.0,164.98,4,8.0
1788963526.2855525,serverless_reactive:cyclical:8,0.0,164.98,4,8.0
1788963526.4877336,serverless_reactive:cyclical:8,0.0,164.98,4,8.0
1788963526.6897004,serverless_reactive:cyclical:8,5.0,164.98,4,8.0
1788963526.8916638,serverless_reactive:cyclical:8,0.0,79.84,2,8.0
1788963527.0934594,serverless_reactive:cyclical:8,0.0,37.27,1,8.0
1788963527.2952368,serverless_reactive:cyclical:8,0.0,37.27,1,8.0
1788963527.498897,serverless_reactive:cyclical:8,4.9,100.12,4,8.0
1788963527.7006176,serverless_reactive:cyclical:8,193.4,140.36,4,8.0
1788963527.9068785,serverless_reactive:cyclical:8,198.9,153.34,4,8.0
1788963528.1102192,serverless_reactive:cyclical:8,103.2,164.98,4,8.0
1788963528.3121603,serverless_reactive:cyclical:8,0.0,164.98,4,8.0
1788963528.5144267,serverless_reactive:cyclical:8,0.0,164.98,4,8.0
1788963528.7165413,serverless_reactive:cyclical:8,0.0,164.98,4,8.0
1788963528.9196672,serverless_reactive:cyclical:8,0.0,164.98,4,8.0
1788963529.1218138,serverless_reactive:cyclical:8,0.0,164.98,4,8.0
1788963529.3247287,serverless_reactive:cyclical:8,0.0,164.98,4,8.0
1788963529.5269012,serverless_reactive:cyclical:8,4.9,164.98,4,8.0
1788963529.7288358,serverless_reactive:cyclical:8,0.0,164.98,4,8.0
1788963529.9308126,serverless_reactive:cyclical:8,0.0,164.98,4,8.0
1788963530.1329856,serverless_reactive:cyclical:8,0.0,164.98,4,8.0
1788963530.3354158,serverless_reactive:cyclical:8,0.0,164.98,4,8.0
1788963530.5377047,serverless_reactive:cyclical:8,0.0,164.98,4,8.0
1788963530.7398155,serverless_reactive:cyclical:8,0.0,164.98,4,8.0
1788963530.9426205,serverless_reactive:cyclical:8,0.0,164.98,4,8.0
1788963531.1445105,serverless_reactive:cyclical:8,0.0,164.98,4,8.0
1788963531.3466222,serverless_reactive:cyclical:8,0.0,164.98,4,8.0
1788963531.5484283,serverless_reactive:cyclical:8,0.0,164.98,4,8.0
1788963531.7504773,serverless_reactive:cyclical:8,4.9,164.98,4,8.0
1788963531.9524105,serverless_reactive:cyclical:8,0.0,164.98,4,8.0
1788963532.1543097,serverless_reactive:cyclical:8,0.0,164.98,4,8.0
1788963532.3564985,serverless_reactive:cyclical:8,0.0,164.98,4,8.0
1788963532.5585005,serverless_reactive:cyclical:8,0.0,164.98,4,8.0
1788963532.7608004,serverless_reactive:cyclical:8,0.0,164.98,4,8.0
1788963532.963165,serverless_reactive:cyclical:8,4.9,164.98,4,8.0
1788963533.165333,serverless_reactive:cyclical:8,0.0,164.98,4,8.0
1788963533.3673005,serverless_reactive:cyclical:8,0.0,164.98,4,8.0
1788963533.56959,serverless_reactive:cyclical:8,0.0,164.98,4,8.0
1788963533.7718737,serverless_reactive:cyclical:8,0.0,164.98,4,8.0
1788963533.9739397,serverless_reactive:cyclical:8,0.0,164.98,4,8.0
1788963534.1759267,serverless_reactive:cyclical:8,0.0,164.98,4,8.0
1788963534.3779292,serverless_reactive:cyclical:8,0.0,164.98,4,8.0
1788963534.5799732,serverless_reactive:cyclical:8,0.0,164.98,4,8.0
1788963534.7820754,serverless_reactive:cyclical:8,0.0,164.98,4,8.0
1788963534.9841325,serverless_reactive:cyclical:8,0.0,164.98,4,8.0
1788963535.186142,serverless_reactive:cyclical:8,5.0,164.98,4,8.0
1788963535.3881,serverless_reactive:cyclical:8,0.0,164.98,4,8.0
1788963535.5902336,serverless_reactive:cyclical:8,0.0,164.98,4,8.0
1788963535.7925086,serverless_reactive:cyclical:8,0.0,164.98,4,8.0
1788963535.9949484,serverless_reactive:cyclical:8,0.0,164.98,4,8.0
1788963536.197268,serverless_reactive:cyclical:8,4.9,164.98,4,8.0
1788963536.399224,serverless_reactive:cyclical:8,0.0,122.43,3,8.0
1788963536.6014745,serverless_reactive:cyclical:8,0.0,122.43,3,8.0
1788963536.803374,serverless_reactive:cyclical:8,5.0,79.88,2,8.0
1788963537.0054567,serverless_reactive:cyclical:8,0.0,37.3,1,8.0
1788963537.2141035,serverless_reactive:cyclical:8,4.8,97.91,4,8.0
1788963537.4179723,serverless_reactive:cyclical:8,196.3,138.37,4,8.0
1788963537.6196482,serverless_reactive:cyclical:8,193.4,154.2,4,8.0
1788963537.8224847,serverless_reactive:cyclical:8,118.3,165.21,4,8.0
1788963538.0244482,serverless_reactive:cyclical:8,0.0,165.21,4,8.0
1788963538.2265174,serverless_reactive:cyclical:8,0.0,165.21,4,8.0
1788963538.4284997,serverless_reactive:cyclical:8,0.0,165.21,4,8.0
1788963538.6305203,serverless_reactive:cyclical:8,0.0,165.21,4,8.0
1788963538.8323119,serverless_reactive:cyclical:8,0.0,165.21,4,8.0
1788963539.034452,serverless_reactive:cyclical:8,0.0,165.21,4,8.0
1788963539.2364492,serverless_reactive:cyclical:8,0.0,165.21,4,8.0
1788963539.438515,serverless_reactive:cyclical:8,0.0,165.21,4,8.0
1788963539.6406748,serverless_reactive:cyclical:8,0.0,165.21,4,8.0
1788963539.8425558,serverless_reactive:cyclical:8,0.0,165.21,4,8.0
1788963540.044597,serverless_reactive:cyclical:8,0.0,165.21,4,8.0
1788963540.2466094,serverless_reactive:cyclical:8,0.0,165.21,4,8.0
1788963540.4488173,serverless_reactive:cyclical:8,0.0,165.21,4,8.0
1788963540.650781,serverless_reactive:cyclical:8,0.0,165.21,4,8.0
1788963540.852815,serverless_reactive:cyclical:8,4.9,165.21,4,8.0
1788963541.0548854,serverless_reactive:cyclical:8,4.9,165.21,4,8.0
1788963541.2569504,serverless_reactive:cyclical:8,0.0,165.21,4,8.0
1788963541.4588501,serverless_reactive:cyclical:8,0.0,165.21,4,8.0
1788963541.6608646,serverless_reactive:cyclical:8,5.0,165.21,4,8.0
1788963541.8630698,serverless_reactive:cyclical:8,0.0,165.21,4,8.0
1788963542.065425,serverless_reactive:cyclical:8,0.0,165.21,4,8.0
1788963542.2673607,serverless_reactive:cyclical:8,5.0,165.21,4,8.0
1788963542.4693456,serverless_reactive:cyclical:8,0.0,165.21,4,8.0
1788963542.6713905,serverless_reactive:cyclical:8,0.0,165.21,4,8.0
1788963542.8734944,serverless_reactive:cyclical:8,0.0,165.21,4,8.0
1788963543.0754094,serverless_reactive:cyclical:8,0.0,165.21,4,8.0
1788963543.2777,serverless_reactive:cyclical:8,0.0,165.21,4,8.0
1788963543.4803238,serverless_reactive:cyclical:8,0.0,165.21,4,8.0
1788963543.683983,serverless_reactive:cyclical:8,0.0,165.21,4,8.0
1788963543.886132,serverless_reactive:cyclical:8,0.0,165.21,4,8.0
1788963544.0883644,serverless_reactive:cyclical:8,0.0,165.21,4,8.0
1788963544.2906365,serverless_reactive:cyclical:8,0.0,165.21,4,8.0
1788963544.4927597,serverless_reactive:cyclical:8,0.0,165.21,4,8.0
1788963544.6948974,serverless_reactive:cyclical:8,0.0,165.21,4,8.0
1788963544.8973656,serverless_reactive:cyclical:8,0.0,165.21,4,8.0
1788963545.0995553,serverless_reactive:cyclical:8,0.0,165.21,4,8.0
1788963545.301776,serverless_reactive:cyclical:8,0.0,165.21,4,8.0
1788963545.50402,serverless_reactive:cyclical:8,0.0,165.21,4,8.0
1788963545.706159,serverless_reactive:cyclical:8,0.0,165.21,4,8.0
1788963545.9082131,serverless_reactive:cyclical:8,0.0,165.21,4,8.0
1788963546.1108062,serverless_reactive:cyclical:8,4.9,122.55,3,8.0
1788963546.312882,serverless_reactive:cyclical:8,0.0,80.01,3,8.0
1788963546.5147095,serverless_reactive:cyclical:8,0.0,37.32,1,8.0
1788963546.7164226,serverless_reactive:cyclical:8,0.0,37.32,1,8.0
1788963546.923053,serverless_reactive:cyclical:8,4.8,71.64,4,8.0
1788963547.124871,serverless_reactive:cyclical:8,198.2,128.27,4,8.0
1788963547.329986,serverless_reactive:cyclical:8,200.0,149.33,4,8.0
1788963547.5341003,serverless_reactive:cyclical:8,151.9,163.12,4,8.0
1788963548.370238,serverless_reactive:cyclical:9,0.0,36.69,1,8.0
1788963548.5719972,serverless_reactive:cyclical:9,0.0,36.69,1,8.0
1788963548.774656,serverless_reactive:cyclical:9,0.0,36.69,1,8.0
1788963548.977362,serverless_reactive:cyclical:9,0.0,36.69,1,8.0
1788963549.1791198,serverless_reactive:cyclical:9,0.0,36.69,1,8.0
1788963549.3817794,serverless_reactive:cyclical:9,0.0,36.69,1,8.0
1788963549.5844007,serverless_reactive:cyclical:9,0.0,36.69,1,8.0
1788963549.7874136,serverless_reactive:cyclical:9,0.0,36.69,1,8.0
1788963549.9900038,serverless_reactive:cyclical:9,0.0,36.69,1,8.0
1788963550.1917064,serverless_reactive:cyclical:9,0.0,36.69,1,8.0
1788963550.39361,serverless_reactive:cyclical:9,0.0,36.69,1,8.0
1788963550.5955288,serverless_reactive:cyclical:9,0.0,36.69,1,8.0
1788963550.797396,serverless_reactive:cyclical:9,0.0,36.69,1,8.0
1788963550.9991348,serverless_reactive:cyclical:9,0.0,36.69,1,8.0
1788963551.200856,serverless_reactive:cyclical:9,0.0,36.69,1,8.0
1788963551.4033065,serverless_reactive:cyclical:9,0.0,36.69,1,8.0
1788963551.605017,serverless_reactive:cyclical:9,0.0,36.69,1,8.0
1788963551.806848,serverless_reactive:cyclical:9,0.0,36.7,1,8.0
1788963552.008785,serverless_reactive:cyclical:9,0.0,36.7,1,8.0
1788963552.2104585,serverless_reactive:cyclical:9,0.0,36.7,1,8.0
1788963552.4122596,serverless_reactive:cyclical:9,0.0,36.7,1,8.0
1788963552.6140747,serverless_reactive:cyclical:9,0.0,36.7,1,8.0
1788963552.8157997,serverless_reactive:cyclical:9,0.0,36.7,1,8.0
1788963553.0182045,serverless_reactive:cyclical:9,0.0,36.7,1,8.0
1788963553.2199924,serverless_reactive:cyclical:9,0.0,36.7,1,8.0
1788963553.421878,serverless_reactive:cyclical:9,0.0,36.7,1,8.0
1788963553.6236997,serverless_reactive:cyclical:9,0.0,36.7,1,8.0
1788963553.8255832,serverless_reactive:cyclical:9,0.0,36.7,1,8.0
1788963554.0273886,serverless_reactive:cyclical:9,0.0,36.7,1,8.0
1788963554.2298453,serverless_reactive:cyclical:9,0.0,36.7,1,8.0
1788963554.4357636,serverless_reactive:cyclical:9,0.0,36.7,1,8.0
1788963554.637635,serverless_reactive:cyclical:9,0.0,36.7,1,8.0
1788963554.8395233,serverless_reactive:cyclical:9,0.0,36.7,1,8.0
1788963555.0413952,serverless_reactive:cyclical:9,0.0,36.7,1,8.0
1788963555.2431138,serverless_reactive:cyclical:9,0.0,36.7,1,8.0
1788963555.4449017,serverless_reactive:cyclical:9,0.0,36.7,1,8.0
1788963555.646557,serverless_reactive:cyclical:9,0.0,36.7,1,8.0
1788963555.8482242,serverless_reactive:cyclical:9,0.0,36.7,1,8.0
1788963556.0500684,serverless_reactive:cyclical:9,0.0,36.7,1,8.0
1788963556.2521298,serverless_reactive:cyclical:9,0.0,36.7,1,8.0
1788963556.453891,serverless_reactive:cyclical:9,0.0,36.7,1,8.0
1788963556.6554792,serverless_reactive:cyclical:9,0.0,36.7,1,8.0
1788963556.8570864,serverless_reactive:cyclical:9,0.0,36.7,1,8.0
1788963557.0589197,serverless_reactive:cyclical:9,0.0,36.7,1,8.0
1788963557.2605531,serverless_reactive:cyclical:9,0.0,36.7,1,8.0
1788963557.4626985,serverless_reactive:cyclical:9,0.0,36.7,1,8.0
1788963557.664451,serverless_reactive:cyclical:9,0.0,36.7,1,8.0
1788963557.8663132,serverless_reactive:cyclical:9,0.0,36.7,1,8.0
1788963558.0680327,serverless_reactive:cyclical:9,0.0,36.7,1,8.0
1788963558.2748456,serverless_reactive:cyclical:9,4.8,71.13,4,8.0
1788963558.4770005,serverless_reactive:cyclical:9,192.9,126.01,4,8.0
1788963558.681943,serverless_reactive:cyclical:9,200.1,151.35,4,8.0
1788963558.8842437,serverless_reactive:cyclical:9,148.2,164.83,4,8.0
1788963559.086787,serverless_reactive:cyclical:9,0.0,164.83,4,8.0
1788963559.2886825,serverless_reactive:cyclical:9,5.0,164.83,4,8.0
1788963559.490863,serverless_reactive:cyclical:9,0.0,164.83,4,8.0
1788963559.692669,serverless_reactive:cyclical:9,0.0,164.83,4,8.0
1788963559.8945482,serverless_reactive:cyclical:9,0.0,164.83,4,8.0
1788963560.0964365,serverless_reactive:cyclical:9,0.0,164.83,4,8.0
1788963560.2983322,serverless_reactive:cyclical:9,0.0,164.83,4,8.0
1788963560.5002747,serverless_reactive:cyclical:9,0.0,164.83,4,8.0
1788963560.702282,serverless_reactive:cyclical:9,5.0,164.83,4,8.0
1788963560.9041803,serverless_reactive:cyclical:9,0.0,164.83,4,8.0
1788963561.1061702,serverless_reactive:cyclical:9,0.0,164.83,4,8.0
1788963561.3082712,serverless_reactive:cyclical:9,0.0,164.83,4,8.0
1788963561.5102875,serverless_reactive:cyclical:9,0.0,164.83,4,8.0
1788963561.712284,serverless_reactive:cyclical:9,5.0,164.83,4,8.0
1788963561.914175,serverless_reactive:cyclical:9,5.0,164.83,4,8.0
1788963562.1159844,serverless_reactive:cyclical:9,0.0,164.83,4,8.0
1788963562.3180103,serverless_reactive:cyclical:9,0.0,164.83,4,8.0
1788963562.520152,serverless_reactive:cyclical:9,0.0,164.83,4,8.0
1788963562.7221444,serverless_reactive:cyclical:9,0.0,164.83,4,8.0
1788963562.9239695,serverless_reactive:cyclical:9,0.0,164.83,4,8.0
1788963563.1258795,serverless_reactive:cyclical:9,0.0,164.83,4,8.0
1788963563.327724,serverless_reactive:cyclical:9,0.0,164.83,4,8.0
1788963563.5296383,serverless_reactive:cyclical:9,0.0,164.83,4,8.0
1788963563.7324266,serverless_reactive:cyclical:9,0.0,164.83,4,8.0
1788963563.9349532,serverless_reactive:cyclical:9,0.0,164.83,4,8.0
1788963564.1367588,serverless_reactive:cyclical:9,0.0,164.83,4,8.0
1788963564.338608,serverless_reactive:cyclical:9,0.0,164.83,4,8.0
1788963564.5406709,serverless_reactive:cyclical:9,4.9,164.83,4,8.0
1788963564.7425578,serverless_reactive:cyclical:9,0.0,164.83,4,8.0
1788963564.946667,serverless_reactive:cyclical:9,0.0,164.83,4,8.0
1788963565.1486497,serverless_reactive:cyclical:9,0.0,164.83,4,8.0
1788963565.3506432,serverless_reactive:cyclical:9,0.0,164.83,4,8.0
1788963565.5528545,serverless_reactive:cyclical:9,4.9,164.83,4,8.0
1788963565.7548373,serverless_reactive:cyclical:9,0.0,164.83,4,8.0
1788963565.9572566,serverless_reactive:cyclical:9,0.0,164.83,4,8.0
1788963566.1593592,serverless_reactive:cyclical:9,0.0,164.83,4,8.0
1788963566.361444,serverless_reactive:cyclical:9,0.0,164.83,4,8.0
1788963566.5635371,serverless_reactive:cyclical:9,0.0,164.83,4,8.0
1788963566.7657125,serverless_reactive:cyclical:9,0.0,164.83,4,8.0
1788963566.9678285,serverless_reactive:cyclical:9,0.0,164.83,4,8.0
1788963567.1699162,serverless_reactive:cyclical:9,19.6,164.86,4,8.0
1788963567.3720853,serverless_reactive:cyclical:9,0.0,164.86,4,8.0
1788963567.574054,serverless_reactive:cyclical:9,0.0,164.86,4,8.0
1788963567.7759159,serverless_reactive:cyclical:9,0.0,164.86,4,8.0
1788963567.9778864,serverless_reactive:cyclical:9,0.0,164.86,4,8.0
1788963568.1807446,serverless_reactive:cyclical:9,0.0,164.86,4,8.0
1788963568.3836184,serverless_reactive:cyclical:9,0.0,164.86,4,8.0
1788963568.585541,serverless_reactive:cyclical:9,0.0,164.86,4,8.0
1788963568.7874758,serverless_reactive:cyclical:9,0.0,164.86,4,8.0
1788963568.989789,serverless_reactive:cyclical:9,0.0,164.86,4,8.0
1788963569.1924257,serverless_reactive:cyclical:9,0.0,164.86,4,8.0
1788963569.4167717,serverless_reactive:cyclical:9,0.0,164.86,4,8.0
1788963569.6227677,serverless_reactive:cyclical:9,4.9,164.86,4,8.0
1788963569.8248682,serverless_reactive:cyclical:9,0.0,164.86,4,8.0
1788963570.0270398,serverless_reactive:cyclical:9,0.0,164.86,4,8.0
1788963570.229519,serverless_reactive:cyclical:9,0.0,164.86,4,8.0
1788963570.431498,serverless_reactive:cyclical:9,0.0,164.86,4,8.0
1788963570.6340919,serverless_reactive:cyclical:9,0.0,164.86,4,8.0
1788963570.836552,serverless_reactive:cyclical:9,0.0,164.86,4,8.0
1788963571.0388687,serverless_reactive:cyclical:9,0.0,164.86,4,8.0
1788963571.24085,serverless_reactive:cyclical:9,0.0,164.86,4,8.0
1788963571.443034,serverless_reactive:cyclical:9,4.9,164.86,4,8.0
1788963571.6450148,serverless_reactive:cyclical:9,0.0,164.86,4,8.0
1788963571.8470924,serverless_reactive:cyclical:9,0.0,164.86,4,8.0
1788963572.0495267,serverless_reactive:cyclical:9,0.0,164.86,4,8.0
1788963572.2515364,serverless_reactive:cyclical:9,4.9,164.86,4,8.0
1788963572.4535906,serverless_reactive:cyclical:9,0.0,164.86,4,8.0
1788963572.6555438,serverless_reactive:cyclical:9,0.0,164.86,4,8.0
1788963572.8576128,serverless_reactive:cyclical:9,0.0,164.86,4,8.0
1788963573.0595825,serverless_reactive:cyclical:9,0.0,164.86,4,8.0
1788963573.2617068,serverless_reactive:cyclical:9,0.0,164.86,4,8.0
1788963573.4636624,serverless_reactive:cyclical:9,0.0,164.86,4,8.0
1788963573.6657503,serverless_reactive:cyclical:9,0.0,164.86,4,8.0
1788963573.8676703,serverless_reactive:cyclical:9,0.0,164.86,4,8.0
1788963574.069649,serverless_reactive:cyclical:9,0.0,164.86,4,8.0
1788963574.2716386,serverless_reactive:cyclical:9,10.0,164.86,4,8.0
1788963574.4740431,serverless_reactive:cyclical:9,0.0,164.86,4,8.0
1788963574.676058,serverless_reactive:cyclical:9,0.0,164.86,4,8.0
1788963574.8781712,serverless_reactive:cyclical:9,0.0,164.86,4,8.0
1788963575.0812984,serverless_reactive:cyclical:9,0.0,164.86,4,8.0
1788963575.2832825,serverless_reactive:cyclical:9,0.0,164.92,4,8.0
1788963575.4852707,serverless_reactive:cyclical:9,0.0,79.77,3,8.0
1788963575.6870365,serverless_reactive:cyclical:9,0.0,37.21,1,8.0
1788963575.8887074,serverless_reactive:cyclical:9,0.0,37.21,1,8.0
1788963576.1068842,serverless_reactive:cyclical:9,9.2,115.76,4,8.0
1788963576.3186522,serverless_reactive:cyclical:9,99.2,135.31,4,8.0
1788963576.5204706,serverless_reactive:cyclical:9,153.6,148.62,4,8.0
1788963576.7232409,serverless_reactive:cyclical:9,177.6,163.03,4,8.0
1788963576.9254105,serverless_reactive:cyclical:9,9.9,165.1,4,8.0
1788963577.127572,serverless_reactive:cyclical:9,0.0,165.1,4,8.0
1788963577.3295925,serverless_reactive:cyclical:9,5.0,165.1,4,8.0
1788963577.5317583,serverless_reactive:cyclical:9,0.0,165.1,4,8.0
1788963577.73377,serverless_reactive:cyclical:9,0.0,165.1,4,8.0
1788963577.9358866,serverless_reactive:cyclical:9,0.0,165.1,4,8.0
1788963578.138305,serverless_reactive:cyclical:9,0.0,165.1,4,8.0
1788963578.34037,serverless_reactive:cyclical:9,0.0,165.1,4,8.0
1788963578.5424006,serverless_reactive:cyclical:9,0.0,165.1,4,8.0
1788963578.7443006,serverless_reactive:cyclical:9,0.0,165.1,4,8.0
1788963578.946711,serverless_reactive:cyclical:9,0.0,165.1,4,8.0
1788963579.1485682,serverless_reactive:cyclical:9,0.0,165.1,4,8.0
1788963579.3505547,serverless_reactive:cyclical:9,0.0,165.1,4,8.0
1788963579.5526018,serverless_reactive:cyclical:9,4.9,165.1,4,8.0
1788963579.75567,serverless_reactive:cyclical:9,0.0,165.1,4,8.0
1788963579.9578345,serverless_reactive:cyclical:9,0.0,165.1,4,8.0
1788963580.1597712,serverless_reactive:cyclical:9,5.0,165.1,4,8.0
1788963580.3617241,serverless_reactive:cyclical:9,0.0,165.1,4,8.0
1788963580.5646164,serverless_reactive:cyclical:9,0.0,165.1,4,8.0
1788963580.7666438,serverless_reactive:cyclical:9,0.0,165.1,4,8.0
1788963580.9688249,serverless_reactive:cyclical:9,0.0,165.1,4,8.0
1788963581.1708436,serverless_reactive:cyclical:9,0.0,165.1,4,8.0
1788963581.3729155,serverless_reactive:cyclical:9,0.0,165.1,4,8.0
1788963581.5753815,serverless_reactive:cyclical:9,0.0,165.1,4,8.0
1788963581.7775187,serverless_reactive:cyclical:9,4.9,165.1,4,8.0
1788963581.9797852,serverless_reactive:cyclical:9,0.0,165.1,4,8.0
1788963582.1819272,serverless_reactive:cyclical:9,0.0,165.1,4,8.0
1788963582.384023,serverless_reactive:cyclical:9,0.0,165.1,4,8.0
1788963582.5862138,serverless_reactive:cyclical:9,0.0,165.1,4,8.0
1788963582.7893212,serverless_reactive:cyclical:9,0.0,165.1,4,8.0
1788963582.9923437,serverless_reactive:cyclical:9,4.9,165.1,4,8.0
1788963583.1953797,serverless_reactive:cyclical:9,0.0,165.1,4,8.0
1788963583.3984818,serverless_reactive:cyclical:9,0.0,165.1,4,8.0
1788963583.6013794,serverless_reactive:cyclical:9,0.0,165.1,4,8.0
1788963583.8033602,serverless_reactive:cyclical:9,0.0,165.1,4,8.0
1788963584.0056381,serverless_reactive:cyclical:9,0.0,165.1,4,8.0
1788963584.2086802,serverless_reactive:cyclical:9,0.0,165.1,4,8.0
1788963584.4129374,serverless_reactive:cyclical:9,5.0,165.1,4,8.0
1788963584.6149492,serverless_reactive:cyclical:9,0.0,165.1,4,8.0
1788963584.81763,serverless_reactive:cyclical:9,4.9,165.1,4,8.0
1788963585.0206633,serverless_reactive:cyclical:9,0.0,165.1,4,8.0
1788963585.2232533,serverless_reactive:cyclical:9,0.0,122.58,3,8.0
1788963585.4259305,serverless_reactive:cyclical:9,0.0,80.04,2,8.0
1788963585.6286263,serverless_reactive:cyclical:9,4.9,94.04,4,8.0
1788963585.830631,serverless_reactive:cyclical:9,168.4,128.52,4,8.0
1788963586.0346863,serverless_reactive:cyclical:9,176.4,146.7,4,8.0
1788963586.2364516,serverless_reactive:cyclical:9,173.4,160.45,4,8.0
1788963586.439119,serverless_reactive:cyclical:9,49.3,165.1,4,8.0
1788963586.6412663,serverless_reactive:cyclical:9,0.0,165.1,4,8.0
1788963586.843225,serverless_reactive:cyclical:9,0.0,165.1,4,8.0
1788963587.04521,serverless_reactive:cyclical:9,0.0,165.1,4,8.0
1788963587.2471278,serverless_reactive:cyclical:9,5.0,165.1,4,8.0
1788963587.4491956,serverless_reactive:cyclical:9,0.0,165.1,4,8.0
1788963587.651227,serverless_reactive:cyclical:9,0.0,165.1,4,8.0
1788963587.8532755,serverless_reactive:cyclical:9,0.0,165.1,4,8.0
1788963588.055259,serverless_reactive:cyclical:9,0.0,165.1,4,8.0
1788963588.2573988,serverless_reactive:cyclical:9,0.0,165.1,4,8.0
1788963588.4595659,serverless_reactive:cyclical:9,0.0,165.1,4,8.0
1788963588.6617534,serverless_reactive:cyclical:9,0.0,165.1,4,8.0
1788963588.863821,serverless_reactive:cyclical:9,0.0,165.1,4,8.0
1788963589.0660937,serverless_reactive:cyclical:9,0.0,165.1,4,8.0
1788963589.268179,serverless_reactive:cyclical:9,0.0,165.1,4,8.0
1788963589.470217,serverless_reactive:cyclical:9,0.0,165.1,4,8.0
1788963589.6721764,serverless_reactive:cyclical:9,5.0,165.1,4,8.0
1788963589.874245,serverless_reactive:cyclical:9,0.0,165.1,4,8.0
1788963590.0762248,serverless_reactive:cyclical:9,5.0,165.1,4,8.0
1788963590.278279,serverless_reactive:cyclical:9,0.0,165.1,4,8.0
1788963590.4803262,serverless_reactive:cyclical:9,0.0,165.1,4,8.0
1788963590.6826396,serverless_reactive:cyclical:9,0.0,165.1,4,8.0
1788963590.8847716,serverless_reactive:cyclical:9,0.0,165.1,4,8.0
1788963591.086772,serverless_reactive:cyclical:9,0.0,165.1,4,8.0
1788963591.2890203,serverless_reactive:cyclical:9,4.9,165.1,4,8.0
1788963591.490855,serverless_reactive:cyclical:9,0.0,165.1,4,8.0
1788963591.6951017,serverless_reactive:cyclical:9,0.0,165.1,4,8.0
1788963591.897192,serverless_reactive:cyclical:9,0.0,165.1,4,8.0
1788963592.0992785,serverless_reactive:cyclical:9,0.0,165.1,4,8.0
1788963592.3013425,serverless_reactive:cyclical:9,0.0,165.1,4,8.0
1788963592.5033953,serverless_reactive:cyclical:9,0.0,165.1,4,8.0
1788963592.7056673,serverless_reactive:cyclical:9,4.9,165.1,4,8.0
1788963592.9077837,serverless_reactive:cyclical:9,0.0,165.1,4,8.0
1788963593.1116629,serverless_reactive:cyclical:9,0.0,165.1,4,8.0
1788963593.3136487,serverless_reactive:cyclical:9,0.0,165.1,4,8.0
1788963593.5157008,serverless_reactive:cyclical:9,0.0,165.1,4,8.0
1788963593.7178786,serverless_reactive:cyclical:9,0.0,165.1,4,8.0
1788963593.9205284,serverless_reactive:cyclical:9,0.0,165.1,4,8.0
1788963594.122558,serverless_reactive:cyclical:9,0.0,165.1,4,8.0
1788963594.3244581,serverless_reactive:cyclical:9,5.0,165.1,4,8.0
1788963594.5264356,serverless_reactive:cyclical:9,0.0,122.61,3,8.0
1788963594.7283633,serverless_reactive:cyclical:9,0.0,80.05,2,8.0
1788963594.9303484,serverless_reactive:cyclical:9,0.0,80.05,2,8.0
1788963595.132275,serverless_reactive:cyclical:9,0.0,37.39,1,8.0
1788963595.3341224,serverless_reactive:cyclical:9,0.0,37.39,1,8.0
1788963595.5358822,serverless_reactive:cyclical:9,0.0,37.39,1,8.0
1788963595.7390213,serverless_reactive:cyclical:9,4.9,58.76,4,8.0
1788963595.950594,serverless_reactive:cyclical:9,99.3,100.07,4,8.0
1788963596.1523693,serverless_reactive:cyclical:9,113.9,121.93,4,8.0
1788963596.3586218,serverless_reactive:cyclical:9,101.8,138.86,4,8.0
1788963596.5666955,serverless_reactive:cyclical:9,110.4,147.3,4,8.0
1788963596.7707973,serverless_reactive:cyclical:9,102.9,152.66,4,8.0
1788963596.9747162,serverless_reactive:cyclical:9,98.0,161.11,4,8.0
1788963597.9301162,serverless_reactive:cyclical:10,0.0,36.65,1,8.0
1788963598.131876,serverless_reactive:cyclical:10,0.0,36.65,1,8.0
1788963598.3343096,serverless_reactive:cyclical:10,0.0,36.65,1,8.0
1788963598.5368762,serverless_reactive:cyclical:10,0.0,36.65,1,8.0
1788963598.7392175,serverless_reactive:cyclical:10,0.0,36.65,1,8.0
1788963598.9408824,serverless_reactive:cyclical:10,0.0,36.65,1,8.0
1788963599.1426497,serverless_reactive:cyclical:10,0.0,36.65,1,8.0
1788963599.344535,serverless_reactive:cyclical:10,0.0,36.65,1,8.0
1788963599.5465076,serverless_reactive:cyclical:10,0.0,36.65,1,8.0
1788963599.7483299,serverless_reactive:cyclical:10,0.0,36.65,1,8.0
1788963599.950086,serverless_reactive:cyclical:10,0.0,36.65,1,8.0
1788963600.151857,serverless_reactive:cyclical:10,0.0,36.65,1,8.0
1788963600.3535342,serverless_reactive:cyclical:10,0.0,36.65,1,8.0
1788963600.5551844,serverless_reactive:cyclical:10,0.0,36.65,1,8.0
1788963600.756847,serverless_reactive:cyclical:10,0.0,36.65,1,8.0
1788963600.9588258,serverless_reactive:cyclical:10,0.0,36.65,1,8.0
1788963601.1605127,serverless_reactive:cyclical:10,0.0,36.65,1,8.0
1788963601.3623636,serverless_reactive:cyclical:10,0.0,36.65,1,8.0
1788963601.564044,serverless_reactive:cyclical:10,0.0,36.65,1,8.0
1788963601.7666247,serverless_reactive:cyclical:10,0.0,36.65,1,8.0
1788963601.969015,serverless_reactive:cyclical:10,0.0,36.65,1,8.0
1788963602.1705246,serverless_reactive:cyclical:10,0.0,36.65,1,8.0
1788963602.3721912,serverless_reactive:cyclical:10,0.0,36.65,1,8.0
1788963602.5738904,serverless_reactive:cyclical:10,0.0,36.65,1,8.0
1788963602.7784386,serverless_reactive:cyclical:10,0.0,36.65,1,8.0
1788963602.980542,serverless_reactive:cyclical:10,9.9,36.65,1,8.0
1788963603.1822565,serverless_reactive:cyclical:10,0.0,36.66,1,8.0
1788963603.3840492,serverless_reactive:cyclical:10,0.0,36.66,1,8.0
1788963603.5857236,serverless_reactive:cyclical:10,0.0,36.66,1,8.0
1788963603.7873816,serverless_reactive:cyclical:10,0.0,36.66,1,8.0
1788963603.9890327,serverless_reactive:cyclical:10,0.0,36.66,1,8.0
1788963604.1907163,serverless_reactive:cyclical:10,0.0,36.66,1,8.0
1788963604.3923411,serverless_reactive:cyclical:10,0.0,36.66,1,8.0
1788963604.5941849,serverless_reactive:cyclical:10,0.0,36.66,1,8.0
1788963604.7959104,serverless_reactive:cyclical:10,0.0,36.66,1,8.0
1788963604.9983125,serverless_reactive:cyclical:10,0.0,36.66,1,8.0
1788963605.2000132,serverless_reactive:cyclical:10,0.0,36.66,1,8.0
1788963605.4017208,serverless_reactive:cyclical:10,0.0,36.66,1,8.0
1788963605.603314,serverless_reactive:cyclical:10,0.0,36.66,1,8.0
1788963605.805973,serverless_reactive:cyclical:10,0.0,36.66,1,8.0
1788963606.0076585,serverless_reactive:cyclical:10,0.0,36.66,1,8.0
1788963606.2095263,serverless_reactive:cyclical:10,0.0,36.66,1,8.0
1788963606.4119687,serverless_reactive:cyclical:10,0.0,36.66,1,8.0
1788963606.6135876,serverless_reactive:cyclical:10,0.0,36.66,1,8.0
1788963606.8155236,serverless_reactive:cyclical:10,0.0,36.66,1,8.0
1788963607.017164,serverless_reactive:cyclical:10,0.0,36.66,1,8.0
1788963607.2187672,serverless_reactive:cyclical:10,0.0,36.66,1,8.0
1788963607.4219787,serverless_reactive:cyclical:10,9.8,110.4,4,8.0
1788963607.6266508,serverless_reactive:cyclical:10,195.6,143.11,4,8.0
1788963607.8308947,serverless_reactive:cyclical:10,176.4,156.25,4,8.0
1788963608.0342994,serverless_reactive:cyclical:10,83.5,164.94,4,8.0
1788963608.236127,serverless_reactive:cyclical:10,5.0,164.94,4,8.0
1788963608.4381056,serverless_reactive:cyclical:10,5.0,164.94,4,8.0
1788963608.640103,serverless_reactive:cyclical:10,0.0,164.94,4,8.0
1788963608.842174,serverless_reactive:cyclical:10,0.0,164.94,4,8.0
1788963609.0440578,serverless_reactive:cyclical:10,0.0,164.94,4,8.0
1788963609.246093,serverless_reactive:cyclical:10,0.0,164.94,4,8.0
1788963609.4482856,serverless_reactive:cyclical:10,4.9,164.94,4,8.0
1788963609.6501584,serverless_reactive:cyclical:10,0.0,164.94,4,8.0
1788963609.8532472,serverless_reactive:cyclical:10,0.0,164.94,4,8.0
1788963610.056411,serverless_reactive:cyclical:10,0.0,164.94,4,8.0
1788963610.2585547,serverless_reactive:cyclical:10,0.0,164.94,4,8.0
1788963610.4605923,serverless_reactive:cyclical:10,0.0,164.94,4,8.0
1788963610.6626086,serverless_reactive:cyclical:10,0.0,164.94,4,8.0
1788963610.864702,serverless_reactive:cyclical:10,0.0,164.94,4,8.0
1788963611.0668437,serverless_reactive:cyclical:10,0.0,164.94,4,8.0
1788963611.2686923,serverless_reactive:cyclical:10,0.0,164.94,4,8.0
1788963611.4706488,serverless_reactive:cyclical:10,0.0,164.94,4,8.0
1788963611.672548,serverless_reactive:cyclical:10,0.0,164.94,4,8.0
1788963611.8744302,serverless_reactive:cyclical:10,0.0,164.94,4,8.0
1788963612.0769742,serverless_reactive:cyclical:10,0.0,164.94,4,8.0
1788963612.2798784,serverless_reactive:cyclical:10,0.0,164.94,4,8.0
1788963612.4819188,serverless_reactive:cyclical:10,0.0,164.94,4,8.0
1788963612.68384,serverless_reactive:cyclical:10,0.0,164.94,4,8.0
1788963612.885951,serverless_reactive:cyclical:10,0.0,164.94,4,8.0
1788963613.0879889,serverless_reactive:cyclical:10,0.0,164.95,4,8.0
1788963613.290056,serverless_reactive:cyclical:10,0.0,164.95,4,8.0
1788963613.4920142,serverless_reactive:cyclical:10,5.0,164.95,4,8.0
1788963613.694437,serverless_reactive:cyclical:10,0.0,164.95,4,8.0
1788963613.8966,serverless_reactive:cyclical:10,4.9,164.95,4,8.0
1788963614.098648,serverless_reactive:cyclical:10,4.9,164.95,4,8.0
1788963614.300552,serverless_reactive:cyclical:10,0.0,164.95,4,8.0
1788963614.5026753,serverless_reactive:cyclical:10,0.0,164.95,4,8.0
1788963614.7046669,serverless_reactive:cyclical:10,0.0,164.95,4,8.0
1788963614.90669,serverless_reactive:cyclical:10,0.0,164.95,4,8.0
1788963615.1088624,serverless_reactive:cyclical:10,0.0,164.95,4,8.0
1788963615.3108315,serverless_reactive:cyclical:10,0.0,164.95,4,8.0
1788963615.5128067,serverless_reactive:cyclical:10,0.0,164.95,4,8.0
1788963615.714901,serverless_reactive:cyclical:10,4.9,164.95,4,8.0
1788963615.9172354,serverless_reactive:cyclical:10,0.0,164.95,4,8.0
1788963616.120436,serverless_reactive:cyclical:10,0.0,164.95,4,8.0
1788963616.3233836,serverless_reactive:cyclical:10,0.0,122.49,3,8.0
1788963616.5256603,serverless_reactive:cyclical:10,0.0,79.88,2,8.0
1788963616.7278273,serverless_reactive:cyclical:10,0.0,37.17,1,8.0
1788963616.9299445,serverless_reactive:cyclical:10,0.0,37.17,1,8.0
1788963617.1316183,serverless_reactive:cyclical:10,0.0,37.17,1,8.0
1788963617.3334217,serverless_reactive:cyclical:10,0.0,37.17,1,8.0
1788963617.535508,serverless_reactive:cyclical:10,0.0,37.17,1,8.0
1788963617.737333,serverless_reactive:cyclical:10,0.0,37.17,1,8.0
1788963617.9409769,serverless_reactive:cyclical:10,4.9,91.25,4,8.0
1788963618.146722,serverless_reactive:cyclical:10,199.4,131.74,4,8.0
1788963618.3485498,serverless_reactive:cyclical:10,188.2,149.41,4,8.0
1788963618.5512984,serverless_reactive:cyclical:10,172.7,165.01,4,8.0
1788963618.7533317,serverless_reactive:cyclical:10,5.0,165.01,4,8.0
1788963618.9553158,serverless_reactive:cyclical:10,0.0,165.01,4,8.0
1788963619.157537,serverless_reactive:cyclical:10,0.0,165.01,4,8.0
1788963619.3594923,serverless_reactive:cyclical:10,0.0,165.01,4,8.0
1788963619.56158,serverless_reactive:cyclical:10,0.0,165.01,4,8.0
1788963619.7640088,serverless_reactive:cyclical:10,0.0,165.01,4,8.0
1788963619.9663649,serverless_reactive:cyclical:10,0.0,165.01,4,8.0
1788963620.1684039,serverless_reactive:cyclical:10,0.0,165.01,4,8.0
1788963620.3704047,serverless_reactive:cyclical:10,5.0,165.01,4,8.0
1788963620.5730805,serverless_reactive:cyclical:10,0.0,165.01,4,8.0
1788963620.7751164,serverless_reactive:cyclical:10,4.9,165.01,4,8.0
1788963620.9782658,serverless_reactive:cyclical:10,0.0,165.01,4,8.0
1788963621.180265,serverless_reactive:cyclical:10,0.0,165.01,4,8.0
1788963621.3826473,serverless_reactive:cyclical:10,0.0,165.01,4,8.0
1788963621.58472,serverless_reactive:cyclical:10,0.0,165.01,4,8.0
1788963621.7869089,serverless_reactive:cyclical:10,0.0,165.01,4,8.0
1788963621.9889224,serverless_reactive:cyclical:10,0.0,165.01,4,8.0
1788963622.1909547,serverless_reactive:cyclical:10,0.0,165.01,4,8.0
1788963622.3928955,serverless_reactive:cyclical:10,0.0,165.01,4,8.0
1788963622.5948622,serverless_reactive:cyclical:10,0.0,165.01,4,8.0
1788963622.796929,serverless_reactive:cyclical:10,4.9,165.01,4,8.0
1788963622.9989145,serverless_reactive:cyclical:10,0.0,165.01,4,8.0
1788963623.2009747,serverless_reactive:cyclical:10,0.0,165.01,4,8.0
1788963623.4041035,serverless_reactive:cyclical:10,0.0,165.01,4,8.0
1788963623.6070735,serverless_reactive:cyclical:10,0.0,165.01,4,8.0
1788963623.8100214,serverless_reactive:cyclical:10,0.0,165.01,4,8.0
1788963624.0128887,serverless_reactive:cyclical:10,0.0,165.01,4,8.0
1788963624.2157996,serverless_reactive:cyclical:10,0.0,165.01,4,8.0
1788963624.4188702,serverless_reactive:cyclical:10,0.0,165.01,4,8.0
1788963624.6207619,serverless_reactive:cyclical:10,5.0,165.01,4,8.0
1788963624.8227239,serverless_reactive:cyclical:10,0.0,165.01,4,8.0
1788963625.024664,serverless_reactive:cyclical:10,0.0,165.01,4,8.0
1788963625.2265623,serverless_reactive:cyclical:10,5.0,165.01,4,8.0
1788963625.4293573,serverless_reactive:cyclical:10,0.0,165.01,4,8.0
1788963625.631244,serverless_reactive:cyclical:10,0.0,165.01,4,8.0
1788963625.8335462,serverless_reactive:cyclical:10,4.9,165.01,4,8.0
1788963626.0361946,serverless_reactive:cyclical:10,0.0,165.01,4,8.0
1788963626.2384043,serverless_reactive:cyclical:10,0.0,165.01,4,8.0
1788963626.4405036,serverless_reactive:cyclical:10,0.0,165.01,4,8.0
1788963626.6427143,serverless_reactive:cyclical:10,0.0,165.01,4,8.0
1788963626.8446264,serverless_reactive:cyclical:10,0.0,122.47,3,8.0
1788963627.0465987,serverless_reactive:cyclical:10,5.0,79.96,2,8.0
1788963627.2485158,serverless_reactive:cyclical:10,0.0,37.3,1,8.0
1788963627.4505196,serverless_reactive:cyclical:10,0.0,37.3,1,8.0
1788963627.652352,serverless_reactive:cyclical:10,0.0,37.3,1,8.0
1788963627.854179,serverless_reactive:cyclical:10,0.0,37.3,1,8.0
1788963628.0562546,serverless_reactive:cyclical:10,5.0,102.73,4,8.0
1788963628.2622561,serverless_reactive:cyclical:10,189.3,139.49,4,8.0
1788963628.4642649,serverless_reactive:cyclical:10,198.2,152.9,4,8.0
1788963628.6666706,serverless_reactive:cyclical:10,118.5,164.96,4,8.0
1788963628.8687947,serverless_reactive:cyclical:10,0.0,164.96,4,8.0
1788963629.0716934,serverless_reactive:cyclical:10,4.9,164.96,4,8.0
1788963629.274961,serverless_reactive:cyclical:10,0.0,164.96,4,8.0
1788963629.4775481,serverless_reactive:cyclical:10,0.0,164.96,4,8.0
1788963629.6970742,serverless_reactive:cyclical:10,0.0,164.96,4,8.0
1788963629.8993196,serverless_reactive:cyclical:10,0.0,164.96,4,8.0
1788963630.1013653,serverless_reactive:cyclical:10,0.0,164.96,4,8.0
1788963630.3036919,serverless_reactive:cyclical:10,0.0,164.96,4,8.0
1788963630.5074613,serverless_reactive:cyclical:10,0.0,164.96,4,8.0
1788963630.709468,serverless_reactive:cyclical:10,0.0,164.96,4,8.0
1788963630.9115765,serverless_reactive:cyclical:10,0.0,164.96,4,8.0
1788963631.113739,serverless_reactive:cyclical:10,0.0,164.96,4,8.0
1788963631.3157387,serverless_reactive:cyclical:10,0.0,164.96,4,8.0
1788963631.5180252,serverless_reactive:cyclical:10,0.0,164.96,4,8.0
1788963631.7200234,serverless_reactive:cyclical:10,0.0,164.96,4,8.0
1788963631.9222689,serverless_reactive:cyclical:10,0.0,164.96,4,8.0
1788963632.124242,serverless_reactive:cyclical:10,0.0,164.96,4,8.0
1788963632.326222,serverless_reactive:cyclical:10,0.0,164.96,4,8.0
1788963632.5282128,serverless_reactive:cyclical:10,0.0,164.96,4,8.0
1788963632.7306361,serverless_reactive:cyclical:10,9.8,164.96,4,8.0
1788963632.9334505,serverless_reactive:cyclical:10,0.0,164.96,4,8.0
1788963633.1356158,serverless_reactive:cyclical:10,0.0,164.96,4,8.0
1788963633.3379505,serverless_reactive:cyclical:10,0.0,164.96,4,8.0
1788963633.5399592,serverless_reactive:cyclical:10,4.9,164.96,4,8.0
1788963633.7426746,serverless_reactive:cyclical:10,0.0,164.96,4,8.0
1788963633.9446423,serverless_reactive:cyclical:10,0.0,164.96,4,8.0
1788963634.1469514,serverless_reactive:cyclical:10,0.0,164.96,4,8.0
1788963634.3488576,serverless_reactive:cyclical:10,0.0,164.96,4,8.0
1788963634.551507,serverless_reactive:cyclical:10,4.9,164.96,4,8.0
1788963634.7535107,serverless_reactive:cyclical:10,0.0,164.96,4,8.0
1788963634.955546,serverless_reactive:cyclical:10,0.0,164.96,4,8.0
1788963635.1575298,serverless_reactive:cyclical:10,0.0,164.96,4,8.0
1788963635.3593261,serverless_reactive:cyclical:10,0.0,164.96,4,8.0
1788963635.56131,serverless_reactive:cyclical:10,0.0,164.96,4,8.0
1788963635.7633326,serverless_reactive:cyclical:10,0.0,164.96,4,8.0
1788963635.9653585,serverless_reactive:cyclical:10,0.0,164.96,4,8.0
1788963636.167272,serverless_reactive:cyclical:10,0.0,164.96,4,8.0
1788963636.3693893,serverless_reactive:cyclical:10,0.0,164.96,4,8.0
1788963636.5715861,serverless_reactive:cyclical:10,0.0,164.96,4,8.0
1788963636.7738142,serverless_reactive:cyclical:10,0.0,164.96,4,8.0
1788963636.9859717,serverless_reactive:cyclical:10,4.7,166.92,6,8.0
1788963637.1909637,serverless_reactive:cyclical:10,185.4,170.57,5,8.0
1788963637.3947268,serverless_reactive:cyclical:10,196.3,152.38,4,8.0
1788963637.5975006,serverless_reactive:cyclical:10,143.1,165.01,4,8.0
1788963637.7998774,serverless_reactive:cyclical:10,19.7,165.16,4,8.0
1788963638.002204,serverless_reactive:cyclical:10,0.0,165.16,4,8.0
1788963638.204067,serverless_reactive:cyclical:10,0.0,165.16,4,8.0
1788963638.4061816,serverless_reactive:cyclical:10,0.0,165.16,4,8.0
1788963638.608561,serverless_reactive:cyclical:10,0.0,165.16,4,8.0
1788963638.8105872,serverless_reactive:cyclical:10,0.0,165.16,4,8.0
1788963639.0132523,serverless_reactive:cyclical:10,0.0,165.16,4,8.0
1788963639.2155902,serverless_reactive:cyclical:10,0.0,165.16,4,8.0
1788963639.4177332,serverless_reactive:cyclical:10,0.0,165.16,4,8.0
1788963639.6202312,serverless_reactive:cyclical:10,0.0,165.16,4,8.0
1788963639.822474,serverless_reactive:cyclical:10,0.0,165.16,4,8.0
1788963640.024882,serverless_reactive:cyclical:10,0.0,165.16,4,8.0
1788963640.2305768,serverless_reactive:cyclical:10,0.0,165.16,4,8.0
1788963640.4331455,serverless_reactive:cyclical:10,4.9,165.16,4,8.0
1788963640.635233,serverless_reactive:cyclical:10,0.0,165.16,4,8.0
1788963640.8376951,serverless_reactive:cyclical:10,0.0,165.16,4,8.0
1788963641.0399475,serverless_reactive:cyclical:10,0.0,165.16,4,8.0
1788963641.242256,serverless_reactive:cyclical:10,0.0,165.16,4,8.0
1788963641.4442668,serverless_reactive:cyclical:10,4.9,165.16,4,8.0
1788963641.6465132,serverless_reactive:cyclical:10,0.0,165.16,4,8.0
1788963641.8487282,serverless_reactive:cyclical:10,0.0,165.16,4,8.0
1788963642.0517578,serverless_reactive:cyclical:10,0.0,165.16,4,8.0
1788963642.2540655,serverless_reactive:cyclical:10,0.0,165.16,4,8.0
1788963642.4560986,serverless_reactive:cyclical:10,0.0,165.16,4,8.0
1788963642.6591556,serverless_reactive:cyclical:10,0.0,165.16,4,8.0
1788963642.8613224,serverless_reactive:cyclical:10,0.0,165.16,4,8.0
1788963643.064376,serverless_reactive:cyclical:10,0.0,165.16,4,8.0
1788963643.2664897,serverless_reactive:cyclical:10,4.9,165.16,4,8.0
1788963643.4687357,serverless_reactive:cyclical:10,0.0,165.16,4,8.0
1788963643.6707947,serverless_reactive:cyclical:10,0.0,165.16,4,8.0
1788963643.8728755,serverless_reactive:cyclical:10,0.0,165.16,4,8.0
1788963644.0749097,serverless_reactive:cyclical:10,0.0,165.16,4,8.0
1788963644.2774599,serverless_reactive:cyclical:10,0.0,165.16,4,8.0
1788963644.4798331,serverless_reactive:cyclical:10,0.0,165.16,4,8.0
1788963644.6821246,serverless_reactive:cyclical:10,0.0,165.16,4,8.0
1788963644.884123,serverless_reactive:cyclical:10,5.0,165.16,4,8.0
1788963645.0861602,serverless_reactive:cyclical:10,0.0,165.16,4,8.0
1788963645.2890854,serverless_reactive:cyclical:10,0.0,165.16,4,8.0
1788963645.4912043,serverless_reactive:cyclical:10,0.0,165.16,4,8.0
1788963645.6935165,serverless_reactive:cyclical:10,0.0,165.16,4,8.0
1788963645.8958118,serverless_reactive:cyclical:10,0.0,122.52,3,8.0
1788963646.0984008,serverless_reactive:cyclical:10,4.9,79.96,2,8.0
1788963646.3009017,serverless_reactive:cyclical:10,0.0,79.96,2,8.0
1788963646.5028389,serverless_reactive:cyclical:10,0.0,37.4,1,8.0
1788963646.7124677,serverless_reactive:cyclical:10,4.8,70.6,4,8.0
1788963646.9189205,serverless_reactive:cyclical:10,96.8,99.43,4,8.0
1788963647.122815,serverless_reactive:cyclical:10,98.0,107.54,4,8.0
1788963647.3272498,serverless_reactive:cyclical:10,112.7,118.0,4,8.0
1788963647.5351672,serverless_reactive:cyclical:10,96.1,129.5,4,8.0
1788963647.739094,serverless_reactive:cyclical:10,107.8,136.03,4,8.0
1788963647.9470038,serverless_reactive:cyclical:10,86.5,140.84,4,8.0
1788963648.1547446,serverless_reactive:cyclical:10,101.1,147.25,4,8.0
1788963648.358715,serverless_reactive:cyclical:10,102.9,150.22,4,8.0
1788963648.56666,serverless_reactive:cyclical:10,105.9,155.6,4,8.0
1788963648.768502,serverless_reactive:cyclical:10,79.4,160.71,4,8.0
1788963648.9702556,serverless_reactive:cyclical:10,89.2,165.31,4,8.0
1788963649.7856438,serverless_reactive:cyclical:11,0.0,36.7,1,8.0
1788963649.9874468,serverless_reactive:cyclical:11,0.0,36.7,1,8.0
1788963650.1894202,serverless_reactive:cyclical:11,0.0,36.7,1,8.0
1788963650.3913953,serverless_reactive:cyclical:11,0.0,36.7,1,8.0
1788963650.5935314,serverless_reactive:cyclical:11,0.0,36.7,1,8.0
1788963650.7954001,serverless_reactive:cyclical:11,0.0,36.7,1,8.0
1788963650.9975536,serverless_reactive:cyclical:11,0.0,36.7,1,8.0
1788963651.19975,serverless_reactive:cyclical:11,0.0,36.7,1,8.0
1788963651.401883,serverless_reactive:cyclical:11,0.0,36.7,1,8.0
1788963651.603985,serverless_reactive:cyclical:11,0.0,36.7,1,8.0
1788963651.8061364,serverless_reactive:cyclical:11,0.0,36.7,1,8.0
1788963652.0084956,serverless_reactive:cyclical:11,0.0,36.7,1,8.0
1788963652.2113318,serverless_reactive:cyclical:11,0.0,36.7,1,8.0
1788963652.4134305,serverless_reactive:cyclical:11,0.0,36.7,1,8.0
1788963652.6154327,serverless_reactive:cyclical:11,0.0,36.7,1,8.0
1788963652.8173263,serverless_reactive:cyclical:11,0.0,36.7,1,8.0
1788963653.0195901,serverless_reactive:cyclical:11,0.0,36.7,1,8.0
1788963653.2221205,serverless_reactive:cyclical:11,0.0,36.7,1,8.0
1788963653.4244761,serverless_reactive:cyclical:11,0.0,36.7,1,8.0
1788963653.62629,serverless_reactive:cyclical:11,0.0,36.7,1,8.0
1788963653.8281639,serverless_reactive:cyclical:11,0.0,36.7,1,8.0
1788963654.030758,serverless_reactive:cyclical:11,0.0,36.7,1,8.0
1788963654.2326431,serverless_reactive:cyclical:11,0.0,36.7,1,8.0
1788963654.434641,serverless_reactive:cyclical:11,0.0,36.7,1,8.0
1788963654.6373014,serverless_reactive:cyclical:11,0.0,36.7,1,8.0
1788963654.839708,serverless_reactive:cyclical:11,0.0,36.7,1,8.0
1788963655.041905,serverless_reactive:cyclical:11,0.0,36.7,1,8.0
1788963655.2438338,serverless_reactive:cyclical:11,0.0,36.7,1,8.0
1788963655.4454997,serverless_reactive:cyclical:11,0.0,36.7,1,8.0
1788963655.6477902,serverless_reactive:cyclical:11,0.0,36.7,1,8.0
1788963655.849792,serverless_reactive:cyclical:11,0.0,36.7,1,8.0
1788963656.0516872,serverless_reactive:cyclical:11,0.0,36.7,1,8.0
1788963656.2536664,serverless_reactive:cyclical:11,0.0,36.7,1,8.0
1788963656.4559722,serverless_reactive:cyclical:11,0.0,36.7,1,8.0
1788963656.657818,serverless_reactive:cyclical:11,0.0,36.7,1,8.0
1788963656.8597825,serverless_reactive:cyclical:11,5.0,36.7,1,8.0
1788963657.0622864,serverless_reactive:cyclical:11,0.0,36.7,1,8.0
1788963657.2648325,serverless_reactive:cyclical:11,0.0,36.7,1,8.0
1788963657.466556,serverless_reactive:cyclical:11,0.0,36.7,1,8.0
1788963657.668549,serverless_reactive:cyclical:11,0.0,36.7,1,8.0
1788963657.8702173,serverless_reactive:cyclical:11,0.0,36.7,1,8.0
1788963658.0718837,serverless_reactive:cyclical:11,0.0,36.7,1,8.0
1788963658.2748606,serverless_reactive:cyclical:11,0.0,36.7,1,8.0
1788963658.4770792,serverless_reactive:cyclical:11,0.0,36.7,1,8.0
1788963658.6796753,serverless_reactive:cyclical:11,0.0,36.7,1,8.0
1788963658.8816652,serverless_reactive:cyclical:11,0.0,36.7,1,8.0
1788963659.0856445,serverless_reactive:cyclical:11,0.0,36.7,1,8.0
1788963659.290747,serverless_reactive:cyclical:11,4.9,75.3,4,8.0
1788963659.496646,serverless_reactive:cyclical:11,194.3,126.52,4,8.0
1788963659.6987188,serverless_reactive:cyclical:11,197.9,142.13,4,8.0
1788963659.901972,serverless_reactive:cyclical:11,196.8,157.14,4,8.0
1788963660.1049016,serverless_reactive:cyclical:11,83.8,164.82,4,8.0
1788963660.3073862,serverless_reactive:cyclical:11,0.0,164.82,4,8.0
1788963660.5097435,serverless_reactive:cyclical:11,0.0,164.82,4,8.0
1788963660.7119608,serverless_reactive:cyclical:11,4.9,164.82,4,8.0
1788963660.914877,serverless_reactive:cyclical:11,4.9,164.82,4,8.0
1788963661.1170862,serverless_reactive:cyclical:11,0.0,164.82,4,8.0
1788963661.3193822,serverless_reactive:cyclical:11,0.0,164.82,4,8.0
1788963661.5214736,serverless_reactive:cyclical:11,0.0,164.82,4,8.0
1788963661.7236326,serverless_reactive:cyclical:11,0.0,164.82,4,8.0
1788963661.9256778,serverless_reactive:cyclical:11,0.0,164.82,4,8.0
1788963662.128426,serverless_reactive:cyclical:11,0.0,164.82,4,8.0
1788963662.3311481,serverless_reactive:cyclical:11,0.0,164.82,4,8.0
1788963662.533343,serverless_reactive:cyclical:11,0.0,164.82,4,8.0
1788963662.7352705,serverless_reactive:cyclical:11,0.0,164.82,4,8.0
1788963662.937585,serverless_reactive:cyclical:11,0.0,164.82,4,8.0
1788963663.1396992,serverless_reactive:cyclical:11,0.0,164.82,4,8.0
1788963663.3428504,serverless_reactive:cyclical:11,0.0,164.82,4,8.0
1788963663.5458276,serverless_reactive:cyclical:11,0.0,164.82,4,8.0
1788963663.7480783,serverless_reactive:cyclical:11,0.0,164.82,4,8.0
1788963663.9504526,serverless_reactive:cyclical:11,0.0,164.82,4,8.0
1788963664.1525629,serverless_reactive:cyclical:11,0.0,164.82,4,8.0
1788963664.3554506,serverless_reactive:cyclical:11,4.9,164.82,4,8.0
1788963664.5577037,serverless_reactive:cyclical:11,0.0,164.82,4,8.0
1788963664.7599318,serverless_reactive:cyclical:11,0.0,164.82,4,8.0
1788963664.962814,serverless_reactive:cyclical:11,0.0,164.82,4,8.0
1788963665.1649866,serverless_reactive:cyclical:11,4.9,164.82,4,8.0
1788963665.3679082,serverless_reactive:cyclical:11,4.9,164.82,4,8.0
1788963665.570773,serverless_reactive:cyclical:11,0.0,164.82,4,8.0
1788963665.772797,serverless_reactive:cyclical:11,4.9,164.82,4,8.0
1788963665.9749625,serverless_reactive:cyclical:11,0.0,164.82,4,8.0
1788963666.177359,serverless_reactive:cyclical:11,0.0,164.82,4,8.0
1788963666.3793921,serverless_reactive:cyclical:11,0.0,164.82,4,8.0
1788963666.5815728,serverless_reactive:cyclical:11,0.0,164.82,4,8.0
1788963666.7836912,serverless_reactive:cyclical:11,0.0,164.82,4,8.0
1788963666.986545,serverless_reactive:cyclical:11,0.0,164.82,4,8.0
1788963667.1887152,serverless_reactive:cyclical:11,0.0,164.82,4,8.0
1788963667.3913095,serverless_reactive:cyclical:11,0.0,164.82,4,8.0
1788963667.5937955,serverless_reactive:cyclical:11,0.0,164.82,4,8.0
1788963667.796573,serverless_reactive:cyclical:11,0.0,164.82,4,8.0
1788963667.9986258,serverless_reactive:cyclical:11,0.0,164.82,4,8.0
1788963668.2006707,serverless_reactive:cyclical:11,0.0,122.3,3,8.0
1788963668.403216,serverless_reactive:cyclical:11,9.8,107.68,4,8.0
1788963668.6055813,serverless_reactive:cyclical:11,192.6,150.39,4,8.0
1788963668.807508,serverless_reactive:cyclical:11,178.3,164.84,4,8.0
1788963669.0101998,serverless_reactive:cyclical:11,4.9,164.99,4,8.0
1788963669.2125442,serverless_reactive:cyclical:11,0.0,164.99,4,8.0
1788963669.4145465,serverless_reactive:cyclical:11,0.0,164.99,4,8.0
1788963669.6165025,serverless_reactive:cyclical:11,0.0,164.99,4,8.0
1788963669.8186126,serverless_reactive:cyclical:11,0.0,164.99,4,8.0
1788963670.0206428,serverless_reactive:cyclical:11,0.0,164.99,4,8.0
1788963670.2226264,serverless_reactive:cyclical:11,0.0,164.99,4,8.0
1788963670.4255552,serverless_reactive:cyclical:11,0.0,164.99,4,8.0
1788963670.628103,serverless_reactive:cyclical:11,0.0,164.99,4,8.0
1788963670.83112,serverless_reactive:cyclical:11,0.0,164.99,4,8.0
1788963671.033085,serverless_reactive:cyclical:11,0.0,164.99,4,8.0
1788963671.2351332,serverless_reactive:cyclical:11,0.0,164.99,4,8.0
1788963671.437516,serverless_reactive:cyclical:11,0.0,164.99,4,8.0
1788963671.639468,serverless_reactive:cyclical:11,0.0,164.99,4,8.0
1788963671.8416486,serverless_reactive:cyclical:11,0.0,164.99,4,8.0
1788963672.0437212,serverless_reactive:cyclical:11,0.0,164.99,4,8.0
1788963672.2458262,serverless_reactive:cyclical:11,4.9,164.99,4,8.0
1788963672.4488137,serverless_reactive:cyclical:11,4.9,164.99,4,8.0
1788963672.6507838,serverless_reactive:cyclical:11,0.0,164.99,4,8.0
1788963672.8527942,serverless_reactive:cyclical:11,0.0,164.99,4,8.0
1788963673.0547802,serverless_reactive:cyclical:11,0.0,164.99,4,8.0
1788963673.256637,serverless_reactive:cyclical:11,0.0,164.99,4,8.0
1788963673.4587812,serverless_reactive:cyclical:11,4.9,164.99,4,8.0
1788963673.6610622,serverless_reactive:cyclical:11,0.0,164.99,4,8.0
1788963673.863058,serverless_reactive:cyclical:11,0.0,164.99,4,8.0
1788963674.0654156,serverless_reactive:cyclical:11,0.0,164.99,4,8.0
1788963674.267376,serverless_reactive:cyclical:11,5.0,164.99,4,8.0
1788963674.4693952,serverless_reactive:cyclical:11,0.0,164.99,4,8.0
1788963674.671279,serverless_reactive:cyclical:11,0.0,164.99,4,8.0
1788963674.8734653,serverless_reactive:cyclical:11,0.0,164.99,4,8.0
1788963675.0763497,serverless_reactive:cyclical:11,0.0,164.99,4,8.0
1788963675.2791622,serverless_reactive:cyclical:11,0.0,164.99,4,8.0
1788963675.4813204,serverless_reactive:cyclical:11,0.0,164.99,4,8.0
1788963675.6831372,serverless_reactive:cyclical:11,0.0,164.99,4,8.0
1788963675.885096,serverless_reactive:cyclical:11,0.0,164.99,4,8.0
1788963676.0871081,serverless_reactive:cyclical:11,0.0,164.99,4,8.0
1788963676.2890866,serverless_reactive:cyclical:11,0.0,164.99,4,8.0
1788963676.4921017,serverless_reactive:cyclical:11,4.9,164.99,4,8.0
1788963676.695005,serverless_reactive:cyclical:11,0.0,164.99,4,8.0
1788963676.8978486,serverless_reactive:cyclical:11,0.0,122.43,3,8.0
1788963677.0996432,serverless_reactive:cyclical:11,0.0,122.43,3,8.0
1788963677.301505,serverless_reactive:cyclical:11,0.0,79.91,2,8.0
1788963677.5032618,serverless_reactive:cyclical:11,0.0,37.29,1,8.0
1788963677.7055259,serverless_reactive:cyclical:11,0.0,37.29,1,8.0
1788963677.907215,serverless_reactive:cyclical:11,0.0,37.29,1,8.0
1788963678.1087918,serverless_reactive:cyclical:11,0.0,37.29,1,8.0
1788963678.3110392,serverless_reactive:cyclical:11,0.0,37.29,1,8.0
1788963678.5173507,serverless_reactive:cyclical:11,246.0,88.77,4,8.0
1788963678.7227497,serverless_reactive:cyclical:11,193.2,136.92,4,8.0
1788963678.9248552,serverless_reactive:cyclical:11,197.9,153.76,4,8.0
1788963679.1272097,serverless_reactive:cyclical:11,123.5,165.2,4,8.0
1788963679.3294976,serverless_reactive:cyclical:11,0.0,165.2,4,8.0
1788963679.5316224,serverless_reactive:cyclical:11,0.0,165.2,4,8.0
1788963679.733875,serverless_reactive:cyclical:11,0.0,165.2,4,8.0
1788963679.9360433,serverless_reactive:cyclical:11,0.0,165.2,4,8.0
1788963680.1378539,serverless_reactive:cyclical:11,0.0,165.2,4,8.0
1788963680.3397708,serverless_reactive:cyclical:11,0.0,165.2,4,8.0
1788963680.5416157,serverless_reactive:cyclical:11,0.0,165.2,4,8.0
1788963680.7435157,serverless_reactive:cyclical:11,5.0,165.2,4,8.0
1788963680.9457452,serverless_reactive:cyclical:11,0.0,165.2,4,8.0
1788963681.148398,serverless_reactive:cyclical:11,4.9,165.2,4,8.0
1788963681.3502629,serverless_reactive:cyclical:11,0.0,165.2,4,8.0
1788963681.552243,serverless_reactive:cyclical:11,0.0,165.2,4,8.0
1788963681.75439,serverless_reactive:cyclical:11,0.0,165.2,4,8.0
1788963681.957365,serverless_reactive:cyclical:11,4.9,165.2,4,8.0
1788963682.159287,serverless_reactive:cyclical:11,0.0,165.2,4,8.0
1788963682.3614497,serverless_reactive:cyclical:11,0.0,165.2,4,8.0
1788963682.5634024,serverless_reactive:cyclical:11,0.0,165.2,4,8.0
1788963682.765844,serverless_reactive:cyclical:11,0.0,165.2,4,8.0
1788963682.967837,serverless_reactive:cyclical:11,0.0,165.2,4,8.0
1788963683.170217,serverless_reactive:cyclical:11,0.0,165.2,4,8.0
1788963683.372034,serverless_reactive:cyclical:11,0.0,165.2,4,8.0
1788963683.574119,serverless_reactive:cyclical:11,0.0,165.2,4,8.0
1788963683.7770605,serverless_reactive:cyclical:11,0.0,165.2,4,8.0
1788963683.979934,serverless_reactive:cyclical:11,4.9,165.2,4,8.0
1788963684.1819494,serverless_reactive:cyclical:11,0.0,165.2,4,8.0
1788963684.3838062,serverless_reactive:cyclical:11,0.0,165.2,4,8.0
1788963684.5858,serverless_reactive:cyclical:11,0.0,165.2,4,8.0
1788963684.7876866,serverless_reactive:cyclical:11,0.0,165.2,4,8.0
1788963684.9897337,serverless_reactive:cyclical:11,0.0,165.2,4,8.0
1788963685.1916199,serverless_reactive:cyclical:11,5.0,165.2,4,8.0
1788963685.393503,serverless_reactive:cyclical:11,0.0,165.2,4,8.0
1788963685.5953891,serverless_reactive:cyclical:11,0.0,165.2,4,8.0
1788963685.79731,serverless_reactive:cyclical:11,0.0,165.2,4,8.0
1788963685.9991758,serverless_reactive:cyclical:11,0.0,165.2,4,8.0
1788963686.201158,serverless_reactive:cyclical:11,0.0,165.2,4,8.0
1788963686.403189,serverless_reactive:cyclical:11,4.9,165.2,4,8.0
1788963686.6053376,serverless_reactive:cyclical:11,0.0,165.2,4,8.0
1788963686.8072555,serverless_reactive:cyclical:11,0.0,165.2,4,8.0
1788963687.0092027,serverless_reactive:cyclical:11,0.0,165.2,4,8.0
1788963687.211515,serverless_reactive:cyclical:11,0.0,165.2,4,8.0
1788963687.4135668,serverless_reactive:cyclical:11,0.0,122.64,3,8.0
1788963687.616508,serverless_reactive:cyclical:11,0.0,80.01,2,8.0
1788963687.8187346,serverless_reactive:cyclical:11,0.0,37.37,1,8.0
1788963688.0206003,serverless_reactive:cyclical:11,0.0,37.37,1,8.0
1788963688.2222755,serverless_reactive:cyclical:11,0.0,37.37,1,8.0
1788963688.4242246,serverless_reactive:cyclical:11,0.0,37.37,1,8.0
1788963688.6261392,serverless_reactive:cyclical:11,0.0,37.37,1,8.0
1788963688.8288243,serverless_reactive:cyclical:11,4.9,76.18,4,8.0
1788963689.03466,serverless_reactive:cyclical:11,199.1,125.69,4,8.0
1788963689.2364433,serverless_reactive:cyclical:11,203.2,147.07,4,8.0
1788963689.4385657,serverless_reactive:cyclical:11,193.0,164.43,4,8.0
1788963689.6410806,serverless_reactive:cyclical:11,14.7,165.0,4,8.0
1788963689.8432913,serverless_reactive:cyclical:11,0.0,165.0,4,8.0
1788963690.045522,serverless_reactive:cyclical:11,0.0,165.0,4,8.0
1788963690.2474742,serverless_reactive:cyclical:11,0.0,165.0,4,8.0
1788963690.4495757,serverless_reactive:cyclical:11,4.9,165.0,4,8.0
1788963690.6514685,serverless_reactive:cyclical:11,0.0,165.0,4,8.0
1788963690.8534317,serverless_reactive:cyclical:11,0.0,165.0,4,8.0
1788963691.0554812,serverless_reactive:cyclical:11,0.0,165.0,4,8.0
1788963691.2574215,serverless_reactive:cyclical:11,5.0,165.0,4,8.0
1788963691.4592993,serverless_reactive:cyclical:11,0.0,165.0,4,8.0
1788963691.661413,serverless_reactive:cyclical:11,0.0,165.0,4,8.0
1788963691.863473,serverless_reactive:cyclical:11,0.0,165.0,4,8.0
1788963692.06565,serverless_reactive:cyclical:11,0.0,165.0,4,8.0
1788963692.267826,serverless_reactive:cyclical:11,0.0,165.0,4,8.0
1788963692.4699361,serverless_reactive:cyclical:11,0.0,165.0,4,8.0
1788963692.672217,serverless_reactive:cyclical:11,0.0,165.0,4,8.0
1788963692.8743742,serverless_reactive:cyclical:11,4.9,165.0,4,8.0
1788963693.0765364,serverless_reactive:cyclical:11,0.0,165.0,4,8.0
1788963693.2786672,serverless_reactive:cyclical:11,0.0,165.0,4,8.0
1788963693.4806397,serverless_reactive:cyclical:11,0.0,165.0,4,8.0
1788963693.6827114,serverless_reactive:cyclical:11,0.0,165.0,4,8.0
1788963693.884671,serverless_reactive:cyclical:11,0.0,165.0,4,8.0
1788963694.0865715,serverless_reactive:cyclical:11,0.0,165.0,4,8.0
1788963694.2884283,serverless_reactive:cyclical:11,0.0,165.0,4,8.0
1788963694.4905515,serverless_reactive:cyclical:11,0.0,165.0,4,8.0
1788963694.692493,serverless_reactive:cyclical:11,0.0,165.0,4,8.0
1788963694.8945997,serverless_reactive:cyclical:11,0.0,165.0,4,8.0
1788963695.0965292,serverless_reactive:cyclical:11,5.0,165.0,4,8.0
1788963695.2985706,serverless_reactive:cyclical:11,0.0,165.0,4,8.0
1788963695.5006201,serverless_reactive:cyclical:11,0.0,165.0,4,8.0
1788963695.7032962,serverless_reactive:cyclical:11,0.0,165.0,4,8.0
1788963695.9054906,serverless_reactive:cyclical:11,0.0,165.0,4,8.0
1788963696.1075413,serverless_reactive:cyclical:11,4.9,165.0,4,8.0
1788963696.3099988,serverless_reactive:cyclical:11,0.0,165.0,4,8.0
1788963696.5119493,serverless_reactive:cyclical:11,0.0,165.0,4,8.0
1788963696.7140994,serverless_reactive:cyclical:11,0.0,165.0,4,8.0
1788963696.918526,serverless_reactive:cyclical:11,0.0,165.0,4,8.0
1788963697.1205575,serverless_reactive:cyclical:11,0.0,165.0,4,8.0
1788963697.3232567,serverless_reactive:cyclical:11,0.0,165.0,4,8.0
1788963697.5253003,serverless_reactive:cyclical:11,0.0,165.0,4,8.0
1788963697.7272282,serverless_reactive:cyclical:11,0.0,165.0,4,8.0
1788963697.929884,serverless_reactive:cyclical:11,4.9,122.45,3,8.0
1788963698.1319427,serverless_reactive:cyclical:11,0.0,79.9,2,8.0
1788963698.3338356,serverless_reactive:cyclical:11,0.0,37.43,1,8.0
1788963698.5355961,serverless_reactive:cyclical:11,0.0,37.43,1,8.0
1788963698.7379725,serverless_reactive:cyclical:11,0.0,37.43,1,8.0
1788963698.939567,serverless_reactive:cyclical:11,0.0,37.43,1,8.0
1788963699.1413825,serverless_reactive:cyclical:11,0.0,37.43,1,8.0
1788963699.346763,serverless_reactive:cyclical:11,4.9,96.57,4,8.0
1788963699.5485015,serverless_reactive:cyclical:11,193.4,138.65,4,8.0
1788963699.7510161,serverless_reactive:cyclical:11,197.5,154.4,4,8.0
1788963700.5988052,serverless_reactive:cyclical:12,0.0,36.62,1,8.0
1788963700.8006039,serverless_reactive:cyclical:12,0.0,36.62,1,8.0
1788963701.0030131,serverless_reactive:cyclical:12,0.0,36.62,1,8.0
1788963701.2050307,serverless_reactive:cyclical:12,0.0,36.62,1,8.0
1788963701.4068542,serverless_reactive:cyclical:12,0.0,36.62,1,8.0
1788963701.6084983,serverless_reactive:cyclical:12,0.0,36.62,1,8.0
1788963701.8105867,serverless_reactive:cyclical:12,0.0,36.62,1,8.0
1788963702.0124698,serverless_reactive:cyclical:12,0.0,36.62,1,8.0
1788963702.2142286,serverless_reactive:cyclical:12,0.0,36.62,1,8.0
1788963702.4160242,serverless_reactive:cyclical:12,0.0,36.62,1,8.0
1788963702.6187918,serverless_reactive:cyclical:12,0.0,36.62,1,8.0
1788963702.8210495,serverless_reactive:cyclical:12,0.0,36.62,1,8.0
1788963703.0232027,serverless_reactive:cyclical:12,0.0,36.62,1,8.0
1788963703.2249868,serverless_reactive:cyclical:12,0.0,36.62,1,8.0
1788963703.427068,serverless_reactive:cyclical:12,0.0,36.62,1,8.0
1788963703.6290185,serverless_reactive:cyclical:12,0.0,36.62,1,8.0
1788963703.8309057,serverless_reactive:cyclical:12,0.0,36.62,1,8.0
1788963704.0326855,serverless_reactive:cyclical:12,0.0,36.63,1,8.0
1788963704.2347198,serverless_reactive:cyclical:12,0.0,36.63,1,8.0
1788963704.4365468,serverless_reactive:cyclical:12,0.0,36.63,1,8.0
1788963704.6383348,serverless_reactive:cyclical:12,0.0,36.63,1,8.0
1788963704.840249,serverless_reactive:cyclical:12,0.0,36.63,1,8.0
1788963705.0421135,serverless_reactive:cyclical:12,0.0,36.63,1,8.0
1788963705.244108,serverless_reactive:cyclical:12,0.0,36.63,1,8.0
1788963705.446265,serverless_reactive:cyclical:12,0.0,36.63,1,8.0
1788963705.6479843,serverless_reactive:cyclical:12,0.0,36.63,1,8.0
1788963705.8498027,serverless_reactive:cyclical:12,0.0,36.63,1,8.0
1788963706.051599,serverless_reactive:cyclical:12,0.0,36.63,1,8.0
1788963706.2534373,serverless_reactive:cyclical:12,0.0,36.63,1,8.0
1788963706.4552565,serverless_reactive:cyclical:12,0.0,36.63,1,8.0
1788963706.6574154,serverless_reactive:cyclical:12,0.0,36.63,1,8.0
1788963706.8591733,serverless_reactive:cyclical:12,0.0,36.63,1,8.0
1788963707.0608668,serverless_reactive:cyclical:12,0.0,36.63,1,8.0
1788963707.2630327,serverless_reactive:cyclical:12,0.0,36.63,1,8.0
1788963707.465006,serverless_reactive:cyclical:12,0.0,36.63,1,8.0
1788963707.666977,serverless_reactive:cyclical:12,0.0,36.63,1,8.0
1788963707.8688781,serverless_reactive:cyclical:12,0.0,36.63,1,8.0
1788963708.0706997,serverless_reactive:cyclical:12,0.0,36.63,1,8.0
1788963708.2723064,serverless_reactive:cyclical:12,5.0,36.63,1,8.0
1788963708.4740415,serverless_reactive:cyclical:12,0.0,36.63,1,8.0
1788963708.679321,serverless_reactive:cyclical:12,4.9,73.26,4,8.0
1788963708.885749,serverless_reactive:cyclical:12,188.9,128.73,4,8.0
1788963709.0878408,serverless_reactive:cyclical:12,153.3,145.45,4,8.0
1788963709.2912672,serverless_reactive:cyclical:12,177.0,161.1,4,8.0
1788963709.4930723,serverless_reactive:cyclical:12,44.7,164.76,4,8.0
1788963709.6950374,serverless_reactive:cyclical:12,0.0,164.76,4,8.0
1788963709.8970268,serverless_reactive:cyclical:12,0.0,164.76,4,8.0
1788963710.0989556,serverless_reactive:cyclical:12,0.0,164.76,4,8.0
1788963710.3013315,serverless_reactive:cyclical:12,0.0,164.76,4,8.0
1788963710.5032573,serverless_reactive:cyclical:12,0.0,164.76,4,8.0
1788963710.706052,serverless_reactive:cyclical:12,0.0,164.76,4,8.0
1788963710.9080727,serverless_reactive:cyclical:12,0.0,164.76,4,8.0
1788963711.110323,serverless_reactive:cyclical:12,0.0,164.76,4,8.0
1788963711.3141851,serverless_reactive:cyclical:12,0.0,164.76,4,8.0
1788963711.5163114,serverless_reactive:cyclical:12,0.0,164.76,4,8.0
1788963711.7189357,serverless_reactive:cyclical:12,0.0,164.76,4,8.0
1788963711.9209657,serverless_reactive:cyclical:12,0.0,164.76,4,8.0
1788963712.1231184,serverless_reactive:cyclical:12,0.0,164.76,4,8.0
1788963712.3258193,serverless_reactive:cyclical:12,0.0,164.76,4,8.0
1788963712.528288,serverless_reactive:cyclical:12,4.9,164.76,4,8.0
1788963712.7305415,serverless_reactive:cyclical:12,0.0,164.76,4,8.0
1788963712.9329152,serverless_reactive:cyclical:12,0.0,164.76,4,8.0
1788963713.134825,serverless_reactive:cyclical:12,5.0,164.76,4,8.0
1788963713.336758,serverless_reactive:cyclical:12,5.0,164.76,4,8.0
1788963713.5388587,serverless_reactive:cyclical:12,0.0,164.76,4,8.0
1788963713.7409945,serverless_reactive:cyclical:12,0.0,164.76,4,8.0
1788963713.9430323,serverless_reactive:cyclical:12,0.0,164.76,4,8.0
1788963714.1460733,serverless_reactive:cyclical:12,4.9,164.76,4,8.0
1788963714.3482256,serverless_reactive:cyclical:12,0.0,164.76,4,8.0
1788963714.55025,serverless_reactive:cyclical:12,4.9,164.77,4,8.0
1788963714.7526546,serverless_reactive:cyclical:12,0.0,164.77,4,8.0
1788963714.9547343,serverless_reactive:cyclical:12,0.0,164.77,4,8.0
1788963715.1568038,serverless_reactive:cyclical:12,0.0,164.77,4,8.0
1788963715.3587801,serverless_reactive:cyclical:12,0.0,164.77,4,8.0
1788963715.560692,serverless_reactive:cyclical:12,0.0,164.77,4,8.0
1788963715.7625968,serverless_reactive:cyclical:12,0.0,164.77,4,8.0
1788963715.9645329,serverless_reactive:cyclical:12,0.0,164.77,4,8.0
1788963716.1664028,serverless_reactive:cyclical:12,0.0,164.77,4,8.0
1788963716.3682437,serverless_reactive:cyclical:12,0.0,164.77,4,8.0
1788963716.570075,serverless_reactive:cyclical:12,0.0,164.77,4,8.0
1788963716.7720182,serverless_reactive:cyclical:12,0.0,164.77,4,8.0
1788963716.973952,serverless_reactive:cyclical:12,0.0,164.77,4,8.0
1788963717.1767204,serverless_reactive:cyclical:12,0.0,164.77,4,8.0
1788963717.3787851,serverless_reactive:cyclical:12,0.0,164.77,4,8.0
1788963717.580823,serverless_reactive:cyclical:12,4.9,122.26,4,8.0
1788963717.7826684,serverless_reactive:cyclical:12,5.0,79.64,2,8.0
1788963717.9842257,serverless_reactive:cyclical:12,0.0,37.13,1,8.0
1788963718.186018,serverless_reactive:cyclical:12,0.0,37.13,1,8.0
1788963718.3884284,serverless_reactive:cyclical:12,0.0,37.13,1,8.0
1788963718.5901513,serverless_reactive:cyclical:12,0.0,37.13,1,8.0
1788963718.7924533,serverless_reactive:cyclical:12,0.0,37.13,1,8.0
1788963718.9941971,serverless_reactive:cyclical:12,0.0,37.13,1,8.0
1788963719.195843,serverless_reactive:cyclical:12,0.0,37.13,1,8.0
1788963719.4058921,serverless_reactive:cyclical:12,4.8,111.09,4,8.0
1788963719.608047,serverless_reactive:cyclical:12,187.9,141.49,4,8.0
1788963719.8220322,serverless_reactive:cyclical:12,201.0,155.55,4,8.0
1788963720.024572,serverless_reactive:cyclical:12,98.8,165.06,4,8.0
1788963720.2268026,serverless_reactive:cyclical:12,4.9,165.06,4,8.0
1788963720.4292452,serverless_reactive:cyclical:12,0.0,165.06,4,8.0
1788963720.6312056,serverless_reactive:cyclical:12,0.0,165.06,4,8.0
1788963720.833174,serverless_reactive:cyclical:12,5.0,165.06,4,8.0
1788963721.0351856,serverless_reactive:cyclical:12,0.0,165.06,4,8.0
1788963721.2379549,serverless_reactive:cyclical:12,0.0,165.06,4,8.0
1788963721.4412303,serverless_reactive:cyclical:12,4.9,165.06,4,8.0
1788963721.6432884,serverless_reactive:cyclical:12,0.0,165.06,4,8.0
1788963721.8450873,serverless_reactive:cyclical:12,0.0,165.06,4,8.0
1788963722.0471554,serverless_reactive:cyclical:12,0.0,165.06,4,8.0
1788963722.2489355,serverless_reactive:cyclical:12,0.0,165.06,4,8.0
1788963722.4508219,serverless_reactive:cyclical:12,0.0,165.06,4,8.0
1788963722.6526458,serverless_reactive:cyclical:12,5.0,165.06,4,8.0
1788963722.8545926,serverless_reactive:cyclical:12,0.0,165.06,4,8.0
1788963723.0565565,serverless_reactive:cyclical:12,0.0,165.06,4,8.0
1788963723.258629,serverless_reactive:cyclical:12,0.0,165.06,4,8.0
1788963723.4605455,serverless_reactive:cyclical:12,0.0,165.06,4,8.0
1788963723.6625044,serverless_reactive:cyclical:12,0.0,165.06,4,8.0
1788963723.8645115,serverless_reactive:cyclical:12,0.0,165.06,4,8.0
1788963724.0664485,serverless_reactive:cyclical:12,0.0,165.06,4,8.0
1788963724.2690475,serverless_reactive:cyclical:12,0.0,165.06,4,8.0
1788963724.4719331,serverless_reactive:cyclical:12,0.0,165.06,4,8.0
1788963724.6740634,serverless_reactive:cyclical:12,0.0,165.06,4,8.0
1788963724.8759983,serverless_reactive:cyclical:12,0.0,165.06,4,8.0
1788963725.0780241,serverless_reactive:cyclical:12,0.0,165.06,4,8.0
1788963725.2801924,serverless_reactive:cyclical:12,0.0,165.06,4,8.0
1788963725.4822083,serverless_reactive:cyclical:12,5.0,165.06,4,8.0
1788963725.6841438,serverless_reactive:cyclical:12,0.0,165.06,4,8.0
1788963725.8863418,serverless_reactive:cyclical:12,0.0,165.06,4,8.0
1788963726.0888371,serverless_reactive:cyclical:12,4.9,165.06,4,8.0
1788963726.2915452,serverless_reactive:cyclical:12,4.9,165.06,4,8.0
1788963726.4949555,serverless_reactive:cyclical:12,0.0,165.06,4,8.0
1788963726.697523,serverless_reactive:cyclical:12,0.0,165.06,4,8.0
1788963726.899606,serverless_reactive:cyclical:12,0.0,165.06,4,8.0
1788963727.1017876,serverless_reactive:cyclical:12,0.0,165.06,4,8.0
1788963727.3037806,serverless_reactive:cyclical:12,0.0,165.06,4,8.0
1788963727.5056849,serverless_reactive:cyclical:12,0.0,165.06,4,8.0
1788963727.707996,serverless_reactive:cyclical:12,0.0,165.06,4,8.0
1788963727.9101584,serverless_reactive:cyclical:12,0.0,165.06,4,8.0
1788963728.112656,serverless_reactive:cyclical:12,0.0,165.06,4,8.0
1788963728.3149798,serverless_reactive:cyclical:12,0.0,122.4,3,8.0
1788963728.5173206,serverless_reactive:cyclical:12,0.0,37.27,1,8.0
1788963728.722903,serverless_reactive:cyclical:12,4.9,57.83,4,8.0
1788963728.9250638,serverless_reactive:cyclical:12,188.0,118.18,4,8.0
1788963729.1270225,serverless_reactive:cyclical:12,207.9,146.72,4,8.0
1788963729.3304818,serverless_reactive:cyclical:12,187.0,160.8,4,8.0
1788963729.533466,serverless_reactive:cyclical:12,54.0,165.11,4,8.0
1788963729.73655,serverless_reactive:cyclical:12,0.0,165.11,4,8.0
1788963729.9388998,serverless_reactive:cyclical:12,0.0,165.11,4,8.0
1788963730.1419477,serverless_reactive:cyclical:12,0.0,165.11,4,8.0
1788963730.3440113,serverless_reactive:cyclical:12,0.0,165.11,4,8.0
1788963730.546205,serverless_reactive:cyclical:12,0.0,165.11,4,8.0
1788963730.7482276,serverless_reactive:cyclical:12,5.0,165.11,4,8.0
1788963730.9504507,serverless_reactive:cyclical:12,0.0,165.11,4,8.0
1788963731.1524942,serverless_reactive:cyclical:12,0.0,165.11,4,8.0
1788963731.3547115,serverless_reactive:cyclical:12,4.9,165.11,4,8.0
1788963731.5572858,serverless_reactive:cyclical:12,4.9,165.11,4,8.0
1788963731.759348,serverless_reactive:cyclical:12,0.0,165.11,4,8.0
1788963731.9620059,serverless_reactive:cyclical:12,0.0,165.11,4,8.0
1788963732.163976,serverless_reactive:cyclical:12,0.0,165.11,4,8.0
1788963732.366105,serverless_reactive:cyclical:12,0.0,165.11,4,8.0
1788963732.5688043,serverless_reactive:cyclical:12,0.0,165.11,4,8.0
1788963732.7709708,serverless_reactive:cyclical:12,0.0,165.11,4,8.0
1788963732.97303,serverless_reactive:cyclical:12,0.0,165.11,4,8.0
1788963733.1750572,serverless_reactive:cyclical:12,0.0,165.11,4,8.0
1788963733.3771815,serverless_reactive:cyclical:12,0.0,165.11,4,8.0
1788963733.5793457,serverless_reactive:cyclical:12,0.0,165.11,4,8.0
1788963733.78152,serverless_reactive:cyclical:12,0.0,165.11,4,8.0
1788963733.9835758,serverless_reactive:cyclical:12,0.0,165.11,4,8.0
1788963734.1861107,serverless_reactive:cyclical:12,0.0,165.11,4,8.0
1788963734.3880951,serverless_reactive:cyclical:12,0.0,165.11,4,8.0
1788963734.5900838,serverless_reactive:cyclical:12,0.0,165.11,4,8.0
1788963734.7920659,serverless_reactive:cyclical:12,0.0,165.11,4,8.0
1788963734.9941466,serverless_reactive:cyclical:12,0.0,165.11,4,8.0
1788963735.1962621,serverless_reactive:cyclical:12,0.0,165.11,4,8.0
1788963735.3983667,serverless_reactive:cyclical:12,4.9,165.11,4,8.0
1788963735.600362,serverless_reactive:cyclical:12,0.0,165.11,4,8.0
1788963735.8023531,serverless_reactive:cyclical:12,0.0,165.11,4,8.0
1788963736.0047448,serverless_reactive:cyclical:12,4.9,165.11,4,8.0
1788963736.2067888,serverless_reactive:cyclical:12,0.0,165.11,4,8.0
1788963736.4087636,serverless_reactive:cyclical:12,0.0,165.11,4,8.0
1788963736.6115327,serverless_reactive:cyclical:12,4.9,165.11,4,8.0
1788963736.813506,serverless_reactive:cyclical:12,0.0,165.11,4,8.0
1788963737.0156608,serverless_reactive:cyclical:12,0.0,165.11,4,8.0
1788963737.2176366,serverless_reactive:cyclical:12,0.0,165.11,4,8.0
1788963737.4195871,serverless_reactive:cyclical:12,0.0,165.11,4,8.0
1788963737.6217966,serverless_reactive:cyclical:12,0.0,165.11,4,8.0
1788963737.823846,serverless_reactive:cyclical:12,0.0,79.88,3,8.0
1788963738.0258062,serverless_reactive:cyclical:12,4.9,37.3,1,8.0
1788963738.2277803,serverless_reactive:cyclical:12,0.0,37.3,1,8.0
1788963738.4295678,serverless_reactive:cyclical:12,0.0,37.3,1,8.0
1788963738.632613,serverless_reactive:cyclical:12,0.0,84.4,4,8.0
1788963738.83871,serverless_reactive:cyclical:12,194.1,131.87,4,8.0
1788963739.0405195,serverless_reactive:cyclical:12,193.3,151.35,4,8.0
1788963739.2427154,serverless_reactive:cyclical:12,153.3,164.37,4,8.0
1788963739.4462676,serverless_reactive:cyclical:12,9.8,165.03,4,8.0
1788963739.6481795,serverless_reactive:cyclical:12,0.0,165.03,4,8.0
1788963739.850175,serverless_reactive:cyclical:12,0.0,165.03,4,8.0
1788963740.0523293,serverless_reactive:cyclical:12,4.9,165.03,4,8.0
1788963740.2542608,serverless_reactive:cyclical:12,5.0,165.03,4,8.0
1788963740.456316,serverless_reactive:cyclical:12,0.0,165.03,4,8.0
1788963740.658456,serverless_reactive:cyclical:12,0.0,165.03,4,8.0
1788963740.8605344,serverless_reactive:cyclical:12,0.0,165.03,4,8.0
1788963741.0626404,serverless_reactive:cyclical:12,0.0,165.03,4,8.0
1788963741.2646194,serverless_reactive:cyclical:12,0.0,165.03,4,8.0
1788963741.4665456,serverless_reactive:cyclical:12,0.0,165.03,4,8.0
1788963741.6684918,serverless_reactive:cyclical:12,0.0,165.03,4,8.0
1788963741.8706193,serverless_reactive:cyclical:12,0.0,165.03,4,8.0
1788963742.0733876,serverless_reactive:cyclical:12,0.0,165.03,4,8.0
1788963742.2753096,serverless_reactive:cyclical:12,0.0,165.03,4,8.0
1788963742.4773252,serverless_reactive:cyclical:12,0.0,165.03,4,8.0
1788963742.6795318,serverless_reactive:cyclical:12,0.0,165.03,4,8.0
1788963742.8818345,serverless_reactive:cyclical:12,0.0,165.03,4,8.0
1788963743.0836756,serverless_reactive:cyclical:12,0.0,165.03,4,8.0
1788963743.2858706,serverless_reactive:cyclical:12,4.9,165.03,4,8.0
1788963743.4878325,serverless_reactive:cyclical:12,0.0,165.03,4,8.0
1788963743.6897552,serverless_reactive:cyclical:12,0.0,165.03,4,8.0
1788963743.8926632,serverless_reactive:cyclical:12,0.0,165.03,4,8.0
1788963744.0948458,serverless_reactive:cyclical:12,0.0,165.03,4,8.0
1788963744.296787,serverless_reactive:cyclical:12,0.0,165.03,4,8.0
1788963744.4990518,serverless_reactive:cyclical:12,4.9,165.03,4,8.0
1788963744.7010586,serverless_reactive:cyclical:12,0.0,165.03,4,8.0
1788963744.9032807,serverless_reactive:cyclical:12,0.0,165.03,4,8.0
1788963745.1052914,serverless_reactive:cyclical:12,0.0,165.03,4,8.0
1788963745.3073454,serverless_reactive:cyclical:12,0.0,165.03,4,8.0
1788963745.5093498,serverless_reactive:cyclical:12,0.0,165.03,4,8.0
1788963745.7112718,serverless_reactive:cyclical:12,5.0,165.03,4,8.0
1788963745.9132767,serverless_reactive:cyclical:12,0.0,165.03,4,8.0
1788963746.1153533,serverless_reactive:cyclical:12,0.0,165.03,4,8.0
1788963746.317325,serverless_reactive:cyclical:12,0.0,165.03,4,8.0
1788963746.5201511,serverless_reactive:cyclical:12,0.0,165.03,4,8.0
1788963746.722302,serverless_reactive:cyclical:12,0.0,165.03,4,8.0
1788963746.9245503,serverless_reactive:cyclical:12,0.0,165.03,4,8.0
1788963747.127474,serverless_reactive:cyclical:12,0.0,165.03,4,8.0
1788963747.3296978,serverless_reactive:cyclical:12,0.0,165.03,4,8.0
1788963747.531728,serverless_reactive:cyclical:12,0.0,122.53,3,8.0
1788963747.7350204,serverless_reactive:cyclical:12,14.7,123.04,4,8.0
1788963747.938644,serverless_reactive:cyclical:12,186.6,153.23,4,8.0
1788963748.1406307,serverless_reactive:cyclical:12,148.6,163.29,4,8.0
1788963748.9856303,serverless_reactive:cyclical:13,0.0,36.63,1,8.0
1788963749.1872234,serverless_reactive:cyclical:13,0.0,36.63,1,8.0
1788963749.3889933,serverless_reactive:cyclical:13,0.0,36.63,1,8.0
1788963749.5909615,serverless_reactive:cyclical:13,0.0,36.63,1,8.0
1788963749.792594,serverless_reactive:cyclical:13,0.0,36.63,1,8.0
1788963749.9943714,serverless_reactive:cyclical:13,0.0,36.63,1,8.0
1788963750.196047,serverless_reactive:cyclical:13,0.0,36.63,1,8.0
1788963750.397878,serverless_reactive:cyclical:13,0.0,36.63,1,8.0
1788963750.599997,serverless_reactive:cyclical:13,0.0,36.63,1,8.0
1788963750.8018558,serverless_reactive:cyclical:13,0.0,36.63,1,8.0
1788963751.0036397,serverless_reactive:cyclical:13,0.0,36.63,1,8.0
1788963751.2055063,serverless_reactive:cyclical:13,0.0,36.63,1,8.0
1788963751.4071612,serverless_reactive:cyclical:13,0.0,36.63,1,8.0
1788963751.6089184,serverless_reactive:cyclical:13,0.0,36.63,1,8.0
1788963751.811194,serverless_reactive:cyclical:13,0.0,36.63,1,8.0
1788963752.012804,serverless_reactive:cyclical:13,0.0,36.63,1,8.0
1788963752.2148032,serverless_reactive:cyclical:13,0.0,36.63,1,8.0
1788963752.4166176,serverless_reactive:cyclical:13,0.0,36.63,1,8.0
1788963752.6184237,serverless_reactive:cyclical:13,0.0,36.63,1,8.0
1788963752.8202767,serverless_reactive:cyclical:13,0.0,36.63,1,8.0
1788963753.0220103,serverless_reactive:cyclical:13,0.0,36.63,1,8.0
1788963753.2236342,serverless_reactive:cyclical:13,0.0,36.63,1,8.0
1788963753.4253113,serverless_reactive:cyclical:13,0.0,36.63,1,8.0
1788963753.627076,serverless_reactive:cyclical:13,0.0,36.63,1,8.0
1788963753.8287437,serverless_reactive:cyclical:13,0.0,36.63,1,8.0
1788963754.0305538,serverless_reactive:cyclical:13,0.0,36.63,1,8.0
1788963754.237273,serverless_reactive:cyclical:13,0.0,36.63,1,8.0
1788963754.4389305,serverless_reactive:cyclical:13,5.0,36.63,1,8.0
1788963754.640623,serverless_reactive:cyclical:13,0.0,36.63,1,8.0
1788963754.8424888,serverless_reactive:cyclical:13,0.0,36.63,1,8.0
1788963755.0443215,serverless_reactive:cyclical:13,0.0,36.63,1,8.0
1788963755.24618,serverless_reactive:cyclical:13,0.0,36.63,1,8.0
1788963755.4481416,serverless_reactive:cyclical:13,0.0,36.63,1,8.0
1788963755.650039,serverless_reactive:cyclical:13,0.0,36.63,1,8.0
1788963755.8518012,serverless_reactive:cyclical:13,0.0,36.63,1,8.0
1788963756.0537095,serverless_reactive:cyclical:13,0.0,36.63,1,8.0
1788963756.2553618,serverless_reactive:cyclical:13,0.0,36.63,1,8.0
1788963756.4570484,serverless_reactive:cyclical:13,0.0,36.63,1,8.0
1788963756.6587448,serverless_reactive:cyclical:13,0.0,36.63,1,8.0
1788963756.8605518,serverless_reactive:cyclical:13,0.0,36.63,1,8.0
1788963757.062429,serverless_reactive:cyclical:13,0.0,36.63,1,8.0
1788963757.264187,serverless_reactive:cyclical:13,0.0,36.63,1,8.0
1788963757.466175,serverless_reactive:cyclical:13,0.0,36.63,1,8.0
1788963757.6683202,serverless_reactive:cyclical:13,0.0,36.63,1,8.0
1788963757.8787532,serverless_reactive:cyclical:13,9.5,98.12,4,8.0
1788963758.0806541,serverless_reactive:cyclical:13,99.1,121.71,4,8.0
1788963758.288614,serverless_reactive:cyclical:13,115.5,142.84,4,8.0
1788963758.4907246,serverless_reactive:cyclical:13,192.9,156.43,4,8.0
1788963758.6942549,serverless_reactive:cyclical:13,78.5,164.88,4,8.0
1788963758.8972127,serverless_reactive:cyclical:13,4.9,164.88,4,8.0
1788963759.0993655,serverless_reactive:cyclical:13,0.0,164.88,4,8.0
1788963759.301444,serverless_reactive:cyclical:13,4.9,164.88,4,8.0
1788963759.5034642,serverless_reactive:cyclical:13,0.0,164.88,4,8.0
1788963759.7055445,serverless_reactive:cyclical:13,0.0,164.88,4,8.0
1788963759.9110518,serverless_reactive:cyclical:13,0.0,164.88,4,8.0
1788963760.1135774,serverless_reactive:cyclical:13,0.0,164.88,4,8.0
1788963760.3154411,serverless_reactive:cyclical:13,0.0,164.88,4,8.0
1788963760.5183985,serverless_reactive:cyclical:13,0.0,164.88,4,8.0
1788963760.7203135,serverless_reactive:cyclical:13,0.0,164.88,4,8.0
1788963760.922674,serverless_reactive:cyclical:13,0.0,164.88,4,8.0
1788963761.1245801,serverless_reactive:cyclical:13,0.0,164.88,4,8.0
1788963761.3267317,serverless_reactive:cyclical:13,0.0,164.88,4,8.0
1788963761.5286376,serverless_reactive:cyclical:13,0.0,164.88,4,8.0
1788963761.7305775,serverless_reactive:cyclical:13,0.0,164.88,4,8.0
1788963761.9324975,serverless_reactive:cyclical:13,0.0,164.88,4,8.0
1788963762.1344738,serverless_reactive:cyclical:13,0.0,164.88,4,8.0
1788963762.336514,serverless_reactive:cyclical:13,0.0,164.88,4,8.0
1788963762.5384645,serverless_reactive:cyclical:13,0.0,164.88,4,8.0
1788963762.7403748,serverless_reactive:cyclical:13,0.0,164.88,4,8.0
1788963762.9423525,serverless_reactive:cyclical:13,5.0,164.88,4,8.0
1788963763.1445556,serverless_reactive:cyclical:13,0.0,164.88,4,8.0
1788963763.346636,serverless_reactive:cyclical:13,0.0,164.88,4,8.0
1788963763.5484877,serverless_reactive:cyclical:13,0.0,164.88,4,8.0
1788963763.7511458,serverless_reactive:cyclical:13,0.0,164.88,4,8.0
1788963763.9534798,serverless_reactive:cyclical:13,4.9,164.88,4,8.0
1788963764.1553571,serverless_reactive:cyclical:13,0.0,164.88,4,8.0
1788963764.357433,serverless_reactive:cyclical:13,0.0,164.88,4,8.0
1788963764.559533,serverless_reactive:cyclical:13,0.0,164.88,4,8.0
1788963764.7615738,serverless_reactive:cyclical:13,0.0,164.88,4,8.0
1788963764.9634545,serverless_reactive:cyclical:13,5.0,164.88,4,8.0
1788963765.1654944,serverless_reactive:cyclical:13,0.0,164.88,4,8.0
1788963765.370159,serverless_reactive:cyclical:13,0.0,164.88,4,8.0
1788963765.5721989,serverless_reactive:cyclical:13,4.9,164.88,4,8.0
1788963765.7741954,serverless_reactive:cyclical:13,0.0,164.88,4,8.0
1788963765.976156,serverless_reactive:cyclical:13,0.0,164.88,4,8.0
1788963766.1780891,serverless_reactive:cyclical:13,0.0,164.88,4,8.0
1788963766.3801188,serverless_reactive:cyclical:13,0.0,164.88,4,8.0
1788963766.582186,serverless_reactive:cyclical:13,0.0,164.88,4,8.0
1788963766.7842445,serverless_reactive:cyclical:13,0.0,164.93,4,8.0
1788963766.986561,serverless_reactive:cyclical:13,0.0,122.38,3,8.0
1788963767.1884477,serverless_reactive:cyclical:13,0.0,79.72,2,8.0
1788963767.390438,serverless_reactive:cyclical:13,0.0,37.12,1,8.0
1788963767.5930378,serverless_reactive:cyclical:13,4.9,76.17,4,8.0
1788963767.79867,serverless_reactive:cyclical:13,189.8,130.49,4,8.0
1788963768.001558,serverless_reactive:cyclical:13,197.2,151.05,4,8.0
1788963768.2035856,serverless_reactive:cyclical:13,158.4,165.07,4,8.0
1788963768.4064946,serverless_reactive:cyclical:13,4.9,165.07,4,8.0
1788963768.6085248,serverless_reactive:cyclical:13,0.0,165.07,4,8.0
1788963768.8106327,serverless_reactive:cyclical:13,0.0,165.07,4,8.0
1788963769.0126774,serverless_reactive:cyclical:13,4.9,165.07,4,8.0
1788963769.2153924,serverless_reactive:cyclical:13,0.0,165.07,4,8.0
1788963769.4173775,serverless_reactive:cyclical:13,0.0,165.07,4,8.0
1788963769.6194062,serverless_reactive:cyclical:13,0.0,165.07,4,8.0
1788963769.8215628,serverless_reactive:cyclical:13,0.0,165.07,4,8.0
1788963770.023928,serverless_reactive:cyclical:13,0.0,165.07,4,8.0
1788963770.2262578,serverless_reactive:cyclical:13,0.0,165.07,4,8.0
1788963770.4283988,serverless_reactive:cyclical:13,0.0,165.07,4,8.0
1788963770.6309059,serverless_reactive:cyclical:13,0.0,165.07,4,8.0
1788963770.833055,serverless_reactive:cyclical:13,0.0,165.07,4,8.0
1788963771.0350308,serverless_reactive:cyclical:13,0.0,165.07,4,8.0
1788963771.2372983,serverless_reactive:cyclical:13,0.0,165.07,4,8.0
1788963771.439366,serverless_reactive:cyclical:13,0.0,165.07,4,8.0
1788963771.6415174,serverless_reactive:cyclical:13,0.0,165.07,4,8.0
1788963771.8437133,serverless_reactive:cyclical:13,0.0,165.07,4,8.0
1788963772.045908,serverless_reactive:cyclical:13,0.0,165.07,4,8.0
1788963772.2479873,serverless_reactive:cyclical:13,0.0,165.07,4,8.0
1788963772.4503286,serverless_reactive:cyclical:13,4.9,165.07,4,8.0
1788963772.6532748,serverless_reactive:cyclical:13,0.0,165.07,4,8.0
1788963772.8551965,serverless_reactive:cyclical:13,0.0,165.07,4,8.0
1788963773.0632827,serverless_reactive:cyclical:13,0.0,165.07,4,8.0
1788963773.2656486,serverless_reactive:cyclical:13,4.9,165.07,4,8.0
1788963773.4676073,serverless_reactive:cyclical:13,0.0,165.07,4,8.0
1788963773.6696043,serverless_reactive:cyclical:13,0.0,165.07,4,8.0
1788963773.871558,serverless_reactive:cyclical:13,5.0,165.07,4,8.0
1788963774.0734897,serverless_reactive:cyclical:13,0.0,165.07,4,8.0
1788963774.2756433,serverless_reactive:cyclical:13,0.0,165.07,4,8.0
1788963774.4776082,serverless_reactive:cyclical:13,0.0,165.07,4,8.0
1788963774.679583,serverless_reactive:cyclical:13,0.0,165.07,4,8.0
1788963774.882569,serverless_reactive:cyclical:13,0.0,165.07,4,8.0
1788963775.0844774,serverless_reactive:cyclical:13,0.0,165.07,4,8.0
1788963775.2864764,serverless_reactive:cyclical:13,0.0,165.07,4,8.0
1788963775.4884224,serverless_reactive:cyclical:13,0.0,165.07,4,8.0
1788963775.690637,serverless_reactive:cyclical:13,0.0,165.07,4,8.0
1788963775.8926785,serverless_reactive:cyclical:13,0.0,165.07,4,8.0
1788963776.0954463,serverless_reactive:cyclical:13,0.0,165.07,4,8.0
1788963776.2973864,serverless_reactive:cyclical:13,0.0,165.07,4,8.0
1788963776.4992092,serverless_reactive:cyclical:13,0.0,122.45,3,8.0
1788963776.701359,serverless_reactive:cyclical:13,0.0,79.9,2,8.0
1788963776.9041328,serverless_reactive:cyclical:13,9.9,94.6,4,8.0
1788963777.1149194,serverless_reactive:cyclical:13,94.9,118.88,4,8.0
1788963777.3187845,serverless_reactive:cyclical:13,102.9,137.66,4,8.0
1788963777.5227826,serverless_reactive:cyclical:13,117.6,147.25,4,8.0
1788963777.7267756,serverless_reactive:cyclical:13,98.0,152.45,4,8.0
1788963777.934729,serverless_reactive:cyclical:13,105.9,161.22,4,8.0
1788963778.1368454,serverless_reactive:cyclical:13,49.3,165.23,4,8.0
1788963778.3390343,serverless_reactive:cyclical:13,0.0,165.23,4,8.0
1788963778.541708,serverless_reactive:cyclical:13,0.0,165.23,4,8.0
1788963778.74361,serverless_reactive:cyclical:13,0.0,165.23,4,8.0
1788963778.9457138,serverless_reactive:cyclical:13,0.0,165.23,4,8.0
1788963779.1476834,serverless_reactive:cyclical:13,0.0,165.23,4,8.0
1788963779.3497791,serverless_reactive:cyclical:13,0.0,165.23,4,8.0
1788963779.5519967,serverless_reactive:cyclical:13,0.0,165.23,4,8.0
1788963779.753981,serverless_reactive:cyclical:13,0.0,165.23,4,8.0
1788963779.956375,serverless_reactive:cyclical:13,0.0,165.23,4,8.0
1788963780.1583948,serverless_reactive:cyclical:13,0.0,165.23,4,8.0
1788963780.360616,serverless_reactive:cyclical:13,0.0,165.23,4,8.0
1788963780.5627518,serverless_reactive:cyclical:13,4.9,165.23,4,8.0
1788963780.7648327,serverless_reactive:cyclical:13,0.0,165.23,4,8.0
1788963780.966868,serverless_reactive:cyclical:13,0.0,165.23,4,8.0
1788963781.1695144,serverless_reactive:cyclical:13,0.0,165.23,4,8.0
1788963781.3726048,serverless_reactive:cyclical:13,4.9,165.23,4,8.0
1788963781.5747006,serverless_reactive:cyclical:13,4.9,165.23,4,8.0
1788963781.7768598,serverless_reactive:cyclical:13,0.0,165.23,4,8.0
1788963781.9789104,serverless_reactive:cyclical:13,0.0,165.23,4,8.0
1788963782.180901,serverless_reactive:cyclical:13,0.0,165.23,4,8.0
1788963782.3828213,serverless_reactive:cyclical:13,0.0,165.23,4,8.0
1788963782.5847688,serverless_reactive:cyclical:13,0.0,165.23,4,8.0
1788963782.786767,serverless_reactive:cyclical:13,0.0,165.23,4,8.0
1788963782.9888666,serverless_reactive:cyclical:13,0.0,165.23,4,8.0
1788963783.1909246,serverless_reactive:cyclical:13,0.0,165.23,4,8.0
1788963783.3927894,serverless_reactive:cyclical:13,0.0,165.23,4,8.0
1788963783.6003807,serverless_reactive:cyclical:13,0.0,165.23,4,8.0
1788963783.8023562,serverless_reactive:cyclical:13,0.0,165.23,4,8.0
1788963784.0042608,serverless_reactive:cyclical:13,5.0,165.23,4,8.0
1788963784.2064228,serverless_reactive:cyclical:13,0.0,165.23,4,8.0
1788963784.4084532,serverless_reactive:cyclical:13,0.0,165.23,4,8.0
1788963784.6104996,serverless_reactive:cyclical:13,5.0,165.23,4,8.0
1788963784.8124602,serverless_reactive:cyclical:13,0.0,165.23,4,8.0
1788963785.0145433,serverless_reactive:cyclical:13,0.0,165.23,4,8.0
1788963785.2166772,serverless_reactive:cyclical:13,0.0,165.23,4,8.0
1788963785.418903,serverless_reactive:cyclical:13,0.0,165.23,4,8.0
1788963785.6212087,serverless_reactive:cyclical:13,0.0,165.23,4,8.0
1788963785.8236063,serverless_reactive:cyclical:13,4.9,165.23,4,8.0
1788963786.0256019,serverless_reactive:cyclical:13,5.0,165.23,4,8.0
1788963786.2277017,serverless_reactive:cyclical:13,0.0,165.23,4,8.0
1788963786.4297848,serverless_reactive:cyclical:13,0.0,165.23,4,8.0
1788963786.6317556,serverless_reactive:cyclical:13,0.0,79.89,3,8.0
1788963786.838411,serverless_reactive:cyclical:13,4.8,140.07,5,8.0
1788963787.0403755,serverless_reactive:cyclical:13,183.2,136.63,4,8.0
1788963787.2426653,serverless_reactive:cyclical:13,163.1,151.87,4,8.0
1788963787.4450843,serverless_reactive:cyclical:13,148.1,165.13,4,8.0
1788963787.647174,serverless_reactive:cyclical:13,4.9,165.13,4,8.0
1788963787.8492913,serverless_reactive:cyclical:13,0.0,165.13,4,8.0
1788963788.0519865,serverless_reactive:cyclical:13,0.0,165.13,4,8.0
1788963788.2539082,serverless_reactive:cyclical:13,0.0,165.13,4,8.0
1788963788.4559011,serverless_reactive:cyclical:13,0.0,165.13,4,8.0
1788963788.657837,serverless_reactive:cyclical:13,5.0,165.13,4,8.0
1788963788.860016,serverless_reactive:cyclical:13,0.0,165.13,4,8.0
1788963789.0630658,serverless_reactive:cyclical:13,0.0,165.13,4,8.0
1788963789.2652133,serverless_reactive:cyclical:13,0.0,165.13,4,8.0
1788963789.4671586,serverless_reactive:cyclical:13,0.0,165.13,4,8.0
1788963789.6693077,serverless_reactive:cyclical:13,0.0,165.13,4,8.0
1788963789.8714228,serverless_reactive:cyclical:13,0.0,165.13,4,8.0
1788963790.0734427,serverless_reactive:cyclical:13,0.0,165.13,4,8.0
1788963790.2753627,serverless_reactive:cyclical:13,0.0,165.13,4,8.0
1788963790.477323,serverless_reactive:cyclical:13,0.0,165.13,4,8.0
1788963790.6799412,serverless_reactive:cyclical:13,0.0,165.13,4,8.0
1788963790.8823204,serverless_reactive:cyclical:13,0.0,165.13,4,8.0
1788963791.0846865,serverless_reactive:cyclical:13,0.0,165.13,4,8.0
1788963791.286572,serverless_reactive:cyclical:13,0.0,165.13,4,8.0
1788963791.4894025,serverless_reactive:cyclical:13,0.0,165.13,4,8.0
1788963791.6913183,serverless_reactive:cyclical:13,0.0,165.13,4,8.0
1788963791.8936045,serverless_reactive:cyclical:13,4.9,165.13,4,8.0
1788963792.095809,serverless_reactive:cyclical:13,0.0,165.13,4,8.0
1788963792.2981086,serverless_reactive:cyclical:13,0.0,165.13,4,8.0
1788963792.5002854,serverless_reactive:cyclical:13,0.0,165.13,4,8.0
1788963792.7027698,serverless_reactive:cyclical:13,0.0,165.13,4,8.0
1788963792.9048085,serverless_reactive:cyclical:13,0.0,165.13,4,8.0
1788963793.1068342,serverless_reactive:cyclical:13,4.9,165.13,4,8.0
1788963793.3088522,serverless_reactive:cyclical:13,5.0,165.13,4,8.0
1788963793.5110855,serverless_reactive:cyclical:13,0.0,165.13,4,8.0
1788963793.7132618,serverless_reactive:cyclical:13,0.0,165.13,4,8.0
1788963793.9159055,serverless_reactive:cyclical:13,0.0,165.13,4,8.0
1788963794.1179707,serverless_reactive:cyclical:13,0.0,165.13,4,8.0
1788963794.3199887,serverless_reactive:cyclical:13,0.0,165.13,4,8.0
1788963794.5221171,serverless_reactive:cyclical:13,0.0,165.13,4,8.0
1788963794.7241318,serverless_reactive:cyclical:13,0.0,165.13,4,8.0
1788963794.9265265,serverless_reactive:cyclical:13,0.0,165.13,4,8.0
1788963795.128581,serverless_reactive:cyclical:13,0.0,165.13,4,8.0
1788963795.3309891,serverless_reactive:cyclical:13,0.0,165.13,4,8.0
1788963795.5328743,serverless_reactive:cyclical:13,0.0,165.13,4,8.0
1788963795.7350368,serverless_reactive:cyclical:13,0.0,165.13,4,8.0
1788963795.9374297,serverless_reactive:cyclical:13,4.9,122.62,3,8.0
1788963796.1395235,serverless_reactive:cyclical:13,0.0,79.96,2,8.0
1788963796.3420365,serverless_reactive:cyclical:13,0.0,37.36,1,8.0
1788963796.5436065,serverless_reactive:cyclical:13,0.0,37.36,1,8.0
1788963796.7453668,serverless_reactive:cyclical:13,0.0,37.36,1,8.0
1788963796.9523053,serverless_reactive:cyclical:13,4.8,76.74,4,8.0
1788963797.1541183,serverless_reactive:cyclical:13,188.4,128.59,4,8.0
1788963797.3585556,serverless_reactive:cyclical:13,181.0,148.66,4,8.0
1788963797.5617652,serverless_reactive:cyclical:13,172.2,162.93,4,8.0
1788963798.4145746,serverless_reactive:cyclical:14,0.0,36.71,1,8.0
1788963798.6165545,serverless_reactive:cyclical:14,0.0,36.71,1,8.0
1788963798.8182364,serverless_reactive:cyclical:14,0.0,36.71,1,8.0
1788963799.0199046,serverless_reactive:cyclical:14,0.0,36.71,1,8.0
1788963799.221703,serverless_reactive:cyclical:14,0.0,36.71,1,8.0
1788963799.4234755,serverless_reactive:cyclical:14,0.0,36.72,1,8.0
1788963799.6252496,serverless_reactive:cyclical:14,0.0,36.72,1,8.0
1788963799.8268797,serverless_reactive:cyclical:14,5.0,36.72,1,8.0
1788963800.0286098,serverless_reactive:cyclical:14,0.0,36.72,1,8.0
1788963800.2302475,serverless_reactive:cyclical:14,0.0,36.72,1,8.0
1788963800.4320333,serverless_reactive:cyclical:14,0.0,36.72,1,8.0
1788963800.6338,serverless_reactive:cyclical:14,0.0,36.72,1,8.0
1788963800.8355908,serverless_reactive:cyclical:14,0.0,36.72,1,8.0
1788963801.0374267,serverless_reactive:cyclical:14,0.0,36.72,1,8.0
1788963801.239177,serverless_reactive:cyclical:14,0.0,36.72,1,8.0
1788963801.4420106,serverless_reactive:cyclical:14,0.0,36.72,1,8.0
1788963801.6439009,serverless_reactive:cyclical:14,0.0,36.72,1,8.0
1788963801.8458107,serverless_reactive:cyclical:14,0.0,36.72,1,8.0
1788963802.0476549,serverless_reactive:cyclical:14,0.0,36.72,1,8.0
1788963802.2497008,serverless_reactive:cyclical:14,0.0,36.72,1,8.0
1788963802.4515755,serverless_reactive:cyclical:14,0.0,36.72,1,8.0
1788963802.6538353,serverless_reactive:cyclical:14,0.0,36.72,1,8.0
1788963802.8555803,serverless_reactive:cyclical:14,0.0,36.72,1,8.0
1788963803.0579135,serverless_reactive:cyclical:14,0.0,36.72,1,8.0
1788963803.2607698,serverless_reactive:cyclical:14,0.0,36.72,1,8.0
1788963803.462543,serverless_reactive:cyclical:14,0.0,36.72,1,8.0
1788963803.66488,serverless_reactive:cyclical:14,0.0,36.72,1,8.0
1788963803.8667953,serverless_reactive:cyclical:14,0.0,36.72,1,8.0
1788963804.0685797,serverless_reactive:cyclical:14,0.0,36.72,1,8.0
1788963804.2708528,serverless_reactive:cyclical:14,0.0,36.72,1,8.0
1788963804.4726264,serverless_reactive:cyclical:14,0.0,36.72,1,8.0
1788963804.6745067,serverless_reactive:cyclical:14,0.0,36.72,1,8.0
1788963804.876322,serverless_reactive:cyclical:14,0.0,36.72,1,8.0
1788963805.07825,serverless_reactive:cyclical:14,0.0,36.72,1,8.0
1788963805.2799544,serverless_reactive:cyclical:14,0.0,36.72,1,8.0
1788963805.4817598,serverless_reactive:cyclical:14,0.0,36.72,1,8.0
1788963805.684156,serverless_reactive:cyclical:14,0.0,36.72,1,8.0
1788963805.8860207,serverless_reactive:cyclical:14,0.0,36.72,1,8.0
1788963806.0876896,serverless_reactive:cyclical:14,0.0,36.72,1,8.0
1788963806.2894158,serverless_reactive:cyclical:14,0.0,36.72,1,8.0
1788963806.491086,serverless_reactive:cyclical:14,0.0,36.72,1,8.0
1788963806.6928122,serverless_reactive:cyclical:14,0.0,36.72,1,8.0
1788963806.8946562,serverless_reactive:cyclical:14,0.0,36.72,1,8.0
1788963807.0964766,serverless_reactive:cyclical:14,0.0,36.72,1,8.0
1788963807.2982085,serverless_reactive:cyclical:14,0.0,36.72,1,8.0
1788963807.5005176,serverless_reactive:cyclical:14,0.0,36.72,1,8.0
1788963807.7025354,serverless_reactive:cyclical:14,0.0,36.72,1,8.0
1788963807.9042256,serverless_reactive:cyclical:14,0.0,36.72,1,8.0
1788963808.10757,serverless_reactive:cyclical:14,0.0,36.83,1,8.0
1788963808.3159454,serverless_reactive:cyclical:14,14.4,115.13,4,8.0
1788963808.5220015,serverless_reactive:cyclical:14,135.9,139.15,4,8.0
1788963808.7266529,serverless_reactive:cyclical:14,107.5,147.22,4,8.0
1788963808.933966,serverless_reactive:cyclical:14,139.9,158.36,4,8.0
1788963809.1359692,serverless_reactive:cyclical:14,69.1,164.86,4,8.0
1788963809.3379834,serverless_reactive:cyclical:14,4.9,164.86,4,8.0
1788963809.5404859,serverless_reactive:cyclical:14,0.0,164.86,4,8.0
1788963809.7430487,serverless_reactive:cyclical:14,0.0,164.86,4,8.0
1788963809.9460254,serverless_reactive:cyclical:14,0.0,164.86,4,8.0
1788963810.1478841,serverless_reactive:cyclical:14,0.0,164.86,4,8.0
1788963810.349713,serverless_reactive:cyclical:14,0.0,164.86,4,8.0
1788963810.551635,serverless_reactive:cyclical:14,0.0,164.86,4,8.0
1788963810.7544985,serverless_reactive:cyclical:14,0.0,164.86,4,8.0
1788963810.9563062,serverless_reactive:cyclical:14,0.0,164.86,4,8.0
1788963811.1582434,serverless_reactive:cyclical:14,5.0,164.86,4,8.0
1788963811.360167,serverless_reactive:cyclical:14,0.0,164.86,4,8.0
1788963811.562651,serverless_reactive:cyclical:14,0.0,164.86,4,8.0
1788963811.7645547,serverless_reactive:cyclical:14,0.0,164.86,4,8.0
1788963811.9664953,serverless_reactive:cyclical:14,0.0,164.86,4,8.0
1788963812.1684542,serverless_reactive:cyclical:14,0.0,164.86,4,8.0
1788963812.3705044,serverless_reactive:cyclical:14,0.0,164.86,4,8.0
1788963812.5724075,serverless_reactive:cyclical:14,5.0,164.86,4,8.0
1788963812.7746148,serverless_reactive:cyclical:14,0.0,164.86,4,8.0
1788963812.976464,serverless_reactive:cyclical:14,0.0,164.86,4,8.0
1788963813.1783001,serverless_reactive:cyclical:14,0.0,164.86,4,8.0
1788963813.3804142,serverless_reactive:cyclical:14,0.0,164.86,4,8.0
1788963813.5823522,serverless_reactive:cyclical:14,0.0,164.86,4,8.0
1788963813.7847779,serverless_reactive:cyclical:14,0.0,164.86,4,8.0
1788963813.9867203,serverless_reactive:cyclical:14,5.0,164.86,4,8.0
1788963814.1886828,serverless_reactive:cyclical:14,0.0,164.87,4,8.0
1788963814.3913803,serverless_reactive:cyclical:14,4.9,164.87,4,8.0
1788963814.5932806,serverless_reactive:cyclical:14,0.0,164.87,4,8.0
1788963814.7954164,serverless_reactive:cyclical:14,0.0,164.87,4,8.0
1788963814.9981887,serverless_reactive:cyclical:14,0.0,164.87,4,8.0
1788963815.200332,serverless_reactive:cyclical:14,0.0,164.87,4,8.0
1788963815.4023,serverless_reactive:cyclical:14,0.0,164.87,4,8.0
1788963815.604373,serverless_reactive:cyclical:14,0.0,164.87,4,8.0
1788963815.8063989,serverless_reactive:cyclical:14,0.0,164.87,4,8.0
1788963816.0083408,serverless_reactive:cyclical:14,0.0,164.87,4,8.0
1788963816.2104645,serverless_reactive:cyclical:14,0.0,164.87,4,8.0
1788963816.412347,serverless_reactive:cyclical:14,0.0,164.87,4,8.0
1788963816.6142843,serverless_reactive:cyclical:14,0.0,164.87,4,8.0
1788963816.816742,serverless_reactive:cyclical:14,0.0,164.87,4,8.0
1788963817.0186567,serverless_reactive:cyclical:14,5.0,164.87,4,8.0
1788963817.221364,serverless_reactive:cyclical:14,4.9,164.93,4,8.0
1788963817.43,serverless_reactive:cyclical:14,4.8,181.42,6,8.0
1788963817.6318328,serverless_reactive:cyclical:14,188.3,181.98,5,8.0
1788963817.83368,serverless_reactive:cyclical:14,193.3,153.14,4,8.0
1788963818.035727,serverless_reactive:cyclical:14,118.7,165.08,4,8.0
1788963818.237769,serverless_reactive:cyclical:14,0.0,165.08,4,8.0
1788963818.4397588,serverless_reactive:cyclical:14,0.0,165.08,4,8.0
1788963818.6419816,serverless_reactive:cyclical:14,0.0,165.08,4,8.0
1788963818.8439212,serverless_reactive:cyclical:14,0.0,165.08,4,8.0
1788963819.045804,serverless_reactive:cyclical:14,0.0,165.08,4,8.0
1788963819.2481105,serverless_reactive:cyclical:14,0.0,165.08,4,8.0
1788963819.451291,serverless_reactive:cyclical:14,0.0,165.08,4,8.0
1788963819.653378,serverless_reactive:cyclical:14,4.9,165.08,4,8.0
1788963819.8559773,serverless_reactive:cyclical:14,4.9,165.08,4,8.0
1788963820.058128,serverless_reactive:cyclical:14,0.0,165.08,4,8.0
1788963820.260002,serverless_reactive:cyclical:14,0.0,165.08,4,8.0
1788963820.4618647,serverless_reactive:cyclical:14,0.0,165.08,4,8.0
1788963820.6637235,serverless_reactive:cyclical:14,5.0,165.08,4,8.0
1788963820.866428,serverless_reactive:cyclical:14,0.0,165.08,4,8.0
1788963821.0683544,serverless_reactive:cyclical:14,0.0,165.08,4,8.0
1788963821.270348,serverless_reactive:cyclical:14,0.0,165.08,4,8.0
1788963821.4722686,serverless_reactive:cyclical:14,0.0,165.08,4,8.0
1788963821.6749685,serverless_reactive:cyclical:14,0.0,165.08,4,8.0
1788963821.8769412,serverless_reactive:cyclical:14,0.0,165.08,4,8.0
1788963822.078783,serverless_reactive:cyclical:14,0.0,165.08,4,8.0
1788963822.280767,serverless_reactive:cyclical:14,0.0,165.08,4,8.0
1788963822.4825816,serverless_reactive:cyclical:14,0.0,165.08,4,8.0
1788963822.6845171,serverless_reactive:cyclical:14,0.0,165.08,4,8.0
1788963822.886748,serverless_reactive:cyclical:14,0.0,165.08,4,8.0
1788963823.0888367,serverless_reactive:cyclical:14,0.0,165.08,4,8.0
1788963823.2907445,serverless_reactive:cyclical:14,0.0,165.08,4,8.0
1788963823.492548,serverless_reactive:cyclical:14,0.0,165.08,4,8.0
1788963823.695445,serverless_reactive:cyclical:14,4.9,165.08,4,8.0
1788963823.8975255,serverless_reactive:cyclical:14,0.0,165.08,4,8.0
1788963824.0998127,serverless_reactive:cyclical:14,0.0,165.08,4,8.0
1788963824.3019464,serverless_reactive:cyclical:14,0.0,165.08,4,8.0
1788963824.503782,serverless_reactive:cyclical:14,0.0,165.08,4,8.0
1788963824.7057252,serverless_reactive:cyclical:14,0.0,165.08,4,8.0
1788963824.9077475,serverless_reactive:cyclical:14,0.0,165.08,4,8.0
1788963825.1097777,serverless_reactive:cyclical:14,5.0,165.08,4,8.0
1788963825.3118908,serverless_reactive:cyclical:14,0.0,165.08,4,8.0
1788963825.5137348,serverless_reactive:cyclical:14,5.0,165.08,4,8.0
1788963825.7156985,serverless_reactive:cyclical:14,0.0,165.08,4,8.0
1788963825.918947,serverless_reactive:cyclical:14,0.0,165.08,4,8.0
1788963826.1219733,serverless_reactive:cyclical:14,0.0,165.08,4,8.0
1788963826.3247535,serverless_reactive:cyclical:14,0.0,165.08,4,8.0
1788963826.5268815,serverless_reactive:cyclical:14,0.0,122.54,3,8.0
1788963826.7286935,serverless_reactive:cyclical:14,5.0,79.96,2,8.0
1788963826.9305527,serverless_reactive:cyclical:14,0.0,37.41,1,8.0
1788963827.133083,serverless_reactive:cyclical:14,0.0,37.41,1,8.0
1788963827.3357134,serverless_reactive:cyclical:14,0.0,37.41,1,8.0
1788963827.5382926,serverless_reactive:cyclical:14,0.0,37.41,1,8.0
1788963827.746215,serverless_reactive:cyclical:14,0.0,73.73,4,8.0
1788963827.9579692,serverless_reactive:cyclical:14,198.2,127.46,4,8.0
1788963828.1596947,serverless_reactive:cyclical:14,193.3,148.04,4,8.0
1788963828.3628056,serverless_reactive:cyclical:14,187.1,165.09,4,8.0
1788963828.5657804,serverless_reactive:cyclical:14,9.8,165.1,4,8.0
1788963828.7677367,serverless_reactive:cyclical:14,0.0,165.1,4,8.0
1788963828.9701521,serverless_reactive:cyclical:14,0.0,165.1,4,8.0
1788963829.1725795,serverless_reactive:cyclical:14,0.0,165.1,4,8.0
1788963829.3745272,serverless_reactive:cyclical:14,0.0,165.1,4,8.0
1788963829.5769138,serverless_reactive:cyclical:14,0.0,165.1,4,8.0
1788963829.7788067,serverless_reactive:cyclical:14,0.0,165.1,4,8.0
1788963829.9806354,serverless_reactive:cyclical:14,0.0,165.1,4,8.0
1788963830.1824825,serverless_reactive:cyclical:14,0.0,165.1,4,8.0
1788963830.3844588,serverless_reactive:cyclical:14,0.0,165.1,4,8.0
1788963830.5864604,serverless_reactive:cyclical:14,5.0,165.1,4,8.0
1788963830.7884388,serverless_reactive:cyclical:14,0.0,165.1,4,8.0
1788963830.9905825,serverless_reactive:cyclical:14,4.9,165.1,4,8.0
1788963831.1924887,serverless_reactive:cyclical:14,0.0,165.1,4,8.0
1788963831.3952522,serverless_reactive:cyclical:14,0.0,165.1,4,8.0
1788963831.5981834,serverless_reactive:cyclical:14,0.0,165.1,4,8.0
1788963831.8009334,serverless_reactive:cyclical:14,0.0,165.1,4,8.0
1788963832.0034192,serverless_reactive:cyclical:14,0.0,165.1,4,8.0
1788963832.2053692,serverless_reactive:cyclical:14,0.0,165.1,4,8.0
1788963832.4074972,serverless_reactive:cyclical:14,0.0,165.1,4,8.0
1788963832.6098063,serverless_reactive:cyclical:14,0.0,165.1,4,8.0
1788963832.811615,serverless_reactive:cyclical:14,0.0,165.1,4,8.0
1788963833.0135186,serverless_reactive:cyclical:14,0.0,165.1,4,8.0
1788963833.2154686,serverless_reactive:cyclical:14,0.0,165.1,4,8.0
1788963833.4175234,serverless_reactive:cyclical:14,4.9,165.1,4,8.0
1788963833.619596,serverless_reactive:cyclical:14,0.0,165.1,4,8.0
1788963833.8216887,serverless_reactive:cyclical:14,0.0,165.1,4,8.0
1788963834.0236304,serverless_reactive:cyclical:14,0.0,165.1,4,8.0
1788963834.225579,serverless_reactive:cyclical:14,0.0,165.1,4,8.0
1788963834.427516,serverless_reactive:cyclical:14,0.0,165.1,4,8.0
1788963834.6297646,serverless_reactive:cyclical:14,0.0,165.1,4,8.0
1788963834.8317413,serverless_reactive:cyclical:14,0.0,165.1,4,8.0
1788963835.0338986,serverless_reactive:cyclical:14,4.9,165.1,4,8.0
1788963835.2358396,serverless_reactive:cyclical:14,0.0,165.1,4,8.0
1788963835.437846,serverless_reactive:cyclical:14,0.0,165.1,4,8.0
1788963835.640784,serverless_reactive:cyclical:14,0.0,165.1,4,8.0
1788963835.8432264,serverless_reactive:cyclical:14,0.0,165.1,4,8.0
1788963836.0454893,serverless_reactive:cyclical:14,0.0,165.1,4,8.0
1788963836.2480683,serverless_reactive:cyclical:14,0.0,165.1,4,8.0
1788963836.450328,serverless_reactive:cyclical:14,0.0,165.1,4,8.0
1788963836.6522887,serverless_reactive:cyclical:14,0.0,165.1,4,8.0
1788963836.862194,serverless_reactive:cyclical:14,9.5,185.57,6,8.0
1788963837.0645204,serverless_reactive:cyclical:14,187.8,179.55,5,8.0
1788963837.2669811,serverless_reactive:cyclical:14,202.6,151.93,4,8.0
1788963837.46925,serverless_reactive:cyclical:14,158.2,163.78,4,8.0
1788963837.671616,serverless_reactive:cyclical:14,9.9,165.16,4,8.0
1788963837.8735743,serverless_reactive:cyclical:14,0.0,165.16,4,8.0
1788963838.0778332,serverless_reactive:cyclical:14,0.0,165.16,4,8.0
1788963838.2801187,serverless_reactive:cyclical:14,0.0,165.16,4,8.0
1788963838.482731,serverless_reactive:cyclical:14,0.0,165.16,4,8.0
1788963838.6855314,serverless_reactive:cyclical:14,0.0,165.16,4,8.0
1788963838.8875883,serverless_reactive:cyclical:14,0.0,165.16,4,8.0
1788963839.0896416,serverless_reactive:cyclical:14,0.0,165.16,4,8.0
1788963839.2924523,serverless_reactive:cyclical:14,0.0,165.16,4,8.0
1788963839.5324347,serverless_reactive:cyclical:14,0.0,165.16,4,8.0
1788963839.7345679,serverless_reactive:cyclical:14,0.0,165.16,4,8.0
1788963839.936461,serverless_reactive:cyclical:14,0.0,165.16,4,8.0
1788963840.13881,serverless_reactive:cyclical:14,0.0,165.16,4,8.0
1788963840.3413577,serverless_reactive:cyclical:14,4.9,165.16,4,8.0
1788963840.5436137,serverless_reactive:cyclical:14,0.0,165.16,4,8.0
1788963840.746753,serverless_reactive:cyclical:14,0.0,165.16,4,8.0
1788963840.9487715,serverless_reactive:cyclical:14,4.9,165.16,4,8.0
1788963841.1510441,serverless_reactive:cyclical:14,0.0,165.16,4,8.0
1788963841.3529727,serverless_reactive:cyclical:14,0.0,165.16,4,8.0
1788963841.554688,serverless_reactive:cyclical:14,0.0,165.16,4,8.0
1788963841.7565088,serverless_reactive:cyclical:14,0.0,165.16,4,8.0
1788963841.9587433,serverless_reactive:cyclical:14,0.0,165.16,4,8.0
1788963842.1615472,serverless_reactive:cyclical:14,4.9,165.16,4,8.0
1788963842.3634794,serverless_reactive:cyclical:14,0.0,165.16,4,8.0
1788963842.5654244,serverless_reactive:cyclical:14,0.0,165.16,4,8.0
1788963842.767775,serverless_reactive:cyclical:14,0.0,165.16,4,8.0
1788963842.9700356,serverless_reactive:cyclical:14,0.0,165.16,4,8.0
1788963843.1720064,serverless_reactive:cyclical:14,0.0,165.16,4,8.0
1788963843.3741686,serverless_reactive:cyclical:14,0.0,165.16,4,8.0
1788963843.5762107,serverless_reactive:cyclical:14,0.0,165.16,4,8.0
1788963843.7787197,serverless_reactive:cyclical:14,0.0,165.16,4,8.0
1788963843.9806867,serverless_reactive:cyclical:14,4.9,165.16,4,8.0
1788963844.1827257,serverless_reactive:cyclical:14,0.0,165.16,4,8.0
1788963844.3848724,serverless_reactive:cyclical:14,0.0,165.16,4,8.0
1788963844.586789,serverless_reactive:cyclical:14,0.0,165.16,4,8.0
1788963844.7890565,serverless_reactive:cyclical:14,0.0,165.16,4,8.0
1788963844.9910467,serverless_reactive:cyclical:14,0.0,165.16,4,8.0
1788963845.1930084,serverless_reactive:cyclical:14,0.0,165.16,4,8.0
1788963845.3949537,serverless_reactive:cyclical:14,0.0,165.16,4,8.0
1788963845.596858,serverless_reactive:cyclical:14,5.0,165.16,4,8.0
1788963845.7991438,serverless_reactive:cyclical:14,0.0,122.53,3,8.0
1788963846.0010817,serverless_reactive:cyclical:14,5.0,79.98,3,8.0
1788963846.2029767,serverless_reactive:cyclical:14,0.0,37.45,1,8.0
1788963846.4047284,serverless_reactive:cyclical:14,0.0,37.45,1,8.0
1788963846.606664,serverless_reactive:cyclical:14,0.0,37.45,1,8.0
1788963846.8083975,serverless_reactive:cyclical:14,0.0,37.45,1,8.0
1788963847.0142024,serverless_reactive:cyclical:14,4.9,101.01,4,8.0
1788963847.21596,serverless_reactive:cyclical:14,148.7,128.09,4,8.0
1788963847.419074,serverless_reactive:cyclical:14,182.2,150.43,4,8.0
1788963847.6216753,serverless_reactive:cyclical:14,167.9,165.38,4,8.0
1788963848.4744983,serverless_reactive:cyclical:0,0.0,36.58,1,10.0
1788963848.6762211,serverless_reactive:cyclical:0,0.0,36.58,1,10.0
1788963848.8780506,serverless_reactive:cyclical:0,0.0,36.58,1,10.0
1788963849.0797207,serverless_reactive:cyclical:0,0.0,36.58,1,10.0
1788963849.2813854,serverless_reactive:cyclical:0,0.0,36.58,1,10.0
1788963849.4830234,serverless_reactive:cyclical:0,0.0,36.58,1,10.0
1788963849.68463,serverless_reactive:cyclical:0,0.0,36.58,1,10.0
1788963849.8870277,serverless_reactive:cyclical:0,0.0,36.58,1,10.0
1788963850.093723,serverless_reactive:cyclical:0,0.0,36.58,1,10.0
1788963850.2956495,serverless_reactive:cyclical:0,0.0,36.58,1,10.0
1788963850.4973075,serverless_reactive:cyclical:0,0.0,36.58,1,10.0
1788963850.699066,serverless_reactive:cyclical:0,0.0,36.58,1,10.0
1788963850.9006724,serverless_reactive:cyclical:0,0.0,36.58,1,10.0
1788963851.102371,serverless_reactive:cyclical:0,0.0,36.58,1,10.0
1788963851.304051,serverless_reactive:cyclical:0,0.0,36.58,1,10.0
1788963851.506083,serverless_reactive:cyclical:0,0.0,36.58,1,10.0
1788963851.707956,serverless_reactive:cyclical:0,0.0,36.58,1,10.0
1788963851.9097714,serverless_reactive:cyclical:0,0.0,36.58,1,10.0
1788963852.1116145,serverless_reactive:cyclical:0,0.0,36.58,1,10.0
1788963852.3133643,serverless_reactive:cyclical:0,0.0,36.58,1,10.0
1788963852.515491,serverless_reactive:cyclical:0,0.0,36.58,1,10.0
1788963852.717446,serverless_reactive:cyclical:0,0.0,36.58,1,10.0
1788963852.919365,serverless_reactive:cyclical:0,0.0,36.58,1,10.0
1788963853.1211925,serverless_reactive:cyclical:0,0.0,36.58,1,10.0
1788963853.3229241,serverless_reactive:cyclical:0,0.0,36.58,1,10.0
1788963853.5246468,serverless_reactive:cyclical:0,0.0,36.58,1,10.0
1788963853.7270632,serverless_reactive:cyclical:0,0.0,36.58,1,10.0
1788963853.9288237,serverless_reactive:cyclical:0,0.0,36.58,1,10.0
1788963854.130515,serverless_reactive:cyclical:0,0.0,36.58,1,10.0
1788963854.3328717,serverless_reactive:cyclical:0,0.0,36.58,1,10.0
1788963854.5350678,serverless_reactive:cyclical:0,0.0,36.58,1,10.0
1788963854.7369194,serverless_reactive:cyclical:0,0.0,36.58,1,10.0
1788963854.9386187,serverless_reactive:cyclical:0,0.0,36.58,1,10.0
1788963855.140463,serverless_reactive:cyclical:0,0.0,36.58,1,10.0
1788963855.34237,serverless_reactive:cyclical:0,0.0,36.58,1,10.0
1788963855.5448382,serverless_reactive:cyclical:0,0.0,36.58,1,10.0
1788963855.746623,serverless_reactive:cyclical:0,0.0,36.58,1,10.0
1788963855.9483523,serverless_reactive:cyclical:0,0.0,36.58,1,10.0
1788963856.1511657,serverless_reactive:cyclical:0,0.0,36.58,1,10.0
1788963856.3544378,serverless_reactive:cyclical:0,0.0,36.58,1,10.0
1788963856.5563698,serverless_reactive:cyclical:0,0.0,36.58,1,10.0
1788963856.758448,serverless_reactive:cyclical:0,0.0,36.58,1,10.0
1788963856.9601495,serverless_reactive:cyclical:0,0.0,36.58,1,10.0
1788963857.161932,serverless_reactive:cyclical:0,0.0,36.58,1,10.0
1788963857.3637588,serverless_reactive:cyclical:0,0.0,36.58,1,10.0
1788963857.565615,serverless_reactive:cyclical:0,0.0,36.58,1,10.0
1788963857.7678678,serverless_reactive:cyclical:0,0.0,36.58,1,10.0
1788963857.970957,serverless_reactive:cyclical:0,0.0,36.58,1,10.0
1788963858.1726263,serverless_reactive:cyclical:0,0.0,36.58,1,10.0
1788963858.3789556,serverless_reactive:cyclical:0,4.9,64.71,4,10.0
1788963858.580773,serverless_reactive:cyclical:0,188.4,121.46,4,10.0
1788963858.7827241,serverless_reactive:cyclical:0,198.1,147.39,4,10.0
1788963858.9845426,serverless_reactive:cyclical:0,188.3,164.51,4,10.0
1788963859.1872299,serverless_reactive:cyclical:0,4.9,164.77,4,10.0
1788963859.3893428,serverless_reactive:cyclical:0,0.0,164.77,4,10.0
1788963859.5912821,serverless_reactive:cyclical:0,5.0,164.77,4,10.0
1788963859.793255,serverless_reactive:cyclical:0,0.0,164.77,4,10.0
1788963859.9954946,serverless_reactive:cyclical:0,4.9,164.77,4,10.0
1788963860.1975908,serverless_reactive:cyclical:0,0.0,164.77,4,10.0
1788963860.399698,serverless_reactive:cyclical:0,0.0,164.77,4,10.0
1788963860.6016912,serverless_reactive:cyclical:0,0.0,164.77,4,10.0
1788963860.803692,serverless_reactive:cyclical:0,0.0,164.77,4,10.0
1788963861.005952,serverless_reactive:cyclical:0,4.9,164.77,4,10.0
1788963861.2080314,serverless_reactive:cyclical:0,0.0,164.77,4,10.0
1788963861.4099715,serverless_reactive:cyclical:0,0.0,164.77,4,10.0
1788963861.611813,serverless_reactive:cyclical:0,0.0,164.77,4,10.0
1788963861.8139205,serverless_reactive:cyclical:0,0.0,164.77,4,10.0
1788963862.015997,serverless_reactive:cyclical:0,4.9,164.77,4,10.0
1788963862.2180622,serverless_reactive:cyclical:0,0.0,164.77,4,10.0
1788963862.4201627,serverless_reactive:cyclical:0,0.0,164.77,4,10.0
1788963862.6221771,serverless_reactive:cyclical:0,0.0,164.77,4,10.0
1788963862.8242004,serverless_reactive:cyclical:0,0.0,164.77,4,10.0
1788963863.0261757,serverless_reactive:cyclical:0,0.0,164.77,4,10.0
1788963863.228037,serverless_reactive:cyclical:0,0.0,164.77,4,10.0
1788963863.4299605,serverless_reactive:cyclical:0,0.0,164.77,4,10.0
1788963863.6321192,serverless_reactive:cyclical:0,0.0,164.77,4,10.0
1788963863.8353083,serverless_reactive:cyclical:0,0.0,164.77,4,10.0
1788963864.0379672,serverless_reactive:cyclical:0,0.0,164.77,4,10.0
1788963864.2399728,serverless_reactive:cyclical:0,0.0,164.77,4,10.0
1788963864.4421926,serverless_reactive:cyclical:0,4.9,164.77,4,10.0
1788963864.644119,serverless_reactive:cyclical:0,0.0,164.77,4,10.0
1788963864.8460808,serverless_reactive:cyclical:0,0.0,164.77,4,10.0
1788963865.0489469,serverless_reactive:cyclical:0,0.0,164.77,4,10.0
1788963865.251313,serverless_reactive:cyclical:0,4.9,164.77,4,10.0
1788963865.454189,serverless_reactive:cyclical:0,0.0,164.77,4,10.0
1788963865.6561463,serverless_reactive:cyclical:0,0.0,164.77,4,10.0
1788963865.8582382,serverless_reactive:cyclical:0,4.9,164.77,4,10.0
1788963866.0607414,serverless_reactive:cyclical:0,0.0,164.77,4,10.0
1788963866.2629437,serverless_reactive:cyclical:0,0.0,164.77,4,10.0
1788963866.464957,serverless_reactive:cyclical:0,5.0,164.77,4,10.0
1788963866.667161,serverless_reactive:cyclical:0,0.0,164.77,4,10.0
1788963866.8693037,serverless_reactive:cyclical:0,0.0,164.77,4,10.0
1788963867.0713618,serverless_reactive:cyclical:0,0.0,164.77,4,10.0
1788963867.2736373,serverless_reactive:cyclical:0,0.0,164.77,4,10.0
1788963867.477002,serverless_reactive:cyclical:0,9.8,164.79,4,10.0
1788963867.6794708,serverless_reactive:cyclical:0,0.0,164.79,4,10.0
1788963867.881695,serverless_reactive:cyclical:0,0.0,164.79,4,10.0
1788963868.0837061,serverless_reactive:cyclical:0,0.0,164.79,4,10.0
1788963868.286148,serverless_reactive:cyclical:0,0.0,164.79,4,10.0
1788963868.4883738,serverless_reactive:cyclical:0,4.9,164.79,4,10.0
1788963868.690752,serverless_reactive:cyclical:0,0.0,164.79,4,10.0
1788963868.8928835,serverless_reactive:cyclical:0,0.0,164.79,4,10.0
1788963869.0950365,serverless_reactive:cyclical:0,0.0,164.79,4,10.0
1788963869.2973473,serverless_reactive:cyclical:0,0.0,164.79,4,10.0
1788963869.499303,serverless_reactive:cyclical:0,0.0,164.79,4,10.0
1788963869.7110658,serverless_reactive:cyclical:0,4.7,164.79,4,10.0
1788963869.9130554,serverless_reactive:cyclical:0,0.0,164.79,4,10.0
1788963870.115422,serverless_reactive:cyclical:0,0.0,164.79,4,10.0
1788963870.3563833,serverless_reactive:cyclical:0,0.0,164.79,4,10.0
1788963870.5591273,serverless_reactive:cyclical:0,0.0,164.79,4,10.0
1788963870.7612386,serverless_reactive:cyclical:0,0.0,164.79,4,10.0
1788963870.9639206,serverless_reactive:cyclical:0,0.0,164.79,4,10.0
1788963871.1659265,serverless_reactive:cyclical:0,0.0,164.79,4,10.0
1788963871.3678374,serverless_reactive:cyclical:0,0.0,164.79,4,10.0
1788963871.5702167,serverless_reactive:cyclical:0,0.0,164.79,4,10.0
1788963871.7721758,serverless_reactive:cyclical:0,0.0,164.79,4,10.0
1788963871.974282,serverless_reactive:cyclical:0,0.0,164.79,4,10.0
1788963872.1761386,serverless_reactive:cyclical:0,0.0,164.79,4,10.0
1788963872.3785477,serverless_reactive:cyclical:0,0.0,164.79,4,10.0
1788963872.580821,serverless_reactive:cyclical:0,4.9,164.79,4,10.0
1788963872.7830014,serverless_reactive:cyclical:0,0.0,164.79,4,10.0
1788963872.9850652,serverless_reactive:cyclical:0,4.9,164.79,4,10.0
1788963873.1871204,serverless_reactive:cyclical:0,4.9,164.79,4,10.0
1788963873.3891797,serverless_reactive:cyclical:0,0.0,164.79,4,10.0
1788963873.5912094,serverless_reactive:cyclical:0,0.0,164.79,4,10.0
1788963873.7932134,serverless_reactive:cyclical:0,0.0,164.79,4,10.0
1788963873.9962611,serverless_reactive:cyclical:0,0.0,164.79,4,10.0
1788963874.198301,serverless_reactive:cyclical:0,0.0,164.79,4,10.0
1788963874.4003253,serverless_reactive:cyclical:0,0.0,164.79,4,10.0
1788963874.6023562,serverless_reactive:cyclical:0,0.0,164.79,4,10.0
1788963874.8047671,serverless_reactive:cyclical:0,0.0,164.79,4,10.0
1788963875.0069304,serverless_reactive:cyclical:0,0.0,164.79,4,10.0
1788963875.20905,serverless_reactive:cyclical:0,4.9,164.79,4,10.0
1788963875.4110825,serverless_reactive:cyclical:0,0.0,164.79,4,10.0
1788963875.613248,serverless_reactive:cyclical:0,0.0,164.79,4,10.0
1788963875.8156593,serverless_reactive:cyclical:0,0.0,164.79,4,10.0
1788963876.0179896,serverless_reactive:cyclical:0,0.0,164.79,4,10.0
1788963876.2201076,serverless_reactive:cyclical:0,0.0,164.79,4,10.0
1788963876.423073,serverless_reactive:cyclical:0,14.7,164.8,4,10.0
1788963876.6252139,serverless_reactive:cyclical:0,0.0,164.8,4,10.0
1788963876.8272603,serverless_reactive:cyclical:0,9.8,164.8,4,10.0
1788963877.0296729,serverless_reactive:cyclical:0,0.0,164.8,4,10.0
1788963877.231664,serverless_reactive:cyclical:0,0.0,164.8,4,10.0
1788963877.4337869,serverless_reactive:cyclical:0,0.0,164.8,4,10.0
1788963877.6367583,serverless_reactive:cyclical:0,0.0,164.8,4,10.0
1788963877.840123,serverless_reactive:cyclical:0,0.0,164.8,4,10.0
1788963878.0422559,serverless_reactive:cyclical:0,0.0,164.8,4,10.0
1788963878.2445765,serverless_reactive:cyclical:0,0.0,164.8,4,10.0
1788963878.4469626,serverless_reactive:cyclical:0,0.0,164.8,4,10.0
1788963878.6493225,serverless_reactive:cyclical:0,0.0,164.8,4,10.0
1788963878.851442,serverless_reactive:cyclical:0,0.0,164.8,4,10.0
1788963879.0540802,serverless_reactive:cyclical:0,0.0,164.8,4,10.0
1788963879.2561395,serverless_reactive:cyclical:0,0.0,164.8,4,10.0
1788963879.4585698,serverless_reactive:cyclical:0,4.9,164.8,4,10.0
1788963879.6606855,serverless_reactive:cyclical:0,0.0,164.8,4,10.0
1788963879.862721,serverless_reactive:cyclical:0,0.0,164.8,4,10.0
1788963880.0647507,serverless_reactive:cyclical:0,0.0,164.8,4,10.0
1788963880.2669027,serverless_reactive:cyclical:0,4.9,164.8,4,10.0
1788963880.468837,serverless_reactive:cyclical:0,0.0,164.8,4,10.0
1788963880.6708658,serverless_reactive:cyclical:0,0.0,164.8,4,10.0
1788963880.8728106,serverless_reactive:cyclical:0,0.0,164.8,4,10.0
1788963881.0747797,serverless_reactive:cyclical:0,0.0,164.8,4,10.0
1788963881.2767925,serverless_reactive:cyclical:0,0.0,164.8,4,10.0
1788963881.478831,serverless_reactive:cyclical:0,4.9,164.8,4,10.0
1788963881.6807694,serverless_reactive:cyclical:0,0.0,164.8,4,10.0
1788963881.8830836,serverless_reactive:cyclical:0,0.0,164.8,4,10.0
1788963882.085088,serverless_reactive:cyclical:0,5.0,164.8,4,10.0
1788963882.2878537,serverless_reactive:cyclical:0,0.0,164.8,4,10.0
1788963882.4899883,serverless_reactive:cyclical:0,0.0,164.8,4,10.0
1788963882.6921837,serverless_reactive:cyclical:0,0.0,164.8,4,10.0
1788963882.8948123,serverless_reactive:cyclical:0,0.0,164.8,4,10.0
1788963883.0968478,serverless_reactive:cyclical:0,0.0,164.8,4,10.0
1788963883.2988653,serverless_reactive:cyclical:0,5.0,164.8,4,10.0
1788963883.501753,serverless_reactive:cyclical:0,0.0,164.8,4,10.0
1788963883.7039537,serverless_reactive:cyclical:0,0.0,164.8,4,10.0
1788963883.905965,serverless_reactive:cyclical:0,0.0,164.8,4,10.0
1788963884.107944,serverless_reactive:cyclical:0,0.0,164.8,4,10.0
1788963884.3105736,serverless_reactive:cyclical:0,0.0,164.8,4,10.0
1788963884.5132754,serverless_reactive:cyclical:0,0.0,164.8,4,10.0
1788963884.7155426,serverless_reactive:cyclical:0,4.9,164.8,4,10.0
1788963884.9173303,serverless_reactive:cyclical:0,0.0,164.81,4,10.0
1788963885.1199687,serverless_reactive:cyclical:0,9.8,164.81,4,10.0
1788963885.3227186,serverless_reactive:cyclical:0,0.0,164.81,4,10.0
1788963885.5248587,serverless_reactive:cyclical:0,0.0,164.81,4,10.0
1788963885.7270863,serverless_reactive:cyclical:0,0.0,164.81,4,10.0
1788963885.9289823,serverless_reactive:cyclical:0,0.0,164.81,4,10.0
1788963886.1307337,serverless_reactive:cyclical:0,0.0,164.81,4,10.0
1788963886.333554,serverless_reactive:cyclical:0,0.0,164.81,4,10.0
1788963886.535576,serverless_reactive:cyclical:0,0.0,164.81,4,10.0
1788963886.73871,serverless_reactive:cyclical:0,4.9,164.81,4,10.0
1788963886.9417965,serverless_reactive:cyclical:0,0.0,164.81,4,10.0
1788963887.1437278,serverless_reactive:cyclical:0,0.0,164.81,4,10.0
1788963887.3457696,serverless_reactive:cyclical:0,0.0,164.81,4,10.0
1788963887.547777,serverless_reactive:cyclical:0,0.0,164.81,4,10.0
1788963887.7498257,serverless_reactive:cyclical:0,0.0,164.81,4,10.0
1788963887.9517505,serverless_reactive:cyclical:0,0.0,164.81,4,10.0
1788963888.1537018,serverless_reactive:cyclical:0,0.0,164.81,4,10.0
1788963888.355641,serverless_reactive:cyclical:0,0.0,164.81,4,10.0
1788963888.5587363,serverless_reactive:cyclical:0,0.0,164.81,4,10.0
1788963888.7606409,serverless_reactive:cyclical:0,0.0,164.81,4,10.0
1788963888.9626925,serverless_reactive:cyclical:0,4.9,164.81,4,10.0
1788963889.1653333,serverless_reactive:cyclical:0,0.0,164.81,4,10.0
1788963889.3673708,serverless_reactive:cyclical:0,0.0,164.81,4,10.0
1788963889.570105,serverless_reactive:cyclical:0,0.0,164.81,4,10.0
1788963889.7723832,serverless_reactive:cyclical:0,4.9,164.81,4,10.0
1788963889.9755363,serverless_reactive:cyclical:0,0.0,164.81,4,10.0
1788963890.1776128,serverless_reactive:cyclical:0,0.0,164.81,4,10.0
1788963890.3796973,serverless_reactive:cyclical:0,0.0,164.81,4,10.0
1788963890.5818698,serverless_reactive:cyclical:0,0.0,164.81,4,10.0
1788963890.7839062,serverless_reactive:cyclical:0,0.0,164.81,4,10.0
1788963890.9866967,serverless_reactive:cyclical:0,0.0,164.81,4,10.0
1788963891.188681,serverless_reactive:cyclical:0,0.0,164.81,4,10.0
1788963891.3906548,serverless_reactive:cyclical:0,0.0,164.81,4,10.0
1788963891.5926294,serverless_reactive:cyclical:0,10.0,164.81,4,10.0
1788963891.794631,serverless_reactive:cyclical:0,0.0,164.81,4,10.0
1788963891.996665,serverless_reactive:cyclical:0,0.0,164.81,4,10.0
1788963892.1989565,serverless_reactive:cyclical:0,0.0,164.81,4,10.0
1788963892.4012341,serverless_reactive:cyclical:0,0.0,164.81,4,10.0
1788963892.6032114,serverless_reactive:cyclical:0,0.0,164.81,4,10.0
1788963892.805423,serverless_reactive:cyclical:0,0.0,164.81,4,10.0
1788963893.0074093,serverless_reactive:cyclical:0,0.0,164.81,4,10.0
1788963893.209417,serverless_reactive:cyclical:0,0.0,164.81,4,10.0
1788963893.4114382,serverless_reactive:cyclical:0,0.0,164.81,4,10.0
1788963893.6143687,serverless_reactive:cyclical:0,0.0,164.81,4,10.0
1788963893.816376,serverless_reactive:cyclical:0,0.0,164.81,4,10.0
1788963894.0189202,serverless_reactive:cyclical:0,0.0,164.81,4,10.0
1788963894.2209957,serverless_reactive:cyclical:0,0.0,164.81,4,10.0
1788963894.4231749,serverless_reactive:cyclical:0,0.0,164.81,4,10.0
1788963894.6254249,serverless_reactive:cyclical:0,4.9,164.81,4,10.0
1788963895.606245,serverless_reactive:cyclical:1,0.0,36.57,1,10.0
1788963895.808021,serverless_reactive:cyclical:1,0.0,36.57,1,10.0
1788963896.0098941,serverless_reactive:cyclical:1,0.0,36.57,1,10.0
1788963896.211623,serverless_reactive:cyclical:1,0.0,36.57,1,10.0
1788963896.4135957,serverless_reactive:cyclical:1,0.0,36.57,1,10.0
1788963896.6151416,serverless_reactive:cyclical:1,0.0,36.57,1,10.0
1788963896.8175006,serverless_reactive:cyclical:1,0.0,36.57,1,10.0
1788963897.019447,serverless_reactive:cyclical:1,0.0,36.57,1,10.0
1788963897.2214136,serverless_reactive:cyclical:1,0.0,36.57,1,10.0
1788963897.4230711,serverless_reactive:cyclical:1,0.0,36.57,1,10.0
1788963897.6248684,serverless_reactive:cyclical:1,0.0,36.57,1,10.0
1788963897.8265803,serverless_reactive:cyclical:1,0.0,36.57,1,10.0
1788963898.0280964,serverless_reactive:cyclical:1,0.0,36.57,1,10.0
1788963898.2297745,serverless_reactive:cyclical:1,0.0,36.57,1,10.0
1788963898.4316409,serverless_reactive:cyclical:1,0.0,36.57,1,10.0
1788963898.6333816,serverless_reactive:cyclical:1,0.0,36.57,1,10.0
1788963898.8356447,serverless_reactive:cyclical:1,0.0,36.57,1,10.0
1788963899.038004,serverless_reactive:cyclical:1,0.0,36.57,1,10.0
1788963899.2397285,serverless_reactive:cyclical:1,0.0,36.57,1,10.0
1788963899.4465764,serverless_reactive:cyclical:1,0.0,36.57,1,10.0
1788963899.6499588,serverless_reactive:cyclical:1,0.0,36.57,1,10.0
1788963899.8517199,serverless_reactive:cyclical:1,0.0,36.57,1,10.0
1788963900.0535069,serverless_reactive:cyclical:1,0.0,36.57,1,10.0
1788963900.2552185,serverless_reactive:cyclical:1,0.0,36.57,1,10.0
1788963900.457557,serverless_reactive:cyclical:1,0.0,36.57,1,10.0
1788963900.6595895,serverless_reactive:cyclical:1,0.0,36.57,1,10.0
1788963900.861523,serverless_reactive:cyclical:1,0.0,36.57,1,10.0
1788963901.063281,serverless_reactive:cyclical:1,0.0,36.57,1,10.0
1788963901.264923,serverless_reactive:cyclical:1,0.0,36.57,1,10.0
1788963901.4666533,serverless_reactive:cyclical:1,0.0,36.57,1,10.0
1788963901.6683245,serverless_reactive:cyclical:1,0.0,36.57,1,10.0
1788963901.8703814,serverless_reactive:cyclical:1,0.0,36.57,1,10.0
1788963902.072037,serverless_reactive:cyclical:1,0.0,36.57,1,10.0
1788963902.273761,serverless_reactive:cyclical:1,0.0,36.57,1,10.0
1788963902.4757671,serverless_reactive:cyclical:1,0.0,36.57,1,10.0
1788963902.6775606,serverless_reactive:cyclical:1,0.0,36.57,1,10.0
1788963902.8793876,serverless_reactive:cyclical:1,0.0,36.57,1,10.0
1788963903.081045,serverless_reactive:cyclical:1,0.0,36.57,1,10.0
1788963903.2827823,serverless_reactive:cyclical:1,0.0,36.57,1,10.0
1788963903.4844186,serverless_reactive:cyclical:1,0.0,36.57,1,10.0
1788963903.686645,serverless_reactive:cyclical:1,0.0,36.57,1,10.0
1788963903.888435,serverless_reactive:cyclical:1,0.0,36.57,1,10.0
1788963904.0947974,serverless_reactive:cyclical:1,14.5,119.74,4,10.0
1788963904.2986758,serverless_reactive:cyclical:1,201.1,146.17,4,10.0
1788963904.5025313,serverless_reactive:cyclical:1,161.9,162.08,4,10.0
1788963904.7054133,serverless_reactive:cyclical:1,24.6,164.89,4,10.0
1788963904.907387,serverless_reactive:cyclical:1,0.0,164.89,4,10.0
1788963905.1093907,serverless_reactive:cyclical:1,0.0,164.89,4,10.0
1788963905.3116288,serverless_reactive:cyclical:1,0.0,164.89,4,10.0
1788963905.5144777,serverless_reactive:cyclical:1,0.0,164.89,4,10.0
1788963905.716566,serverless_reactive:cyclical:1,0.0,164.89,4,10.0
1788963905.9199746,serverless_reactive:cyclical:1,0.0,164.89,4,10.0
1788963906.1222525,serverless_reactive:cyclical:1,0.0,164.89,4,10.0
1788963906.3242652,serverless_reactive:cyclical:1,0.0,164.89,4,10.0
1788963906.526258,serverless_reactive:cyclical:1,5.0,164.89,4,10.0
1788963906.7284088,serverless_reactive:cyclical:1,4.9,164.89,4,10.0
1788963906.9305513,serverless_reactive:cyclical:1,0.0,164.89,4,10.0
1788963907.1326003,serverless_reactive:cyclical:1,0.0,164.89,4,10.0
1788963907.3346105,serverless_reactive:cyclical:1,5.0,164.89,4,10.0
1788963907.5366278,serverless_reactive:cyclical:1,0.0,164.89,4,10.0
1788963907.7385683,serverless_reactive:cyclical:1,0.0,164.89,4,10.0
1788963907.9405692,serverless_reactive:cyclical:1,0.0,164.89,4,10.0
1788963908.142463,serverless_reactive:cyclical:1,0.0,164.89,4,10.0
1788963908.3443909,serverless_reactive:cyclical:1,0.0,164.89,4,10.0
1788963908.5463717,serverless_reactive:cyclical:1,0.0,164.89,4,10.0
1788963908.7483628,serverless_reactive:cyclical:1,0.0,164.89,4,10.0
1788963908.9506211,serverless_reactive:cyclical:1,0.0,164.89,4,10.0
1788963909.152617,serverless_reactive:cyclical:1,0.0,164.89,4,10.0
1788963909.354584,serverless_reactive:cyclical:1,0.0,164.89,4,10.0
1788963909.5564103,serverless_reactive:cyclical:1,0.0,164.9,4,10.0
1788963909.758874,serverless_reactive:cyclical:1,0.0,164.9,4,10.0
1788963909.9607813,serverless_reactive:cyclical:1,5.0,164.9,4,10.0
1788963910.1636279,serverless_reactive:cyclical:1,0.0,164.9,4,10.0
1788963910.3668423,serverless_reactive:cyclical:1,0.0,164.9,4,10.0
1788963910.569973,serverless_reactive:cyclical:1,0.0,164.9,4,10.0
1788963910.7729764,serverless_reactive:cyclical:1,4.9,164.9,4,10.0
1788963910.9751866,serverless_reactive:cyclical:1,4.9,164.9,4,10.0
1788963911.1773205,serverless_reactive:cyclical:1,0.0,164.9,4,10.0
1788963911.3793752,serverless_reactive:cyclical:1,0.0,164.9,4,10.0
1788963911.5816646,serverless_reactive:cyclical:1,0.0,164.9,4,10.0
1788963911.7838311,serverless_reactive:cyclical:1,4.9,164.9,4,10.0
1788963911.9870691,serverless_reactive:cyclical:1,0.0,164.9,4,10.0
1788963912.1896312,serverless_reactive:cyclical:1,0.0,164.9,4,10.0
1788963912.391674,serverless_reactive:cyclical:1,4.9,164.9,4,10.0
1788963912.5943465,serverless_reactive:cyclical:1,0.0,164.9,4,10.0
1788963912.7965422,serverless_reactive:cyclical:1,0.0,164.9,4,10.0
1788963912.9986544,serverless_reactive:cyclical:1,0.0,164.9,4,10.0
1788963913.2007203,serverless_reactive:cyclical:1,0.0,164.9,4,10.0
1788963913.4037943,serverless_reactive:cyclical:1,0.0,164.9,4,10.0
1788963913.6058688,serverless_reactive:cyclical:1,0.0,164.9,4,10.0
1788963913.8078756,serverless_reactive:cyclical:1,0.0,164.9,4,10.0
1788963914.0117283,serverless_reactive:cyclical:1,24.5,164.91,4,10.0
1788963914.2148495,serverless_reactive:cyclical:1,0.0,164.91,4,10.0
1788963914.4174862,serverless_reactive:cyclical:1,0.0,164.91,4,10.0
1788963914.6195555,serverless_reactive:cyclical:1,0.0,164.91,4,10.0
1788963914.8219376,serverless_reactive:cyclical:1,0.0,164.91,4,10.0
1788963915.0239189,serverless_reactive:cyclical:1,0.0,164.91,4,10.0
1788963915.2262342,serverless_reactive:cyclical:1,0.0,164.91,4,10.0
1788963915.4282732,serverless_reactive:cyclical:1,0.0,164.91,4,10.0
1788963915.6305678,serverless_reactive:cyclical:1,0.0,164.91,4,10.0
1788963915.8341794,serverless_reactive:cyclical:1,0.0,164.91,4,10.0
1788963916.0384645,serverless_reactive:cyclical:1,0.0,164.91,4,10.0
1788963916.2407973,serverless_reactive:cyclical:1,0.0,164.91,4,10.0
1788963916.4429374,serverless_reactive:cyclical:1,0.0,164.91,4,10.0
1788963916.646143,serverless_reactive:cyclical:1,0.0,164.91,4,10.0
1788963916.8483284,serverless_reactive:cyclical:1,0.0,164.91,4,10.0
1788963917.0506012,serverless_reactive:cyclical:1,0.0,164.91,4,10.0
1788963917.2530413,serverless_reactive:cyclical:1,0.0,164.91,4,10.0
1788963917.4547434,serverless_reactive:cyclical:1,0.0,164.91,4,10.0
1788963917.6569893,serverless_reactive:cyclical:1,4.9,164.91,4,10.0
1788963917.8588638,serverless_reactive:cyclical:1,0.0,164.91,4,10.0
1788963918.06157,serverless_reactive:cyclical:1,0.0,164.91,4,10.0
1788963918.264311,serverless_reactive:cyclical:1,0.0,164.91,4,10.0
1788963918.4665203,serverless_reactive:cyclical:1,0.0,164.91,4,10.0
1788963918.668769,serverless_reactive:cyclical:1,0.0,164.91,4,10.0
1788963918.871559,serverless_reactive:cyclical:1,4.9,164.91,4,10.0
1788963919.0742776,serverless_reactive:cyclical:1,0.0,164.91,4,10.0
1788963919.2764874,serverless_reactive:cyclical:1,4.9,164.91,4,10.0
1788963919.4784207,serverless_reactive:cyclical:1,0.0,164.91,4,10.0
1788963919.6804614,serverless_reactive:cyclical:1,0.0,164.91,4,10.0
1788963919.8825972,serverless_reactive:cyclical:1,0.0,164.91,4,10.0
1788963920.0847178,serverless_reactive:cyclical:1,0.0,164.91,4,10.0
1788963920.287201,serverless_reactive:cyclical:1,0.0,164.91,4,10.0
1788963920.4893525,serverless_reactive:cyclical:1,0.0,164.91,4,10.0
1788963920.6914093,serverless_reactive:cyclical:1,0.0,164.91,4,10.0
1788963920.893658,serverless_reactive:cyclical:1,0.0,164.91,4,10.0
1788963921.0957952,serverless_reactive:cyclical:1,0.0,164.91,4,10.0
1788963921.2980092,serverless_reactive:cyclical:1,0.0,164.91,4,10.0
1788963921.499998,serverless_reactive:cyclical:1,0.0,164.91,4,10.0
1788963921.7022908,serverless_reactive:cyclical:1,0.0,164.91,4,10.0
1788963921.9047883,serverless_reactive:cyclical:1,4.9,164.91,4,10.0
1788963922.1068587,serverless_reactive:cyclical:1,0.0,164.91,4,10.0
1788963922.3087637,serverless_reactive:cyclical:1,15.0,164.91,4,10.0
1788963922.5113397,serverless_reactive:cyclical:1,9.8,164.92,4,10.0
1788963922.7134748,serverless_reactive:cyclical:1,0.0,164.92,4,10.0
1788963922.9157555,serverless_reactive:cyclical:1,0.0,164.92,4,10.0
1788963923.1180823,serverless_reactive:cyclical:1,0.0,164.92,4,10.0
1788963923.3201463,serverless_reactive:cyclical:1,0.0,164.92,4,10.0
1788963923.5221977,serverless_reactive:cyclical:1,0.0,164.92,4,10.0
1788963923.7241905,serverless_reactive:cyclical:1,0.0,164.92,4,10.0
1788963923.9262953,serverless_reactive:cyclical:1,0.0,164.92,4,10.0
1788963924.1283815,serverless_reactive:cyclical:1,4.9,164.92,4,10.0
1788963924.330765,serverless_reactive:cyclical:1,0.0,164.92,4,10.0
1788963924.5335667,serverless_reactive:cyclical:1,0.0,164.92,4,10.0
1788963924.7355173,serverless_reactive:cyclical:1,0.0,164.92,4,10.0
1788963924.9379718,serverless_reactive:cyclical:1,0.0,164.92,4,10.0
1788963925.1400628,serverless_reactive:cyclical:1,4.9,164.92,4,10.0
1788963925.342479,serverless_reactive:cyclical:1,0.0,164.92,4,10.0
1788963925.5446632,serverless_reactive:cyclical:1,0.0,164.92,4,10.0
1788963925.7468147,serverless_reactive:cyclical:1,0.0,164.92,4,10.0
1788963925.9490767,serverless_reactive:cyclical:1,0.0,164.92,4,10.0
1788963926.1512299,serverless_reactive:cyclical:1,0.0,164.92,4,10.0
1788963926.3543897,serverless_reactive:cyclical:1,0.0,164.92,4,10.0
1788963926.5578907,serverless_reactive:cyclical:1,0.0,164.92,4,10.0
1788963926.7611034,serverless_reactive:cyclical:1,0.0,164.92,4,10.0
1788963926.9631631,serverless_reactive:cyclical:1,0.0,164.92,4,10.0
1788963927.1662352,serverless_reactive:cyclical:1,0.0,164.92,4,10.0
1788963927.3683403,serverless_reactive:cyclical:1,4.9,164.92,4,10.0
1788963927.571604,serverless_reactive:cyclical:1,0.0,164.92,4,10.0
1788963927.7736933,serverless_reactive:cyclical:1,0.0,164.92,4,10.0
1788963927.9757793,serverless_reactive:cyclical:1,0.0,164.92,4,10.0
1788963928.1779053,serverless_reactive:cyclical:1,0.0,164.92,4,10.0
1788963928.3800983,serverless_reactive:cyclical:1,4.9,164.92,4,10.0
1788963928.5832305,serverless_reactive:cyclical:1,0.0,164.92,4,10.0
1788963928.7860994,serverless_reactive:cyclical:1,0.0,164.92,4,10.0
1788963928.9882987,serverless_reactive:cyclical:1,0.0,164.92,4,10.0
1788963929.190957,serverless_reactive:cyclical:1,0.0,164.92,4,10.0
1788963929.3961735,serverless_reactive:cyclical:1,0.0,164.92,4,10.0
1788963929.598573,serverless_reactive:cyclical:1,9.8,164.92,4,10.0
1788963929.8269117,serverless_reactive:cyclical:1,0.0,164.92,4,10.0
1788963930.028974,serverless_reactive:cyclical:1,0.0,164.92,4,10.0
1788963930.2317634,serverless_reactive:cyclical:1,0.0,164.92,4,10.0
1788963930.4346826,serverless_reactive:cyclical:1,0.0,164.92,4,10.0
1788963930.6367297,serverless_reactive:cyclical:1,0.0,164.92,4,10.0
1788963930.8395183,serverless_reactive:cyclical:1,9.8,164.93,4,10.0
1788963931.0421894,serverless_reactive:cyclical:1,0.0,164.93,4,10.0
1788963931.2440915,serverless_reactive:cyclical:1,0.0,164.93,4,10.0
1788963931.44612,serverless_reactive:cyclical:1,0.0,164.93,4,10.0
1788963931.6480703,serverless_reactive:cyclical:1,5.0,164.93,4,10.0
1788963931.8503323,serverless_reactive:cyclical:1,0.0,164.93,4,10.0
1788963932.0521529,serverless_reactive:cyclical:1,0.0,164.93,4,10.0
1788963932.254148,serverless_reactive:cyclical:1,0.0,164.93,4,10.0
1788963932.4561563,serverless_reactive:cyclical:1,0.0,164.93,4,10.0
1788963932.6582496,serverless_reactive:cyclical:1,4.9,164.93,4,10.0
1788963932.860362,serverless_reactive:cyclical:1,0.0,164.93,4,10.0
1788963933.0624673,serverless_reactive:cyclical:1,0.0,164.93,4,10.0
1788963933.2647038,serverless_reactive:cyclical:1,0.0,164.93,4,10.0
1788963933.4674606,serverless_reactive:cyclical:1,0.0,164.93,4,10.0
1788963933.669711,serverless_reactive:cyclical:1,0.0,164.93,4,10.0
1788963933.8720455,serverless_reactive:cyclical:1,0.0,164.93,4,10.0
1788963934.0740902,serverless_reactive:cyclical:1,0.0,164.93,4,10.0
1788963934.2760422,serverless_reactive:cyclical:1,0.0,164.93,4,10.0
1788963934.4787872,serverless_reactive:cyclical:1,0.0,164.93,4,10.0
1788963934.6806629,serverless_reactive:cyclical:1,0.0,164.93,4,10.0
1788963934.8834836,serverless_reactive:cyclical:1,0.0,164.93,4,10.0
1788963935.0854118,serverless_reactive:cyclical:1,0.0,164.93,4,10.0
1788963935.2872746,serverless_reactive:cyclical:1,0.0,164.93,4,10.0
1788963935.4898255,serverless_reactive:cyclical:1,0.0,164.93,4,10.0
1788963935.6920738,serverless_reactive:cyclical:1,0.0,164.93,4,10.0
1788963935.8942158,serverless_reactive:cyclical:1,4.9,164.93,4,10.0
1788963936.096171,serverless_reactive:cyclical:1,5.0,164.93,4,10.0
1788963936.2984643,serverless_reactive:cyclical:1,0.0,164.93,4,10.0
1788963936.5016794,serverless_reactive:cyclical:1,4.9,164.93,4,10.0
1788963936.7036116,serverless_reactive:cyclical:1,0.0,164.93,4,10.0
1788963936.9057996,serverless_reactive:cyclical:1,0.0,164.93,4,10.0
1788963937.1078513,serverless_reactive:cyclical:1,0.0,164.93,4,10.0
1788963937.3101563,serverless_reactive:cyclical:1,0.0,164.93,4,10.0
1788963937.5121267,serverless_reactive:cyclical:1,0.0,164.93,4,10.0
1788963937.7142947,serverless_reactive:cyclical:1,0.0,164.93,4,10.0
1788963937.916661,serverless_reactive:cyclical:1,0.0,164.93,4,10.0
1788963938.1188438,serverless_reactive:cyclical:1,0.0,164.93,4,10.0
1788963938.3209548,serverless_reactive:cyclical:1,4.9,164.93,4,10.0
1788963938.5229573,serverless_reactive:cyclical:1,0.0,164.93,4,10.0
1788963938.7249095,serverless_reactive:cyclical:1,0.0,164.93,4,10.0
1788963938.927093,serverless_reactive:cyclical:1,0.0,164.93,4,10.0
1788963939.8235953,serverless_reactive:cyclical:2,0.0,36.61,1,10.0
1788963940.0256445,serverless_reactive:cyclical:2,0.0,36.61,1,10.0
1788963940.2274115,serverless_reactive:cyclical:2,0.0,36.61,1,10.0
1788963940.4292707,serverless_reactive:cyclical:2,0.0,36.61,1,10.0
1788963940.6311262,serverless_reactive:cyclical:2,0.0,36.61,1,10.0
1788963940.8331661,serverless_reactive:cyclical:2,0.0,36.61,1,10.0
1788963941.035084,serverless_reactive:cyclical:2,0.0,36.61,1,10.0
1788963941.2367892,serverless_reactive:cyclical:2,0.0,36.61,1,10.0
1788963941.4385433,serverless_reactive:cyclical:2,0.0,36.61,1,10.0
1788963941.6405306,serverless_reactive:cyclical:2,0.0,36.61,1,10.0
1788963941.8423138,serverless_reactive:cyclical:2,0.0,36.61,1,10.0
1788963942.0442061,serverless_reactive:cyclical:2,0.0,36.61,1,10.0
1788963942.246917,serverless_reactive:cyclical:2,0.0,36.61,1,10.0
1788963942.448877,serverless_reactive:cyclical:2,0.0,36.61,1,10.0
1788963942.6505263,serverless_reactive:cyclical:2,0.0,36.61,1,10.0
1788963942.8523304,serverless_reactive:cyclical:2,0.0,36.61,1,10.0
1788963943.0542433,serverless_reactive:cyclical:2,0.0,36.61,1,10.0
1788963943.2559974,serverless_reactive:cyclical:2,0.0,36.61,1,10.0
1788963943.4579983,serverless_reactive:cyclical:2,0.0,36.61,1,10.0
1788963943.6597822,serverless_reactive:cyclical:2,0.0,36.61,1,10.0
1788963943.8619344,serverless_reactive:cyclical:2,0.0,36.61,1,10.0
1788963944.0635922,serverless_reactive:cyclical:2,0.0,36.61,1,10.0
1788963944.2655182,serverless_reactive:cyclical:2,0.0,36.61,1,10.0
1788963944.467321,serverless_reactive:cyclical:2,0.0,36.61,1,10.0
1788963944.6691,serverless_reactive:cyclical:2,0.0,36.61,1,10.0
1788963944.871094,serverless_reactive:cyclical:2,0.0,36.61,1,10.0
1788963945.0729818,serverless_reactive:cyclical:2,0.0,36.61,1,10.0
1788963945.2757363,serverless_reactive:cyclical:2,0.0,36.61,1,10.0
1788963945.4778697,serverless_reactive:cyclical:2,0.0,36.61,1,10.0
1788963945.6795497,serverless_reactive:cyclical:2,0.0,36.61,1,10.0
1788963945.8814955,serverless_reactive:cyclical:2,0.0,36.61,1,10.0
1788963946.0832424,serverless_reactive:cyclical:2,0.0,36.61,1,10.0
1788963946.2853546,serverless_reactive:cyclical:2,0.0,36.61,1,10.0
1788963946.4878523,serverless_reactive:cyclical:2,0.0,36.61,1,10.0
1788963946.6902864,serverless_reactive:cyclical:2,0.0,36.61,1,10.0
1788963946.893318,serverless_reactive:cyclical:2,0.0,36.61,1,10.0
1788963947.0968776,serverless_reactive:cyclical:2,0.0,36.61,1,10.0
1788963947.2991118,serverless_reactive:cyclical:2,0.0,36.61,1,10.0
1788963947.501637,serverless_reactive:cyclical:2,0.0,36.61,1,10.0
1788963947.7035217,serverless_reactive:cyclical:2,0.0,36.61,1,10.0
1788963947.9067097,serverless_reactive:cyclical:2,0.0,36.61,1,10.0
1788963948.1088438,serverless_reactive:cyclical:2,0.0,36.61,1,10.0
1788963948.3118968,serverless_reactive:cyclical:2,0.0,36.61,1,10.0
1788963948.5137603,serverless_reactive:cyclical:2,0.0,36.61,1,10.0
1788963948.7154596,serverless_reactive:cyclical:2,0.0,36.61,1,10.0
1788963948.9173605,serverless_reactive:cyclical:2,0.0,36.61,1,10.0
1788963949.1194034,serverless_reactive:cyclical:2,0.0,36.61,1,10.0
1788963949.3213277,serverless_reactive:cyclical:2,0.0,36.61,1,10.0
1788963949.523111,serverless_reactive:cyclical:2,0.0,36.61,1,10.0
1788963949.7301042,serverless_reactive:cyclical:2,9.7,108.05,4,10.0
1788963949.9321918,serverless_reactive:cyclical:2,178.1,136.23,4,10.0
1788963950.1391737,serverless_reactive:cyclical:2,188.5,151.48,4,10.0
1788963950.3410337,serverless_reactive:cyclical:2,138.7,164.76,4,10.0
1788963950.5437825,serverless_reactive:cyclical:2,0.0,164.76,4,10.0
1788963950.7468202,serverless_reactive:cyclical:2,0.0,164.76,4,10.0
1788963950.9493737,serverless_reactive:cyclical:2,4.9,164.76,4,10.0
1788963951.1514826,serverless_reactive:cyclical:2,0.0,164.76,4,10.0
1788963951.3542495,serverless_reactive:cyclical:2,0.0,164.76,4,10.0
1788963951.5562406,serverless_reactive:cyclical:2,5.0,164.76,4,10.0
1788963951.7584765,serverless_reactive:cyclical:2,4.9,164.76,4,10.0
1788963951.9604578,serverless_reactive:cyclical:2,0.0,164.76,4,10.0
1788963952.163318,serverless_reactive:cyclical:2,0.0,164.76,4,10.0
1788963952.3655596,serverless_reactive:cyclical:2,0.0,164.76,4,10.0
1788963952.5678525,serverless_reactive:cyclical:2,0.0,164.76,4,10.0
1788963952.7701135,serverless_reactive:cyclical:2,0.0,164.76,4,10.0
1788963952.9723372,serverless_reactive:cyclical:2,0.0,164.76,4,10.0
1788963953.1743536,serverless_reactive:cyclical:2,0.0,164.76,4,10.0
1788963953.376883,serverless_reactive:cyclical:2,0.0,164.76,4,10.0
1788963953.5792174,serverless_reactive:cyclical:2,0.0,164.76,4,10.0
1788963953.781605,serverless_reactive:cyclical:2,0.0,164.76,4,10.0
1788963953.984235,serverless_reactive:cyclical:2,0.0,164.76,4,10.0
1788963954.187466,serverless_reactive:cyclical:2,0.0,164.76,4,10.0
1788963954.3897994,serverless_reactive:cyclical:2,0.0,164.76,4,10.0
1788963954.592305,serverless_reactive:cyclical:2,0.0,164.76,4,10.0
1788963954.794572,serverless_reactive:cyclical:2,0.0,164.76,4,10.0
1788963954.9973862,serverless_reactive:cyclical:2,0.0,164.76,4,10.0
1788963955.1995208,serverless_reactive:cyclical:2,0.0,164.76,4,10.0
1788963955.4020908,serverless_reactive:cyclical:2,0.0,164.76,4,10.0
1788963955.6044118,serverless_reactive:cyclical:2,4.9,164.76,4,10.0
1788963955.8067126,serverless_reactive:cyclical:2,0.0,164.76,4,10.0
1788963956.00891,serverless_reactive:cyclical:2,0.0,164.76,4,10.0
1788963956.211098,serverless_reactive:cyclical:2,0.0,164.76,4,10.0
1788963956.4135325,serverless_reactive:cyclical:2,4.9,164.76,4,10.0
1788963956.616542,serverless_reactive:cyclical:2,0.0,164.76,4,10.0
1788963956.818734,serverless_reactive:cyclical:2,0.0,164.76,4,10.0
1788963957.020732,serverless_reactive:cyclical:2,0.0,164.76,4,10.0
1788963957.222959,serverless_reactive:cyclical:2,4.9,164.76,4,10.0
1788963957.4255774,serverless_reactive:cyclical:2,0.0,164.76,4,10.0
1788963957.6285121,serverless_reactive:cyclical:2,0.0,164.76,4,10.0
1788963957.8307364,serverless_reactive:cyclical:2,0.0,164.76,4,10.0
1788963958.0329733,serverless_reactive:cyclical:2,0.0,164.76,4,10.0
1788963958.235213,serverless_reactive:cyclical:2,0.0,164.76,4,10.0
1788963958.4393218,serverless_reactive:cyclical:2,0.0,164.76,4,10.0
1788963958.6419384,serverless_reactive:cyclical:2,0.0,164.76,4,10.0
1788963958.8449948,serverless_reactive:cyclical:2,0.0,164.76,4,10.0
1788963959.0474782,serverless_reactive:cyclical:2,19.6,164.78,4,10.0
1788963959.2501907,serverless_reactive:cyclical:2,0.0,164.78,4,10.0
1788963959.455129,serverless_reactive:cyclical:2,0.0,164.78,4,10.0
1788963959.657844,serverless_reactive:cyclical:2,0.0,164.78,4,10.0
1788963959.8612921,serverless_reactive:cyclical:2,0.0,164.78,4,10.0
1788963960.0635283,serverless_reactive:cyclical:2,0.0,164.78,4,10.0
1788963960.2665708,serverless_reactive:cyclical:2,0.0,164.78,4,10.0
1788963960.469049,serverless_reactive:cyclical:2,4.9,164.78,4,10.0
1788963960.6716383,serverless_reactive:cyclical:2,0.0,164.78,4,10.0
1788963960.874722,serverless_reactive:cyclical:2,0.0,164.78,4,10.0
1788963961.076858,serverless_reactive:cyclical:2,0.0,164.78,4,10.0
1788963961.2804208,serverless_reactive:cyclical:2,0.0,164.78,4,10.0
1788963961.4823666,serverless_reactive:cyclical:2,0.0,164.78,4,10.0
1788963961.6844723,serverless_reactive:cyclical:2,0.0,164.78,4,10.0
1788963961.8869693,serverless_reactive:cyclical:2,0.0,164.78,4,10.0
1788963962.0889084,serverless_reactive:cyclical:2,0.0,164.78,4,10.0
1788963962.2907,serverless_reactive:cyclical:2,0.0,164.78,4,10.0
1788963962.4929636,serverless_reactive:cyclical:2,0.0,164.78,4,10.0
1788963962.694779,serverless_reactive:cyclical:2,0.0,164.78,4,10.0
1788963962.896745,serverless_reactive:cyclical:2,10.0,164.78,4,10.0
1788963963.0988119,serverless_reactive:cyclical:2,0.0,164.78,4,10.0
1788963963.3006673,serverless_reactive:cyclical:2,5.0,164.78,4,10.0
1788963963.502656,serverless_reactive:cyclical:2,0.0,164.78,4,10.0
1788963963.7046225,serverless_reactive:cyclical:2,0.0,164.78,4,10.0
1788963963.9066236,serverless_reactive:cyclical:2,0.0,164.78,4,10.0
1788963964.1084945,serverless_reactive:cyclical:2,0.0,164.78,4,10.0
1788963964.310531,serverless_reactive:cyclical:2,0.0,164.78,4,10.0
1788963964.5125058,serverless_reactive:cyclical:2,0.0,164.78,4,10.0
1788963964.7145617,serverless_reactive:cyclical:2,0.0,164.78,4,10.0
1788963964.9165356,serverless_reactive:cyclical:2,0.0,164.78,4,10.0
1788963965.119174,serverless_reactive:cyclical:2,0.0,164.78,4,10.0
1788963965.3215244,serverless_reactive:cyclical:2,0.0,164.78,4,10.0
1788963965.5236032,serverless_reactive:cyclical:2,0.0,164.78,4,10.0
1788963965.7256403,serverless_reactive:cyclical:2,9.8,164.78,4,10.0
1788963965.9276776,serverless_reactive:cyclical:2,0.0,164.78,4,10.0
1788963966.1299255,serverless_reactive:cyclical:2,0.0,164.78,4,10.0
1788963966.331824,serverless_reactive:cyclical:2,0.0,164.78,4,10.0
1788963966.5337858,serverless_reactive:cyclical:2,0.0,164.78,4,10.0
1788963966.7363646,serverless_reactive:cyclical:2,0.0,164.78,4,10.0
1788963966.9383,serverless_reactive:cyclical:2,0.0,164.78,4,10.0
1788963967.1405694,serverless_reactive:cyclical:2,0.0,164.78,4,10.0
1788963967.3430958,serverless_reactive:cyclical:2,14.7,164.8,4,10.0
1788963967.5448964,serverless_reactive:cyclical:2,0.0,164.8,4,10.0
1788963967.7468693,serverless_reactive:cyclical:2,0.0,164.8,4,10.0
1788963967.9499714,serverless_reactive:cyclical:2,0.0,164.8,4,10.0
1788963968.151916,serverless_reactive:cyclical:2,0.0,164.8,4,10.0
1788963968.3544855,serverless_reactive:cyclical:2,0.0,164.8,4,10.0
1788963968.5563936,serverless_reactive:cyclical:2,0.0,164.8,4,10.0
1788963968.7584932,serverless_reactive:cyclical:2,0.0,164.8,4,10.0
1788963968.9604619,serverless_reactive:cyclical:2,5.0,164.8,4,10.0
1788963969.1626198,serverless_reactive:cyclical:2,0.0,164.8,4,10.0
1788963969.3647568,serverless_reactive:cyclical:2,0.0,164.8,4,10.0
1788963969.5667486,serverless_reactive:cyclical:2,0.0,164.8,4,10.0
1788963969.7688153,serverless_reactive:cyclical:2,5.0,164.8,4,10.0
1788963969.9718935,serverless_reactive:cyclical:2,0.0,164.8,4,10.0
1788963970.1749525,serverless_reactive:cyclical:2,0.0,164.8,4,10.0
1788963970.3780606,serverless_reactive:cyclical:2,0.0,164.8,4,10.0
1788963970.5803056,serverless_reactive:cyclical:2,0.0,164.8,4,10.0
1788963970.7823913,serverless_reactive:cyclical:2,0.0,164.8,4,10.0
1788963970.9843514,serverless_reactive:cyclical:2,5.0,164.8,4,10.0
1788963971.1863673,serverless_reactive:cyclical:2,0.0,164.8,4,10.0
1788963971.388237,serverless_reactive:cyclical:2,0.0,164.8,4,10.0
1788963971.5903623,serverless_reactive:cyclical:2,0.0,164.8,4,10.0
1788963971.792302,serverless_reactive:cyclical:2,0.0,164.8,4,10.0
1788963971.9942396,serverless_reactive:cyclical:2,0.0,164.8,4,10.0
1788963972.1965442,serverless_reactive:cyclical:2,0.0,164.8,4,10.0
1788963972.398488,serverless_reactive:cyclical:2,5.0,164.8,4,10.0
1788963972.6005774,serverless_reactive:cyclical:2,0.0,164.8,4,10.0
1788963972.8027253,serverless_reactive:cyclical:2,0.0,164.8,4,10.0
1788963973.0046575,serverless_reactive:cyclical:2,0.0,164.8,4,10.0
1788963973.2073867,serverless_reactive:cyclical:2,0.0,164.8,4,10.0
1788963973.4095614,serverless_reactive:cyclical:2,4.9,164.8,4,10.0
1788963973.6115286,serverless_reactive:cyclical:2,0.0,164.8,4,10.0
1788963973.8135977,serverless_reactive:cyclical:2,0.0,164.8,4,10.0
1788963974.015907,serverless_reactive:cyclical:2,0.0,164.8,4,10.0
1788963974.218048,serverless_reactive:cyclical:2,0.0,164.8,4,10.0
1788963974.4201634,serverless_reactive:cyclical:2,0.0,164.8,4,10.0
1788963974.622419,serverless_reactive:cyclical:2,0.0,164.8,4,10.0
1788963974.8246357,serverless_reactive:cyclical:2,0.0,164.8,4,10.0
1788963975.0267303,serverless_reactive:cyclical:2,0.0,164.8,4,10.0
1788963975.2293932,serverless_reactive:cyclical:2,0.0,164.8,4,10.0
1788963975.431529,serverless_reactive:cyclical:2,0.0,164.8,4,10.0
1788963975.6337998,serverless_reactive:cyclical:2,0.0,164.8,4,10.0
1788963975.8361065,serverless_reactive:cyclical:2,4.9,164.8,4,10.0
1788963976.0382695,serverless_reactive:cyclical:2,4.9,164.8,4,10.0
1788963976.2406435,serverless_reactive:cyclical:2,0.0,164.8,4,10.0
1788963976.4426386,serverless_reactive:cyclical:2,0.0,164.8,4,10.0
1788963976.6446278,serverless_reactive:cyclical:2,0.0,164.8,4,10.0
1788963976.8464649,serverless_reactive:cyclical:2,0.0,164.8,4,10.0
1788963977.0487165,serverless_reactive:cyclical:2,24.6,164.8,4,10.0
1788963977.2508314,serverless_reactive:cyclical:2,0.0,164.8,4,10.0
1788963977.4527893,serverless_reactive:cyclical:2,0.0,164.8,4,10.0
1788963977.6553612,serverless_reactive:cyclical:2,0.0,164.8,4,10.0
1788963977.857362,serverless_reactive:cyclical:2,0.0,164.8,4,10.0
1788963978.0595615,serverless_reactive:cyclical:2,0.0,164.8,4,10.0
1788963978.2614975,serverless_reactive:cyclical:2,0.0,164.8,4,10.0
1788963978.4634302,serverless_reactive:cyclical:2,0.0,164.8,4,10.0
1788963978.6653876,serverless_reactive:cyclical:2,0.0,164.8,4,10.0
1788963978.8680124,serverless_reactive:cyclical:2,0.0,164.8,4,10.0
1788963979.0700746,serverless_reactive:cyclical:2,0.0,164.8,4,10.0
1788963979.2720056,serverless_reactive:cyclical:2,5.0,164.8,4,10.0
1788963979.4739184,serverless_reactive:cyclical:2,5.0,164.8,4,10.0
1788963979.675776,serverless_reactive:cyclical:2,0.0,164.8,4,10.0
1788963979.8784926,serverless_reactive:cyclical:2,0.0,164.8,4,10.0
1788963980.0815444,serverless_reactive:cyclical:2,0.0,164.8,4,10.0
1788963980.2833426,serverless_reactive:cyclical:2,5.0,164.8,4,10.0
1788963980.485785,serverless_reactive:cyclical:2,0.0,164.8,4,10.0
1788963980.6878374,serverless_reactive:cyclical:2,0.0,164.8,4,10.0
1788963980.8904743,serverless_reactive:cyclical:2,0.0,164.8,4,10.0
1788963981.0925124,serverless_reactive:cyclical:2,0.0,164.8,4,10.0
1788963981.294515,serverless_reactive:cyclical:2,0.0,164.8,4,10.0
1788963981.4966214,serverless_reactive:cyclical:2,0.0,164.8,4,10.0
1788963981.698958,serverless_reactive:cyclical:2,0.0,164.8,4,10.0
1788963981.90236,serverless_reactive:cyclical:2,0.0,164.8,4,10.0
1788963982.1054308,serverless_reactive:cyclical:2,4.9,164.8,4,10.0
1788963982.3083382,serverless_reactive:cyclical:2,0.0,164.8,4,10.0
1788963982.5111542,serverless_reactive:cyclical:2,0.0,164.8,4,10.0
1788963982.713244,serverless_reactive:cyclical:2,0.0,164.8,4,10.0
1788963982.9154644,serverless_reactive:cyclical:2,0.0,164.8,4,10.0
1788963983.1177058,serverless_reactive:cyclical:2,0.0,164.8,4,10.0
1788963983.3197017,serverless_reactive:cyclical:2,0.0,164.8,4,10.0
1788963983.521738,serverless_reactive:cyclical:2,0.0,164.8,4,10.0
1788963983.724351,serverless_reactive:cyclical:2,0.0,164.8,4,10.0
1788963983.9266055,serverless_reactive:cyclical:2,4.9,164.8,4,10.0
1788963984.1286387,serverless_reactive:cyclical:2,0.0,164.8,4,10.0
1788963984.330871,serverless_reactive:cyclical:2,0.0,164.8,4,10.0
1788963984.533084,serverless_reactive:cyclical:2,0.0,164.8,4,10.0
1788963984.7357163,serverless_reactive:cyclical:2,4.9,164.8,4,10.0
1788963984.9378464,serverless_reactive:cyclical:2,0.0,164.8,4,10.0
1788963985.1408515,serverless_reactive:cyclical:2,0.0,164.8,4,10.0
1788963985.3430202,serverless_reactive:cyclical:2,0.0,164.8,4,10.0
1788963985.5452852,serverless_reactive:cyclical:2,0.0,164.8,4,10.0
1788963985.747821,serverless_reactive:cyclical:2,0.0,164.8,4,10.0
1788963985.9503644,serverless_reactive:cyclical:2,0.0,164.8,4,10.0
1788963986.1527653,serverless_reactive:cyclical:2,4.9,164.8,4,10.0
1788963986.3549035,serverless_reactive:cyclical:2,0.0,164.8,4,10.0
1788963986.5576017,serverless_reactive:cyclical:2,14.7,164.81,4,10.0
1788963987.3842478,serverless_reactive:cyclical:3,0.0,36.57,1,10.0
1788963987.5864093,serverless_reactive:cyclical:3,0.0,36.57,1,10.0
1788963987.7888882,serverless_reactive:cyclical:3,0.0,36.57,1,10.0
1788963987.9908934,serverless_reactive:cyclical:3,0.0,36.57,1,10.0
1788963988.192995,serverless_reactive:cyclical:3,0.0,36.57,1,10.0
1788963988.394899,serverless_reactive:cyclical:3,0.0,36.57,1,10.0
1788963988.596646,serverless_reactive:cyclical:3,0.0,36.57,1,10.0
1788963988.7985318,serverless_reactive:cyclical:3,0.0,36.57,1,10.0
1788963989.0004334,serverless_reactive:cyclical:3,0.0,36.57,1,10.0
1788963989.2024446,serverless_reactive:cyclical:3,0.0,36.57,1,10.0
1788963989.4046109,serverless_reactive:cyclical:3,0.0,36.57,1,10.0
1788963989.606602,serverless_reactive:cyclical:3,0.0,36.57,1,10.0
1788963989.8083076,serverless_reactive:cyclical:3,0.0,36.57,1,10.0
1788963990.0102024,serverless_reactive:cyclical:3,0.0,36.57,1,10.0
1788963990.2121801,serverless_reactive:cyclical:3,0.0,36.57,1,10.0
1788963990.4140122,serverless_reactive:cyclical:3,5.0,36.57,1,10.0
1788963990.6158822,serverless_reactive:cyclical:3,0.0,36.57,1,10.0
1788963990.817899,serverless_reactive:cyclical:3,0.0,36.57,1,10.0
1788963991.0201826,serverless_reactive:cyclical:3,0.0,36.57,1,10.0
1788963991.2222285,serverless_reactive:cyclical:3,0.0,36.57,1,10.0
1788963991.423938,serverless_reactive:cyclical:3,0.0,36.57,1,10.0
1788963991.6259093,serverless_reactive:cyclical:3,0.0,36.57,1,10.0
1788963991.8282452,serverless_reactive:cyclical:3,0.0,36.57,1,10.0
1788963992.029988,serverless_reactive:cyclical:3,0.0,36.57,1,10.0
1788963992.231706,serverless_reactive:cyclical:3,0.0,36.57,1,10.0
1788963992.4335191,serverless_reactive:cyclical:3,0.0,36.57,1,10.0
1788963992.6352482,serverless_reactive:cyclical:3,0.0,36.57,1,10.0
1788963992.8378313,serverless_reactive:cyclical:3,0.0,36.57,1,10.0
1788963993.040122,serverless_reactive:cyclical:3,0.0,36.57,1,10.0
1788963993.241927,serverless_reactive:cyclical:3,0.0,36.57,1,10.0
1788963993.4435978,serverless_reactive:cyclical:3,0.0,36.57,1,10.0
1788963993.6453483,serverless_reactive:cyclical:3,0.0,36.57,1,10.0
1788963993.8469613,serverless_reactive:cyclical:3,0.0,36.57,1,10.0
1788963994.0487094,serverless_reactive:cyclical:3,0.0,36.57,1,10.0
1788963994.2505295,serverless_reactive:cyclical:3,0.0,36.57,1,10.0
1788963994.4520922,serverless_reactive:cyclical:3,0.0,36.57,1,10.0
1788963994.653833,serverless_reactive:cyclical:3,0.0,36.57,1,10.0
1788963994.8556335,serverless_reactive:cyclical:3,0.0,36.57,1,10.0
1788963995.0575645,serverless_reactive:cyclical:3,0.0,36.57,1,10.0
1788963995.259273,serverless_reactive:cyclical:3,0.0,36.57,1,10.0
1788963995.4608784,serverless_reactive:cyclical:3,0.0,36.57,1,10.0
1788963995.6625462,serverless_reactive:cyclical:3,0.0,36.57,1,10.0
1788963995.86422,serverless_reactive:cyclical:3,0.0,36.57,1,10.0
1788963996.0659935,serverless_reactive:cyclical:3,0.0,36.57,1,10.0
1788963996.2680893,serverless_reactive:cyclical:3,0.0,36.57,1,10.0
1788963996.4698617,serverless_reactive:cyclical:3,0.0,36.57,1,10.0
1788963996.6723008,serverless_reactive:cyclical:3,4.9,83.62,4,10.0
1788963996.878875,serverless_reactive:cyclical:3,198.4,131.66,4,10.0
1788963997.0825927,serverless_reactive:cyclical:3,196.3,150.87,4,10.0
1788963997.284333,serverless_reactive:cyclical:3,163.6,164.63,4,10.0
1788963997.4863043,serverless_reactive:cyclical:3,0.0,164.63,4,10.0
1788963997.688876,serverless_reactive:cyclical:3,0.0,164.63,4,10.0
1788963997.8912532,serverless_reactive:cyclical:3,0.0,164.63,4,10.0
1788963998.0933962,serverless_reactive:cyclical:3,0.0,164.63,4,10.0
1788963998.2958496,serverless_reactive:cyclical:3,0.0,164.63,4,10.0
1788963998.4977646,serverless_reactive:cyclical:3,5.0,164.63,4,10.0
1788963998.6995864,serverless_reactive:cyclical:3,0.0,164.63,4,10.0
1788963998.9016411,serverless_reactive:cyclical:3,4.9,164.63,4,10.0
1788963999.1038308,serverless_reactive:cyclical:3,0.0,164.63,4,10.0
1788963999.3058655,serverless_reactive:cyclical:3,0.0,164.63,4,10.0
1788963999.5079644,serverless_reactive:cyclical:3,0.0,164.63,4,10.0
1788963999.7104952,serverless_reactive:cyclical:3,0.0,164.63,4,10.0
1788963999.9136107,serverless_reactive:cyclical:3,0.0,164.63,4,10.0
1788964000.1156647,serverless_reactive:cyclical:3,0.0,164.63,4,10.0
1788964000.318296,serverless_reactive:cyclical:3,0.0,164.63,4,10.0
1788964000.520704,serverless_reactive:cyclical:3,0.0,164.63,4,10.0
1788964000.7228534,serverless_reactive:cyclical:3,0.0,164.63,4,10.0
1788964000.92508,serverless_reactive:cyclical:3,0.0,164.63,4,10.0
1788964001.127151,serverless_reactive:cyclical:3,0.0,164.63,4,10.0
1788964001.3298464,serverless_reactive:cyclical:3,0.0,164.63,4,10.0
1788964001.5317783,serverless_reactive:cyclical:3,0.0,164.63,4,10.0
1788964001.734126,serverless_reactive:cyclical:3,0.0,164.63,4,10.0
1788964001.937249,serverless_reactive:cyclical:3,0.0,164.63,4,10.0
1788964002.1395543,serverless_reactive:cyclical:3,0.0,164.63,4,10.0
1788964002.3424106,serverless_reactive:cyclical:3,4.9,164.64,4,10.0
1788964002.5444918,serverless_reactive:cyclical:3,4.9,164.64,4,10.0
1788964002.7469008,serverless_reactive:cyclical:3,0.0,164.64,4,10.0
1788964002.9497604,serverless_reactive:cyclical:3,0.0,164.64,4,10.0
1788964003.1524978,serverless_reactive:cyclical:3,4.9,164.64,4,10.0
1788964003.3551843,serverless_reactive:cyclical:3,4.9,164.64,4,10.0
1788964003.5572777,serverless_reactive:cyclical:3,0.0,164.64,4,10.0
1788964003.7593675,serverless_reactive:cyclical:3,0.0,164.64,4,10.0
1788964003.9615164,serverless_reactive:cyclical:3,0.0,164.64,4,10.0
1788964004.16414,serverless_reactive:cyclical:3,0.0,164.64,4,10.0
1788964004.3662517,serverless_reactive:cyclical:3,0.0,164.64,4,10.0
1788964004.5684285,serverless_reactive:cyclical:3,0.0,164.64,4,10.0
1788964004.770494,serverless_reactive:cyclical:3,0.0,164.64,4,10.0
1788964004.9725137,serverless_reactive:cyclical:3,0.0,164.64,4,10.0
1788964005.1746364,serverless_reactive:cyclical:3,0.0,164.64,4,10.0
1788964005.37654,serverless_reactive:cyclical:3,0.0,164.64,4,10.0
1788964005.578823,serverless_reactive:cyclical:3,0.0,164.64,4,10.0
1788964005.78135,serverless_reactive:cyclical:3,0.0,164.64,4,10.0
1788964005.9833295,serverless_reactive:cyclical:3,0.0,164.64,4,10.0
1788964006.186311,serverless_reactive:cyclical:3,0.0,164.64,4,10.0
1788964006.3883185,serverless_reactive:cyclical:3,0.0,164.64,4,10.0
1788964006.591291,serverless_reactive:cyclical:3,0.0,164.64,4,10.0
1788964006.7936103,serverless_reactive:cyclical:3,19.6,164.64,4,10.0
1788964006.9956775,serverless_reactive:cyclical:3,0.0,164.64,4,10.0
1788964007.1977527,serverless_reactive:cyclical:3,0.0,164.64,4,10.0
1788964007.39969,serverless_reactive:cyclical:3,0.0,164.64,4,10.0
1788964007.6021795,serverless_reactive:cyclical:3,0.0,164.64,4,10.0
1788964007.8045719,serverless_reactive:cyclical:3,0.0,164.64,4,10.0
1788964008.0081456,serverless_reactive:cyclical:3,0.0,164.64,4,10.0
1788964008.2102325,serverless_reactive:cyclical:3,0.0,164.64,4,10.0
1788964008.4123545,serverless_reactive:cyclical:3,0.0,164.64,4,10.0
1788964008.6144195,serverless_reactive:cyclical:3,0.0,164.64,4,10.0
1788964008.816746,serverless_reactive:cyclical:3,0.0,164.64,4,10.0
1788964009.0187628,serverless_reactive:cyclical:3,4.9,164.64,4,10.0
1788964009.2215345,serverless_reactive:cyclical:3,0.0,164.64,4,10.0
1788964009.4234786,serverless_reactive:cyclical:3,0.0,164.64,4,10.0
1788964009.6255214,serverless_reactive:cyclical:3,0.0,164.64,4,10.0
1788964009.8277595,serverless_reactive:cyclical:3,9.8,164.64,4,10.0
1788964010.0312173,serverless_reactive:cyclical:3,0.0,164.64,4,10.0
1788964010.2333007,serverless_reactive:cyclical:3,0.0,164.64,4,10.0
1788964010.435219,serverless_reactive:cyclical:3,0.0,164.64,4,10.0
1788964010.6376064,serverless_reactive:cyclical:3,0.0,164.64,4,10.0
1788964010.8395677,serverless_reactive:cyclical:3,0.0,164.64,4,10.0
1788964011.0422328,serverless_reactive:cyclical:3,0.0,164.64,4,10.0
1788964011.2442617,serverless_reactive:cyclical:3,0.0,164.64,4,10.0
1788964011.4463537,serverless_reactive:cyclical:3,0.0,164.64,4,10.0
1788964011.6482432,serverless_reactive:cyclical:3,0.0,164.64,4,10.0
1788964011.850456,serverless_reactive:cyclical:3,4.9,164.64,4,10.0
1788964012.0539832,serverless_reactive:cyclical:3,0.0,164.64,4,10.0
1788964012.2569964,serverless_reactive:cyclical:3,0.0,164.64,4,10.0
1788964012.4590266,serverless_reactive:cyclical:3,0.0,164.64,4,10.0
1788964012.6609344,serverless_reactive:cyclical:3,0.0,164.64,4,10.0
1788964012.86292,serverless_reactive:cyclical:3,0.0,164.64,4,10.0
1788964013.064907,serverless_reactive:cyclical:3,0.0,164.64,4,10.0
1788964013.266923,serverless_reactive:cyclical:3,0.0,164.64,4,10.0
1788964013.46903,serverless_reactive:cyclical:3,0.0,164.64,4,10.0
1788964013.6711662,serverless_reactive:cyclical:3,0.0,164.64,4,10.0
1788964013.873255,serverless_reactive:cyclical:3,0.0,164.64,4,10.0
1788964014.0758305,serverless_reactive:cyclical:3,0.0,164.64,4,10.0
1788964014.2780082,serverless_reactive:cyclical:3,0.0,164.64,4,10.0
1788964014.4806905,serverless_reactive:cyclical:3,0.0,164.64,4,10.0
1788964014.6829612,serverless_reactive:cyclical:3,9.8,164.64,4,10.0
1788964014.8850765,serverless_reactive:cyclical:3,0.0,164.64,4,10.0
1788964015.087795,serverless_reactive:cyclical:3,0.0,164.64,4,10.0
1788964015.2900658,serverless_reactive:cyclical:3,4.9,164.64,4,10.0
1788964015.4940348,serverless_reactive:cyclical:3,4.9,164.65,4,10.0
1788964015.6962833,serverless_reactive:cyclical:3,0.0,164.65,4,10.0
1788964015.898606,serverless_reactive:cyclical:3,0.0,164.65,4,10.0
1788964016.100643,serverless_reactive:cyclical:3,0.0,164.65,4,10.0
1788964016.3025424,serverless_reactive:cyclical:3,0.0,164.65,4,10.0
1788964016.5055363,serverless_reactive:cyclical:3,0.0,164.65,4,10.0
1788964016.7084632,serverless_reactive:cyclical:3,0.0,164.65,4,10.0
1788964016.9114106,serverless_reactive:cyclical:3,4.9,164.65,4,10.0
1788964017.1139925,serverless_reactive:cyclical:3,4.9,164.65,4,10.0
1788964017.3163805,serverless_reactive:cyclical:3,0.0,164.65,4,10.0
1788964017.5185857,serverless_reactive:cyclical:3,4.9,164.65,4,10.0
1788964017.7221138,serverless_reactive:cyclical:3,0.0,164.65,4,10.0
1788964017.9245212,serverless_reactive:cyclical:3,0.0,164.65,4,10.0
1788964018.1265633,serverless_reactive:cyclical:3,0.0,164.65,4,10.0
1788964018.328634,serverless_reactive:cyclical:3,0.0,164.65,4,10.0
1788964018.5308034,serverless_reactive:cyclical:3,0.0,164.65,4,10.0
1788964018.7335389,serverless_reactive:cyclical:3,0.0,164.65,4,10.0
1788964018.935849,serverless_reactive:cyclical:3,0.0,164.65,4,10.0
1788964019.13801,serverless_reactive:cyclical:3,0.0,164.65,4,10.0
1788964019.3400285,serverless_reactive:cyclical:3,0.0,164.65,4,10.0
1788964019.5424871,serverless_reactive:cyclical:3,0.0,164.65,4,10.0
1788964019.7445612,serverless_reactive:cyclical:3,0.0,164.65,4,10.0
1788964019.946646,serverless_reactive:cyclical:3,0.0,164.65,4,10.0
1788964020.1489408,serverless_reactive:cyclical:3,0.0,164.65,4,10.0
1788964020.3509667,serverless_reactive:cyclical:3,0.0,164.65,4,10.0
1788964020.5530024,serverless_reactive:cyclical:3,0.0,164.65,4,10.0
1788964020.7551308,serverless_reactive:cyclical:3,0.0,164.65,4,10.0
1788964020.9572296,serverless_reactive:cyclical:3,0.0,164.65,4,10.0
1788964021.1593304,serverless_reactive:cyclical:3,0.0,164.65,4,10.0
1788964021.3613942,serverless_reactive:cyclical:3,4.9,164.65,4,10.0
1788964021.5636134,serverless_reactive:cyclical:3,0.0,164.65,4,10.0
1788964021.7658496,serverless_reactive:cyclical:3,0.0,164.65,4,10.0
1788964021.968368,serverless_reactive:cyclical:3,0.0,164.65,4,10.0
1788964022.1709955,serverless_reactive:cyclical:3,0.0,164.65,4,10.0
1788964022.373015,serverless_reactive:cyclical:3,9.8,164.65,4,10.0
1788964022.5752165,serverless_reactive:cyclical:3,0.0,164.65,4,10.0
1788964022.777444,serverless_reactive:cyclical:3,0.0,164.65,4,10.0
1788964022.9794447,serverless_reactive:cyclical:3,4.9,164.65,4,10.0
1788964023.181473,serverless_reactive:cyclical:3,0.0,164.65,4,10.0
1788964023.3834562,serverless_reactive:cyclical:3,0.0,164.65,4,10.0
1788964023.585917,serverless_reactive:cyclical:3,0.0,164.65,4,10.0
1788964023.787915,serverless_reactive:cyclical:3,0.0,164.65,4,10.0
1788964023.9899676,serverless_reactive:cyclical:3,0.0,164.65,4,10.0
1788964024.1921558,serverless_reactive:cyclical:3,0.0,164.65,4,10.0
1788964024.3941076,serverless_reactive:cyclical:3,14.9,164.67,4,10.0
1788964024.5967937,serverless_reactive:cyclical:3,4.9,164.67,4,10.0
1788964024.7988503,serverless_reactive:cyclical:3,0.0,164.67,4,10.0
1788964025.0008206,serverless_reactive:cyclical:3,0.0,164.67,4,10.0
1788964025.2027688,serverless_reactive:cyclical:3,0.0,164.67,4,10.0
1788964025.404709,serverless_reactive:cyclical:3,0.0,164.67,4,10.0
1788964025.6069918,serverless_reactive:cyclical:3,0.0,164.67,4,10.0
1788964025.8089595,serverless_reactive:cyclical:3,0.0,164.67,4,10.0
1788964026.011157,serverless_reactive:cyclical:3,0.0,164.67,4,10.0
1788964026.2134566,serverless_reactive:cyclical:3,0.0,164.67,4,10.0
1788964026.4158685,serverless_reactive:cyclical:3,0.0,164.67,4,10.0
1788964026.6183016,serverless_reactive:cyclical:3,0.0,164.67,4,10.0
1788964026.8203185,serverless_reactive:cyclical:3,0.0,164.67,4,10.0
1788964027.0227277,serverless_reactive:cyclical:3,0.0,164.67,4,10.0
1788964027.2249122,serverless_reactive:cyclical:3,0.0,164.67,4,10.0
1788964027.4277217,serverless_reactive:cyclical:3,0.0,164.67,4,10.0
1788964027.630236,serverless_reactive:cyclical:3,0.0,164.67,4,10.0
1788964027.8327649,serverless_reactive:cyclical:3,0.0,164.67,4,10.0
1788964028.0350044,serverless_reactive:cyclical:3,4.9,164.67,4,10.0
1788964028.2370627,serverless_reactive:cyclical:3,0.0,164.67,4,10.0
1788964028.439075,serverless_reactive:cyclical:3,0.0,164.67,4,10.0
1788964028.6419973,serverless_reactive:cyclical:3,0.0,164.67,4,10.0
1788964028.8440747,serverless_reactive:cyclical:3,0.0,164.67,4,10.0
1788964029.046053,serverless_reactive:cyclical:3,10.0,164.67,4,10.0
1788964029.2479858,serverless_reactive:cyclical:3,0.0,164.67,4,10.0
1788964029.450832,serverless_reactive:cyclical:3,0.0,164.67,4,10.0
1788964029.6537268,serverless_reactive:cyclical:3,0.0,164.67,4,10.0
1788964029.8558815,serverless_reactive:cyclical:3,0.0,164.67,4,10.0
1788964030.058047,serverless_reactive:cyclical:3,0.0,164.67,4,10.0
1788964030.2599902,serverless_reactive:cyclical:3,0.0,164.67,4,10.0
1788964030.4622767,serverless_reactive:cyclical:3,0.0,164.67,4,10.0
1788964030.6643162,serverless_reactive:cyclical:3,0.0,164.67,4,10.0
1788964030.8661919,serverless_reactive:cyclical:3,0.0,164.67,4,10.0
1788964031.068164,serverless_reactive:cyclical:3,0.0,164.67,4,10.0
1788964031.270125,serverless_reactive:cyclical:3,0.0,164.67,4,10.0
1788964031.4720848,serverless_reactive:cyclical:3,0.0,164.67,4,10.0
1788964031.6740878,serverless_reactive:cyclical:3,0.0,164.67,4,10.0
1788964031.8759284,serverless_reactive:cyclical:3,0.0,164.67,4,10.0
1788964032.0779164,serverless_reactive:cyclical:3,0.0,164.67,4,10.0
1788964032.2798088,serverless_reactive:cyclical:3,5.0,164.67,4,10.0
1788964032.482668,serverless_reactive:cyclical:3,0.0,164.67,4,10.0
1788964032.684535,serverless_reactive:cyclical:3,0.0,164.67,4,10.0
1788964032.8869967,serverless_reactive:cyclical:3,9.8,164.67,4,10.0
1788964033.7477791,serverless_reactive:cyclical:4,0.0,36.7,1,10.0
1788964033.9498174,serverless_reactive:cyclical:4,0.0,36.7,1,10.0
1788964034.1515346,serverless_reactive:cyclical:4,0.0,36.7,1,10.0
1788964034.3534002,serverless_reactive:cyclical:4,0.0,36.7,1,10.0
1788964034.5551915,serverless_reactive:cyclical:4,0.0,36.7,1,10.0
1788964034.7569163,serverless_reactive:cyclical:4,0.0,36.7,1,10.0
1788964034.9586957,serverless_reactive:cyclical:4,0.0,36.7,1,10.0
1788964035.1604433,serverless_reactive:cyclical:4,0.0,36.7,1,10.0
1788964035.3630679,serverless_reactive:cyclical:4,0.0,36.7,1,10.0
1788964035.5656397,serverless_reactive:cyclical:4,0.0,36.7,1,10.0
1788964035.7673965,serverless_reactive:cyclical:4,0.0,36.7,1,10.0
1788964035.969914,serverless_reactive:cyclical:4,0.0,36.7,1,10.0
1788964036.1722913,serverless_reactive:cyclical:4,0.0,36.7,1,10.0
1788964036.3748646,serverless_reactive:cyclical:4,0.0,36.7,1,10.0
1788964036.5775855,serverless_reactive:cyclical:4,0.0,36.7,1,10.0
1788964036.7799973,serverless_reactive:cyclical:4,0.0,36.7,1,10.0
1788964036.9826243,serverless_reactive:cyclical:4,0.0,36.7,1,10.0
1788964037.1850822,serverless_reactive:cyclical:4,0.0,36.7,1,10.0
1788964037.3875608,serverless_reactive:cyclical:4,0.0,36.7,1,10.0
1788964037.5892541,serverless_reactive:cyclical:4,0.0,36.7,1,10.0
1788964037.7911582,serverless_reactive:cyclical:4,0.0,36.7,1,10.0
1788964037.9930177,serverless_reactive:cyclical:4,0.0,36.7,1,10.0
1788964038.195323,serverless_reactive:cyclical:4,4.9,36.7,1,10.0
1788964038.397748,serverless_reactive:cyclical:4,0.0,36.7,1,10.0
1788964038.5998256,serverless_reactive:cyclical:4,0.0,36.7,1,10.0
1788964038.8017187,serverless_reactive:cyclical:4,0.0,36.7,1,10.0
1788964039.0037053,serverless_reactive:cyclical:4,0.0,36.7,1,10.0
1788964039.206096,serverless_reactive:cyclical:4,0.0,36.7,1,10.0
1788964039.4078927,serverless_reactive:cyclical:4,0.0,36.7,1,10.0
1788964039.6097336,serverless_reactive:cyclical:4,0.0,36.7,1,10.0
1788964039.8115292,serverless_reactive:cyclical:4,0.0,36.7,1,10.0
1788964040.0141401,serverless_reactive:cyclical:4,0.0,36.7,1,10.0
1788964040.2165358,serverless_reactive:cyclical:4,0.0,36.7,1,10.0
1788964040.41896,serverless_reactive:cyclical:4,0.0,36.7,1,10.0
1788964040.6209931,serverless_reactive:cyclical:4,0.0,36.7,1,10.0
1788964040.8231099,serverless_reactive:cyclical:4,0.0,36.7,1,10.0
1788964041.0248935,serverless_reactive:cyclical:4,0.0,36.7,1,10.0
1788964041.2270377,serverless_reactive:cyclical:4,0.0,36.7,1,10.0
1788964041.4292986,serverless_reactive:cyclical:4,0.0,36.7,1,10.0
1788964041.6317704,serverless_reactive:cyclical:4,0.0,36.7,1,10.0
1788964041.8340583,serverless_reactive:cyclical:4,0.0,36.7,1,10.0
1788964042.0360847,serverless_reactive:cyclical:4,0.0,36.7,1,10.0
1788964042.2384174,serverless_reactive:cyclical:4,0.0,36.7,1,10.0
1788964042.4407554,serverless_reactive:cyclical:4,0.0,36.7,1,10.0
1788964042.6467783,serverless_reactive:cyclical:4,4.9,54.26,4,10.0
1788964042.848691,serverless_reactive:cyclical:4,188.3,117.6,4,10.0
1788964043.05474,serverless_reactive:cyclical:4,198.9,146.39,4,10.0
1788964043.25683,serverless_reactive:cyclical:4,192.9,159.24,4,10.0
1788964043.4590206,serverless_reactive:cyclical:4,49.4,164.84,4,10.0
1788964043.661028,serverless_reactive:cyclical:4,0.0,164.84,4,10.0
1788964043.8646169,serverless_reactive:cyclical:4,0.0,164.84,4,10.0
1788964044.0670474,serverless_reactive:cyclical:4,0.0,164.84,4,10.0
1788964044.2705438,serverless_reactive:cyclical:4,4.9,164.84,4,10.0
1788964044.4729714,serverless_reactive:cyclical:4,0.0,164.84,4,10.0
1788964044.6755896,serverless_reactive:cyclical:4,0.0,164.84,4,10.0
1788964044.8783963,serverless_reactive:cyclical:4,0.0,164.84,4,10.0
1788964045.0817266,serverless_reactive:cyclical:4,0.0,164.84,4,10.0
1788964045.2837875,serverless_reactive:cyclical:4,4.9,164.84,4,10.0
1788964045.4860954,serverless_reactive:cyclical:4,0.0,164.84,4,10.0
1788964045.6882288,serverless_reactive:cyclical:4,0.0,164.84,4,10.0
1788964045.890973,serverless_reactive:cyclical:4,0.0,164.84,4,10.0
1788964046.0929945,serverless_reactive:cyclical:4,4.9,164.84,4,10.0
1788964046.2951493,serverless_reactive:cyclical:4,0.0,164.84,4,10.0
1788964046.4972506,serverless_reactive:cyclical:4,0.0,164.84,4,10.0
1788964046.6992912,serverless_reactive:cyclical:4,0.0,164.84,4,10.0
1788964046.902656,serverless_reactive:cyclical:4,0.0,164.84,4,10.0
1788964047.1046944,serverless_reactive:cyclical:4,0.0,164.84,4,10.0
1788964047.3078718,serverless_reactive:cyclical:4,0.0,164.84,4,10.0
1788964047.5111632,serverless_reactive:cyclical:4,0.0,164.84,4,10.0
1788964047.7136524,serverless_reactive:cyclical:4,4.9,164.84,4,10.0
1788964047.9163911,serverless_reactive:cyclical:4,0.0,164.84,4,10.0
1788964048.1184053,serverless_reactive:cyclical:4,0.0,164.84,4,10.0
1788964048.3205118,serverless_reactive:cyclical:4,4.9,164.84,4,10.0
1788964048.5229044,serverless_reactive:cyclical:4,0.0,164.84,4,10.0
1788964048.7252162,serverless_reactive:cyclical:4,0.0,164.84,4,10.0
1788964048.928545,serverless_reactive:cyclical:4,0.0,164.84,4,10.0
1788964049.130944,serverless_reactive:cyclical:4,0.0,164.84,4,10.0
1788964049.3333223,serverless_reactive:cyclical:4,0.0,164.84,4,10.0
1788964049.5355632,serverless_reactive:cyclical:4,0.0,164.84,4,10.0
1788964049.7377841,serverless_reactive:cyclical:4,0.0,164.84,4,10.0
1788964049.9402254,serverless_reactive:cyclical:4,0.0,164.84,4,10.0
1788964050.1430638,serverless_reactive:cyclical:4,0.0,164.84,4,10.0
1788964050.3457756,serverless_reactive:cyclical:4,0.0,164.84,4,10.0
1788964050.5658805,serverless_reactive:cyclical:4,0.0,164.84,4,10.0
1788964050.7678356,serverless_reactive:cyclical:4,0.0,164.84,4,10.0
1788964050.9714427,serverless_reactive:cyclical:4,0.0,164.84,4,10.0
1788964051.1737692,serverless_reactive:cyclical:4,0.0,164.84,4,10.0
1788964051.3758976,serverless_reactive:cyclical:4,0.0,164.84,4,10.0
1788964051.5782044,serverless_reactive:cyclical:4,4.9,164.84,4,10.0
1788964051.7801049,serverless_reactive:cyclical:4,0.0,164.84,4,10.0
1788964051.9824677,serverless_reactive:cyclical:4,4.9,164.84,4,10.0
1788964052.1850173,serverless_reactive:cyclical:4,0.0,164.84,4,10.0
1788964052.3869374,serverless_reactive:cyclical:4,0.0,164.84,4,10.0
1788964052.5887702,serverless_reactive:cyclical:4,19.9,164.86,4,10.0
1788964052.7909827,serverless_reactive:cyclical:4,4.9,164.86,4,10.0
1788964052.9929678,serverless_reactive:cyclical:4,0.0,164.86,4,10.0
1788964053.1950214,serverless_reactive:cyclical:4,0.0,164.86,4,10.0
1788964053.3969982,serverless_reactive:cyclical:4,0.0,164.86,4,10.0
1788964053.5987046,serverless_reactive:cyclical:4,0.0,164.86,4,10.0
1788964053.8006673,serverless_reactive:cyclical:4,0.0,164.86,4,10.0
1788964054.0031855,serverless_reactive:cyclical:4,4.9,164.86,4,10.0
1788964054.205836,serverless_reactive:cyclical:4,0.0,164.86,4,10.0
1788964054.4076889,serverless_reactive:cyclical:4,5.0,164.86,4,10.0
1788964054.6096942,serverless_reactive:cyclical:4,0.0,164.86,4,10.0
1788964054.811718,serverless_reactive:cyclical:4,0.0,164.86,4,10.0
1788964055.0138922,serverless_reactive:cyclical:4,0.0,164.86,4,10.0
1788964055.2164307,serverless_reactive:cyclical:4,0.0,164.86,4,10.0
1788964055.4185224,serverless_reactive:cyclical:4,0.0,164.86,4,10.0
1788964055.6204565,serverless_reactive:cyclical:4,0.0,164.86,4,10.0
1788964055.822626,serverless_reactive:cyclical:4,0.0,164.86,4,10.0
1788964056.0248523,serverless_reactive:cyclical:4,0.0,164.86,4,10.0
1788964056.226961,serverless_reactive:cyclical:4,0.0,164.86,4,10.0
1788964056.4292955,serverless_reactive:cyclical:4,0.0,164.86,4,10.0
1788964056.6311784,serverless_reactive:cyclical:4,0.0,164.86,4,10.0
1788964056.833818,serverless_reactive:cyclical:4,0.0,164.86,4,10.0
1788964057.03585,serverless_reactive:cyclical:4,0.0,164.86,4,10.0
1788964057.2383664,serverless_reactive:cyclical:4,4.9,164.86,4,10.0
1788964057.4403605,serverless_reactive:cyclical:4,0.0,164.86,4,10.0
1788964057.6423972,serverless_reactive:cyclical:4,0.0,164.86,4,10.0
1788964057.844374,serverless_reactive:cyclical:4,0.0,164.86,4,10.0
1788964058.0466878,serverless_reactive:cyclical:4,0.0,164.86,4,10.0
1788964058.2494109,serverless_reactive:cyclical:4,0.0,164.86,4,10.0
1788964058.4514775,serverless_reactive:cyclical:4,4.9,164.86,4,10.0
1788964058.6535716,serverless_reactive:cyclical:4,0.0,164.86,4,10.0
1788964058.8559744,serverless_reactive:cyclical:4,0.0,164.86,4,10.0
1788964059.0585446,serverless_reactive:cyclical:4,0.0,164.86,4,10.0
1788964059.261646,serverless_reactive:cyclical:4,4.9,164.86,4,10.0
1788964059.464555,serverless_reactive:cyclical:4,0.0,164.86,4,10.0
1788964059.6675348,serverless_reactive:cyclical:4,0.0,164.86,4,10.0
1788964059.870453,serverless_reactive:cyclical:4,0.0,164.86,4,10.0
1788964060.0736713,serverless_reactive:cyclical:4,0.0,164.86,4,10.0
1788964060.27681,serverless_reactive:cyclical:4,0.0,164.86,4,10.0
1788964060.4787605,serverless_reactive:cyclical:4,0.0,164.86,4,10.0
1788964060.680766,serverless_reactive:cyclical:4,5.0,164.86,4,10.0
1788964060.8835595,serverless_reactive:cyclical:4,0.0,164.86,4,10.0
1788964061.0856683,serverless_reactive:cyclical:4,4.9,164.86,4,10.0
1788964061.288495,serverless_reactive:cyclical:4,0.0,164.86,4,10.0
1788964061.4913955,serverless_reactive:cyclical:4,4.9,164.86,4,10.0
1788964061.6938977,serverless_reactive:cyclical:4,0.0,164.86,4,10.0
1788964061.8958178,serverless_reactive:cyclical:4,0.0,164.86,4,10.0
1788964062.0982697,serverless_reactive:cyclical:4,0.0,164.86,4,10.0
1788964062.3005466,serverless_reactive:cyclical:4,0.0,164.86,4,10.0
1788964062.5055046,serverless_reactive:cyclical:4,9.8,164.87,4,10.0
1788964062.7078316,serverless_reactive:cyclical:4,4.9,164.87,4,10.0
1788964062.9099646,serverless_reactive:cyclical:4,0.0,164.87,4,10.0
1788964063.1126564,serverless_reactive:cyclical:4,0.0,164.87,4,10.0
1788964063.3164878,serverless_reactive:cyclical:4,0.0,164.87,4,10.0
1788964063.5185387,serverless_reactive:cyclical:4,0.0,164.87,4,10.0
1788964063.7206876,serverless_reactive:cyclical:4,4.9,164.87,4,10.0
1788964063.9227273,serverless_reactive:cyclical:4,0.0,164.87,4,10.0
1788964064.124792,serverless_reactive:cyclical:4,0.0,164.87,4,10.0
1788964064.3268316,serverless_reactive:cyclical:4,0.0,164.87,4,10.0
1788964064.5289118,serverless_reactive:cyclical:4,0.0,164.87,4,10.0
1788964064.73119,serverless_reactive:cyclical:4,0.0,164.87,4,10.0
1788964064.9333115,serverless_reactive:cyclical:4,0.0,164.87,4,10.0
1788964065.1365728,serverless_reactive:cyclical:4,4.9,164.87,4,10.0
1788964065.338919,serverless_reactive:cyclical:4,0.0,164.87,4,10.0
1788964065.5420237,serverless_reactive:cyclical:4,0.0,164.87,4,10.0
1788964065.7443507,serverless_reactive:cyclical:4,0.0,164.87,4,10.0
1788964065.947631,serverless_reactive:cyclical:4,0.0,164.87,4,10.0
1788964066.149805,serverless_reactive:cyclical:4,0.0,164.87,4,10.0
1788964066.3518445,serverless_reactive:cyclical:4,4.9,164.87,4,10.0
1788964066.5537975,serverless_reactive:cyclical:4,0.0,164.87,4,10.0
1788964066.755818,serverless_reactive:cyclical:4,0.0,164.87,4,10.0
1788964066.9578738,serverless_reactive:cyclical:4,0.0,164.87,4,10.0
1788964067.1609352,serverless_reactive:cyclical:4,0.0,164.87,4,10.0
1788964067.3638616,serverless_reactive:cyclical:4,0.0,164.87,4,10.0
1788964067.5660467,serverless_reactive:cyclical:4,4.9,164.87,4,10.0
1788964067.768908,serverless_reactive:cyclical:4,0.0,164.87,4,10.0
1788964067.970983,serverless_reactive:cyclical:4,0.0,164.87,4,10.0
1788964068.173225,serverless_reactive:cyclical:4,0.0,164.87,4,10.0
1788964068.3761468,serverless_reactive:cyclical:4,0.0,164.87,4,10.0
1788964068.5783842,serverless_reactive:cyclical:4,0.0,164.87,4,10.0
1788964068.7803128,serverless_reactive:cyclical:4,0.0,164.87,4,10.0
1788964068.9824567,serverless_reactive:cyclical:4,0.0,164.87,4,10.0
1788964069.1847641,serverless_reactive:cyclical:4,0.0,164.87,4,10.0
1788964069.3877642,serverless_reactive:cyclical:4,0.0,164.87,4,10.0
1788964069.5908375,serverless_reactive:cyclical:4,9.8,164.87,4,10.0
1788964069.7939522,serverless_reactive:cyclical:4,4.9,164.87,4,10.0
1788964069.995965,serverless_reactive:cyclical:4,0.0,164.87,4,10.0
1788964070.1982856,serverless_reactive:cyclical:4,0.0,164.87,4,10.0
1788964070.4004967,serverless_reactive:cyclical:4,0.0,164.87,4,10.0
1788964070.6025805,serverless_reactive:cyclical:4,0.0,164.87,4,10.0
1788964070.8056545,serverless_reactive:cyclical:4,0.0,164.87,4,10.0
1788964071.0077653,serverless_reactive:cyclical:4,0.0,164.87,4,10.0
1788964071.2104576,serverless_reactive:cyclical:4,0.0,164.87,4,10.0
1788964071.41264,serverless_reactive:cyclical:4,0.0,164.87,4,10.0
1788964071.6149666,serverless_reactive:cyclical:4,9.8,164.89,4,10.0
1788964071.8169823,serverless_reactive:cyclical:4,5.0,164.89,4,10.0
1788964072.0192437,serverless_reactive:cyclical:4,0.0,164.89,4,10.0
1788964072.2213702,serverless_reactive:cyclical:4,0.0,164.89,4,10.0
1788964072.4244409,serverless_reactive:cyclical:4,0.0,164.89,4,10.0
1788964072.6267574,serverless_reactive:cyclical:4,0.0,164.89,4,10.0
1788964072.8296285,serverless_reactive:cyclical:4,0.0,164.89,4,10.0
1788964073.0321355,serverless_reactive:cyclical:4,0.0,164.89,4,10.0
1788964073.2342706,serverless_reactive:cyclical:4,0.0,164.89,4,10.0
1788964073.436331,serverless_reactive:cyclical:4,0.0,164.89,4,10.0
1788964073.6385396,serverless_reactive:cyclical:4,0.0,164.89,4,10.0
1788964073.8405879,serverless_reactive:cyclical:4,4.9,164.89,4,10.0
1788964074.0426042,serverless_reactive:cyclical:4,0.0,164.89,4,10.0
1788964074.2445128,serverless_reactive:cyclical:4,0.0,164.89,4,10.0
1788964074.447013,serverless_reactive:cyclical:4,4.9,164.89,4,10.0
1788964074.6500933,serverless_reactive:cyclical:4,0.0,164.89,4,10.0
1788964074.8529341,serverless_reactive:cyclical:4,0.0,164.89,4,10.0
1788964075.0550168,serverless_reactive:cyclical:4,0.0,164.89,4,10.0
1788964075.2574763,serverless_reactive:cyclical:4,0.0,164.89,4,10.0
1788964075.4604344,serverless_reactive:cyclical:4,0.0,164.89,4,10.0
1788964075.6636305,serverless_reactive:cyclical:4,0.0,164.89,4,10.0
1788964075.8657708,serverless_reactive:cyclical:4,0.0,164.89,4,10.0
1788964076.0677006,serverless_reactive:cyclical:4,0.0,164.89,4,10.0
1788964076.27003,serverless_reactive:cyclical:4,0.0,164.89,4,10.0
1788964076.4720175,serverless_reactive:cyclical:4,0.0,164.89,4,10.0
1788964076.6740434,serverless_reactive:cyclical:4,9.9,164.89,4,10.0
1788964076.8760884,serverless_reactive:cyclical:4,0.0,164.89,4,10.0
1788964077.0781794,serverless_reactive:cyclical:4,0.0,164.89,4,10.0
1788964077.2801251,serverless_reactive:cyclical:4,0.0,164.89,4,10.0
1788964077.4822626,serverless_reactive:cyclical:4,0.0,164.89,4,10.0
1788964077.6842523,serverless_reactive:cyclical:4,0.0,164.89,4,10.0
1788964077.8863451,serverless_reactive:cyclical:4,0.0,164.89,4,10.0
1788964078.0883386,serverless_reactive:cyclical:4,0.0,164.89,4,10.0
1788964078.2903385,serverless_reactive:cyclical:4,0.0,164.89,4,10.0
1788964078.4923859,serverless_reactive:cyclical:4,4.9,164.89,4,10.0
1788964078.6944726,serverless_reactive:cyclical:4,0.0,164.89,4,10.0
1788964078.8964374,serverless_reactive:cyclical:4,0.0,164.89,4,10.0
1788964079.0984786,serverless_reactive:cyclical:4,0.0,164.89,4,10.0
1788964079.3009562,serverless_reactive:cyclical:4,0.0,164.89,4,10.0
1788964079.503873,serverless_reactive:cyclical:4,0.0,164.89,4,10.0
1788964079.7057936,serverless_reactive:cyclical:4,0.0,164.89,4,10.0
1788964079.9076755,serverless_reactive:cyclical:4,0.0,164.89,4,10.0
1788964080.1102734,serverless_reactive:cyclical:4,0.0,164.89,4,10.0
1788964080.312217,serverless_reactive:cyclical:4,0.0,164.89,4,10.0
1788964080.5141733,serverless_reactive:cyclical:4,5.0,164.89,4,10.0
1788964081.4989803,serverless_reactive:cyclical:5,0.0,36.61,1,10.0
1788964081.7006228,serverless_reactive:cyclical:5,0.0,36.61,1,10.0
1788964081.9025328,serverless_reactive:cyclical:5,0.0,36.61,1,10.0
1788964082.10488,serverless_reactive:cyclical:5,0.0,36.61,1,10.0
1788964082.30656,serverless_reactive:cyclical:5,0.0,36.61,1,10.0
1788964082.5083966,serverless_reactive:cyclical:5,0.0,36.61,1,10.0
1788964082.7101302,serverless_reactive:cyclical:5,0.0,36.61,1,10.0
1788964082.9127562,serverless_reactive:cyclical:5,0.0,36.61,1,10.0
1788964083.1144478,serverless_reactive:cyclical:5,0.0,36.61,1,10.0
1788964083.316332,serverless_reactive:cyclical:5,0.0,36.61,1,10.0
1788964083.5183086,serverless_reactive:cyclical:5,0.0,36.61,1,10.0
1788964083.720726,serverless_reactive:cyclical:5,0.0,36.61,1,10.0
1788964083.9224515,serverless_reactive:cyclical:5,0.0,36.61,1,10.0
1788964084.124259,serverless_reactive:cyclical:5,0.0,36.61,1,10.0
1788964084.32616,serverless_reactive:cyclical:5,0.0,36.61,1,10.0
1788964084.5279448,serverless_reactive:cyclical:5,0.0,36.61,1,10.0
1788964084.729706,serverless_reactive:cyclical:5,0.0,36.61,1,10.0
1788964084.9314232,serverless_reactive:cyclical:5,0.0,36.61,1,10.0
1788964085.1333964,serverless_reactive:cyclical:5,0.0,36.61,1,10.0
1788964085.3353686,serverless_reactive:cyclical:5,0.0,36.61,1,10.0
1788964085.5370967,serverless_reactive:cyclical:5,0.0,36.61,1,10.0
1788964085.7389772,serverless_reactive:cyclical:5,0.0,36.61,1,10.0
1788964085.9406667,serverless_reactive:cyclical:5,0.0,36.61,1,10.0
1788964086.1425073,serverless_reactive:cyclical:5,0.0,36.61,1,10.0
1788964086.344254,serverless_reactive:cyclical:5,0.0,36.61,1,10.0
1788964086.5460339,serverless_reactive:cyclical:5,5.0,36.61,1,10.0
1788964086.7481432,serverless_reactive:cyclical:5,0.0,36.61,1,10.0
1788964086.9504414,serverless_reactive:cyclical:5,0.0,36.61,1,10.0
1788964087.152228,serverless_reactive:cyclical:5,0.0,36.61,1,10.0
1788964087.3542666,serverless_reactive:cyclical:5,0.0,36.61,1,10.0
1788964087.556277,serverless_reactive:cyclical:5,0.0,36.61,1,10.0
1788964087.7581978,serverless_reactive:cyclical:5,0.0,36.61,1,10.0
1788964087.9599416,serverless_reactive:cyclical:5,0.0,36.61,1,10.0
1788964088.162062,serverless_reactive:cyclical:5,0.0,36.61,1,10.0
1788964088.3639128,serverless_reactive:cyclical:5,0.0,36.61,1,10.0
1788964088.5656605,serverless_reactive:cyclical:5,0.0,36.61,1,10.0
1788964088.7673397,serverless_reactive:cyclical:5,0.0,36.61,1,10.0
1788964088.9692845,serverless_reactive:cyclical:5,0.0,36.61,1,10.0
1788964089.1710684,serverless_reactive:cyclical:5,0.0,36.61,1,10.0
1788964089.3727574,serverless_reactive:cyclical:5,0.0,36.61,1,10.0
1788964089.5744996,serverless_reactive:cyclical:5,0.0,36.61,1,10.0
1788964089.7763846,serverless_reactive:cyclical:5,0.0,36.61,1,10.0
1788964089.9782543,serverless_reactive:cyclical:5,0.0,36.61,1,10.0
1788964090.1800947,serverless_reactive:cyclical:5,0.0,36.61,1,10.0
1788964090.3818908,serverless_reactive:cyclical:5,0.0,36.61,1,10.0
1788964090.58374,serverless_reactive:cyclical:5,0.0,36.61,1,10.0
1788964090.785525,serverless_reactive:cyclical:5,0.0,36.61,1,10.0
1788964090.9898186,serverless_reactive:cyclical:5,0.0,36.61,1,10.0
1788964091.191859,serverless_reactive:cyclical:5,0.0,36.61,1,10.0
1788964091.3938901,serverless_reactive:cyclical:5,5.0,59.62,4,10.0
1788964091.598626,serverless_reactive:cyclical:5,190.6,123.75,4,10.0
1788964091.800568,serverless_reactive:cyclical:5,203.1,146.8,4,10.0
1788964092.006833,serverless_reactive:cyclical:5,164.8,160.7,4,10.0
1788964092.2094789,serverless_reactive:cyclical:5,34.5,164.95,4,10.0
1788964092.4115458,serverless_reactive:cyclical:5,0.0,164.95,4,10.0
1788964092.6135585,serverless_reactive:cyclical:5,5.0,164.95,4,10.0
1788964092.8154526,serverless_reactive:cyclical:5,0.0,164.95,4,10.0
1788964093.0175092,serverless_reactive:cyclical:5,0.0,164.95,4,10.0
1788964093.219509,serverless_reactive:cyclical:5,0.0,164.95,4,10.0
1788964093.4214458,serverless_reactive:cyclical:5,0.0,164.95,4,10.0
1788964093.6233945,serverless_reactive:cyclical:5,0.0,164.95,4,10.0
1788964093.8259327,serverless_reactive:cyclical:5,0.0,164.95,4,10.0
1788964094.027924,serverless_reactive:cyclical:5,0.0,164.95,4,10.0
1788964094.2315073,serverless_reactive:cyclical:5,0.0,164.95,4,10.0
1788964094.4333913,serverless_reactive:cyclical:5,5.0,164.95,4,10.0
1788964094.635235,serverless_reactive:cyclical:5,0.0,164.95,4,10.0
1788964094.8372207,serverless_reactive:cyclical:5,0.0,164.95,4,10.0
1788964095.0391526,serverless_reactive:cyclical:5,0.0,164.95,4,10.0
1788964095.2412574,serverless_reactive:cyclical:5,0.0,164.95,4,10.0
1788964095.443284,serverless_reactive:cyclical:5,0.0,164.95,4,10.0
1788964095.645286,serverless_reactive:cyclical:5,5.0,164.95,4,10.0
1788964095.8473296,serverless_reactive:cyclical:5,0.0,164.95,4,10.0
1788964096.0543375,serverless_reactive:cyclical:5,0.0,164.95,4,10.0
1788964096.2562733,serverless_reactive:cyclical:5,0.0,164.95,4,10.0
1788964096.4583864,serverless_reactive:cyclical:5,4.9,164.95,4,10.0
1788964096.6603508,serverless_reactive:cyclical:5,0.0,164.95,4,10.0
1788964096.8623495,serverless_reactive:cyclical:5,0.0,164.95,4,10.0
1788964097.0642548,serverless_reactive:cyclical:5,0.0,164.96,4,10.0
1788964097.2663217,serverless_reactive:cyclical:5,0.0,164.96,4,10.0
1788964097.468165,serverless_reactive:cyclical:5,0.0,164.96,4,10.0
1788964097.6703012,serverless_reactive:cyclical:5,0.0,164.96,4,10.0
1788964097.8735616,serverless_reactive:cyclical:5,0.0,164.96,4,10.0
1788964098.0755332,serverless_reactive:cyclical:5,0.0,164.96,4,10.0
1788964098.2775335,serverless_reactive:cyclical:5,0.0,164.96,4,10.0
1788964098.4794543,serverless_reactive:cyclical:5,0.0,164.96,4,10.0
1788964098.681771,serverless_reactive:cyclical:5,0.0,164.96,4,10.0
1788964098.8837914,serverless_reactive:cyclical:5,0.0,164.96,4,10.0
1788964099.0858452,serverless_reactive:cyclical:5,0.0,164.96,4,10.0
1788964099.2879884,serverless_reactive:cyclical:5,0.0,164.96,4,10.0
1788964099.4900992,serverless_reactive:cyclical:5,0.0,164.96,4,10.0
1788964099.6920645,serverless_reactive:cyclical:5,0.0,164.96,4,10.0
1788964099.8945131,serverless_reactive:cyclical:5,0.0,164.96,4,10.0
1788964100.096364,serverless_reactive:cyclical:5,5.0,164.96,4,10.0
1788964100.2984307,serverless_reactive:cyclical:5,0.0,164.96,4,10.0
1788964100.5004082,serverless_reactive:cyclical:5,0.0,164.96,4,10.0
1788964100.702507,serverless_reactive:cyclical:5,0.0,164.96,4,10.0
1788964100.904879,serverless_reactive:cyclical:5,0.0,164.96,4,10.0
1788964101.1068292,serverless_reactive:cyclical:5,15.0,164.96,4,10.0
1788964101.308583,serverless_reactive:cyclical:5,0.0,164.98,4,10.0
1788964101.5113466,serverless_reactive:cyclical:5,4.9,164.98,4,10.0
1788964101.7133453,serverless_reactive:cyclical:5,0.0,164.98,4,10.0
1788964101.9159184,serverless_reactive:cyclical:5,0.0,164.98,4,10.0
1788964102.1179676,serverless_reactive:cyclical:5,0.0,164.98,4,10.0
1788964102.3199995,serverless_reactive:cyclical:5,0.0,164.98,4,10.0
1788964102.5229352,serverless_reactive:cyclical:5,0.0,164.98,4,10.0
1788964102.7248569,serverless_reactive:cyclical:5,0.0,164.98,4,10.0
1788964102.9269845,serverless_reactive:cyclical:5,0.0,164.98,4,10.0
1788964103.1289713,serverless_reactive:cyclical:5,0.0,164.98,4,10.0
1788964103.3319955,serverless_reactive:cyclical:5,4.9,164.98,4,10.0
1788964103.5342805,serverless_reactive:cyclical:5,0.0,164.98,4,10.0
1788964103.736131,serverless_reactive:cyclical:5,5.0,164.98,4,10.0
1788964103.9382334,serverless_reactive:cyclical:5,0.0,164.98,4,10.0
1788964104.14021,serverless_reactive:cyclical:5,5.0,164.98,4,10.0
1788964104.3421721,serverless_reactive:cyclical:5,0.0,164.98,4,10.0
1788964104.5441504,serverless_reactive:cyclical:5,0.0,164.98,4,10.0
1788964104.746221,serverless_reactive:cyclical:5,0.0,164.98,4,10.0
1788964104.948099,serverless_reactive:cyclical:5,0.0,164.98,4,10.0
1788964105.1501424,serverless_reactive:cyclical:5,0.0,164.98,4,10.0
1788964105.352075,serverless_reactive:cyclical:5,0.0,164.98,4,10.0
1788964105.554041,serverless_reactive:cyclical:5,0.0,164.98,4,10.0
1788964105.7559245,serverless_reactive:cyclical:5,0.0,164.98,4,10.0
1788964105.9581404,serverless_reactive:cyclical:5,0.0,164.98,4,10.0
1788964106.1599991,serverless_reactive:cyclical:5,0.0,164.98,4,10.0
1788964106.3619237,serverless_reactive:cyclical:5,0.0,164.98,4,10.0
1788964106.563915,serverless_reactive:cyclical:5,0.0,164.98,4,10.0
1788964106.7665102,serverless_reactive:cyclical:5,0.0,164.98,4,10.0
1788964106.9686103,serverless_reactive:cyclical:5,0.0,164.98,4,10.0
1788964107.1709254,serverless_reactive:cyclical:5,0.0,164.98,4,10.0
1788964107.3730123,serverless_reactive:cyclical:5,0.0,164.98,4,10.0
1788964107.5757964,serverless_reactive:cyclical:5,0.0,164.98,4,10.0
1788964107.7777708,serverless_reactive:cyclical:5,5.0,164.98,4,10.0
1788964107.9798088,serverless_reactive:cyclical:5,0.0,164.98,4,10.0
1788964108.1817737,serverless_reactive:cyclical:5,0.0,164.98,4,10.0
1788964108.3844986,serverless_reactive:cyclical:5,4.9,164.98,4,10.0
1788964108.5871046,serverless_reactive:cyclical:5,0.0,164.98,4,10.0
1788964108.7889845,serverless_reactive:cyclical:5,0.0,164.98,4,10.0
1788964108.990849,serverless_reactive:cyclical:5,0.0,164.98,4,10.0
1788964109.1928077,serverless_reactive:cyclical:5,0.0,164.98,4,10.0
1788964109.3946922,serverless_reactive:cyclical:5,0.0,164.98,4,10.0
1788964109.5963018,serverless_reactive:cyclical:5,10.0,164.98,4,10.0
1788964109.799702,serverless_reactive:cyclical:5,4.9,164.99,4,10.0
1788964110.001622,serverless_reactive:cyclical:5,5.0,164.99,4,10.0
1788964110.2033777,serverless_reactive:cyclical:5,0.0,164.99,4,10.0
1788964110.4053333,serverless_reactive:cyclical:5,0.0,164.99,4,10.0
1788964110.6071332,serverless_reactive:cyclical:5,0.0,164.99,4,10.0
1788964110.8090482,serverless_reactive:cyclical:5,5.0,164.99,4,10.0
1788964111.0107303,serverless_reactive:cyclical:5,0.0,164.99,4,10.0
1788964111.2127037,serverless_reactive:cyclical:5,0.0,164.99,4,10.0
1788964111.414664,serverless_reactive:cyclical:5,0.0,164.99,4,10.0
1788964111.616485,serverless_reactive:cyclical:5,0.0,164.99,4,10.0
1788964111.818944,serverless_reactive:cyclical:5,4.9,164.99,4,10.0
1788964112.020805,serverless_reactive:cyclical:5,0.0,164.99,4,10.0
1788964112.2226799,serverless_reactive:cyclical:5,0.0,164.99,4,10.0
1788964112.4244337,serverless_reactive:cyclical:5,0.0,164.99,4,10.0
1788964112.6267526,serverless_reactive:cyclical:5,0.0,164.99,4,10.0
1788964112.828627,serverless_reactive:cyclical:5,0.0,164.99,4,10.0
1788964113.0305753,serverless_reactive:cyclical:5,0.0,164.99,4,10.0
1788964113.232416,serverless_reactive:cyclical:5,0.0,164.99,4,10.0
1788964113.4344602,serverless_reactive:cyclical:5,0.0,164.99,4,10.0
1788964113.6363769,serverless_reactive:cyclical:5,0.0,164.99,4,10.0
1788964113.838286,serverless_reactive:cyclical:5,0.0,164.99,4,10.0
1788964114.040472,serverless_reactive:cyclical:5,4.9,164.99,4,10.0
1788964114.2425609,serverless_reactive:cyclical:5,0.0,164.99,4,10.0
1788964114.4444015,serverless_reactive:cyclical:5,0.0,164.99,4,10.0
1788964114.6464682,serverless_reactive:cyclical:5,0.0,164.99,4,10.0
1788964114.8485482,serverless_reactive:cyclical:5,4.9,164.99,4,10.0
1788964115.050439,serverless_reactive:cyclical:5,0.0,164.99,4,10.0
1788964115.2522817,serverless_reactive:cyclical:5,0.0,164.99,4,10.0
1788964115.4542162,serverless_reactive:cyclical:5,0.0,164.99,4,10.0
1788964115.656171,serverless_reactive:cyclical:5,0.0,164.99,4,10.0
1788964115.8581219,serverless_reactive:cyclical:5,0.0,164.99,4,10.0
1788964116.0606241,serverless_reactive:cyclical:5,0.0,164.99,4,10.0
1788964116.2627816,serverless_reactive:cyclical:5,0.0,164.99,4,10.0
1788964116.4647622,serverless_reactive:cyclical:5,5.0,164.99,4,10.0
1788964116.6669102,serverless_reactive:cyclical:5,0.0,164.99,4,10.0
1788964116.869346,serverless_reactive:cyclical:5,0.0,164.99,4,10.0
1788964117.0714326,serverless_reactive:cyclical:5,0.0,164.99,4,10.0
1788964117.2739432,serverless_reactive:cyclical:5,4.9,164.99,4,10.0
1788964117.4759376,serverless_reactive:cyclical:5,0.0,164.99,4,10.0
1788964117.678951,serverless_reactive:cyclical:5,0.0,164.99,4,10.0
1788964117.8812091,serverless_reactive:cyclical:5,0.0,164.99,4,10.0
1788964118.083012,serverless_reactive:cyclical:5,0.0,164.99,4,10.0
1788964118.2852106,serverless_reactive:cyclical:5,0.0,164.99,4,10.0
1788964118.487171,serverless_reactive:cyclical:5,0.0,164.99,4,10.0
1788964118.6890385,serverless_reactive:cyclical:5,0.0,164.99,4,10.0
1788964118.8919487,serverless_reactive:cyclical:5,9.8,165.0,4,10.0
1788964119.0945513,serverless_reactive:cyclical:5,0.0,165.0,4,10.0
1788964119.2966032,serverless_reactive:cyclical:5,0.0,165.0,4,10.0
1788964119.4988456,serverless_reactive:cyclical:5,0.0,165.0,4,10.0
1788964119.701244,serverless_reactive:cyclical:5,0.0,165.0,4,10.0
1788964119.9032288,serverless_reactive:cyclical:5,0.0,165.0,4,10.0
1788964120.1052375,serverless_reactive:cyclical:5,0.0,165.0,4,10.0
1788964120.307251,serverless_reactive:cyclical:5,0.0,165.0,4,10.0
1788964120.5097268,serverless_reactive:cyclical:5,4.9,165.0,4,10.0
1788964120.7118025,serverless_reactive:cyclical:5,0.0,165.0,4,10.0
1788964120.9140036,serverless_reactive:cyclical:5,0.0,165.0,4,10.0
1788964121.1159337,serverless_reactive:cyclical:5,0.0,165.0,4,10.0
1788964121.318046,serverless_reactive:cyclical:5,4.9,165.0,4,10.0
1788964121.5201035,serverless_reactive:cyclical:5,0.0,165.0,4,10.0
1788964121.7222393,serverless_reactive:cyclical:5,0.0,165.0,4,10.0
1788964121.924227,serverless_reactive:cyclical:5,5.0,165.0,4,10.0
1788964122.126328,serverless_reactive:cyclical:5,0.0,165.0,4,10.0
1788964122.329688,serverless_reactive:cyclical:5,0.0,165.0,4,10.0
1788964122.531849,serverless_reactive:cyclical:5,4.9,165.0,4,10.0
1788964122.7338204,serverless_reactive:cyclical:5,0.0,165.0,4,10.0
1788964122.935898,serverless_reactive:cyclical:5,0.0,165.0,4,10.0
1788964123.1379304,serverless_reactive:cyclical:5,0.0,165.0,4,10.0
1788964123.3399768,serverless_reactive:cyclical:5,0.0,165.0,4,10.0
1788964123.5422373,serverless_reactive:cyclical:5,0.0,165.0,4,10.0
1788964123.744316,serverless_reactive:cyclical:5,0.0,165.0,4,10.0
1788964123.9465456,serverless_reactive:cyclical:5,0.0,165.0,4,10.0
1788964124.1485941,serverless_reactive:cyclical:5,0.0,165.0,4,10.0
1788964124.3506641,serverless_reactive:cyclical:5,0.0,165.0,4,10.0
1788964124.5530055,serverless_reactive:cyclical:5,0.0,165.0,4,10.0
1788964124.7554479,serverless_reactive:cyclical:5,0.0,165.0,4,10.0
1788964124.9577823,serverless_reactive:cyclical:5,0.0,165.0,4,10.0
1788964125.1598454,serverless_reactive:cyclical:5,0.0,165.0,4,10.0
1788964125.3619187,serverless_reactive:cyclical:5,0.0,165.0,4,10.0
1788964125.5639534,serverless_reactive:cyclical:5,0.0,165.0,4,10.0
1788964125.7662137,serverless_reactive:cyclical:5,0.0,165.0,4,10.0
1788964125.9681287,serverless_reactive:cyclical:5,0.0,165.0,4,10.0
1788964126.1701648,serverless_reactive:cyclical:5,0.0,165.0,4,10.0
1788964126.3724864,serverless_reactive:cyclical:5,4.9,165.0,4,10.0
1788964126.5744987,serverless_reactive:cyclical:5,9.8,165.0,4,10.0
1788964126.7766573,serverless_reactive:cyclical:5,0.0,165.0,4,10.0
1788964126.9790325,serverless_reactive:cyclical:5,4.9,165.0,4,10.0
1788964127.181886,serverless_reactive:cyclical:5,0.0,165.0,4,10.0
1788964128.084212,serverless_reactive:cyclical:6,0.0,36.59,1,10.0
1788964128.2900934,serverless_reactive:cyclical:6,0.0,36.59,1,10.0
1788964128.4920728,serverless_reactive:cyclical:6,0.0,36.59,1,10.0
1788964128.6939113,serverless_reactive:cyclical:6,0.0,36.59,1,10.0
1788964128.8956199,serverless_reactive:cyclical:6,0.0,36.59,1,10.0
1788964129.0974996,serverless_reactive:cyclical:6,0.0,36.59,1,10.0
1788964129.302506,serverless_reactive:cyclical:6,0.0,36.59,1,10.0
1788964129.505286,serverless_reactive:cyclical:6,0.0,36.59,1,10.0
1788964129.7070794,serverless_reactive:cyclical:6,0.0,36.59,1,10.0
1788964129.909332,serverless_reactive:cyclical:6,0.0,36.59,1,10.0
1788964130.1146448,serverless_reactive:cyclical:6,0.0,36.59,1,10.0
1788964130.3166287,serverless_reactive:cyclical:6,0.0,36.59,1,10.0
1788964130.5184314,serverless_reactive:cyclical:6,0.0,36.59,1,10.0
1788964130.7201512,serverless_reactive:cyclical:6,0.0,36.59,1,10.0
1788964130.9219394,serverless_reactive:cyclical:6,0.0,36.59,1,10.0
1788964131.1236804,serverless_reactive:cyclical:6,0.0,36.59,1,10.0
1788964131.325564,serverless_reactive:cyclical:6,0.0,36.59,1,10.0
1788964131.5272622,serverless_reactive:cyclical:6,0.0,36.59,1,10.0
1788964131.7290366,serverless_reactive:cyclical:6,0.0,36.59,1,10.0
1788964131.9307666,serverless_reactive:cyclical:6,0.0,36.59,1,10.0
1788964132.1324854,serverless_reactive:cyclical:6,0.0,36.59,1,10.0
1788964132.3343651,serverless_reactive:cyclical:6,0.0,36.59,1,10.0
1788964132.5361238,serverless_reactive:cyclical:6,0.0,36.59,1,10.0
1788964132.7378676,serverless_reactive:cyclical:6,0.0,36.59,1,10.0
1788964132.9396687,serverless_reactive:cyclical:6,0.0,36.59,1,10.0
1788964133.141401,serverless_reactive:cyclical:6,0.0,36.59,1,10.0
1788964133.3431475,serverless_reactive:cyclical:6,0.0,36.59,1,10.0
1788964133.544953,serverless_reactive:cyclical:6,0.0,36.59,1,10.0
1788964133.7467048,serverless_reactive:cyclical:6,0.0,36.59,1,10.0
1788964133.9484723,serverless_reactive:cyclical:6,0.0,36.59,1,10.0
1788964134.1503723,serverless_reactive:cyclical:6,0.0,36.59,1,10.0
1788964134.352197,serverless_reactive:cyclical:6,0.0,36.59,1,10.0
1788964134.5540338,serverless_reactive:cyclical:6,0.0,36.59,1,10.0
1788964134.7558863,serverless_reactive:cyclical:6,0.0,36.59,1,10.0
1788964134.957845,serverless_reactive:cyclical:6,5.0,36.59,1,10.0
1788964135.1603036,serverless_reactive:cyclical:6,0.0,36.59,1,10.0
1788964135.362217,serverless_reactive:cyclical:6,0.0,36.59,1,10.0
1788964135.5640364,serverless_reactive:cyclical:6,0.0,36.59,1,10.0
1788964135.7663395,serverless_reactive:cyclical:6,0.0,36.59,1,10.0
1788964135.9681785,serverless_reactive:cyclical:6,0.0,36.59,1,10.0
1788964136.1701605,serverless_reactive:cyclical:6,0.0,36.59,1,10.0
1788964136.3718722,serverless_reactive:cyclical:6,0.0,36.59,1,10.0
1788964136.5738966,serverless_reactive:cyclical:6,0.0,36.59,1,10.0
1788964136.775777,serverless_reactive:cyclical:6,0.0,36.59,1,10.0
1788964136.9775984,serverless_reactive:cyclical:6,0.0,36.59,1,10.0
1788964137.1793249,serverless_reactive:cyclical:6,0.0,36.59,1,10.0
1788964137.3868496,serverless_reactive:cyclical:6,4.8,66.09,4,10.0
1788964137.58941,serverless_reactive:cyclical:6,93.8,101.34,4,10.0
1788964137.79796,serverless_reactive:cyclical:6,96.0,127.64,4,10.0
1788964138.0026777,serverless_reactive:cyclical:6,112.4,135.91,4,10.0
1788964138.206749,serverless_reactive:cyclical:6,93.1,144.2,4,10.0
1788964138.4147036,serverless_reactive:cyclical:6,105.8,148.58,4,10.0
1788964138.6191056,serverless_reactive:cyclical:6,107.6,153.18,4,10.0
1788964138.8267539,serverless_reactive:cyclical:6,96.3,161.46,4,10.0
1788964139.0290897,serverless_reactive:cyclical:6,54.3,164.84,4,10.0
1788964139.2313907,serverless_reactive:cyclical:6,0.0,164.84,4,10.0
1788964139.4333403,serverless_reactive:cyclical:6,0.0,164.84,4,10.0
1788964139.6408906,serverless_reactive:cyclical:6,0.0,164.84,4,10.0
1788964139.8428192,serverless_reactive:cyclical:6,0.0,164.84,4,10.0
1788964140.0447385,serverless_reactive:cyclical:6,5.0,164.84,4,10.0
1788964140.2466624,serverless_reactive:cyclical:6,0.0,164.84,4,10.0
1788964140.4490666,serverless_reactive:cyclical:6,0.0,164.84,4,10.0
1788964140.6510093,serverless_reactive:cyclical:6,0.0,164.84,4,10.0
1788964140.8529017,serverless_reactive:cyclical:6,10.0,164.84,4,10.0
1788964141.0546532,serverless_reactive:cyclical:6,0.0,164.84,4,10.0
1788964141.256473,serverless_reactive:cyclical:6,0.0,164.84,4,10.0
1788964141.4583585,serverless_reactive:cyclical:6,0.0,164.84,4,10.0
1788964141.6601317,serverless_reactive:cyclical:6,5.0,164.84,4,10.0
1788964141.8622785,serverless_reactive:cyclical:6,0.0,164.84,4,10.0
1788964142.064176,serverless_reactive:cyclical:6,0.0,164.84,4,10.0
1788964142.2674687,serverless_reactive:cyclical:6,0.0,164.84,4,10.0
1788964142.469448,serverless_reactive:cyclical:6,0.0,164.84,4,10.0
1788964142.6723034,serverless_reactive:cyclical:6,0.0,164.84,4,10.0
1788964142.8745804,serverless_reactive:cyclical:6,0.0,164.84,4,10.0
1788964143.076462,serverless_reactive:cyclical:6,0.0,164.84,4,10.0
1788964143.2785513,serverless_reactive:cyclical:6,0.0,164.84,4,10.0
1788964143.4804952,serverless_reactive:cyclical:6,0.0,164.84,4,10.0
1788964143.6823304,serverless_reactive:cyclical:6,0.0,164.84,4,10.0
1788964143.8845088,serverless_reactive:cyclical:6,0.0,164.84,4,10.0
1788964144.0865712,serverless_reactive:cyclical:6,0.0,164.84,4,10.0
1788964144.2886732,serverless_reactive:cyclical:6,0.0,164.84,4,10.0
1788964144.4906933,serverless_reactive:cyclical:6,0.0,164.84,4,10.0
1788964144.6928575,serverless_reactive:cyclical:6,0.0,164.84,4,10.0
1788964144.8949187,serverless_reactive:cyclical:6,0.0,164.84,4,10.0
1788964145.0967715,serverless_reactive:cyclical:6,0.0,164.84,4,10.0
1788964145.2987943,serverless_reactive:cyclical:6,0.0,164.84,4,10.0
1788964145.5006502,serverless_reactive:cyclical:6,0.0,164.84,4,10.0
1788964145.702587,serverless_reactive:cyclical:6,0.0,164.84,4,10.0
1788964145.904873,serverless_reactive:cyclical:6,4.9,164.84,4,10.0
1788964146.107679,serverless_reactive:cyclical:6,0.0,164.84,4,10.0
1788964146.3101408,serverless_reactive:cyclical:6,4.9,164.84,4,10.0
1788964146.5120115,serverless_reactive:cyclical:6,0.0,164.84,4,10.0
1788964146.7139332,serverless_reactive:cyclical:6,0.0,164.84,4,10.0
1788964146.9157553,serverless_reactive:cyclical:6,0.0,164.84,4,10.0
1788964147.1176407,serverless_reactive:cyclical:6,5.0,164.84,4,10.0
1788964147.3195488,serverless_reactive:cyclical:6,0.0,164.84,4,10.0
1788964147.5213954,serverless_reactive:cyclical:6,0.0,164.84,4,10.0
1788964147.7234137,serverless_reactive:cyclical:6,0.0,164.84,4,10.0
1788964147.9254234,serverless_reactive:cyclical:6,0.0,164.84,4,10.0
1788964148.127394,serverless_reactive:cyclical:6,0.0,164.84,4,10.0
1788964148.3296103,serverless_reactive:cyclical:6,0.0,164.84,4,10.0
1788964148.5314515,serverless_reactive:cyclical:6,0.0,164.84,4,10.0
1788964148.733518,serverless_reactive:cyclical:6,0.0,164.84,4,10.0
1788964148.93544,serverless_reactive:cyclical:6,20.0,164.85,4,10.0
1788964149.1373844,serverless_reactive:cyclical:6,0.0,164.85,4,10.0
1788964149.3409004,serverless_reactive:cyclical:6,0.0,164.85,4,10.0
1788964149.5429285,serverless_reactive:cyclical:6,0.0,164.85,4,10.0
1788964149.7448838,serverless_reactive:cyclical:6,0.0,164.85,4,10.0
1788964149.9468493,serverless_reactive:cyclical:6,0.0,164.85,4,10.0
1788964150.1486764,serverless_reactive:cyclical:6,0.0,164.85,4,10.0
1788964150.3505318,serverless_reactive:cyclical:6,0.0,164.85,4,10.0
1788964150.5536735,serverless_reactive:cyclical:6,0.0,164.85,4,10.0
1788964150.755519,serverless_reactive:cyclical:6,0.0,164.85,4,10.0
1788964150.9582798,serverless_reactive:cyclical:6,0.0,164.85,4,10.0
1788964151.1612241,serverless_reactive:cyclical:6,0.0,164.85,4,10.0
1788964151.3633127,serverless_reactive:cyclical:6,0.0,164.85,4,10.0
1788964151.5653327,serverless_reactive:cyclical:6,0.0,164.85,4,10.0
1788964151.7675233,serverless_reactive:cyclical:6,4.9,164.85,4,10.0
1788964151.9695096,serverless_reactive:cyclical:6,0.0,164.85,4,10.0
1788964152.171517,serverless_reactive:cyclical:6,0.0,164.85,4,10.0
1788964152.3746874,serverless_reactive:cyclical:6,0.0,164.85,4,10.0
1788964152.5781724,serverless_reactive:cyclical:6,0.0,164.85,4,10.0
1788964152.7812881,serverless_reactive:cyclical:6,0.0,164.85,4,10.0
1788964152.983608,serverless_reactive:cyclical:6,4.9,164.85,4,10.0
1788964153.1857207,serverless_reactive:cyclical:6,0.0,164.85,4,10.0
1788964153.3877573,serverless_reactive:cyclical:6,4.9,164.85,4,10.0
1788964153.5905788,serverless_reactive:cyclical:6,0.0,164.85,4,10.0
1788964153.7925415,serverless_reactive:cyclical:6,0.0,164.85,4,10.0
1788964153.9949474,serverless_reactive:cyclical:6,4.9,164.85,4,10.0
1788964154.1970682,serverless_reactive:cyclical:6,0.0,164.85,4,10.0
1788964154.3991702,serverless_reactive:cyclical:6,0.0,164.85,4,10.0
1788964154.6019752,serverless_reactive:cyclical:6,0.0,164.85,4,10.0
1788964154.8044374,serverless_reactive:cyclical:6,0.0,164.85,4,10.0
1788964155.007094,serverless_reactive:cyclical:6,0.0,164.85,4,10.0
1788964155.209221,serverless_reactive:cyclical:6,0.0,164.85,4,10.0
1788964155.412279,serverless_reactive:cyclical:6,0.0,164.85,4,10.0
1788964155.614848,serverless_reactive:cyclical:6,0.0,164.85,4,10.0
1788964155.8173726,serverless_reactive:cyclical:6,0.0,164.85,4,10.0
1788964156.0196593,serverless_reactive:cyclical:6,0.0,164.85,4,10.0
1788964156.2218423,serverless_reactive:cyclical:6,0.0,164.85,4,10.0
1788964156.423867,serverless_reactive:cyclical:6,0.0,164.85,4,10.0
1788964156.6265373,serverless_reactive:cyclical:6,0.0,164.85,4,10.0
1788964156.829479,serverless_reactive:cyclical:6,0.0,164.85,4,10.0
1788964157.031746,serverless_reactive:cyclical:6,0.0,164.85,4,10.0
1788964157.234037,serverless_reactive:cyclical:6,9.8,164.85,4,10.0
1788964157.4361498,serverless_reactive:cyclical:6,0.0,164.85,4,10.0
1788964157.638347,serverless_reactive:cyclical:6,4.9,164.85,4,10.0
1788964157.842591,serverless_reactive:cyclical:6,0.0,164.86,4,10.0
1788964158.0458155,serverless_reactive:cyclical:6,4.9,164.86,4,10.0
1788964158.2476609,serverless_reactive:cyclical:6,0.0,164.86,4,10.0
1788964158.4496274,serverless_reactive:cyclical:6,0.0,164.86,4,10.0
1788964158.6518028,serverless_reactive:cyclical:6,0.0,164.86,4,10.0
1788964158.8538961,serverless_reactive:cyclical:6,0.0,164.86,4,10.0
1788964159.0562418,serverless_reactive:cyclical:6,4.9,164.86,4,10.0
1788964159.2584183,serverless_reactive:cyclical:6,4.9,164.86,4,10.0
1788964159.4604928,serverless_reactive:cyclical:6,4.9,164.86,4,10.0
1788964159.6625447,serverless_reactive:cyclical:6,0.0,164.86,4,10.0
1788964159.864588,serverless_reactive:cyclical:6,0.0,164.86,4,10.0
1788964160.066557,serverless_reactive:cyclical:6,0.0,164.86,4,10.0
1788964160.268529,serverless_reactive:cyclical:6,0.0,164.86,4,10.0
1788964160.470541,serverless_reactive:cyclical:6,0.0,164.86,4,10.0
1788964160.67262,serverless_reactive:cyclical:6,0.0,164.86,4,10.0
1788964160.874502,serverless_reactive:cyclical:6,0.0,164.86,4,10.0
1788964161.0764933,serverless_reactive:cyclical:6,0.0,164.86,4,10.0
1788964161.2784944,serverless_reactive:cyclical:6,0.0,164.86,4,10.0
1788964161.4803813,serverless_reactive:cyclical:6,0.0,164.86,4,10.0
1788964161.6823533,serverless_reactive:cyclical:6,0.0,164.86,4,10.0
1788964161.8850994,serverless_reactive:cyclical:6,0.0,164.86,4,10.0
1788964162.0875328,serverless_reactive:cyclical:6,0.0,164.86,4,10.0
1788964162.289411,serverless_reactive:cyclical:6,0.0,164.86,4,10.0
1788964162.491308,serverless_reactive:cyclical:6,0.0,164.86,4,10.0
1788964162.6933725,serverless_reactive:cyclical:6,0.0,164.86,4,10.0
1788964162.8953352,serverless_reactive:cyclical:6,0.0,164.86,4,10.0
1788964163.0974793,serverless_reactive:cyclical:6,0.0,164.86,4,10.0
1788964163.2992883,serverless_reactive:cyclical:6,0.0,164.86,4,10.0
1788964163.5011852,serverless_reactive:cyclical:6,5.0,164.86,4,10.0
1788964163.7030606,serverless_reactive:cyclical:6,0.0,164.86,4,10.0
1788964163.90501,serverless_reactive:cyclical:6,0.0,164.86,4,10.0
1788964164.10727,serverless_reactive:cyclical:6,0.0,164.86,4,10.0
1788964164.3092432,serverless_reactive:cyclical:6,10.0,164.86,4,10.0
1788964164.511109,serverless_reactive:cyclical:6,0.0,164.86,4,10.0
1788964164.7130067,serverless_reactive:cyclical:6,0.0,164.86,4,10.0
1788964164.9149015,serverless_reactive:cyclical:6,0.0,164.86,4,10.0
1788964165.116656,serverless_reactive:cyclical:6,0.0,164.86,4,10.0
1788964165.3184776,serverless_reactive:cyclical:6,0.0,164.86,4,10.0
1788964165.520472,serverless_reactive:cyclical:6,5.0,164.86,4,10.0
1788964165.7224023,serverless_reactive:cyclical:6,0.0,164.86,4,10.0
1788964165.9243479,serverless_reactive:cyclical:6,0.0,164.86,4,10.0
1788964166.126221,serverless_reactive:cyclical:6,0.0,164.86,4,10.0
1788964166.3280056,serverless_reactive:cyclical:6,0.0,164.86,4,10.0
1788964166.5302408,serverless_reactive:cyclical:6,4.9,164.88,4,10.0
1788964166.7322123,serverless_reactive:cyclical:6,0.0,164.88,4,10.0
1788964166.9343927,serverless_reactive:cyclical:6,9.8,164.88,4,10.0
1788964167.1361947,serverless_reactive:cyclical:6,0.0,164.88,4,10.0
1788964167.3384068,serverless_reactive:cyclical:6,0.0,164.88,4,10.0
1788964167.5410464,serverless_reactive:cyclical:6,0.0,164.88,4,10.0
1788964167.743114,serverless_reactive:cyclical:6,0.0,164.88,4,10.0
1788964167.9449887,serverless_reactive:cyclical:6,0.0,164.88,4,10.0
1788964168.146906,serverless_reactive:cyclical:6,0.0,164.88,4,10.0
1788964168.348694,serverless_reactive:cyclical:6,5.0,164.88,4,10.0
1788964168.5508723,serverless_reactive:cyclical:6,0.0,164.88,4,10.0
1788964168.7537947,serverless_reactive:cyclical:6,0.0,164.88,4,10.0
1788964168.9557602,serverless_reactive:cyclical:6,0.0,164.88,4,10.0
1788964169.1576996,serverless_reactive:cyclical:6,0.0,164.88,4,10.0
1788964169.3596737,serverless_reactive:cyclical:6,0.0,164.88,4,10.0
1788964169.5619009,serverless_reactive:cyclical:6,0.0,164.88,4,10.0
1788964169.784062,serverless_reactive:cyclical:6,0.0,164.88,4,10.0
1788964169.9859977,serverless_reactive:cyclical:6,0.0,164.88,4,10.0
1788964170.1879513,serverless_reactive:cyclical:6,0.0,164.88,4,10.0
1788964170.389977,serverless_reactive:cyclical:6,0.0,164.88,4,10.0
1788964170.591958,serverless_reactive:cyclical:6,0.0,164.88,4,10.0
1788964170.794067,serverless_reactive:cyclical:6,0.0,164.88,4,10.0
1788964170.9966857,serverless_reactive:cyclical:6,0.0,164.88,4,10.0
1788964171.1988115,serverless_reactive:cyclical:6,0.0,164.88,4,10.0
1788964171.4009316,serverless_reactive:cyclical:6,0.0,164.88,4,10.0
1788964171.6027403,serverless_reactive:cyclical:6,5.0,164.88,4,10.0
1788964171.8046854,serverless_reactive:cyclical:6,5.0,164.88,4,10.0
1788964172.006703,serverless_reactive:cyclical:6,0.0,164.88,4,10.0
1788964172.2085025,serverless_reactive:cyclical:6,0.0,164.88,4,10.0
1788964172.4103887,serverless_reactive:cyclical:6,5.0,164.88,4,10.0
1788964172.612233,serverless_reactive:cyclical:6,0.0,164.88,4,10.0
1788964172.8146539,serverless_reactive:cyclical:6,0.0,164.88,4,10.0
1788964173.0174758,serverless_reactive:cyclical:6,0.0,164.88,4,10.0
1788964173.2203074,serverless_reactive:cyclical:6,0.0,164.88,4,10.0
1788964173.422248,serverless_reactive:cyclical:6,0.0,164.88,4,10.0
1788964173.625038,serverless_reactive:cyclical:6,0.0,164.88,4,10.0
1788964173.8270159,serverless_reactive:cyclical:6,0.0,164.88,4,10.0
1788964174.0288832,serverless_reactive:cyclical:6,0.0,164.88,4,10.0
1788964174.2308912,serverless_reactive:cyclical:6,0.0,164.88,4,10.0
1788964174.4327073,serverless_reactive:cyclical:6,0.0,164.88,4,10.0
1788964174.634854,serverless_reactive:cyclical:6,0.0,164.88,4,10.0
1788964175.553196,serverless_reactive:cyclical:7,0.0,36.58,1,10.0
1788964175.7549963,serverless_reactive:cyclical:7,0.0,36.58,1,10.0
1788964175.9567513,serverless_reactive:cyclical:7,0.0,36.58,1,10.0
1788964176.1587067,serverless_reactive:cyclical:7,0.0,36.58,1,10.0
1788964176.3603663,serverless_reactive:cyclical:7,0.0,36.58,1,10.0
1788964176.5620098,serverless_reactive:cyclical:7,0.0,36.58,1,10.0
1788964176.7635767,serverless_reactive:cyclical:7,0.0,36.58,1,10.0
1788964176.9652128,serverless_reactive:cyclical:7,0.0,36.58,1,10.0
1788964177.1668568,serverless_reactive:cyclical:7,0.0,36.58,1,10.0
1788964177.3688293,serverless_reactive:cyclical:7,0.0,36.58,1,10.0
1788964177.5705445,serverless_reactive:cyclical:7,0.0,36.58,1,10.0
1788964177.773003,serverless_reactive:cyclical:7,0.0,36.58,1,10.0
1788964177.9751127,serverless_reactive:cyclical:7,0.0,36.58,1,10.0
1788964178.1776402,serverless_reactive:cyclical:7,0.0,36.58,1,10.0
1788964178.3793352,serverless_reactive:cyclical:7,0.0,36.58,1,10.0
1788964178.5812705,serverless_reactive:cyclical:7,5.0,36.58,1,10.0
1788964178.7829509,serverless_reactive:cyclical:7,0.0,36.58,1,10.0
1788964178.9846432,serverless_reactive:cyclical:7,0.0,36.58,1,10.0
1788964179.1865098,serverless_reactive:cyclical:7,0.0,36.58,1,10.0
1788964179.388976,serverless_reactive:cyclical:7,0.0,36.58,1,10.0
1788964179.5908878,serverless_reactive:cyclical:7,0.0,36.58,1,10.0
1788964179.7925549,serverless_reactive:cyclical:7,0.0,36.59,1,10.0
1788964179.9943473,serverless_reactive:cyclical:7,0.0,36.59,1,10.0
1788964180.1962695,serverless_reactive:cyclical:7,0.0,36.59,1,10.0
1788964180.3980908,serverless_reactive:cyclical:7,0.0,36.59,1,10.0
1788964180.600474,serverless_reactive:cyclical:7,0.0,36.59,1,10.0
1788964180.8022635,serverless_reactive:cyclical:7,0.0,36.59,1,10.0
1788964181.0041125,serverless_reactive:cyclical:7,0.0,36.59,1,10.0
1788964181.2063859,serverless_reactive:cyclical:7,0.0,36.59,1,10.0
1788964181.4081419,serverless_reactive:cyclical:7,0.0,36.59,1,10.0
1788964181.6102748,serverless_reactive:cyclical:7,0.0,36.59,1,10.0
1788964181.811981,serverless_reactive:cyclical:7,0.0,36.59,1,10.0
1788964182.0141306,serverless_reactive:cyclical:7,0.0,36.59,1,10.0
1788964182.2160106,serverless_reactive:cyclical:7,0.0,36.59,1,10.0
1788964182.4182239,serverless_reactive:cyclical:7,0.0,36.59,1,10.0
1788964182.6200986,serverless_reactive:cyclical:7,0.0,36.59,1,10.0
1788964182.8221667,serverless_reactive:cyclical:7,0.0,36.59,1,10.0
1788964183.024069,serverless_reactive:cyclical:7,0.0,36.59,1,10.0
1788964183.2259645,serverless_reactive:cyclical:7,0.0,36.59,1,10.0
1788964183.42781,serverless_reactive:cyclical:7,0.0,36.59,1,10.0
1788964183.6296067,serverless_reactive:cyclical:7,0.0,36.59,1,10.0
1788964183.8314197,serverless_reactive:cyclical:7,0.0,36.59,1,10.0
1788964184.0332208,serverless_reactive:cyclical:7,0.0,36.59,1,10.0
1788964184.235063,serverless_reactive:cyclical:7,0.0,36.59,1,10.0
1788964184.4367263,serverless_reactive:cyclical:7,0.0,36.59,1,10.0
1788964184.6385784,serverless_reactive:cyclical:7,0.0,36.59,1,10.0
1788964184.8408768,serverless_reactive:cyclical:7,0.0,36.59,1,10.0
1788964185.042572,serverless_reactive:cyclical:7,0.0,36.59,1,10.0
1788964185.2442985,serverless_reactive:cyclical:7,0.0,36.59,1,10.0
1788964185.4503808,serverless_reactive:cyclical:7,9.8,102.36,4,10.0
1788964185.6521757,serverless_reactive:cyclical:7,187.1,138.29,4,10.0
1788964185.8544414,serverless_reactive:cyclical:7,202.7,156.82,4,10.0
1788964186.0565138,serverless_reactive:cyclical:7,84.0,164.64,4,10.0
1788964186.2584474,serverless_reactive:cyclical:7,0.0,164.64,4,10.0
1788964186.4604943,serverless_reactive:cyclical:7,0.0,164.64,4,10.0
1788964186.662486,serverless_reactive:cyclical:7,0.0,164.64,4,10.0
1788964186.8644805,serverless_reactive:cyclical:7,0.0,164.64,4,10.0
1788964187.0664122,serverless_reactive:cyclical:7,0.0,164.64,4,10.0
1788964187.268665,serverless_reactive:cyclical:7,0.0,164.64,4,10.0
1788964187.4707778,serverless_reactive:cyclical:7,0.0,164.64,4,10.0
1788964187.6730125,serverless_reactive:cyclical:7,4.9,164.64,4,10.0
1788964187.8750815,serverless_reactive:cyclical:7,0.0,164.64,4,10.0
1788964188.077182,serverless_reactive:cyclical:7,0.0,164.64,4,10.0
1788964188.2791257,serverless_reactive:cyclical:7,0.0,164.64,4,10.0
1788964188.4814255,serverless_reactive:cyclical:7,0.0,164.64,4,10.0
1788964188.6839173,serverless_reactive:cyclical:7,0.0,164.64,4,10.0
1788964188.8863964,serverless_reactive:cyclical:7,4.9,164.64,4,10.0
1788964189.0883663,serverless_reactive:cyclical:7,5.0,164.64,4,10.0
1788964189.290661,serverless_reactive:cyclical:7,0.0,164.64,4,10.0
1788964189.4928813,serverless_reactive:cyclical:7,0.0,164.64,4,10.0
1788964189.694968,serverless_reactive:cyclical:7,0.0,164.64,4,10.0
1788964189.8970232,serverless_reactive:cyclical:7,0.0,164.64,4,10.0
1788964190.0993865,serverless_reactive:cyclical:7,0.0,164.64,4,10.0
1788964190.3016984,serverless_reactive:cyclical:7,4.9,164.64,4,10.0
1788964190.504037,serverless_reactive:cyclical:7,0.0,164.64,4,10.0
1788964190.7066753,serverless_reactive:cyclical:7,0.0,164.64,4,10.0
1788964190.9090722,serverless_reactive:cyclical:7,0.0,164.64,4,10.0
1788964191.1119852,serverless_reactive:cyclical:7,0.0,164.65,4,10.0
1788964191.3149366,serverless_reactive:cyclical:7,0.0,164.65,4,10.0
1788964191.5180771,serverless_reactive:cyclical:7,0.0,164.65,4,10.0
1788964191.721687,serverless_reactive:cyclical:7,0.0,164.65,4,10.0
1788964191.9236834,serverless_reactive:cyclical:7,0.0,164.65,4,10.0
1788964192.1257381,serverless_reactive:cyclical:7,0.0,164.65,4,10.0
1788964192.3279064,serverless_reactive:cyclical:7,4.9,164.65,4,10.0
1788964192.529886,serverless_reactive:cyclical:7,0.0,164.65,4,10.0
1788964192.7318802,serverless_reactive:cyclical:7,0.0,164.65,4,10.0
1788964192.9338799,serverless_reactive:cyclical:7,0.0,164.65,4,10.0
1788964193.1358452,serverless_reactive:cyclical:7,0.0,164.65,4,10.0
1788964193.3379273,serverless_reactive:cyclical:7,0.0,164.65,4,10.0
1788964193.5407941,serverless_reactive:cyclical:7,4.9,164.65,4,10.0
1788964193.7428808,serverless_reactive:cyclical:7,0.0,164.65,4,10.0
1788964193.9454255,serverless_reactive:cyclical:7,0.0,164.65,4,10.0
1788964194.1474128,serverless_reactive:cyclical:7,0.0,164.65,4,10.0
1788964194.3496952,serverless_reactive:cyclical:7,14.7,164.66,4,10.0
1788964194.5523493,serverless_reactive:cyclical:7,0.0,164.66,4,10.0
1788964194.7545874,serverless_reactive:cyclical:7,0.0,164.66,4,10.0
1788964194.9567456,serverless_reactive:cyclical:7,0.0,164.66,4,10.0
1788964195.1587958,serverless_reactive:cyclical:7,4.9,164.66,4,10.0
1788964195.3608236,serverless_reactive:cyclical:7,0.0,164.66,4,10.0
1788964195.5640376,serverless_reactive:cyclical:7,0.0,164.66,4,10.0
1788964195.7664626,serverless_reactive:cyclical:7,0.0,164.66,4,10.0
1788964195.9691772,serverless_reactive:cyclical:7,0.0,164.66,4,10.0
1788964196.1710956,serverless_reactive:cyclical:7,5.0,164.66,4,10.0
1788964196.3730848,serverless_reactive:cyclical:7,0.0,164.66,4,10.0
1788964196.5751116,serverless_reactive:cyclical:7,0.0,164.66,4,10.0
1788964196.7770474,serverless_reactive:cyclical:7,0.0,164.66,4,10.0
1788964196.9789627,serverless_reactive:cyclical:7,0.0,164.66,4,10.0
1788964197.1810157,serverless_reactive:cyclical:7,0.0,164.66,4,10.0
1788964197.383122,serverless_reactive:cyclical:7,0.0,164.66,4,10.0
1788964197.5853848,serverless_reactive:cyclical:7,4.9,164.66,4,10.0
1788964197.7873907,serverless_reactive:cyclical:7,0.0,164.66,4,10.0
1788964197.9895604,serverless_reactive:cyclical:7,0.0,164.66,4,10.0
1788964198.19158,serverless_reactive:cyclical:7,5.0,164.66,4,10.0
1788964198.3938904,serverless_reactive:cyclical:7,0.0,164.66,4,10.0
1788964198.595972,serverless_reactive:cyclical:7,0.0,164.66,4,10.0
1788964198.798136,serverless_reactive:cyclical:7,0.0,164.66,4,10.0
1788964199.0000224,serverless_reactive:cyclical:7,5.0,164.66,4,10.0
1788964199.2021267,serverless_reactive:cyclical:7,0.0,164.66,4,10.0
1788964199.4140394,serverless_reactive:cyclical:7,0.0,164.66,4,10.0
1788964199.616031,serverless_reactive:cyclical:7,0.0,164.66,4,10.0
1788964199.8186889,serverless_reactive:cyclical:7,0.0,164.66,4,10.0
1788964200.0215096,serverless_reactive:cyclical:7,0.0,164.66,4,10.0
1788964200.2235618,serverless_reactive:cyclical:7,0.0,164.66,4,10.0
1788964200.4256108,serverless_reactive:cyclical:7,0.0,164.66,4,10.0
1788964200.627553,serverless_reactive:cyclical:7,5.0,164.66,4,10.0
1788964200.8297982,serverless_reactive:cyclical:7,0.0,164.66,4,10.0
1788964201.032801,serverless_reactive:cyclical:7,0.0,164.66,4,10.0
1788964201.2358725,serverless_reactive:cyclical:7,0.0,164.66,4,10.0
1788964201.4379835,serverless_reactive:cyclical:7,0.0,164.66,4,10.0
1788964201.639947,serverless_reactive:cyclical:7,0.0,164.66,4,10.0
1788964201.842256,serverless_reactive:cyclical:7,0.0,164.66,4,10.0
1788964202.0445158,serverless_reactive:cyclical:7,0.0,164.66,4,10.0
1788964202.246542,serverless_reactive:cyclical:7,0.0,164.66,4,10.0
1788964202.4485364,serverless_reactive:cyclical:7,0.0,164.66,4,10.0
1788964202.6506343,serverless_reactive:cyclical:7,0.0,164.66,4,10.0
1788964202.8526866,serverless_reactive:cyclical:7,0.0,164.66,4,10.0
1788964203.054869,serverless_reactive:cyclical:7,0.0,164.66,4,10.0
1788964203.25816,serverless_reactive:cyclical:7,0.0,164.66,4,10.0
1788964203.460344,serverless_reactive:cyclical:7,0.0,164.66,4,10.0
1788964203.6624277,serverless_reactive:cyclical:7,4.9,164.66,4,10.0
1788964203.8643575,serverless_reactive:cyclical:7,0.0,164.66,4,10.0
1788964204.0665476,serverless_reactive:cyclical:7,0.0,164.66,4,10.0
1788964204.27048,serverless_reactive:cyclical:7,19.6,164.67,4,10.0
1788964204.472417,serverless_reactive:cyclical:7,0.0,164.67,4,10.0
1788964204.6757405,serverless_reactive:cyclical:7,0.0,164.67,4,10.0
1788964204.878269,serverless_reactive:cyclical:7,0.0,164.67,4,10.0
1788964205.0809624,serverless_reactive:cyclical:7,0.0,164.67,4,10.0
1788964205.2830565,serverless_reactive:cyclical:7,0.0,164.67,4,10.0
1788964205.4850624,serverless_reactive:cyclical:7,0.0,164.67,4,10.0
1788964205.687045,serverless_reactive:cyclical:7,0.0,164.67,4,10.0
1788964205.8895237,serverless_reactive:cyclical:7,4.9,164.67,4,10.0
1788964206.094273,serverless_reactive:cyclical:7,0.0,164.67,4,10.0
1788964206.2972703,serverless_reactive:cyclical:7,4.9,164.67,4,10.0
1788964206.5005705,serverless_reactive:cyclical:7,4.9,164.67,4,10.0
1788964206.7024722,serverless_reactive:cyclical:7,0.0,164.67,4,10.0
1788964206.904242,serverless_reactive:cyclical:7,0.0,164.67,4,10.0
1788964207.106511,serverless_reactive:cyclical:7,4.9,164.67,4,10.0
1788964207.308405,serverless_reactive:cyclical:7,0.0,164.67,4,10.0
1788964207.5104055,serverless_reactive:cyclical:7,0.0,164.67,4,10.0
1788964207.7122056,serverless_reactive:cyclical:7,0.0,164.67,4,10.0
1788964207.9142501,serverless_reactive:cyclical:7,0.0,164.67,4,10.0
1788964208.1160862,serverless_reactive:cyclical:7,0.0,164.67,4,10.0
1788964208.3179631,serverless_reactive:cyclical:7,0.0,164.67,4,10.0
1788964208.5197816,serverless_reactive:cyclical:7,0.0,164.67,4,10.0
1788964208.7220578,serverless_reactive:cyclical:7,0.0,164.67,4,10.0
1788964208.923871,serverless_reactive:cyclical:7,0.0,164.67,4,10.0
1788964209.125898,serverless_reactive:cyclical:7,0.0,164.67,4,10.0
1788964209.3278408,serverless_reactive:cyclical:7,5.0,164.67,4,10.0
1788964209.529981,serverless_reactive:cyclical:7,0.0,164.67,4,10.0
1788964209.7325203,serverless_reactive:cyclical:7,0.0,164.67,4,10.0
1788964209.9356558,serverless_reactive:cyclical:7,0.0,164.67,4,10.0
1788964210.138955,serverless_reactive:cyclical:7,0.0,164.67,4,10.0
1788964210.3408606,serverless_reactive:cyclical:7,0.0,164.67,4,10.0
1788964210.5429008,serverless_reactive:cyclical:7,0.0,164.67,4,10.0
1788964210.7453628,serverless_reactive:cyclical:7,0.0,164.67,4,10.0
1788964210.9481382,serverless_reactive:cyclical:7,0.0,164.67,4,10.0
1788964211.1501,serverless_reactive:cyclical:7,0.0,164.67,4,10.0
1788964211.352036,serverless_reactive:cyclical:7,0.0,164.67,4,10.0
1788964211.5546122,serverless_reactive:cyclical:7,4.9,164.67,4,10.0
1788964211.757006,serverless_reactive:cyclical:7,0.0,164.67,4,10.0
1788964211.9598632,serverless_reactive:cyclical:7,0.0,164.67,4,10.0
1788964212.1625016,serverless_reactive:cyclical:7,0.0,164.67,4,10.0
1788964212.3649313,serverless_reactive:cyclical:7,0.0,164.67,4,10.0
1788964212.5671825,serverless_reactive:cyclical:7,0.0,164.67,4,10.0
1788964212.7696679,serverless_reactive:cyclical:7,0.0,164.67,4,10.0
1788964212.97202,serverless_reactive:cyclical:7,0.0,164.67,4,10.0
1788964213.174709,serverless_reactive:cyclical:7,0.0,164.67,4,10.0
1788964213.3774514,serverless_reactive:cyclical:7,0.0,164.67,4,10.0
1788964213.5801358,serverless_reactive:cyclical:7,0.0,164.67,4,10.0
1788964213.782752,serverless_reactive:cyclical:7,0.0,164.67,4,10.0
1788964213.986957,serverless_reactive:cyclical:7,4.9,164.67,4,10.0
1788964214.190624,serverless_reactive:cyclical:7,19.6,164.69,4,10.0
1788964214.3932123,serverless_reactive:cyclical:7,0.0,164.69,4,10.0
1788964214.5965066,serverless_reactive:cyclical:7,0.0,164.69,4,10.0
1788964214.7990634,serverless_reactive:cyclical:7,0.0,164.69,4,10.0
1788964215.001143,serverless_reactive:cyclical:7,0.0,164.69,4,10.0
1788964215.2040772,serverless_reactive:cyclical:7,0.0,164.69,4,10.0
1788964215.4061735,serverless_reactive:cyclical:7,4.9,164.69,4,10.0
1788964215.6081128,serverless_reactive:cyclical:7,0.0,164.69,4,10.0
1788964215.8103962,serverless_reactive:cyclical:7,0.0,164.69,4,10.0
1788964216.0130954,serverless_reactive:cyclical:7,0.0,164.69,4,10.0
1788964216.2151482,serverless_reactive:cyclical:7,0.0,164.69,4,10.0
1788964216.416948,serverless_reactive:cyclical:7,0.0,164.69,4,10.0
1788964216.6187544,serverless_reactive:cyclical:7,0.0,164.69,4,10.0
1788964216.8205965,serverless_reactive:cyclical:7,0.0,164.69,4,10.0
1788964217.0234149,serverless_reactive:cyclical:7,4.9,164.69,4,10.0
1788964217.225933,serverless_reactive:cyclical:7,0.0,164.69,4,10.0
1788964217.4278274,serverless_reactive:cyclical:7,0.0,164.69,4,10.0
1788964217.6297243,serverless_reactive:cyclical:7,0.0,164.69,4,10.0
1788964217.8316145,serverless_reactive:cyclical:7,0.0,164.69,4,10.0
1788964218.033612,serverless_reactive:cyclical:7,5.0,164.69,4,10.0
1788964218.2357054,serverless_reactive:cyclical:7,0.0,164.69,4,10.0
1788964218.4377475,serverless_reactive:cyclical:7,0.0,164.69,4,10.0
1788964218.6410375,serverless_reactive:cyclical:7,4.9,164.69,4,10.0
1788964218.8432827,serverless_reactive:cyclical:7,0.0,164.69,4,10.0
1788964219.0455565,serverless_reactive:cyclical:7,0.0,164.69,4,10.0
1788964219.248643,serverless_reactive:cyclical:7,0.0,164.69,4,10.0
1788964219.4506888,serverless_reactive:cyclical:7,0.0,164.69,4,10.0
1788964219.6528003,serverless_reactive:cyclical:7,0.0,164.69,4,10.0
1788964219.8562684,serverless_reactive:cyclical:7,0.0,164.69,4,10.0
1788964220.0585287,serverless_reactive:cyclical:7,0.0,164.69,4,10.0
1788964220.2607288,serverless_reactive:cyclical:7,0.0,164.69,4,10.0
1788964220.4629188,serverless_reactive:cyclical:7,4.9,164.69,4,10.0
1788964220.6650858,serverless_reactive:cyclical:7,0.0,164.69,4,10.0
1788964220.8670943,serverless_reactive:cyclical:7,0.0,164.69,4,10.0
1788964221.0691795,serverless_reactive:cyclical:7,0.0,164.69,4,10.0
1788964221.2712677,serverless_reactive:cyclical:7,0.0,164.69,4,10.0
1788964221.4736028,serverless_reactive:cyclical:7,4.9,164.69,4,10.0
1788964221.675654,serverless_reactive:cyclical:7,0.0,164.69,4,10.0
1788964221.8779147,serverless_reactive:cyclical:7,0.0,164.69,4,10.0
1788964222.0799084,serverless_reactive:cyclical:7,0.0,164.69,4,10.0
1788964222.28187,serverless_reactive:cyclical:7,5.0,164.69,4,10.0
1788964223.1178505,serverless_reactive:cyclical:8,0.0,36.56,1,10.0
1788964223.3195226,serverless_reactive:cyclical:8,0.0,36.56,1,10.0
1788964223.521309,serverless_reactive:cyclical:8,0.0,36.56,1,10.0
1788964223.7230062,serverless_reactive:cyclical:8,0.0,36.56,1,10.0
1788964223.924974,serverless_reactive:cyclical:8,0.0,36.56,1,10.0
1788964224.1268384,serverless_reactive:cyclical:8,0.0,36.56,1,10.0
1788964224.3285942,serverless_reactive:cyclical:8,0.0,36.56,1,10.0
1788964224.5303805,serverless_reactive:cyclical:8,0.0,36.56,1,10.0
1788964224.7321644,serverless_reactive:cyclical:8,0.0,36.56,1,10.0
1788964224.934063,serverless_reactive:cyclical:8,0.0,36.56,1,10.0
1788964225.135723,serverless_reactive:cyclical:8,0.0,36.56,1,10.0
1788964225.3374982,serverless_reactive:cyclical:8,0.0,36.56,1,10.0
1788964225.539938,serverless_reactive:cyclical:8,0.0,36.56,1,10.0
1788964225.7421803,serverless_reactive:cyclical:8,0.0,36.56,1,10.0
1788964225.944407,serverless_reactive:cyclical:8,0.0,36.56,1,10.0
1788964226.1471896,serverless_reactive:cyclical:8,0.0,36.56,1,10.0
1788964226.349063,serverless_reactive:cyclical:8,0.0,36.56,1,10.0
1788964226.5508735,serverless_reactive:cyclical:8,0.0,36.56,1,10.0
1788964226.7526546,serverless_reactive:cyclical:8,0.0,36.56,1,10.0
1788964226.9553425,serverless_reactive:cyclical:8,0.0,36.56,1,10.0
1788964227.1572006,serverless_reactive:cyclical:8,0.0,36.56,1,10.0
1788964227.35893,serverless_reactive:cyclical:8,0.0,36.56,1,10.0
1788964227.560516,serverless_reactive:cyclical:8,0.0,36.56,1,10.0
1788964227.7623916,serverless_reactive:cyclical:8,0.0,36.56,1,10.0
1788964227.9644325,serverless_reactive:cyclical:8,0.0,36.56,1,10.0
1788964228.1662295,serverless_reactive:cyclical:8,0.0,36.56,1,10.0
1788964228.3678238,serverless_reactive:cyclical:8,0.0,36.56,1,10.0
1788964228.5698998,serverless_reactive:cyclical:8,0.0,36.56,1,10.0
1788964228.7715418,serverless_reactive:cyclical:8,0.0,36.56,1,10.0
1788964228.9738548,serverless_reactive:cyclical:8,0.0,36.56,1,10.0
1788964229.1755788,serverless_reactive:cyclical:8,5.0,36.56,1,10.0
1788964229.377451,serverless_reactive:cyclical:8,0.0,36.56,1,10.0
1788964229.5806687,serverless_reactive:cyclical:8,0.0,36.56,1,10.0
1788964229.782443,serverless_reactive:cyclical:8,0.0,36.56,1,10.0
1788964229.9842458,serverless_reactive:cyclical:8,0.0,36.56,1,10.0
1788964230.1859283,serverless_reactive:cyclical:8,0.0,36.56,1,10.0
1788964230.3882124,serverless_reactive:cyclical:8,0.0,36.56,1,10.0
1788964230.5905533,serverless_reactive:cyclical:8,0.0,36.56,1,10.0
1788964230.7927203,serverless_reactive:cyclical:8,0.0,36.56,1,10.0
1788964230.9944375,serverless_reactive:cyclical:8,0.0,36.56,1,10.0
1788964231.1961403,serverless_reactive:cyclical:8,0.0,36.56,1,10.0
1788964231.3980863,serverless_reactive:cyclical:8,0.0,36.56,1,10.0
1788964231.5998187,serverless_reactive:cyclical:8,0.0,36.56,1,10.0
1788964231.8015828,serverless_reactive:cyclical:8,0.0,36.56,1,10.0
1788964232.0057788,serverless_reactive:cyclical:8,4.9,99.1,4,10.0
1788964232.2075696,serverless_reactive:cyclical:8,198.2,137.37,4,10.0
1788964232.4108043,serverless_reactive:cyclical:8,196.8,154.34,4,10.0
1788964232.6137104,serverless_reactive:cyclical:8,118.3,164.68,4,10.0
1788964232.8157363,serverless_reactive:cyclical:8,0.0,164.68,4,10.0
1788964233.017753,serverless_reactive:cyclical:8,5.0,164.68,4,10.0
1788964233.219859,serverless_reactive:cyclical:8,0.0,164.68,4,10.0
1788964233.421873,serverless_reactive:cyclical:8,0.0,164.68,4,10.0
1788964233.6241505,serverless_reactive:cyclical:8,0.0,164.68,4,10.0
1788964233.8264146,serverless_reactive:cyclical:8,0.0,164.68,4,10.0
1788964234.0284677,serverless_reactive:cyclical:8,0.0,164.68,4,10.0
1788964234.2308836,serverless_reactive:cyclical:8,0.0,164.68,4,10.0
1788964234.4328945,serverless_reactive:cyclical:8,0.0,164.68,4,10.0
1788964234.6349108,serverless_reactive:cyclical:8,0.0,164.68,4,10.0
1788964234.8373046,serverless_reactive:cyclical:8,4.9,164.68,4,10.0
1788964235.0394137,serverless_reactive:cyclical:8,0.0,164.68,4,10.0
1788964235.2415853,serverless_reactive:cyclical:8,0.0,164.68,4,10.0
1788964235.4436016,serverless_reactive:cyclical:8,0.0,164.68,4,10.0
1788964235.6456742,serverless_reactive:cyclical:8,0.0,164.68,4,10.0
1788964235.8477323,serverless_reactive:cyclical:8,0.0,164.68,4,10.0
1788964236.049899,serverless_reactive:cyclical:8,0.0,164.68,4,10.0
1788964236.252246,serverless_reactive:cyclical:8,4.9,164.68,4,10.0
1788964236.4543068,serverless_reactive:cyclical:8,0.0,164.68,4,10.0
1788964236.6575336,serverless_reactive:cyclical:8,0.0,164.68,4,10.0
1788964236.8595362,serverless_reactive:cyclical:8,0.0,164.68,4,10.0
1788964237.061648,serverless_reactive:cyclical:8,0.0,164.68,4,10.0
1788964237.263615,serverless_reactive:cyclical:8,0.0,164.68,4,10.0
1788964237.4661238,serverless_reactive:cyclical:8,0.0,164.68,4,10.0
1788964237.6681604,serverless_reactive:cyclical:8,4.9,164.69,4,10.0
1788964237.870314,serverless_reactive:cyclical:8,0.0,164.69,4,10.0
1788964238.072316,serverless_reactive:cyclical:8,0.0,164.69,4,10.0
1788964238.274401,serverless_reactive:cyclical:8,0.0,164.69,4,10.0
1788964238.477043,serverless_reactive:cyclical:8,0.0,164.69,4,10.0
1788964238.6791384,serverless_reactive:cyclical:8,4.9,164.69,4,10.0
1788964238.881902,serverless_reactive:cyclical:8,0.0,164.69,4,10.0
1788964239.084141,serverless_reactive:cyclical:8,0.0,164.69,4,10.0
1788964239.2862666,serverless_reactive:cyclical:8,0.0,164.69,4,10.0
1788964239.4882948,serverless_reactive:cyclical:8,0.0,164.69,4,10.0
1788964239.69052,serverless_reactive:cyclical:8,0.0,164.69,4,10.0
1788964239.8924625,serverless_reactive:cyclical:8,0.0,164.69,4,10.0
1788964240.0944524,serverless_reactive:cyclical:8,0.0,164.69,4,10.0
1788964240.2963526,serverless_reactive:cyclical:8,0.0,164.69,4,10.0
1788964240.498351,serverless_reactive:cyclical:8,0.0,164.69,4,10.0
1788964240.7012658,serverless_reactive:cyclical:8,0.0,164.69,4,10.0
1788964240.9032097,serverless_reactive:cyclical:8,0.0,164.69,4,10.0
1788964241.1052706,serverless_reactive:cyclical:8,0.0,164.69,4,10.0
1788964241.30718,serverless_reactive:cyclical:8,0.0,164.69,4,10.0
1788964241.5093215,serverless_reactive:cyclical:8,0.0,164.69,4,10.0
1788964241.711396,serverless_reactive:cyclical:8,4.9,164.69,4,10.0
1788964241.91368,serverless_reactive:cyclical:8,0.0,164.69,4,10.0
1788964242.1158364,serverless_reactive:cyclical:8,14.7,164.7,4,10.0
1788964242.3180275,serverless_reactive:cyclical:8,0.0,164.7,4,10.0
1788964242.5201352,serverless_reactive:cyclical:8,0.0,164.7,4,10.0
1788964242.7230632,serverless_reactive:cyclical:8,0.0,164.7,4,10.0
1788964242.926004,serverless_reactive:cyclical:8,4.9,164.7,4,10.0
1788964243.128063,serverless_reactive:cyclical:8,0.0,164.7,4,10.0
1788964243.3300703,serverless_reactive:cyclical:8,0.0,164.7,4,10.0
1788964243.5319078,serverless_reactive:cyclical:8,0.0,164.7,4,10.0
1788964243.7341309,serverless_reactive:cyclical:8,4.9,164.7,4,10.0
1788964243.9362347,serverless_reactive:cyclical:8,0.0,164.7,4,10.0
1788964244.1383142,serverless_reactive:cyclical:8,0.0,164.7,4,10.0
1788964244.3403223,serverless_reactive:cyclical:8,0.0,164.7,4,10.0
1788964244.5424578,serverless_reactive:cyclical:8,0.0,164.7,4,10.0
1788964244.7444222,serverless_reactive:cyclical:8,0.0,164.7,4,10.0
1788964244.9473724,serverless_reactive:cyclical:8,0.0,164.7,4,10.0
1788964245.150481,serverless_reactive:cyclical:8,0.0,164.7,4,10.0
1788964245.3534634,serverless_reactive:cyclical:8,0.0,164.7,4,10.0
1788964245.5564337,serverless_reactive:cyclical:8,0.0,164.7,4,10.0
1788964245.7595265,serverless_reactive:cyclical:8,0.0,164.7,4,10.0
1788964245.9626207,serverless_reactive:cyclical:8,4.9,164.7,4,10.0
1788964246.1647894,serverless_reactive:cyclical:8,0.0,164.7,4,10.0
1788964246.3675764,serverless_reactive:cyclical:8,0.0,164.7,4,10.0
1788964246.569724,serverless_reactive:cyclical:8,0.0,164.7,4,10.0
1788964246.7725682,serverless_reactive:cyclical:8,4.9,164.7,4,10.0
1788964246.9756064,serverless_reactive:cyclical:8,0.0,164.7,4,10.0
1788964247.177737,serverless_reactive:cyclical:8,0.0,164.7,4,10.0
1788964247.3797867,serverless_reactive:cyclical:8,0.0,164.7,4,10.0
1788964247.581981,serverless_reactive:cyclical:8,0.0,164.7,4,10.0
1788964247.7839165,serverless_reactive:cyclical:8,0.0,164.7,4,10.0
1788964247.9867918,serverless_reactive:cyclical:8,0.0,164.7,4,10.0
1788964248.188861,serverless_reactive:cyclical:8,0.0,164.7,4,10.0
1788964248.390805,serverless_reactive:cyclical:8,0.0,164.7,4,10.0
1788964248.5935447,serverless_reactive:cyclical:8,4.9,164.7,4,10.0
1788964248.7955198,serverless_reactive:cyclical:8,0.0,164.7,4,10.0
1788964248.9982507,serverless_reactive:cyclical:8,0.0,164.7,4,10.0
1788964249.2003443,serverless_reactive:cyclical:8,0.0,164.7,4,10.0
1788964249.4023035,serverless_reactive:cyclical:8,0.0,164.7,4,10.0
1788964249.6042683,serverless_reactive:cyclical:8,0.0,164.7,4,10.0
1788964249.8070574,serverless_reactive:cyclical:8,0.0,164.7,4,10.0
1788964250.0090358,serverless_reactive:cyclical:8,5.0,164.7,4,10.0
1788964250.2114568,serverless_reactive:cyclical:8,0.0,164.7,4,10.0
1788964250.4133854,serverless_reactive:cyclical:8,0.0,164.7,4,10.0
1788964250.615277,serverless_reactive:cyclical:8,0.0,164.7,4,10.0
1788964250.8172295,serverless_reactive:cyclical:8,5.0,164.7,4,10.0
1788964251.0201504,serverless_reactive:cyclical:8,9.8,164.71,4,10.0
1788964251.2231362,serverless_reactive:cyclical:8,0.0,164.71,4,10.0
1788964251.4250762,serverless_reactive:cyclical:8,0.0,164.71,4,10.0
1788964251.627718,serverless_reactive:cyclical:8,0.0,164.71,4,10.0
1788964251.8298926,serverless_reactive:cyclical:8,0.0,164.71,4,10.0
1788964252.0320852,serverless_reactive:cyclical:8,0.0,164.71,4,10.0
1788964252.2342246,serverless_reactive:cyclical:8,0.0,164.71,4,10.0
1788964252.4361875,serverless_reactive:cyclical:8,0.0,164.71,4,10.0
1788964252.6382,serverless_reactive:cyclical:8,4.9,164.71,4,10.0
1788964252.8400905,serverless_reactive:cyclical:8,0.0,164.71,4,10.0
1788964253.0422277,serverless_reactive:cyclical:8,0.0,164.71,4,10.0
1788964253.244406,serverless_reactive:cyclical:8,0.0,164.71,4,10.0
1788964253.4465613,serverless_reactive:cyclical:8,0.0,164.71,4,10.0
1788964253.649632,serverless_reactive:cyclical:8,0.0,164.71,4,10.0
1788964253.8518796,serverless_reactive:cyclical:8,4.9,164.71,4,10.0
1788964254.0542808,serverless_reactive:cyclical:8,0.0,164.71,4,10.0
1788964254.2644844,serverless_reactive:cyclical:8,9.6,164.71,4,10.0
1788964254.4666054,serverless_reactive:cyclical:8,0.0,164.71,4,10.0
1788964254.6685486,serverless_reactive:cyclical:8,0.0,164.71,4,10.0
1788964254.870617,serverless_reactive:cyclical:8,0.0,164.71,4,10.0
1788964255.0730515,serverless_reactive:cyclical:8,0.0,164.71,4,10.0
1788964255.2754679,serverless_reactive:cyclical:8,0.0,164.71,4,10.0
1788964255.478311,serverless_reactive:cyclical:8,0.0,164.71,4,10.0
1788964255.680281,serverless_reactive:cyclical:8,0.0,164.71,4,10.0
1788964255.88313,serverless_reactive:cyclical:8,0.0,164.71,4,10.0
1788964256.0854177,serverless_reactive:cyclical:8,0.0,164.71,4,10.0
1788964256.2881675,serverless_reactive:cyclical:8,0.0,164.71,4,10.0
1788964256.490327,serverless_reactive:cyclical:8,0.0,164.71,4,10.0
1788964256.6921942,serverless_reactive:cyclical:8,0.0,164.71,4,10.0
1788964256.8942966,serverless_reactive:cyclical:8,0.0,164.71,4,10.0
1788964257.096456,serverless_reactive:cyclical:8,4.9,164.71,4,10.0
1788964257.2992506,serverless_reactive:cyclical:8,0.0,164.71,4,10.0
1788964257.5018337,serverless_reactive:cyclical:8,0.0,164.71,4,10.0
1788964257.706008,serverless_reactive:cyclical:8,0.0,164.71,4,10.0
1788964257.9084353,serverless_reactive:cyclical:8,0.0,164.71,4,10.0
1788964258.110398,serverless_reactive:cyclical:8,0.0,164.71,4,10.0
1788964258.3122976,serverless_reactive:cyclical:8,0.0,164.71,4,10.0
1788964258.514493,serverless_reactive:cyclical:8,0.0,164.71,4,10.0
1788964258.7168298,serverless_reactive:cyclical:8,0.0,164.71,4,10.0
1788964258.9218128,serverless_reactive:cyclical:8,4.9,164.71,4,10.0
1788964259.1247115,serverless_reactive:cyclical:8,0.0,164.71,4,10.0
1788964259.3271224,serverless_reactive:cyclical:8,0.0,164.71,4,10.0
1788964259.5296578,serverless_reactive:cyclical:8,0.0,164.71,4,10.0
1788964259.7322793,serverless_reactive:cyclical:8,0.0,164.71,4,10.0
1788964259.9390657,serverless_reactive:cyclical:8,0.0,164.71,4,10.0
1788964260.141342,serverless_reactive:cyclical:8,19.7,164.72,4,10.0
1788964260.3432455,serverless_reactive:cyclical:8,0.0,164.72,4,10.0
1788964260.5454648,serverless_reactive:cyclical:8,0.0,164.72,4,10.0
1788964260.7478602,serverless_reactive:cyclical:8,0.0,164.72,4,10.0
1788964260.9505968,serverless_reactive:cyclical:8,4.9,164.72,4,10.0
1788964261.1526144,serverless_reactive:cyclical:8,0.0,164.72,4,10.0
1788964261.355587,serverless_reactive:cyclical:8,0.0,164.72,4,10.0
1788964261.557774,serverless_reactive:cyclical:8,0.0,164.72,4,10.0
1788964261.7600486,serverless_reactive:cyclical:8,4.9,164.72,4,10.0
1788964261.9629247,serverless_reactive:cyclical:8,0.0,164.72,4,10.0
1788964262.1655018,serverless_reactive:cyclical:8,0.0,164.72,4,10.0
1788964262.3676755,serverless_reactive:cyclical:8,4.9,164.72,4,10.0
1788964262.5699337,serverless_reactive:cyclical:8,0.0,164.72,4,10.0
1788964262.7718499,serverless_reactive:cyclical:8,0.0,164.72,4,10.0
1788964262.9738328,serverless_reactive:cyclical:8,0.0,164.72,4,10.0
1788964263.17658,serverless_reactive:cyclical:8,0.0,164.72,4,10.0
1788964263.3785472,serverless_reactive:cyclical:8,0.0,164.72,4,10.0
1788964263.58132,serverless_reactive:cyclical:8,0.0,164.72,4,10.0
1788964263.7832866,serverless_reactive:cyclical:8,5.0,164.72,4,10.0
1788964263.9854062,serverless_reactive:cyclical:8,0.0,164.72,4,10.0
1788964264.1874325,serverless_reactive:cyclical:8,0.0,164.72,4,10.0
1788964264.3893745,serverless_reactive:cyclical:8,0.0,164.72,4,10.0
1788964264.591289,serverless_reactive:cyclical:8,0.0,164.72,4,10.0
1788964264.7934005,serverless_reactive:cyclical:8,0.0,164.72,4,10.0
1788964264.9953415,serverless_reactive:cyclical:8,0.0,164.72,4,10.0
1788964265.197405,serverless_reactive:cyclical:8,0.0,164.72,4,10.0
1788964265.400127,serverless_reactive:cyclical:8,4.9,164.72,4,10.0
1788964265.6030173,serverless_reactive:cyclical:8,0.0,164.72,4,10.0
1788964265.8052728,serverless_reactive:cyclical:8,0.0,164.72,4,10.0
1788964266.007212,serverless_reactive:cyclical:8,0.0,164.72,4,10.0
1788964266.209292,serverless_reactive:cyclical:8,0.0,164.72,4,10.0
1788964266.4112675,serverless_reactive:cyclical:8,0.0,164.72,4,10.0
1788964266.6142168,serverless_reactive:cyclical:8,0.0,164.72,4,10.0
1788964266.8162296,serverless_reactive:cyclical:8,0.0,164.72,4,10.0
1788964267.0183432,serverless_reactive:cyclical:8,0.0,164.72,4,10.0
1788964267.2216225,serverless_reactive:cyclical:8,4.9,164.72,4,10.0
1788964267.4237123,serverless_reactive:cyclical:8,0.0,164.72,4,10.0
1788964267.625865,serverless_reactive:cyclical:8,0.0,164.72,4,10.0
1788964267.8278525,serverless_reactive:cyclical:8,0.0,164.72,4,10.0
1788964268.0298615,serverless_reactive:cyclical:8,0.0,164.72,4,10.0
1788964268.2318473,serverless_reactive:cyclical:8,0.0,164.72,4,10.0
1788964268.4339702,serverless_reactive:cyclical:8,0.0,164.72,4,10.0
1788964268.6369712,serverless_reactive:cyclical:8,0.0,164.72,4,10.0
1788964268.8408206,serverless_reactive:cyclical:8,0.0,164.72,4,10.0
1788964269.0435328,serverless_reactive:cyclical:8,0.0,164.72,4,10.0
1788964270.0427535,serverless_reactive:cyclical:9,0.0,36.72,1,10.0
1788964270.2446463,serverless_reactive:cyclical:9,5.0,36.72,1,10.0
1788964270.4466105,serverless_reactive:cyclical:9,0.0,36.72,1,10.0
1788964270.6494646,serverless_reactive:cyclical:9,0.0,36.72,1,10.0
1788964270.8512363,serverless_reactive:cyclical:9,0.0,36.72,1,10.0
1788964271.0529249,serverless_reactive:cyclical:9,0.0,36.72,1,10.0
1788964271.2547212,serverless_reactive:cyclical:9,0.0,36.72,1,10.0
1788964271.4567602,serverless_reactive:cyclical:9,0.0,36.72,1,10.0
1788964271.6587481,serverless_reactive:cyclical:9,0.0,36.72,1,10.0
1788964271.8612213,serverless_reactive:cyclical:9,0.0,36.72,1,10.0
1788964272.0630045,serverless_reactive:cyclical:9,0.0,36.72,1,10.0
1788964272.264987,serverless_reactive:cyclical:9,0.0,36.72,1,10.0
1788964272.4670243,serverless_reactive:cyclical:9,0.0,36.72,1,10.0
1788964272.6687758,serverless_reactive:cyclical:9,0.0,36.72,1,10.0
1788964272.8706515,serverless_reactive:cyclical:9,0.0,36.72,1,10.0
1788964273.0723722,serverless_reactive:cyclical:9,0.0,36.72,1,10.0
1788964273.2743964,serverless_reactive:cyclical:9,0.0,36.72,1,10.0
1788964273.4762635,serverless_reactive:cyclical:9,0.0,36.72,1,10.0
1788964273.67821,serverless_reactive:cyclical:9,0.0,36.72,1,10.0
1788964273.8803601,serverless_reactive:cyclical:9,0.0,36.72,1,10.0
1788964274.0826757,serverless_reactive:cyclical:9,0.0,36.72,1,10.0
1788964274.2845747,serverless_reactive:cyclical:9,0.0,36.72,1,10.0
1788964274.4864757,serverless_reactive:cyclical:9,0.0,36.72,1,10.0
1788964274.6883335,serverless_reactive:cyclical:9,0.0,36.72,1,10.0
1788964274.8901708,serverless_reactive:cyclical:9,0.0,36.72,1,10.0
1788964275.091946,serverless_reactive:cyclical:9,0.0,36.72,1,10.0
1788964275.2937863,serverless_reactive:cyclical:9,0.0,36.72,1,10.0
1788964275.4955518,serverless_reactive:cyclical:9,0.0,36.72,1,10.0
1788964275.6972039,serverless_reactive:cyclical:9,0.0,36.72,1,10.0
1788964275.8989842,serverless_reactive:cyclical:9,0.0,36.72,1,10.0
1788964276.100716,serverless_reactive:cyclical:9,0.0,36.72,1,10.0
1788964276.3026085,serverless_reactive:cyclical:9,0.0,36.72,1,10.0
1788964276.5043268,serverless_reactive:cyclical:9,0.0,36.72,1,10.0
1788964276.706179,serverless_reactive:cyclical:9,0.0,36.72,1,10.0
1788964276.9079792,serverless_reactive:cyclical:9,0.0,36.72,1,10.0
1788964277.1098008,serverless_reactive:cyclical:9,0.0,36.72,1,10.0
1788964277.3115852,serverless_reactive:cyclical:9,0.0,36.72,1,10.0
1788964277.5135458,serverless_reactive:cyclical:9,0.0,36.72,1,10.0
1788964277.715382,serverless_reactive:cyclical:9,0.0,36.72,1,10.0
1788964277.9171789,serverless_reactive:cyclical:9,0.0,36.72,1,10.0
1788964278.1192448,serverless_reactive:cyclical:9,0.0,36.72,1,10.0
1788964278.32106,serverless_reactive:cyclical:9,0.0,36.72,1,10.0
1788964278.5227528,serverless_reactive:cyclical:9,0.0,36.72,1,10.0
1788964278.725041,serverless_reactive:cyclical:9,0.0,36.72,1,10.0
1788964278.9268155,serverless_reactive:cyclical:9,0.0,36.72,1,10.0
1788964279.1286125,serverless_reactive:cyclical:9,0.0,36.72,1,10.0
1788964279.3303173,serverless_reactive:cyclical:9,0.0,36.72,1,10.0
1788964279.5321012,serverless_reactive:cyclical:9,0.0,36.72,1,10.0
1788964279.733915,serverless_reactive:cyclical:9,0.0,36.72,1,10.0
1788964279.9387586,serverless_reactive:cyclical:9,4.9,64.22,4,10.0
1788964280.140564,serverless_reactive:cyclical:9,193.3,126.97,4,10.0
1788964280.3466377,serverless_reactive:cyclical:9,194.1,147.85,4,10.0
1788964280.5487413,serverless_reactive:cyclical:9,183.0,164.67,4,10.0
1788964280.7517793,serverless_reactive:cyclical:9,14.7,164.83,4,10.0
1788964280.954932,serverless_reactive:cyclical:9,0.0,164.83,4,10.0
1788964281.1577175,serverless_reactive:cyclical:9,4.9,164.83,4,10.0
1788964281.360393,serverless_reactive:cyclical:9,0.0,164.83,4,10.0
1788964281.5624835,serverless_reactive:cyclical:9,0.0,164.83,4,10.0
1788964281.7644455,serverless_reactive:cyclical:9,0.0,164.83,4,10.0
1788964281.9665549,serverless_reactive:cyclical:9,0.0,164.83,4,10.0
1788964282.16851,serverless_reactive:cyclical:9,0.0,164.83,4,10.0
1788964282.3706172,serverless_reactive:cyclical:9,0.0,164.83,4,10.0
1788964282.572581,serverless_reactive:cyclical:9,0.0,164.83,4,10.0
1788964282.7746675,serverless_reactive:cyclical:9,0.0,164.83,4,10.0
1788964282.976613,serverless_reactive:cyclical:9,0.0,164.83,4,10.0
1788964283.178617,serverless_reactive:cyclical:9,5.0,164.83,4,10.0
1788964283.3805156,serverless_reactive:cyclical:9,0.0,164.83,4,10.0
1788964283.5825224,serverless_reactive:cyclical:9,0.0,164.83,4,10.0
1788964283.7845294,serverless_reactive:cyclical:9,0.0,164.83,4,10.0
1788964283.9869163,serverless_reactive:cyclical:9,0.0,164.83,4,10.0
1788964284.1899078,serverless_reactive:cyclical:9,4.9,164.83,4,10.0
1788964284.3919795,serverless_reactive:cyclical:9,0.0,164.83,4,10.0
1788964284.5939777,serverless_reactive:cyclical:9,0.0,164.83,4,10.0
1788964284.7959423,serverless_reactive:cyclical:9,5.0,164.83,4,10.0
1788964284.9980674,serverless_reactive:cyclical:9,0.0,164.83,4,10.0
1788964285.2001534,serverless_reactive:cyclical:9,0.0,164.83,4,10.0
1788964285.4022796,serverless_reactive:cyclical:9,0.0,164.83,4,10.0
1788964285.6043065,serverless_reactive:cyclical:9,0.0,164.83,4,10.0
1788964285.8069942,serverless_reactive:cyclical:9,0.0,164.83,4,10.0
1788964286.0096908,serverless_reactive:cyclical:9,0.0,164.83,4,10.0
1788964286.212531,serverless_reactive:cyclical:9,0.0,164.83,4,10.0
1788964286.414718,serverless_reactive:cyclical:9,0.0,164.83,4,10.0
1788964286.6170816,serverless_reactive:cyclical:9,0.0,164.83,4,10.0
1788964286.8190796,serverless_reactive:cyclical:9,0.0,164.83,4,10.0
1788964287.0212271,serverless_reactive:cyclical:9,0.0,164.83,4,10.0
1788964287.2233143,serverless_reactive:cyclical:9,0.0,164.83,4,10.0
1788964287.4263139,serverless_reactive:cyclical:9,0.0,164.83,4,10.0
1788964287.6284728,serverless_reactive:cyclical:9,0.0,164.83,4,10.0
1788964287.8305295,serverless_reactive:cyclical:9,0.0,164.83,4,10.0
1788964288.0336244,serverless_reactive:cyclical:9,4.9,164.83,4,10.0
1788964288.2367294,serverless_reactive:cyclical:9,0.0,164.83,4,10.0
1788964288.4394398,serverless_reactive:cyclical:9,0.0,164.83,4,10.0
1788964288.658376,serverless_reactive:cyclical:9,9.2,164.83,4,10.0
1788964288.8610415,serverless_reactive:cyclical:9,9.8,164.85,4,10.0
1788964289.062736,serverless_reactive:cyclical:9,0.0,164.85,4,10.0
1788964289.2652075,serverless_reactive:cyclical:9,0.0,164.85,4,10.0
1788964289.4672241,serverless_reactive:cyclical:9,0.0,164.85,4,10.0
1788964289.669482,serverless_reactive:cyclical:9,0.0,164.85,4,10.0
1788964289.8716693,serverless_reactive:cyclical:9,0.0,164.85,4,10.0
1788964290.0735934,serverless_reactive:cyclical:9,0.0,164.85,4,10.0
1788964290.2760065,serverless_reactive:cyclical:9,0.0,164.85,4,10.0
1788964290.4788105,serverless_reactive:cyclical:9,0.0,164.85,4,10.0
1788964290.6807303,serverless_reactive:cyclical:9,5.0,164.85,4,10.0
1788964290.8827372,serverless_reactive:cyclical:9,5.0,164.85,4,10.0
1788964291.0846741,serverless_reactive:cyclical:9,0.0,164.85,4,10.0
1788964291.2866168,serverless_reactive:cyclical:9,0.0,164.85,4,10.0
1788964291.4889064,serverless_reactive:cyclical:9,0.0,164.85,4,10.0
1788964291.6909568,serverless_reactive:cyclical:9,4.9,164.85,4,10.0
1788964291.8934062,serverless_reactive:cyclical:9,0.0,164.85,4,10.0
1788964292.095866,serverless_reactive:cyclical:9,0.0,164.85,4,10.0
1788964292.2980454,serverless_reactive:cyclical:9,4.9,164.85,4,10.0
1788964292.500221,serverless_reactive:cyclical:9,0.0,164.85,4,10.0
1788964292.702943,serverless_reactive:cyclical:9,0.0,164.85,4,10.0
1788964292.9050164,serverless_reactive:cyclical:9,0.0,164.85,4,10.0
1788964293.1071515,serverless_reactive:cyclical:9,0.0,164.85,4,10.0
1788964293.3093243,serverless_reactive:cyclical:9,0.0,164.85,4,10.0
1788964293.511351,serverless_reactive:cyclical:9,0.0,164.85,4,10.0
1788964293.7134879,serverless_reactive:cyclical:9,0.0,164.85,4,10.0
1788964293.9154818,serverless_reactive:cyclical:9,0.0,164.85,4,10.0
1788964294.1184678,serverless_reactive:cyclical:9,0.0,164.85,4,10.0
1788964294.3212385,serverless_reactive:cyclical:9,0.0,164.85,4,10.0
1788964294.5238636,serverless_reactive:cyclical:9,0.0,164.85,4,10.0
1788964294.7267792,serverless_reactive:cyclical:9,0.0,164.85,4,10.0
1788964294.9300234,serverless_reactive:cyclical:9,0.0,164.85,4,10.0
1788964295.133498,serverless_reactive:cyclical:9,0.0,164.85,4,10.0
1788964295.3355157,serverless_reactive:cyclical:9,0.0,164.85,4,10.0
1788964295.5375009,serverless_reactive:cyclical:9,0.0,164.85,4,10.0
1788964295.7394958,serverless_reactive:cyclical:9,0.0,164.85,4,10.0
1788964295.941618,serverless_reactive:cyclical:9,0.0,164.85,4,10.0
1788964296.143665,serverless_reactive:cyclical:9,0.0,164.85,4,10.0
1788964296.346425,serverless_reactive:cyclical:9,4.9,164.85,4,10.0
1788964296.548441,serverless_reactive:cyclical:9,0.0,164.85,4,10.0
1788964296.7507443,serverless_reactive:cyclical:9,4.9,164.85,4,10.0
1788964296.9529228,serverless_reactive:cyclical:9,4.9,164.85,4,10.0
1788964297.154963,serverless_reactive:cyclical:9,0.0,164.85,4,10.0
1788964297.3570728,serverless_reactive:cyclical:9,0.0,164.85,4,10.0
1788964297.5591846,serverless_reactive:cyclical:9,0.0,164.85,4,10.0
1788964297.7618308,serverless_reactive:cyclical:9,4.9,164.85,4,10.0
1788964297.9641216,serverless_reactive:cyclical:9,0.0,164.85,4,10.0
1788964298.1662843,serverless_reactive:cyclical:9,0.0,164.85,4,10.0
1788964298.3685837,serverless_reactive:cyclical:9,0.0,164.85,4,10.0
1788964298.570916,serverless_reactive:cyclical:9,4.9,164.85,4,10.0
1788964298.772852,serverless_reactive:cyclical:9,0.0,164.85,4,10.0
1788964298.975576,serverless_reactive:cyclical:9,0.0,164.85,4,10.0
1788964299.1776772,serverless_reactive:cyclical:9,4.9,164.85,4,10.0
1788964299.379733,serverless_reactive:cyclical:9,0.0,164.85,4,10.0
1788964299.5817435,serverless_reactive:cyclical:9,0.0,164.85,4,10.0
1788964299.7838376,serverless_reactive:cyclical:9,0.0,164.85,4,10.0
1788964299.9858904,serverless_reactive:cyclical:9,0.0,164.85,4,10.0
1788964300.1878574,serverless_reactive:cyclical:9,5.0,164.85,4,10.0
1788964300.3915718,serverless_reactive:cyclical:9,0.0,164.85,4,10.0
1788964300.5936568,serverless_reactive:cyclical:9,0.0,164.85,4,10.0
1788964300.7955537,serverless_reactive:cyclical:9,5.0,164.85,4,10.0
1788964300.9984643,serverless_reactive:cyclical:9,0.0,164.85,4,10.0
1788964301.2006202,serverless_reactive:cyclical:9,0.0,164.85,4,10.0
1788964301.4030733,serverless_reactive:cyclical:9,0.0,164.85,4,10.0
1788964301.6063523,serverless_reactive:cyclical:9,0.0,164.85,4,10.0
1788964301.808456,serverless_reactive:cyclical:9,0.0,164.85,4,10.0
1788964302.0116053,serverless_reactive:cyclical:9,4.9,164.85,4,10.0
1788964302.2138307,serverless_reactive:cyclical:9,0.0,164.85,4,10.0
1788964302.41596,serverless_reactive:cyclical:9,0.0,164.85,4,10.0
1788964302.618297,serverless_reactive:cyclical:9,0.0,164.85,4,10.0
1788964302.8203118,serverless_reactive:cyclical:9,0.0,164.85,4,10.0
1788964303.0225701,serverless_reactive:cyclical:9,0.0,164.85,4,10.0
1788964303.22552,serverless_reactive:cyclical:9,4.9,164.85,4,10.0
1788964303.4280288,serverless_reactive:cyclical:9,0.0,164.85,4,10.0
1788964303.6307018,serverless_reactive:cyclical:9,4.9,164.85,4,10.0
1788964303.833555,serverless_reactive:cyclical:9,0.0,164.85,4,10.0
1788964304.0364234,serverless_reactive:cyclical:9,0.0,164.85,4,10.0
1788964304.23911,serverless_reactive:cyclical:9,0.0,164.85,4,10.0
1788964304.4410226,serverless_reactive:cyclical:9,0.0,164.85,4,10.0
1788964304.6429048,serverless_reactive:cyclical:9,0.0,164.85,4,10.0
1788964304.8448591,serverless_reactive:cyclical:9,0.0,164.85,4,10.0
1788964305.046818,serverless_reactive:cyclical:9,0.0,164.85,4,10.0
1788964305.2488244,serverless_reactive:cyclical:9,0.0,164.85,4,10.0
1788964305.4506905,serverless_reactive:cyclical:9,0.0,164.85,4,10.0
1788964305.652731,serverless_reactive:cyclical:9,0.0,164.85,4,10.0
1788964305.854691,serverless_reactive:cyclical:9,0.0,164.85,4,10.0
1788964306.0575001,serverless_reactive:cyclical:9,0.0,164.85,4,10.0
1788964306.2601848,serverless_reactive:cyclical:9,0.0,164.85,4,10.0
1788964306.4623463,serverless_reactive:cyclical:9,0.0,164.85,4,10.0
1788964306.6652966,serverless_reactive:cyclical:9,19.6,164.87,4,10.0
1788964306.8672957,serverless_reactive:cyclical:9,0.0,164.87,4,10.0
1788964307.069404,serverless_reactive:cyclical:9,0.0,164.87,4,10.0
1788964307.2715166,serverless_reactive:cyclical:9,0.0,164.87,4,10.0
1788964307.4735868,serverless_reactive:cyclical:9,0.0,164.87,4,10.0
1788964307.6759136,serverless_reactive:cyclical:9,0.0,164.87,4,10.0
1788964307.8780115,serverless_reactive:cyclical:9,0.0,164.87,4,10.0
1788964308.0799785,serverless_reactive:cyclical:9,0.0,164.87,4,10.0
1788964308.2818651,serverless_reactive:cyclical:9,0.0,164.87,4,10.0
1788964308.4837775,serverless_reactive:cyclical:9,0.0,164.87,4,10.0
1788964308.6857827,serverless_reactive:cyclical:9,0.0,164.87,4,10.0
1788964308.8878386,serverless_reactive:cyclical:9,4.9,164.87,4,10.0
1788964309.0898812,serverless_reactive:cyclical:9,0.0,164.87,4,10.0
1788964309.2919035,serverless_reactive:cyclical:9,0.0,164.87,4,10.0
1788964309.4937835,serverless_reactive:cyclical:9,0.0,164.87,4,10.0
1788964309.6959393,serverless_reactive:cyclical:9,4.9,164.87,4,10.0
1788964309.8979356,serverless_reactive:cyclical:9,0.0,164.87,4,10.0
1788964310.099979,serverless_reactive:cyclical:9,4.9,164.87,4,10.0
1788964310.3021402,serverless_reactive:cyclical:9,0.0,164.87,4,10.0
1788964310.503991,serverless_reactive:cyclical:9,5.0,164.87,4,10.0
1788964310.706354,serverless_reactive:cyclical:9,0.0,164.87,4,10.0
1788964310.908413,serverless_reactive:cyclical:9,0.0,164.87,4,10.0
1788964311.110405,serverless_reactive:cyclical:9,0.0,164.87,4,10.0
1788964311.312453,serverless_reactive:cyclical:9,0.0,164.87,4,10.0
1788964311.5143974,serverless_reactive:cyclical:9,0.0,164.87,4,10.0
1788964311.7164726,serverless_reactive:cyclical:9,0.0,164.87,4,10.0
1788964311.918816,serverless_reactive:cyclical:9,0.0,164.87,4,10.0
1788964312.1220922,serverless_reactive:cyclical:9,0.0,164.87,4,10.0
1788964312.3244336,serverless_reactive:cyclical:9,0.0,164.87,4,10.0
1788964312.5265996,serverless_reactive:cyclical:9,0.0,164.87,4,10.0
1788964312.7287939,serverless_reactive:cyclical:9,0.0,164.87,4,10.0
1788964312.9309406,serverless_reactive:cyclical:9,0.0,164.87,4,10.0
1788964313.132983,serverless_reactive:cyclical:9,0.0,164.87,4,10.0
1788964313.3348482,serverless_reactive:cyclical:9,5.0,164.87,4,10.0
1788964313.5368195,serverless_reactive:cyclical:9,0.0,164.87,4,10.0
1788964313.738706,serverless_reactive:cyclical:9,0.0,164.87,4,10.0
1788964313.9406097,serverless_reactive:cyclical:9,0.0,164.87,4,10.0
1788964314.142658,serverless_reactive:cyclical:9,0.0,164.87,4,10.0
1788964314.344536,serverless_reactive:cyclical:9,5.0,164.87,4,10.0
1788964314.546495,serverless_reactive:cyclical:9,0.0,164.87,4,10.0
1788964314.7484186,serverless_reactive:cyclical:9,0.0,164.87,4,10.0
1788964314.9505415,serverless_reactive:cyclical:9,0.0,164.87,4,10.0
1788964315.1527436,serverless_reactive:cyclical:9,4.9,164.87,4,10.0
1788964315.3546805,serverless_reactive:cyclical:9,0.0,164.87,4,10.0
1788964315.5566065,serverless_reactive:cyclical:9,0.0,164.87,4,10.0
1788964315.7587893,serverless_reactive:cyclical:9,0.0,164.87,4,10.0
1788964315.961299,serverless_reactive:cyclical:9,9.8,164.87,4,10.0
1788964316.7833428,serverless_reactive:cyclical:10,0.0,36.72,1,10.0
1788964316.9853356,serverless_reactive:cyclical:10,0.0,36.72,1,10.0
1788964317.1878238,serverless_reactive:cyclical:10,0.0,36.72,1,10.0
1788964317.3895965,serverless_reactive:cyclical:10,0.0,36.73,1,10.0
1788964317.5918229,serverless_reactive:cyclical:10,0.0,36.73,1,10.0
1788964317.7938883,serverless_reactive:cyclical:10,0.0,36.73,1,10.0
1788964317.9955528,serverless_reactive:cyclical:10,0.0,36.73,1,10.0
1788964318.1973348,serverless_reactive:cyclical:10,0.0,36.73,1,10.0
1788964318.3990724,serverless_reactive:cyclical:10,0.0,36.73,1,10.0
1788964318.6010249,serverless_reactive:cyclical:10,0.0,36.73,1,10.0
1788964318.8028533,serverless_reactive:cyclical:10,0.0,36.73,1,10.0
1788964319.0047662,serverless_reactive:cyclical:10,0.0,36.73,1,10.0
1788964319.2066283,serverless_reactive:cyclical:10,0.0,36.73,1,10.0
1788964319.4082854,serverless_reactive:cyclical:10,0.0,36.73,1,10.0
1788964319.6437314,serverless_reactive:cyclical:10,0.0,36.73,1,10.0
1788964319.8456674,serverless_reactive:cyclical:10,0.0,36.73,1,10.0
1788964320.0476246,serverless_reactive:cyclical:10,0.0,36.73,1,10.0
1788964320.2504983,serverless_reactive:cyclical:10,0.0,36.73,1,10.0
1788964320.452603,serverless_reactive:cyclical:10,0.0,36.73,1,10.0
1788964320.6547563,serverless_reactive:cyclical:10,0.0,36.73,1,10.0
1788964320.857094,serverless_reactive:cyclical:10,0.0,36.73,1,10.0
1788964321.058864,serverless_reactive:cyclical:10,0.0,36.73,1,10.0
1788964321.2607288,serverless_reactive:cyclical:10,0.0,36.73,1,10.0
1788964321.4626968,serverless_reactive:cyclical:10,0.0,36.73,1,10.0
1788964321.6645741,serverless_reactive:cyclical:10,0.0,36.73,1,10.0
1788964321.866733,serverless_reactive:cyclical:10,0.0,36.73,1,10.0
1788964322.0691025,serverless_reactive:cyclical:10,0.0,36.73,1,10.0
1788964322.271643,serverless_reactive:cyclical:10,0.0,36.73,1,10.0
1788964322.4735906,serverless_reactive:cyclical:10,0.0,36.73,1,10.0
1788964322.675269,serverless_reactive:cyclical:10,0.0,36.73,1,10.0
1788964322.8770041,serverless_reactive:cyclical:10,0.0,36.73,1,10.0
1788964323.0786703,serverless_reactive:cyclical:10,0.0,36.73,1,10.0
1788964323.280704,serverless_reactive:cyclical:10,0.0,36.73,1,10.0
1788964323.482327,serverless_reactive:cyclical:10,0.0,36.73,1,10.0
1788964323.683999,serverless_reactive:cyclical:10,0.0,36.73,1,10.0
1788964323.8864207,serverless_reactive:cyclical:10,0.0,36.73,1,10.0
1788964324.0882242,serverless_reactive:cyclical:10,0.0,36.73,1,10.0
1788964324.2900078,serverless_reactive:cyclical:10,0.0,36.73,1,10.0
1788964324.49164,serverless_reactive:cyclical:10,0.0,36.73,1,10.0
1788964324.693385,serverless_reactive:cyclical:10,0.0,36.73,1,10.0
1788964324.895657,serverless_reactive:cyclical:10,0.0,36.73,1,10.0
1788964325.097403,serverless_reactive:cyclical:10,0.0,36.73,1,10.0
1788964325.2990353,serverless_reactive:cyclical:10,0.0,36.73,1,10.0
1788964325.5011804,serverless_reactive:cyclical:10,0.0,36.73,1,10.0
1788964325.7029579,serverless_reactive:cyclical:10,0.0,36.73,1,10.0
1788964325.9046218,serverless_reactive:cyclical:10,5.0,36.73,1,10.0
1788964326.107002,serverless_reactive:cyclical:10,0.0,36.73,1,10.0
1788964326.3148725,serverless_reactive:cyclical:10,9.6,115.95,4,10.0
1788964326.5166585,serverless_reactive:cyclical:10,188.4,145.29,4,10.0
1788964326.7186778,serverless_reactive:cyclical:10,197.9,160.48,4,10.0
1788964326.920995,serverless_reactive:cyclical:10,44.4,164.96,4,10.0
1788964327.1230206,serverless_reactive:cyclical:10,0.0,164.96,4,10.0
1788964327.3259223,serverless_reactive:cyclical:10,0.0,164.96,4,10.0
1788964327.5280757,serverless_reactive:cyclical:10,4.9,164.96,4,10.0
1788964327.730248,serverless_reactive:cyclical:10,0.0,164.96,4,10.0
1788964327.9323456,serverless_reactive:cyclical:10,0.0,164.96,4,10.0
1788964328.1343806,serverless_reactive:cyclical:10,4.9,164.96,4,10.0
1788964328.3362749,serverless_reactive:cyclical:10,0.0,164.96,4,10.0
1788964328.5382557,serverless_reactive:cyclical:10,0.0,164.96,4,10.0
1788964328.7400825,serverless_reactive:cyclical:10,0.0,164.96,4,10.0
1788964328.9420307,serverless_reactive:cyclical:10,0.0,164.96,4,10.0
1788964329.1440582,serverless_reactive:cyclical:10,0.0,164.96,4,10.0
1788964329.346952,serverless_reactive:cyclical:10,0.0,164.96,4,10.0
1788964329.5489306,serverless_reactive:cyclical:10,0.0,164.96,4,10.0
1788964329.7510753,serverless_reactive:cyclical:10,0.0,164.96,4,10.0
1788964329.9530678,serverless_reactive:cyclical:10,0.0,164.96,4,10.0
1788964330.154935,serverless_reactive:cyclical:10,0.0,164.96,4,10.0
1788964330.3569376,serverless_reactive:cyclical:10,0.0,164.96,4,10.0
1788964330.5589197,serverless_reactive:cyclical:10,5.0,164.96,4,10.0
1788964330.7609842,serverless_reactive:cyclical:10,4.9,164.96,4,10.0
1788964330.9627476,serverless_reactive:cyclical:10,0.0,164.96,4,10.0
1788964331.1646247,serverless_reactive:cyclical:10,0.0,164.96,4,10.0
1788964331.3666232,serverless_reactive:cyclical:10,0.0,164.96,4,10.0
1788964331.5685732,serverless_reactive:cyclical:10,0.0,164.96,4,10.0
1788964331.7704692,serverless_reactive:cyclical:10,0.0,164.96,4,10.0
1788964331.9724348,serverless_reactive:cyclical:10,0.0,164.96,4,10.0
1788964332.1742854,serverless_reactive:cyclical:10,0.0,164.96,4,10.0
1788964332.3762052,serverless_reactive:cyclical:10,0.0,164.96,4,10.0
1788964332.5786736,serverless_reactive:cyclical:10,4.9,164.96,4,10.0
1788964332.7805696,serverless_reactive:cyclical:10,0.0,164.96,4,10.0
1788964332.9829388,serverless_reactive:cyclical:10,0.0,164.96,4,10.0
1788964333.184809,serverless_reactive:cyclical:10,5.0,164.96,4,10.0
1788964333.3875618,serverless_reactive:cyclical:10,0.0,164.96,4,10.0
1788964333.589534,serverless_reactive:cyclical:10,0.0,164.96,4,10.0
1788964333.791528,serverless_reactive:cyclical:10,0.0,164.96,4,10.0
1788964333.9936056,serverless_reactive:cyclical:10,0.0,164.96,4,10.0
1788964334.1955037,serverless_reactive:cyclical:10,0.0,164.96,4,10.0
1788964334.3974373,serverless_reactive:cyclical:10,0.0,164.96,4,10.0
1788964334.5993543,serverless_reactive:cyclical:10,0.0,164.96,4,10.0
1788964334.8014936,serverless_reactive:cyclical:10,0.0,164.96,4,10.0
1788964335.0034258,serverless_reactive:cyclical:10,5.0,164.96,4,10.0
1788964335.205448,serverless_reactive:cyclical:10,0.0,164.96,4,10.0
1788964335.4073415,serverless_reactive:cyclical:10,0.0,164.96,4,10.0
1788964335.6092873,serverless_reactive:cyclical:10,0.0,164.96,4,10.0
1788964335.812216,serverless_reactive:cyclical:10,0.0,164.96,4,10.0
1788964336.0141983,serverless_reactive:cyclical:10,0.0,164.96,4,10.0
1788964336.216238,serverless_reactive:cyclical:10,0.0,164.96,4,10.0
1788964336.4205806,serverless_reactive:cyclical:10,0.0,164.96,4,10.0
1788964336.622992,serverless_reactive:cyclical:10,0.0,164.96,4,10.0
1788964336.8263505,serverless_reactive:cyclical:10,19.6,164.99,4,10.0
1788964337.0288148,serverless_reactive:cyclical:10,0.0,164.99,4,10.0
1788964337.2312438,serverless_reactive:cyclical:10,0.0,164.99,4,10.0
1788964337.4334683,serverless_reactive:cyclical:10,0.0,164.99,4,10.0
1788964337.635329,serverless_reactive:cyclical:10,5.0,164.99,4,10.0
1788964337.8373315,serverless_reactive:cyclical:10,0.0,164.99,4,10.0
1788964338.0403042,serverless_reactive:cyclical:10,0.0,164.99,4,10.0
1788964338.2422354,serverless_reactive:cyclical:10,0.0,164.99,4,10.0
1788964338.4440064,serverless_reactive:cyclical:10,0.0,164.99,4,10.0
1788964338.6460173,serverless_reactive:cyclical:10,0.0,164.99,4,10.0
1788964338.848086,serverless_reactive:cyclical:10,0.0,164.99,4,10.0
1788964339.0501168,serverless_reactive:cyclical:10,0.0,164.99,4,10.0
1788964339.2521348,serverless_reactive:cyclical:10,0.0,164.99,4,10.0
1788964339.4540792,serverless_reactive:cyclical:10,5.0,164.99,4,10.0
1788964339.6559112,serverless_reactive:cyclical:10,0.0,164.99,4,10.0
1788964339.857832,serverless_reactive:cyclical:10,0.0,164.99,4,10.0
1788964340.059659,serverless_reactive:cyclical:10,0.0,164.99,4,10.0
1788964340.2617607,serverless_reactive:cyclical:10,0.0,164.99,4,10.0
1788964340.463662,serverless_reactive:cyclical:10,0.0,164.99,4,10.0
1788964340.6655846,serverless_reactive:cyclical:10,0.0,164.99,4,10.0
1788964340.8674839,serverless_reactive:cyclical:10,0.0,164.99,4,10.0
1788964341.0694094,serverless_reactive:cyclical:10,5.0,164.99,4,10.0
1788964341.2712414,serverless_reactive:cyclical:10,0.0,164.99,4,10.0
1788964341.4740155,serverless_reactive:cyclical:10,4.9,164.99,4,10.0
1788964341.6758623,serverless_reactive:cyclical:10,0.0,164.99,4,10.0
1788964341.8777995,serverless_reactive:cyclical:10,0.0,164.99,4,10.0
1788964342.0796318,serverless_reactive:cyclical:10,0.0,164.99,4,10.0
1788964342.281796,serverless_reactive:cyclical:10,0.0,164.99,4,10.0
1788964342.483761,serverless_reactive:cyclical:10,0.0,164.99,4,10.0
1788964342.6863804,serverless_reactive:cyclical:10,0.0,164.99,4,10.0
1788964342.888279,serverless_reactive:cyclical:10,0.0,164.99,4,10.0
1788964343.0900948,serverless_reactive:cyclical:10,0.0,164.99,4,10.0
1788964343.291844,serverless_reactive:cyclical:10,0.0,164.99,4,10.0
1788964343.4937348,serverless_reactive:cyclical:10,0.0,164.99,4,10.0
1788964343.6955423,serverless_reactive:cyclical:10,0.0,164.99,4,10.0
1788964343.8975167,serverless_reactive:cyclical:10,0.0,164.99,4,10.0
1788964344.0998328,serverless_reactive:cyclical:10,0.0,164.99,4,10.0
1788964344.301769,serverless_reactive:cyclical:10,0.0,164.99,4,10.0
1788964344.5037243,serverless_reactive:cyclical:10,0.0,164.99,4,10.0
1788964344.7062209,serverless_reactive:cyclical:10,0.0,164.99,4,10.0
1788964344.9092789,serverless_reactive:cyclical:10,4.9,164.99,4,10.0
1788964345.111116,serverless_reactive:cyclical:10,0.0,164.99,4,10.0
1788964345.3130083,serverless_reactive:cyclical:10,0.0,164.99,4,10.0
1788964345.5148919,serverless_reactive:cyclical:10,0.0,164.99,4,10.0
1788964345.7169423,serverless_reactive:cyclical:10,0.0,164.99,4,10.0
1788964345.9188762,serverless_reactive:cyclical:10,0.0,164.99,4,10.0
1788964346.121002,serverless_reactive:cyclical:10,14.7,165.0,4,10.0
1788964346.323824,serverless_reactive:cyclical:10,9.8,165.0,4,10.0
1788964346.5257413,serverless_reactive:cyclical:10,0.0,165.0,4,10.0
1788964346.72767,serverless_reactive:cyclical:10,0.0,165.0,4,10.0
1788964346.9296966,serverless_reactive:cyclical:10,0.0,165.0,4,10.0
1788964347.1317317,serverless_reactive:cyclical:10,0.0,165.0,4,10.0
1788964347.333763,serverless_reactive:cyclical:10,0.0,165.0,4,10.0
1788964347.5357502,serverless_reactive:cyclical:10,5.0,165.0,4,10.0
1788964347.7379196,serverless_reactive:cyclical:10,0.0,165.0,4,10.0
1788964347.9398398,serverless_reactive:cyclical:10,0.0,165.0,4,10.0
1788964348.141958,serverless_reactive:cyclical:10,0.0,165.0,4,10.0
1788964348.3440444,serverless_reactive:cyclical:10,4.9,165.0,4,10.0
1788964348.5463254,serverless_reactive:cyclical:10,0.0,165.0,4,10.0
1788964348.7481363,serverless_reactive:cyclical:10,0.0,165.0,4,10.0
1788964348.9503853,serverless_reactive:cyclical:10,4.9,165.0,4,10.0
1788964349.1551828,serverless_reactive:cyclical:10,0.0,165.0,4,10.0
1788964349.3580582,serverless_reactive:cyclical:10,0.0,165.0,4,10.0
1788964349.5599856,serverless_reactive:cyclical:10,0.0,165.0,4,10.0
1788964349.7940943,serverless_reactive:cyclical:10,0.0,165.0,4,10.0
1788964349.996423,serverless_reactive:cyclical:10,0.0,165.0,4,10.0
1788964350.1983402,serverless_reactive:cyclical:10,0.0,165.0,4,10.0
1788964350.400737,serverless_reactive:cyclical:10,0.0,165.0,4,10.0
1788964350.6029553,serverless_reactive:cyclical:10,4.9,165.0,4,10.0
1788964350.804964,serverless_reactive:cyclical:10,0.0,165.0,4,10.0
1788964351.0072026,serverless_reactive:cyclical:10,0.0,165.0,4,10.0
1788964351.2095196,serverless_reactive:cyclical:10,0.0,165.0,4,10.0
1788964351.4122245,serverless_reactive:cyclical:10,0.0,165.0,4,10.0
1788964351.6142538,serverless_reactive:cyclical:10,0.0,165.0,4,10.0
1788964351.8162565,serverless_reactive:cyclical:10,0.0,165.0,4,10.0
1788964352.0192118,serverless_reactive:cyclical:10,0.0,165.0,4,10.0
1788964352.2210934,serverless_reactive:cyclical:10,0.0,165.0,4,10.0
1788964352.423183,serverless_reactive:cyclical:10,0.0,165.0,4,10.0
1788964352.6260414,serverless_reactive:cyclical:10,0.0,165.0,4,10.0
1788964352.8280277,serverless_reactive:cyclical:10,5.0,165.0,4,10.0
1788964353.0302138,serverless_reactive:cyclical:10,0.0,165.0,4,10.0
1788964353.2321966,serverless_reactive:cyclical:10,0.0,165.0,4,10.0
1788964353.4341505,serverless_reactive:cyclical:10,0.0,165.0,4,10.0
1788964353.6360679,serverless_reactive:cyclical:10,0.0,165.0,4,10.0
1788964353.8384576,serverless_reactive:cyclical:10,4.9,165.0,4,10.0
1788964354.040686,serverless_reactive:cyclical:10,0.0,165.0,4,10.0
1788964354.242637,serverless_reactive:cyclical:10,0.0,165.0,4,10.0
1788964354.4444616,serverless_reactive:cyclical:10,10.0,165.01,4,10.0
1788964354.6473444,serverless_reactive:cyclical:10,4.9,165.01,4,10.0
1788964354.8495922,serverless_reactive:cyclical:10,0.0,165.01,4,10.0
1788964355.0529094,serverless_reactive:cyclical:10,0.0,165.01,4,10.0
1788964355.2553642,serverless_reactive:cyclical:10,0.0,165.01,4,10.0
1788964355.4575741,serverless_reactive:cyclical:10,0.0,165.01,4,10.0
1788964355.660289,serverless_reactive:cyclical:10,0.0,165.01,4,10.0
1788964355.8627381,serverless_reactive:cyclical:10,0.0,165.01,4,10.0
1788964356.0665174,serverless_reactive:cyclical:10,0.0,165.01,4,10.0
1788964356.2688148,serverless_reactive:cyclical:10,4.9,165.01,4,10.0
1788964356.472022,serverless_reactive:cyclical:10,4.9,165.01,4,10.0
1788964356.6743639,serverless_reactive:cyclical:10,9.8,165.01,4,10.0
1788964356.8770764,serverless_reactive:cyclical:10,0.0,165.01,4,10.0
1788964357.0797727,serverless_reactive:cyclical:10,0.0,165.01,4,10.0
1788964357.2825375,serverless_reactive:cyclical:10,0.0,165.01,4,10.0
1788964357.4853609,serverless_reactive:cyclical:10,0.0,165.01,4,10.0
1788964357.68823,serverless_reactive:cyclical:10,0.0,165.01,4,10.0
1788964357.8906589,serverless_reactive:cyclical:10,0.0,165.01,4,10.0
1788964358.0925786,serverless_reactive:cyclical:10,0.0,165.01,4,10.0
1788964358.2946486,serverless_reactive:cyclical:10,0.0,165.01,4,10.0
1788964358.4966812,serverless_reactive:cyclical:10,0.0,165.01,4,10.0
1788964358.6986246,serverless_reactive:cyclical:10,0.0,165.01,4,10.0
1788964358.9004252,serverless_reactive:cyclical:10,0.0,165.01,4,10.0
1788964359.1029437,serverless_reactive:cyclical:10,0.0,165.01,4,10.0
1788964359.3048599,serverless_reactive:cyclical:10,0.0,165.01,4,10.0
1788964359.5068598,serverless_reactive:cyclical:10,0.0,165.01,4,10.0
1788964359.7087564,serverless_reactive:cyclical:10,0.0,165.01,4,10.0
1788964359.9107225,serverless_reactive:cyclical:10,0.0,165.01,4,10.0
1788964360.112581,serverless_reactive:cyclical:10,0.0,165.01,4,10.0
1788964360.3147733,serverless_reactive:cyclical:10,0.0,165.01,4,10.0
1788964360.516725,serverless_reactive:cyclical:10,0.0,165.01,4,10.0
1788964360.718671,serverless_reactive:cyclical:10,0.0,165.01,4,10.0
1788964360.9206254,serverless_reactive:cyclical:10,5.0,165.01,4,10.0
1788964361.122667,serverless_reactive:cyclical:10,0.0,165.01,4,10.0
1788964361.3246307,serverless_reactive:cyclical:10,0.0,165.01,4,10.0
1788964361.5270445,serverless_reactive:cyclical:10,0.0,165.01,4,10.0
1788964361.7290158,serverless_reactive:cyclical:10,5.0,165.01,4,10.0
1788964361.930793,serverless_reactive:cyclical:10,5.0,165.01,4,10.0
1788964362.1329021,serverless_reactive:cyclical:10,0.0,165.01,4,10.0
1788964362.3348892,serverless_reactive:cyclical:10,0.0,165.01,4,10.0
1788964362.536909,serverless_reactive:cyclical:10,0.0,165.01,4,10.0
1788964362.7388318,serverless_reactive:cyclical:10,0.0,165.01,4,10.0
1788964362.9408107,serverless_reactive:cyclical:10,0.0,165.01,4,10.0
1788964363.14265,serverless_reactive:cyclical:10,0.0,165.01,4,10.0
1788964363.3448095,serverless_reactive:cyclical:10,0.0,165.01,4,10.0
1788964363.549947,serverless_reactive:cyclical:10,9.8,165.02,4,10.0
1788964364.3617668,serverless_reactive:cyclical:11,0.0,36.66,1,10.0
1788964364.5636399,serverless_reactive:cyclical:11,0.0,36.66,1,10.0
1788964364.7654974,serverless_reactive:cyclical:11,0.0,36.66,1,10.0
1788964364.967506,serverless_reactive:cyclical:11,0.0,36.66,1,10.0
1788964365.1693032,serverless_reactive:cyclical:11,0.0,36.66,1,10.0
1788964365.3711967,serverless_reactive:cyclical:11,0.0,36.66,1,10.0
1788964365.573029,serverless_reactive:cyclical:11,0.0,36.66,1,10.0
1788964365.7747855,serverless_reactive:cyclical:11,0.0,36.66,1,10.0
1788964365.9765248,serverless_reactive:cyclical:11,0.0,36.66,1,10.0
1788964366.178289,serverless_reactive:cyclical:11,0.0,36.66,1,10.0
1788964366.3800561,serverless_reactive:cyclical:11,0.0,36.66,1,10.0
1788964366.581809,serverless_reactive:cyclical:11,0.0,36.66,1,10.0
1788964366.783486,serverless_reactive:cyclical:11,0.0,36.66,1,10.0
1788964366.985294,serverless_reactive:cyclical:11,0.0,36.66,1,10.0
1788964367.1869826,serverless_reactive:cyclical:11,0.0,36.66,1,10.0
1788964367.3888829,serverless_reactive:cyclical:11,0.0,36.66,1,10.0
1788964367.5906265,serverless_reactive:cyclical:11,0.0,36.66,1,10.0
1788964367.7924047,serverless_reactive:cyclical:11,0.0,36.66,1,10.0
1788964367.9942718,serverless_reactive:cyclical:11,0.0,36.66,1,10.0
1788964368.1960135,serverless_reactive:cyclical:11,0.0,36.66,1,10.0
1788964368.3984752,serverless_reactive:cyclical:11,0.0,36.66,1,10.0
1788964368.6003447,serverless_reactive:cyclical:11,0.0,36.66,1,10.0
1788964368.802559,serverless_reactive:cyclical:11,0.0,36.66,1,10.0
1788964369.004669,serverless_reactive:cyclical:11,0.0,36.66,1,10.0
1788964369.2071671,serverless_reactive:cyclical:11,0.0,36.66,1,10.0
1788964369.4094071,serverless_reactive:cyclical:11,0.0,36.66,1,10.0
1788964369.611511,serverless_reactive:cyclical:11,0.0,36.66,1,10.0
1788964369.8141797,serverless_reactive:cyclical:11,0.0,36.66,1,10.0
1788964370.0167465,serverless_reactive:cyclical:11,0.0,36.66,1,10.0
1788964370.219067,serverless_reactive:cyclical:11,0.0,36.66,1,10.0
1788964370.4213333,serverless_reactive:cyclical:11,4.9,36.66,1,10.0
1788964370.6237473,serverless_reactive:cyclical:11,0.0,36.66,1,10.0
1788964370.8259635,serverless_reactive:cyclical:11,0.0,36.66,1,10.0
1788964371.028272,serverless_reactive:cyclical:11,0.0,36.66,1,10.0
1788964371.2309024,serverless_reactive:cyclical:11,0.0,36.66,1,10.0
1788964371.4333642,serverless_reactive:cyclical:11,0.0,36.66,1,10.0
1788964371.635543,serverless_reactive:cyclical:11,0.0,36.66,1,10.0
1788964371.8380864,serverless_reactive:cyclical:11,0.0,36.66,1,10.0
1788964372.0398934,serverless_reactive:cyclical:11,0.0,36.66,1,10.0
1788964372.2418194,serverless_reactive:cyclical:11,0.0,36.66,1,10.0
1788964372.4438612,serverless_reactive:cyclical:11,0.0,36.66,1,10.0
1788964372.6457176,serverless_reactive:cyclical:11,0.0,36.66,1,10.0
1788964372.847646,serverless_reactive:cyclical:11,0.0,36.66,1,10.0
1788964373.0504253,serverless_reactive:cyclical:11,0.0,36.66,1,10.0
1788964373.2521372,serverless_reactive:cyclical:11,0.0,36.66,1,10.0
1788964373.454159,serverless_reactive:cyclical:11,0.0,36.66,1,10.0
1788964373.6566274,serverless_reactive:cyclical:11,0.0,36.66,1,10.0
1788964373.863615,serverless_reactive:cyclical:11,4.8,74.13,4,10.0
1788964374.0697944,serverless_reactive:cyclical:11,193.9,129.01,4,10.0
1788964374.2715583,serverless_reactive:cyclical:11,198.3,148.81,4,10.0
1788964374.4738493,serverless_reactive:cyclical:11,163.2,162.8,4,10.0
1788964374.675949,serverless_reactive:cyclical:11,19.7,164.91,4,10.0
1788964374.8784785,serverless_reactive:cyclical:11,0.0,164.91,4,10.0
1788964375.0804698,serverless_reactive:cyclical:11,0.0,164.91,4,10.0
1788964375.2824585,serverless_reactive:cyclical:11,0.0,164.91,4,10.0
1788964375.484623,serverless_reactive:cyclical:11,0.0,164.91,4,10.0
1788964375.686972,serverless_reactive:cyclical:11,9.8,164.91,4,10.0
1788964375.8891706,serverless_reactive:cyclical:11,0.0,164.91,4,10.0
1788964376.0911698,serverless_reactive:cyclical:11,0.0,164.91,4,10.0
1788964376.2932966,serverless_reactive:cyclical:11,0.0,164.91,4,10.0
1788964376.4951992,serverless_reactive:cyclical:11,0.0,164.91,4,10.0
1788964376.6980913,serverless_reactive:cyclical:11,0.0,164.91,4,10.0
1788964376.9001088,serverless_reactive:cyclical:11,0.0,164.91,4,10.0
1788964377.102136,serverless_reactive:cyclical:11,0.0,164.91,4,10.0
1788964377.3118198,serverless_reactive:cyclical:11,0.0,164.91,4,10.0
1788964377.5147638,serverless_reactive:cyclical:11,0.0,164.91,4,10.0
1788964377.7167475,serverless_reactive:cyclical:11,0.0,164.91,4,10.0
1788964377.9187012,serverless_reactive:cyclical:11,0.0,164.91,4,10.0
1788964378.1206272,serverless_reactive:cyclical:11,0.0,164.91,4,10.0
1788964378.3227804,serverless_reactive:cyclical:11,0.0,164.91,4,10.0
1788964378.5247495,serverless_reactive:cyclical:11,0.0,164.91,4,10.0
1788964378.7274911,serverless_reactive:cyclical:11,0.0,164.91,4,10.0
1788964378.9296324,serverless_reactive:cyclical:11,0.0,164.91,4,10.0
1788964379.1316304,serverless_reactive:cyclical:11,0.0,164.91,4,10.0
1788964379.333824,serverless_reactive:cyclical:11,0.0,164.91,4,10.0
1788964379.5358675,serverless_reactive:cyclical:11,9.8,164.91,4,10.0
1788964379.737958,serverless_reactive:cyclical:11,0.0,164.91,4,10.0
1788964379.9398932,serverless_reactive:cyclical:11,0.0,164.91,4,10.0
1788964380.1419573,serverless_reactive:cyclical:11,4.9,164.91,4,10.0
1788964380.343938,serverless_reactive:cyclical:11,0.0,164.91,4,10.0
1788964380.546058,serverless_reactive:cyclical:11,0.0,164.91,4,10.0
1788964380.7482395,serverless_reactive:cyclical:11,0.0,164.91,4,10.0
1788964380.9505477,serverless_reactive:cyclical:11,0.0,164.91,4,10.0
1788964381.1526449,serverless_reactive:cyclical:11,0.0,164.91,4,10.0
1788964381.3550773,serverless_reactive:cyclical:11,0.0,164.91,4,10.0
1788964381.5581918,serverless_reactive:cyclical:11,0.0,164.91,4,10.0
1788964381.7603319,serverless_reactive:cyclical:11,4.9,164.91,4,10.0
1788964381.9624724,serverless_reactive:cyclical:11,0.0,164.91,4,10.0
1788964382.164536,serverless_reactive:cyclical:11,0.0,164.91,4,10.0
1788964382.3665707,serverless_reactive:cyclical:11,0.0,164.91,4,10.0
1788964382.5687516,serverless_reactive:cyclical:11,0.0,164.91,4,10.0
1788964382.7717013,serverless_reactive:cyclical:11,0.0,164.91,4,10.0
1788964382.9746172,serverless_reactive:cyclical:11,14.7,164.92,4,10.0
1788964383.1767988,serverless_reactive:cyclical:11,0.0,164.92,4,10.0
1788964383.3788006,serverless_reactive:cyclical:11,4.9,164.92,4,10.0
1788964383.581286,serverless_reactive:cyclical:11,0.0,164.92,4,10.0
1788964383.783974,serverless_reactive:cyclical:11,0.0,164.92,4,10.0
1788964383.9861217,serverless_reactive:cyclical:11,0.0,164.92,4,10.0
1788964384.1882942,serverless_reactive:cyclical:11,0.0,164.92,4,10.0
1788964384.390349,serverless_reactive:cyclical:11,0.0,164.92,4,10.0
1788964384.5923288,serverless_reactive:cyclical:11,0.0,164.92,4,10.0
1788964384.7945068,serverless_reactive:cyclical:11,0.0,164.92,4,10.0
1788964384.9969938,serverless_reactive:cyclical:11,0.0,164.92,4,10.0
1788964385.198931,serverless_reactive:cyclical:11,0.0,164.92,4,10.0
1788964385.4010267,serverless_reactive:cyclical:11,0.0,164.92,4,10.0
1788964385.6032274,serverless_reactive:cyclical:11,0.0,164.92,4,10.0
1788964385.8052335,serverless_reactive:cyclical:11,0.0,164.92,4,10.0
1788964386.0081987,serverless_reactive:cyclical:11,0.0,164.92,4,10.0
1788964386.211369,serverless_reactive:cyclical:11,0.0,164.92,4,10.0
1788964386.413682,serverless_reactive:cyclical:11,0.0,164.92,4,10.0
1788964386.6163428,serverless_reactive:cyclical:11,0.0,164.92,4,10.0
1788964386.8185134,serverless_reactive:cyclical:11,4.9,164.92,4,10.0
1788964387.020682,serverless_reactive:cyclical:11,4.9,164.92,4,10.0
1788964387.22275,serverless_reactive:cyclical:11,0.0,164.92,4,10.0
1788964387.4247577,serverless_reactive:cyclical:11,5.0,164.92,4,10.0
1788964387.6267805,serverless_reactive:cyclical:11,0.0,164.92,4,10.0
1788964387.829043,serverless_reactive:cyclical:11,0.0,164.92,4,10.0
1788964388.0312579,serverless_reactive:cyclical:11,0.0,164.92,4,10.0
1788964388.2346056,serverless_reactive:cyclical:11,0.0,164.92,4,10.0
1788964388.4365249,serverless_reactive:cyclical:11,0.0,164.92,4,10.0
1788964388.6387286,serverless_reactive:cyclical:11,0.0,164.92,4,10.0
1788964388.8407815,serverless_reactive:cyclical:11,0.0,164.92,4,10.0
1788964389.0430114,serverless_reactive:cyclical:11,0.0,164.92,4,10.0
1788964389.2449908,serverless_reactive:cyclical:11,0.0,164.92,4,10.0
1788964389.4469173,serverless_reactive:cyclical:11,0.0,164.92,4,10.0
1788964389.6489673,serverless_reactive:cyclical:11,0.0,164.92,4,10.0
1788964389.851302,serverless_reactive:cyclical:11,0.0,164.92,4,10.0
1788964390.0537355,serverless_reactive:cyclical:11,0.0,164.92,4,10.0
1788964390.255921,serverless_reactive:cyclical:11,0.0,164.92,4,10.0
1788964390.4579847,serverless_reactive:cyclical:11,0.0,164.92,4,10.0
1788964390.6602483,serverless_reactive:cyclical:11,0.0,164.92,4,10.0
1788964390.862358,serverless_reactive:cyclical:11,0.0,164.92,4,10.0
1788964391.0642874,serverless_reactive:cyclical:11,0.0,164.92,4,10.0
1788964391.267137,serverless_reactive:cyclical:11,4.9,164.92,4,10.0
1788964391.4702158,serverless_reactive:cyclical:11,0.0,164.92,4,10.0
1788964391.673706,serverless_reactive:cyclical:11,0.0,164.92,4,10.0
1788964391.8766978,serverless_reactive:cyclical:11,4.9,164.92,4,10.0
1788964392.079845,serverless_reactive:cyclical:11,4.9,164.92,4,10.0
1788964392.2833912,serverless_reactive:cyclical:11,0.0,164.92,4,10.0
1788964392.4864688,serverless_reactive:cyclical:11,0.0,164.92,4,10.0
1788964392.689874,serverless_reactive:cyclical:11,4.9,164.93,4,10.0
1788964392.8919172,serverless_reactive:cyclical:11,0.0,164.93,4,10.0
1788964393.094153,serverless_reactive:cyclical:11,0.0,164.93,4,10.0
1788964393.2962463,serverless_reactive:cyclical:11,4.9,164.93,4,10.0
1788964393.4987388,serverless_reactive:cyclical:11,4.9,164.93,4,10.0
1788964393.7009175,serverless_reactive:cyclical:11,0.0,164.93,4,10.0
1788964393.903785,serverless_reactive:cyclical:11,0.0,164.93,4,10.0
1788964394.1072462,serverless_reactive:cyclical:11,4.9,164.93,4,10.0
1788964394.3094916,serverless_reactive:cyclical:11,0.0,164.93,4,10.0
1788964394.5115294,serverless_reactive:cyclical:11,4.9,164.93,4,10.0
1788964394.7137828,serverless_reactive:cyclical:11,0.0,164.93,4,10.0
1788964394.9168,serverless_reactive:cyclical:11,0.0,164.93,4,10.0
1788964395.1189654,serverless_reactive:cyclical:11,0.0,164.93,4,10.0
1788964395.321956,serverless_reactive:cyclical:11,0.0,164.93,4,10.0
1788964395.5248525,serverless_reactive:cyclical:11,0.0,164.93,4,10.0
1788964395.727745,serverless_reactive:cyclical:11,0.0,164.93,4,10.0
1788964395.9298224,serverless_reactive:cyclical:11,0.0,164.93,4,10.0
1788964396.1329641,serverless_reactive:cyclical:11,0.0,164.93,4,10.0
1788964396.3348715,serverless_reactive:cyclical:11,0.0,164.93,4,10.0
1788964396.5372071,serverless_reactive:cyclical:11,0.0,164.93,4,10.0
1788964396.7392094,serverless_reactive:cyclical:11,0.0,164.93,4,10.0
1788964396.941209,serverless_reactive:cyclical:11,0.0,164.93,4,10.0
1788964397.1432915,serverless_reactive:cyclical:11,4.9,164.93,4,10.0
1788964397.3455274,serverless_reactive:cyclical:11,0.0,164.93,4,10.0
1788964397.547606,serverless_reactive:cyclical:11,0.0,164.93,4,10.0
1788964397.74967,serverless_reactive:cyclical:11,4.9,164.93,4,10.0
1788964397.951863,serverless_reactive:cyclical:11,0.0,164.93,4,10.0
1788964398.1538358,serverless_reactive:cyclical:11,0.0,164.93,4,10.0
1788964398.3557599,serverless_reactive:cyclical:11,0.0,164.93,4,10.0
1788964398.5578394,serverless_reactive:cyclical:11,0.0,164.93,4,10.0
1788964398.760296,serverless_reactive:cyclical:11,0.0,164.93,4,10.0
1788964398.9623685,serverless_reactive:cyclical:11,0.0,164.93,4,10.0
1788964399.1655104,serverless_reactive:cyclical:11,0.0,164.93,4,10.0
1788964399.367508,serverless_reactive:cyclical:11,0.0,164.93,4,10.0
1788964399.569927,serverless_reactive:cyclical:11,9.8,164.93,4,10.0
1788964399.772152,serverless_reactive:cyclical:11,0.0,164.93,4,10.0
1788964399.9742413,serverless_reactive:cyclical:11,0.0,164.93,4,10.0
1788964400.1762056,serverless_reactive:cyclical:11,0.0,164.93,4,10.0
1788964400.378372,serverless_reactive:cyclical:11,0.0,164.93,4,10.0
1788964400.5808108,serverless_reactive:cyclical:11,0.0,164.93,4,10.0
1788964400.7829816,serverless_reactive:cyclical:11,0.0,164.93,4,10.0
1788964400.9853704,serverless_reactive:cyclical:11,0.0,164.93,4,10.0
1788964401.187428,serverless_reactive:cyclical:11,0.0,164.93,4,10.0
1788964401.3894393,serverless_reactive:cyclical:11,0.0,164.93,4,10.0
1788964401.591718,serverless_reactive:cyclical:11,0.0,164.93,4,10.0
1788964401.794705,serverless_reactive:cyclical:11,0.0,164.93,4,10.0
1788964401.9982593,serverless_reactive:cyclical:11,0.0,164.93,4,10.0
1788964402.2004066,serverless_reactive:cyclical:11,0.0,164.93,4,10.0
1788964402.4030788,serverless_reactive:cyclical:11,14.7,164.94,4,10.0
1788964402.6050131,serverless_reactive:cyclical:11,0.0,164.94,4,10.0
1788964402.8072526,serverless_reactive:cyclical:11,0.0,164.94,4,10.0
1788964403.0091674,serverless_reactive:cyclical:11,0.0,164.94,4,10.0
1788964403.2122896,serverless_reactive:cyclical:11,0.0,164.94,4,10.0
1788964403.4142654,serverless_reactive:cyclical:11,0.0,164.94,4,10.0
1788964403.6167202,serverless_reactive:cyclical:11,4.9,164.94,4,10.0
1788964403.8190675,serverless_reactive:cyclical:11,0.0,164.94,4,10.0
1788964404.0212343,serverless_reactive:cyclical:11,0.0,164.94,4,10.0
1788964404.2230747,serverless_reactive:cyclical:11,0.0,164.94,4,10.0
1788964404.4250395,serverless_reactive:cyclical:11,5.0,164.94,4,10.0
1788964404.6270492,serverless_reactive:cyclical:11,0.0,164.94,4,10.0
1788964404.8290322,serverless_reactive:cyclical:11,0.0,164.94,4,10.0
1788964405.0309598,serverless_reactive:cyclical:11,0.0,164.94,4,10.0
1788964405.2334194,serverless_reactive:cyclical:11,0.0,164.94,4,10.0
1788964405.4354293,serverless_reactive:cyclical:11,0.0,164.94,4,10.0
1788964405.6378489,serverless_reactive:cyclical:11,0.0,164.94,4,10.0
1788964405.8400686,serverless_reactive:cyclical:11,4.9,164.94,4,10.0
1788964406.0421374,serverless_reactive:cyclical:11,0.0,164.94,4,10.0
1788964406.2442157,serverless_reactive:cyclical:11,4.9,164.94,4,10.0
1788964406.4464915,serverless_reactive:cyclical:11,0.0,164.94,4,10.0
1788964406.648382,serverless_reactive:cyclical:11,0.0,164.94,4,10.0
1788964406.850425,serverless_reactive:cyclical:11,0.0,164.94,4,10.0
1788964407.0524018,serverless_reactive:cyclical:11,0.0,164.94,4,10.0
1788964407.254714,serverless_reactive:cyclical:11,0.0,164.94,4,10.0
1788964407.4568696,serverless_reactive:cyclical:11,4.9,164.94,4,10.0
1788964407.659909,serverless_reactive:cyclical:11,0.0,164.94,4,10.0
1788964407.8622456,serverless_reactive:cyclical:11,0.0,164.94,4,10.0
1788964408.0643075,serverless_reactive:cyclical:11,0.0,164.94,4,10.0
1788964408.2664537,serverless_reactive:cyclical:11,0.0,164.94,4,10.0
1788964408.4686618,serverless_reactive:cyclical:11,0.0,164.94,4,10.0
1788964408.671149,serverless_reactive:cyclical:11,0.0,164.94,4,10.0
1788964408.873609,serverless_reactive:cyclical:11,0.0,164.94,4,10.0
1788964409.0756829,serverless_reactive:cyclical:11,0.0,164.94,4,10.0
1788964409.2777464,serverless_reactive:cyclical:11,0.0,164.94,4,10.0
1788964409.4798453,serverless_reactive:cyclical:11,0.0,164.94,4,10.0
1788964409.6820264,serverless_reactive:cyclical:11,0.0,164.94,4,10.0
1788964409.8839142,serverless_reactive:cyclical:11,0.0,164.94,4,10.0
1788964410.085983,serverless_reactive:cyclical:11,4.9,164.94,4,10.0
1788964410.288248,serverless_reactive:cyclical:11,0.0,164.94,4,10.0
1788964410.4902496,serverless_reactive:cyclical:11,0.0,164.94,4,10.0
1788964410.6922417,serverless_reactive:cyclical:11,5.0,164.94,4,10.0
1788964410.894378,serverless_reactive:cyclical:11,0.0,164.94,4,10.0
1788964411.0963337,serverless_reactive:cyclical:11,0.0,164.94,4,10.0
1788964411.2984715,serverless_reactive:cyclical:11,0.0,164.94,4,10.0
1788964411.500743,serverless_reactive:cyclical:11,0.0,164.94,4,10.0
1788964411.7027025,serverless_reactive:cyclical:11,0.0,164.94,4,10.0
1788964411.904678,serverless_reactive:cyclical:11,0.0,164.94,4,10.0
1788964412.1074986,serverless_reactive:cyclical:11,9.8,164.94,4,10.0
1788964412.9276605,serverless_reactive:cyclical:12,0.0,36.66,1,10.0
1788964413.1294158,serverless_reactive:cyclical:12,0.0,36.66,1,10.0
1788964413.3318796,serverless_reactive:cyclical:12,0.0,36.66,1,10.0
1788964413.5338786,serverless_reactive:cyclical:12,0.0,36.66,1,10.0
1788964413.7356718,serverless_reactive:cyclical:12,0.0,36.66,1,10.0
1788964413.9374566,serverless_reactive:cyclical:12,0.0,36.66,1,10.0
1788964414.1394665,serverless_reactive:cyclical:12,0.0,36.66,1,10.0
1788964414.3412817,serverless_reactive:cyclical:12,0.0,36.66,1,10.0
1788964414.543266,serverless_reactive:cyclical:12,0.0,36.66,1,10.0
1788964414.7460206,serverless_reactive:cyclical:12,0.0,36.66,1,10.0
1788964414.9488604,serverless_reactive:cyclical:12,0.0,36.66,1,10.0
1788964415.15187,serverless_reactive:cyclical:12,0.0,36.66,1,10.0
1788964415.3544416,serverless_reactive:cyclical:12,0.0,36.66,1,10.0
1788964415.5576608,serverless_reactive:cyclical:12,0.0,36.66,1,10.0
1788964415.7596672,serverless_reactive:cyclical:12,0.0,36.66,1,10.0
1788964415.9616344,serverless_reactive:cyclical:12,0.0,36.66,1,10.0
1788964416.163371,serverless_reactive:cyclical:12,0.0,36.66,1,10.0
1788964416.3658264,serverless_reactive:cyclical:12,0.0,36.66,1,10.0
1788964416.5676856,serverless_reactive:cyclical:12,0.0,36.66,1,10.0
1788964416.769874,serverless_reactive:cyclical:12,0.0,36.66,1,10.0
1788964416.971925,serverless_reactive:cyclical:12,0.0,36.66,1,10.0
1788964417.173869,serverless_reactive:cyclical:12,0.0,36.66,1,10.0
1788964417.3755744,serverless_reactive:cyclical:12,0.0,36.66,1,10.0
1788964417.5773954,serverless_reactive:cyclical:12,0.0,36.66,1,10.0
1788964417.7793994,serverless_reactive:cyclical:12,0.0,36.66,1,10.0
1788964417.9825,serverless_reactive:cyclical:12,0.0,36.66,1,10.0
1788964418.185333,serverless_reactive:cyclical:12,0.0,36.66,1,10.0
1788964418.3871057,serverless_reactive:cyclical:12,0.0,36.66,1,10.0
1788964418.5887718,serverless_reactive:cyclical:12,0.0,36.66,1,10.0
1788964418.790548,serverless_reactive:cyclical:12,0.0,36.66,1,10.0
1788964418.9923308,serverless_reactive:cyclical:12,0.0,36.66,1,10.0
1788964419.1954093,serverless_reactive:cyclical:12,0.0,36.66,1,10.0
1788964419.3972561,serverless_reactive:cyclical:12,0.0,36.66,1,10.0
1788964419.5990133,serverless_reactive:cyclical:12,0.0,36.66,1,10.0
1788964419.8008296,serverless_reactive:cyclical:12,0.0,36.66,1,10.0
1788964420.0027764,serverless_reactive:cyclical:12,0.0,36.66,1,10.0
1788964420.2046237,serverless_reactive:cyclical:12,0.0,36.66,1,10.0
1788964420.406601,serverless_reactive:cyclical:12,0.0,36.66,1,10.0
1788964420.6083713,serverless_reactive:cyclical:12,0.0,36.66,1,10.0
1788964420.810173,serverless_reactive:cyclical:12,0.0,36.66,1,10.0
1788964421.0122478,serverless_reactive:cyclical:12,9.9,73.91,4,10.0
1788964421.2185977,serverless_reactive:cyclical:12,198.7,128.17,4,10.0
1788964421.4203959,serverless_reactive:cyclical:12,198.3,147.89,4,10.0
1788964421.6239755,serverless_reactive:cyclical:12,181.7,164.49,4,10.0
1788964421.8268735,serverless_reactive:cyclical:12,4.9,164.73,4,10.0
1788964422.0290647,serverless_reactive:cyclical:12,0.0,164.73,4,10.0
1788964422.2311614,serverless_reactive:cyclical:12,0.0,164.73,4,10.0
1788964422.4331994,serverless_reactive:cyclical:12,5.0,164.73,4,10.0
1788964422.6351733,serverless_reactive:cyclical:12,0.0,164.73,4,10.0
1788964422.8372533,serverless_reactive:cyclical:12,10.0,164.73,4,10.0
1788964423.0391638,serverless_reactive:cyclical:12,0.0,164.73,4,10.0
1788964423.2412906,serverless_reactive:cyclical:12,0.0,164.73,4,10.0
1788964423.4432616,serverless_reactive:cyclical:12,0.0,164.73,4,10.0
1788964423.6461196,serverless_reactive:cyclical:12,0.0,164.73,4,10.0
1788964423.8480647,serverless_reactive:cyclical:12,0.0,164.73,4,10.0
1788964424.0502832,serverless_reactive:cyclical:12,0.0,164.73,4,10.0
1788964424.2524936,serverless_reactive:cyclical:12,0.0,164.73,4,10.0
1788964424.4544454,serverless_reactive:cyclical:12,0.0,164.73,4,10.0
1788964424.6563346,serverless_reactive:cyclical:12,0.0,164.73,4,10.0
1788964424.8583653,serverless_reactive:cyclical:12,0.0,164.73,4,10.0
1788964425.0603611,serverless_reactive:cyclical:12,0.0,164.73,4,10.0
1788964425.26252,serverless_reactive:cyclical:12,0.0,164.73,4,10.0
1788964425.4647229,serverless_reactive:cyclical:12,4.9,164.73,4,10.0
1788964425.6671126,serverless_reactive:cyclical:12,0.0,164.73,4,10.0
1788964425.8694615,serverless_reactive:cyclical:12,0.0,164.73,4,10.0
1788964426.0719552,serverless_reactive:cyclical:12,4.9,164.73,4,10.0
1788964426.2742763,serverless_reactive:cyclical:12,0.0,164.73,4,10.0
1788964426.4763706,serverless_reactive:cyclical:12,0.0,164.73,4,10.0
1788964426.6782598,serverless_reactive:cyclical:12,0.0,164.73,4,10.0
1788964426.881481,serverless_reactive:cyclical:12,4.9,164.73,4,10.0
1788964427.0834746,serverless_reactive:cyclical:12,5.0,164.73,4,10.0
1788964427.2855842,serverless_reactive:cyclical:12,4.9,164.73,4,10.0
1788964427.4879107,serverless_reactive:cyclical:12,0.0,164.73,4,10.0
1788964427.6905463,serverless_reactive:cyclical:12,0.0,164.73,4,10.0
1788964427.8927505,serverless_reactive:cyclical:12,0.0,164.73,4,10.0
1788964428.0948746,serverless_reactive:cyclical:12,0.0,164.73,4,10.0
1788964428.2974296,serverless_reactive:cyclical:12,0.0,164.73,4,10.0
1788964428.4995346,serverless_reactive:cyclical:12,0.0,164.73,4,10.0
1788964428.7017796,serverless_reactive:cyclical:12,0.0,164.73,4,10.0
1788964428.903938,serverless_reactive:cyclical:12,0.0,164.73,4,10.0
1788964429.1060264,serverless_reactive:cyclical:12,0.0,164.73,4,10.0
1788964429.3080368,serverless_reactive:cyclical:12,0.0,164.73,4,10.0
1788964429.5102518,serverless_reactive:cyclical:12,0.0,164.73,4,10.0
1788964429.712737,serverless_reactive:cyclical:12,0.0,164.73,4,10.0
1788964429.9148183,serverless_reactive:cyclical:12,0.0,164.73,4,10.0
1788964430.1172998,serverless_reactive:cyclical:12,0.0,164.73,4,10.0
1788964430.3192213,serverless_reactive:cyclical:12,0.0,164.73,4,10.0
1788964430.521194,serverless_reactive:cyclical:12,0.0,164.73,4,10.0
1788964430.7231581,serverless_reactive:cyclical:12,0.0,164.73,4,10.0
1788964430.9252892,serverless_reactive:cyclical:12,0.0,164.73,4,10.0
1788964431.1276293,serverless_reactive:cyclical:12,0.0,164.73,4,10.0
1788964431.3296828,serverless_reactive:cyclical:12,4.9,164.73,4,10.0
1788964431.5326812,serverless_reactive:cyclical:12,9.8,164.73,4,10.0
1788964431.7370877,serverless_reactive:cyclical:12,4.9,164.74,4,10.0
1788964431.940176,serverless_reactive:cyclical:12,0.0,164.74,4,10.0
1788964432.1431987,serverless_reactive:cyclical:12,0.0,164.74,4,10.0
1788964432.345987,serverless_reactive:cyclical:12,4.9,164.74,4,10.0
1788964432.5489242,serverless_reactive:cyclical:12,0.0,164.74,4,10.0
1788964432.7509453,serverless_reactive:cyclical:12,4.9,164.74,4,10.0
1788964432.9529493,serverless_reactive:cyclical:12,0.0,164.74,4,10.0
1788964433.154839,serverless_reactive:cyclical:12,5.0,164.74,4,10.0
1788964433.3567557,serverless_reactive:cyclical:12,0.0,164.74,4,10.0
1788964433.5598624,serverless_reactive:cyclical:12,0.0,164.74,4,10.0
1788964433.7620108,serverless_reactive:cyclical:12,0.0,164.74,4,10.0
1788964433.9653285,serverless_reactive:cyclical:12,0.0,164.74,4,10.0
1788964434.1672404,serverless_reactive:cyclical:12,0.0,164.74,4,10.0
1788964434.369673,serverless_reactive:cyclical:12,0.0,164.74,4,10.0
1788964434.5717793,serverless_reactive:cyclical:12,0.0,164.74,4,10.0
1788964434.7737541,serverless_reactive:cyclical:12,0.0,164.74,4,10.0
1788964434.97582,serverless_reactive:cyclical:12,0.0,164.74,4,10.0
1788964435.1778986,serverless_reactive:cyclical:12,0.0,164.74,4,10.0
1788964435.3798451,serverless_reactive:cyclical:12,0.0,164.74,4,10.0
1788964435.5818744,serverless_reactive:cyclical:12,0.0,164.74,4,10.0
1788964435.7843485,serverless_reactive:cyclical:12,0.0,164.74,4,10.0
1788964435.9863992,serverless_reactive:cyclical:12,0.0,164.74,4,10.0
1788964436.1882308,serverless_reactive:cyclical:12,0.0,164.74,4,10.0
1788964436.390338,serverless_reactive:cyclical:12,0.0,164.74,4,10.0
1788964436.5928109,serverless_reactive:cyclical:12,0.0,164.74,4,10.0
1788964436.7947938,serverless_reactive:cyclical:12,9.9,164.74,4,10.0
1788964436.9968438,serverless_reactive:cyclical:12,0.0,164.74,4,10.0
1788964437.1988237,serverless_reactive:cyclical:12,0.0,164.74,4,10.0
1788964437.4027824,serverless_reactive:cyclical:12,9.8,164.74,4,10.0
1788964437.605013,serverless_reactive:cyclical:12,0.0,164.74,4,10.0
1788964437.807042,serverless_reactive:cyclical:12,0.0,164.74,4,10.0
1788964438.0093582,serverless_reactive:cyclical:12,0.0,164.74,4,10.0
1788964438.2117305,serverless_reactive:cyclical:12,0.0,164.74,4,10.0
1788964438.4139152,serverless_reactive:cyclical:12,0.0,164.74,4,10.0
1788964438.6168733,serverless_reactive:cyclical:12,0.0,164.74,4,10.0
1788964438.818992,serverless_reactive:cyclical:12,0.0,164.74,4,10.0
1788964439.0209167,serverless_reactive:cyclical:12,0.0,164.74,4,10.0
1788964439.2228682,serverless_reactive:cyclical:12,0.0,164.74,4,10.0
1788964439.4246874,serverless_reactive:cyclical:12,0.0,164.74,4,10.0
1788964439.626991,serverless_reactive:cyclical:12,0.0,164.74,4,10.0
1788964439.8295264,serverless_reactive:cyclical:12,0.0,164.74,4,10.0
1788964440.0317404,serverless_reactive:cyclical:12,0.0,164.74,4,10.0
1788964440.234065,serverless_reactive:cyclical:12,0.0,164.74,4,10.0
1788964440.4365644,serverless_reactive:cyclical:12,19.6,164.75,4,10.0
1788964440.6391687,serverless_reactive:cyclical:12,0.0,164.75,4,10.0
1788964440.8412325,serverless_reactive:cyclical:12,0.0,164.75,4,10.0
1788964441.044001,serverless_reactive:cyclical:12,0.0,164.75,4,10.0
1788964441.2463474,serverless_reactive:cyclical:12,0.0,164.75,4,10.0
1788964441.448604,serverless_reactive:cyclical:12,0.0,164.75,4,10.0
1788964441.6516154,serverless_reactive:cyclical:12,0.0,164.75,4,10.0
1788964441.8539464,serverless_reactive:cyclical:12,0.0,164.75,4,10.0
1788964442.0561724,serverless_reactive:cyclical:12,0.0,164.75,4,10.0
1788964442.258663,serverless_reactive:cyclical:12,0.0,164.75,4,10.0
1788964442.4610236,serverless_reactive:cyclical:12,0.0,164.75,4,10.0
1788964442.6631432,serverless_reactive:cyclical:12,0.0,164.75,4,10.0
1788964442.8656733,serverless_reactive:cyclical:12,0.0,164.75,4,10.0
1788964443.0677865,serverless_reactive:cyclical:12,4.9,164.75,4,10.0
1788964443.2698338,serverless_reactive:cyclical:12,0.0,164.75,4,10.0
1788964443.471846,serverless_reactive:cyclical:12,0.0,164.75,4,10.0
1788964443.6739054,serverless_reactive:cyclical:12,0.0,164.75,4,10.0
1788964443.875852,serverless_reactive:cyclical:12,0.0,164.75,4,10.0
1788964444.0779023,serverless_reactive:cyclical:12,0.0,164.75,4,10.0
1788964444.280114,serverless_reactive:cyclical:12,4.9,164.75,4,10.0
1788964444.4822416,serverless_reactive:cyclical:12,0.0,164.75,4,10.0
1788964444.684233,serverless_reactive:cyclical:12,0.0,164.75,4,10.0
1788964444.8862274,serverless_reactive:cyclical:12,5.0,164.75,4,10.0
1788964445.0881245,serverless_reactive:cyclical:12,0.0,164.75,4,10.0
1788964445.2907596,serverless_reactive:cyclical:12,0.0,164.75,4,10.0
1788964445.492659,serverless_reactive:cyclical:12,0.0,164.75,4,10.0
1788964445.6947052,serverless_reactive:cyclical:12,0.0,164.75,4,10.0
1788964445.8968437,serverless_reactive:cyclical:12,4.9,164.75,4,10.0
1788964446.099327,serverless_reactive:cyclical:12,0.0,164.75,4,10.0
1788964446.3022268,serverless_reactive:cyclical:12,0.0,164.75,4,10.0
1788964446.5044234,serverless_reactive:cyclical:12,0.0,164.75,4,10.0
1788964446.7070813,serverless_reactive:cyclical:12,0.0,164.75,4,10.0
1788964446.9094248,serverless_reactive:cyclical:12,0.0,164.75,4,10.0
1788964447.111446,serverless_reactive:cyclical:12,0.0,164.75,4,10.0
1788964447.3139334,serverless_reactive:cyclical:12,4.9,164.75,4,10.0
1788964447.5159,serverless_reactive:cyclical:12,5.0,164.75,4,10.0
1788964447.7178905,serverless_reactive:cyclical:12,0.0,164.75,4,10.0
1788964447.9198184,serverless_reactive:cyclical:12,0.0,164.75,4,10.0
1788964448.1218927,serverless_reactive:cyclical:12,0.0,164.75,4,10.0
1788964448.324617,serverless_reactive:cyclical:12,0.0,164.75,4,10.0
1788964448.5270147,serverless_reactive:cyclical:12,0.0,164.75,4,10.0
1788964448.7289324,serverless_reactive:cyclical:12,0.0,164.75,4,10.0
1788964448.9307907,serverless_reactive:cyclical:12,5.0,164.75,4,10.0
1788964449.1328561,serverless_reactive:cyclical:12,0.0,164.75,4,10.0
1788964449.3348274,serverless_reactive:cyclical:12,0.0,164.75,4,10.0
1788964449.5383663,serverless_reactive:cyclical:12,0.0,164.76,4,10.0
1788964449.7414024,serverless_reactive:cyclical:12,9.8,164.77,4,10.0
1788964449.9437783,serverless_reactive:cyclical:12,4.9,164.77,4,10.0
1788964450.146528,serverless_reactive:cyclical:12,0.0,164.77,4,10.0
1788964450.3484702,serverless_reactive:cyclical:12,0.0,164.77,4,10.0
1788964450.550714,serverless_reactive:cyclical:12,0.0,164.77,4,10.0
1788964450.7526855,serverless_reactive:cyclical:12,0.0,164.77,4,10.0
1788964450.9546309,serverless_reactive:cyclical:12,0.0,164.77,4,10.0
1788964451.1566193,serverless_reactive:cyclical:12,0.0,164.77,4,10.0
1788964451.3586507,serverless_reactive:cyclical:12,0.0,164.77,4,10.0
1788964451.5614932,serverless_reactive:cyclical:12,0.0,164.77,4,10.0
1788964451.7635248,serverless_reactive:cyclical:12,0.0,164.77,4,10.0
1788964451.965687,serverless_reactive:cyclical:12,0.0,164.77,4,10.0
1788964452.167666,serverless_reactive:cyclical:12,0.0,164.77,4,10.0
1788964452.3697064,serverless_reactive:cyclical:12,0.0,164.77,4,10.0
1788964452.5716183,serverless_reactive:cyclical:12,0.0,164.77,4,10.0
1788964452.77397,serverless_reactive:cyclical:12,0.0,164.77,4,10.0
1788964452.9759862,serverless_reactive:cyclical:12,0.0,164.77,4,10.0
1788964453.177979,serverless_reactive:cyclical:12,0.0,164.77,4,10.0
1788964453.3799574,serverless_reactive:cyclical:12,0.0,164.77,4,10.0
1788964453.5819323,serverless_reactive:cyclical:12,5.0,164.77,4,10.0
1788964453.7838604,serverless_reactive:cyclical:12,0.0,164.77,4,10.0
1788964453.985963,serverless_reactive:cyclical:12,0.0,164.77,4,10.0
1788964454.1885245,serverless_reactive:cyclical:12,4.9,164.77,4,10.0
1788964454.390587,serverless_reactive:cyclical:12,0.0,164.77,4,10.0
1788964454.592578,serverless_reactive:cyclical:12,0.0,164.77,4,10.0
1788964454.7946782,serverless_reactive:cyclical:12,4.9,164.77,4,10.0
1788964454.9966073,serverless_reactive:cyclical:12,0.0,164.77,4,10.0
1788964455.1985643,serverless_reactive:cyclical:12,0.0,164.77,4,10.0
1788964455.400467,serverless_reactive:cyclical:12,0.0,164.77,4,10.0
1788964455.6024683,serverless_reactive:cyclical:12,0.0,164.77,4,10.0
1788964455.8044713,serverless_reactive:cyclical:12,0.0,164.77,4,10.0
1788964456.0065072,serverless_reactive:cyclical:12,0.0,164.77,4,10.0
1788964456.2086544,serverless_reactive:cyclical:12,0.0,164.77,4,10.0
1788964456.4107087,serverless_reactive:cyclical:12,0.0,164.77,4,10.0
1788964456.6137393,serverless_reactive:cyclical:12,0.0,164.77,4,10.0
1788964456.815747,serverless_reactive:cyclical:12,0.0,164.77,4,10.0
1788964457.0184593,serverless_reactive:cyclical:12,0.0,164.77,4,10.0
1788964457.2204297,serverless_reactive:cyclical:12,0.0,164.77,4,10.0
1788964457.422535,serverless_reactive:cyclical:12,0.0,164.77,4,10.0
1788964457.624486,serverless_reactive:cyclical:12,0.0,164.77,4,10.0
1788964457.826532,serverless_reactive:cyclical:12,0.0,164.77,4,10.0
1788964458.030637,serverless_reactive:cyclical:12,19.6,164.77,4,10.0
1788964458.8565853,serverless_reactive:cyclical:13,0.0,36.72,1,10.0
1788964459.0585754,serverless_reactive:cyclical:13,0.0,36.72,1,10.0
1788964459.2603085,serverless_reactive:cyclical:13,0.0,36.72,1,10.0
1788964459.4625254,serverless_reactive:cyclical:13,0.0,36.72,1,10.0
1788964459.664305,serverless_reactive:cyclical:13,0.0,36.72,1,10.0
1788964459.8663263,serverless_reactive:cyclical:13,0.0,36.73,1,10.0
1788964460.0680563,serverless_reactive:cyclical:13,0.0,36.73,1,10.0
1788964460.2699137,serverless_reactive:cyclical:13,0.0,36.73,1,10.0
1788964460.471589,serverless_reactive:cyclical:13,0.0,36.73,1,10.0
1788964460.6733642,serverless_reactive:cyclical:13,0.0,36.73,1,10.0
1788964460.8750803,serverless_reactive:cyclical:13,0.0,36.73,1,10.0
1788964461.0768483,serverless_reactive:cyclical:13,0.0,36.73,1,10.0
1788964461.278559,serverless_reactive:cyclical:13,0.0,36.73,1,10.0
1788964461.4802575,serverless_reactive:cyclical:13,0.0,36.73,1,10.0
1788964461.6821337,serverless_reactive:cyclical:13,0.0,36.73,1,10.0
1788964461.8838782,serverless_reactive:cyclical:13,0.0,36.73,1,10.0
1788964462.0858092,serverless_reactive:cyclical:13,0.0,36.73,1,10.0
1788964462.2874951,serverless_reactive:cyclical:13,0.0,36.73,1,10.0
1788964462.4894948,serverless_reactive:cyclical:13,0.0,36.73,1,10.0
1788964462.6914408,serverless_reactive:cyclical:13,0.0,36.73,1,10.0
1788964462.8933372,serverless_reactive:cyclical:13,0.0,36.73,1,10.0
1788964463.0949714,serverless_reactive:cyclical:13,0.0,36.73,1,10.0
1788964463.2967286,serverless_reactive:cyclical:13,0.0,36.73,1,10.0
1788964463.4984887,serverless_reactive:cyclical:13,0.0,36.73,1,10.0
1788964463.7001765,serverless_reactive:cyclical:13,0.0,36.73,1,10.0
1788964463.9020786,serverless_reactive:cyclical:13,0.0,36.73,1,10.0
1788964464.1037292,serverless_reactive:cyclical:13,0.0,36.73,1,10.0
1788964464.3056333,serverless_reactive:cyclical:13,0.0,36.73,1,10.0
1788964464.5073993,serverless_reactive:cyclical:13,0.0,36.73,1,10.0
1788964464.7092216,serverless_reactive:cyclical:13,0.0,36.73,1,10.0
1788964464.911602,serverless_reactive:cyclical:13,0.0,36.73,1,10.0
1788964465.1140125,serverless_reactive:cyclical:13,0.0,36.73,1,10.0
1788964465.3157568,serverless_reactive:cyclical:13,0.0,36.73,1,10.0
1788964465.5175912,serverless_reactive:cyclical:13,0.0,36.73,1,10.0
1788964465.7193716,serverless_reactive:cyclical:13,0.0,36.73,1,10.0
1788964465.9214554,serverless_reactive:cyclical:13,0.0,36.73,1,10.0
1788964466.1231742,serverless_reactive:cyclical:13,0.0,36.73,1,10.0
1788964466.324929,serverless_reactive:cyclical:13,0.0,36.73,1,10.0
1788964466.5267692,serverless_reactive:cyclical:13,0.0,36.73,1,10.0
1788964466.7285576,serverless_reactive:cyclical:13,0.0,36.73,1,10.0
1788964466.9306533,serverless_reactive:cyclical:13,4.9,36.73,1,10.0
1788964467.1324458,serverless_reactive:cyclical:13,0.0,36.73,1,10.0
1788964467.3342564,serverless_reactive:cyclical:13,0.0,36.73,1,10.0
1788964467.5373712,serverless_reactive:cyclical:13,0.0,36.73,1,10.0
1788964467.7428157,serverless_reactive:cyclical:13,4.9,99.11,4,10.0
1788964467.9446836,serverless_reactive:cyclical:13,208.0,138.35,4,10.0
1788964468.1465623,serverless_reactive:cyclical:13,193.3,151.67,4,10.0
1788964468.3488684,serverless_reactive:cyclical:13,123.6,164.91,4,10.0
1788964468.5507925,serverless_reactive:cyclical:13,0.0,164.91,4,10.0
1788964468.7532408,serverless_reactive:cyclical:13,4.9,164.91,4,10.0
1788964468.9552422,serverless_reactive:cyclical:13,0.0,164.91,4,10.0
1788964469.1576576,serverless_reactive:cyclical:13,4.9,164.91,4,10.0
1788964469.3596008,serverless_reactive:cyclical:13,0.0,164.91,4,10.0
1788964469.5628712,serverless_reactive:cyclical:13,0.0,164.91,4,10.0
1788964469.7660556,serverless_reactive:cyclical:13,0.0,164.91,4,10.0
1788964469.9683883,serverless_reactive:cyclical:13,0.0,164.91,4,10.0
1788964470.1706665,serverless_reactive:cyclical:13,0.0,164.91,4,10.0
1788964470.3729656,serverless_reactive:cyclical:13,0.0,164.91,4,10.0
1788964470.5749135,serverless_reactive:cyclical:13,0.0,164.91,4,10.0
1788964470.7769816,serverless_reactive:cyclical:13,0.0,164.91,4,10.0
1788964470.9789045,serverless_reactive:cyclical:13,0.0,164.91,4,10.0
1788964471.1807718,serverless_reactive:cyclical:13,0.0,164.91,4,10.0
1788964471.3827977,serverless_reactive:cyclical:13,0.0,164.91,4,10.0
1788964471.5847573,serverless_reactive:cyclical:13,0.0,164.91,4,10.0
1788964471.7867718,serverless_reactive:cyclical:13,0.0,164.91,4,10.0
1788964471.9889162,serverless_reactive:cyclical:13,0.0,164.91,4,10.0
1788964472.1908195,serverless_reactive:cyclical:13,0.0,164.91,4,10.0
1788964472.3928292,serverless_reactive:cyclical:13,0.0,164.91,4,10.0
1788964472.5947769,serverless_reactive:cyclical:13,0.0,164.91,4,10.0
1788964472.796759,serverless_reactive:cyclical:13,0.0,164.91,4,10.0
1788964472.998733,serverless_reactive:cyclical:13,5.0,164.91,4,10.0
1788964473.2026646,serverless_reactive:cyclical:13,0.0,164.91,4,10.0
1788964473.4046268,serverless_reactive:cyclical:13,9.9,164.91,4,10.0
1788964473.6072032,serverless_reactive:cyclical:13,0.0,164.91,4,10.0
1788964473.8091743,serverless_reactive:cyclical:13,0.0,164.91,4,10.0
1788964474.0112474,serverless_reactive:cyclical:13,4.9,164.91,4,10.0
1788964474.2138667,serverless_reactive:cyclical:13,0.0,164.91,4,10.0
1788964474.4162786,serverless_reactive:cyclical:13,0.0,164.91,4,10.0
1788964474.618388,serverless_reactive:cyclical:13,0.0,164.91,4,10.0
1788964474.8204534,serverless_reactive:cyclical:13,0.0,164.91,4,10.0
1788964475.0228992,serverless_reactive:cyclical:13,0.0,164.91,4,10.0
1788964475.2249398,serverless_reactive:cyclical:13,0.0,164.91,4,10.0
1788964475.4268196,serverless_reactive:cyclical:13,0.0,164.91,4,10.0
1788964475.6288195,serverless_reactive:cyclical:13,0.0,164.91,4,10.0
1788964475.8308637,serverless_reactive:cyclical:13,0.0,164.91,4,10.0
1788964476.0328407,serverless_reactive:cyclical:13,0.0,164.91,4,10.0
1788964476.2347777,serverless_reactive:cyclical:13,0.0,164.91,4,10.0
1788964476.4367793,serverless_reactive:cyclical:13,0.0,164.91,4,10.0
1788964476.6388428,serverless_reactive:cyclical:13,0.0,164.91,4,10.0
1788964476.8408394,serverless_reactive:cyclical:13,0.0,164.91,4,10.0
1788964477.0428936,serverless_reactive:cyclical:13,0.0,164.91,4,10.0
1788964477.2461603,serverless_reactive:cyclical:13,14.7,164.91,4,10.0
1788964477.4483948,serverless_reactive:cyclical:13,9.8,164.93,4,10.0
1788964477.6507893,serverless_reactive:cyclical:13,0.0,164.93,4,10.0
1788964477.853251,serverless_reactive:cyclical:13,0.0,164.93,4,10.0
1788964478.0552766,serverless_reactive:cyclical:13,0.0,164.93,4,10.0
1788964478.2573714,serverless_reactive:cyclical:13,0.0,164.93,4,10.0
1788964478.4601526,serverless_reactive:cyclical:13,4.9,164.93,4,10.0
1788964478.6624236,serverless_reactive:cyclical:13,0.0,164.93,4,10.0
1788964478.8644557,serverless_reactive:cyclical:13,4.9,164.93,4,10.0
1788964479.0674953,serverless_reactive:cyclical:13,0.0,164.93,4,10.0
1788964479.2701147,serverless_reactive:cyclical:13,0.0,164.93,4,10.0
1788964479.47216,serverless_reactive:cyclical:13,0.0,164.93,4,10.0
1788964479.6743236,serverless_reactive:cyclical:13,0.0,164.93,4,10.0
1788964479.8763702,serverless_reactive:cyclical:13,0.0,164.93,4,10.0
1788964480.0784776,serverless_reactive:cyclical:13,0.0,164.93,4,10.0
1788964480.2805095,serverless_reactive:cyclical:13,0.0,164.93,4,10.0
1788964480.482494,serverless_reactive:cyclical:13,0.0,164.93,4,10.0
1788964480.6845148,serverless_reactive:cyclical:13,0.0,164.93,4,10.0
1788964480.886544,serverless_reactive:cyclical:13,0.0,164.93,4,10.0
1788964481.0885005,serverless_reactive:cyclical:13,0.0,164.93,4,10.0
1788964481.2904654,serverless_reactive:cyclical:13,0.0,164.93,4,10.0
1788964481.492382,serverless_reactive:cyclical:13,0.0,164.93,4,10.0
1788964481.6943474,serverless_reactive:cyclical:13,0.0,164.93,4,10.0
1788964481.896611,serverless_reactive:cyclical:13,0.0,164.93,4,10.0
1788964482.099334,serverless_reactive:cyclical:13,4.9,164.93,4,10.0
1788964482.3013747,serverless_reactive:cyclical:13,0.0,164.93,4,10.0
1788964482.5033305,serverless_reactive:cyclical:13,5.0,164.93,4,10.0
1788964482.7053092,serverless_reactive:cyclical:13,0.0,164.93,4,10.0
1788964482.9072862,serverless_reactive:cyclical:13,0.0,164.93,4,10.0
1788964483.1092737,serverless_reactive:cyclical:13,5.0,164.93,4,10.0
1788964483.3112657,serverless_reactive:cyclical:13,0.0,164.93,4,10.0
1788964483.5133567,serverless_reactive:cyclical:13,0.0,164.93,4,10.0
1788964483.715339,serverless_reactive:cyclical:13,0.0,164.93,4,10.0
1788964483.9178238,serverless_reactive:cyclical:13,0.0,164.93,4,10.0
1788964484.1196723,serverless_reactive:cyclical:13,0.0,164.93,4,10.0
1788964484.3215806,serverless_reactive:cyclical:13,0.0,164.93,4,10.0
1788964484.5233428,serverless_reactive:cyclical:13,0.0,164.93,4,10.0
1788964484.7253084,serverless_reactive:cyclical:13,5.0,164.93,4,10.0
1788964484.9276526,serverless_reactive:cyclical:13,0.0,164.93,4,10.0
1788964485.1301503,serverless_reactive:cyclical:13,0.0,164.93,4,10.0
1788964485.3323658,serverless_reactive:cyclical:13,0.0,164.93,4,10.0
1788964485.5348947,serverless_reactive:cyclical:13,0.0,164.93,4,10.0
1788964485.7369704,serverless_reactive:cyclical:13,0.0,164.93,4,10.0
1788964485.9390123,serverless_reactive:cyclical:13,14.7,164.93,4,10.0
1788964486.14169,serverless_reactive:cyclical:13,0.0,164.93,4,10.0
1788964486.3449304,serverless_reactive:cyclical:13,0.0,164.93,4,10.0
1788964486.5474532,serverless_reactive:cyclical:13,0.0,164.93,4,10.0
1788964486.7499883,serverless_reactive:cyclical:13,0.0,164.93,4,10.0
1788964486.9523957,serverless_reactive:cyclical:13,0.0,164.93,4,10.0
1788964487.1542728,serverless_reactive:cyclical:13,5.0,164.93,4,10.0
1788964487.3565462,serverless_reactive:cyclical:13,0.0,164.93,4,10.0
1788964487.5584471,serverless_reactive:cyclical:13,0.0,164.93,4,10.0
1788964487.7603796,serverless_reactive:cyclical:13,0.0,164.93,4,10.0
1788964487.9629455,serverless_reactive:cyclical:13,0.0,164.93,4,10.0
1788964488.1655095,serverless_reactive:cyclical:13,0.0,164.93,4,10.0
1788964488.3675077,serverless_reactive:cyclical:13,0.0,164.93,4,10.0
1788964488.5695515,serverless_reactive:cyclical:13,4.9,164.93,4,10.0
1788964488.771459,serverless_reactive:cyclical:13,0.0,164.93,4,10.0
1788964488.9734693,serverless_reactive:cyclical:13,0.0,164.93,4,10.0
1788964489.1753533,serverless_reactive:cyclical:13,5.0,164.93,4,10.0
1788964489.377337,serverless_reactive:cyclical:13,0.0,164.93,4,10.0
1788964489.57943,serverless_reactive:cyclical:13,0.0,164.93,4,10.0
1788964489.7814844,serverless_reactive:cyclical:13,0.0,164.93,4,10.0
1788964489.9835439,serverless_reactive:cyclical:13,0.0,164.93,4,10.0
1788964490.1854582,serverless_reactive:cyclical:13,0.0,164.93,4,10.0
1788964490.3874307,serverless_reactive:cyclical:13,5.0,164.93,4,10.0
1788964490.5893464,serverless_reactive:cyclical:13,0.0,164.93,4,10.0
1788964490.7912266,serverless_reactive:cyclical:13,0.0,164.93,4,10.0
1788964490.993465,serverless_reactive:cyclical:13,0.0,164.93,4,10.0
1788964491.1952705,serverless_reactive:cyclical:13,0.0,164.93,4,10.0
1788964491.3970826,serverless_reactive:cyclical:13,0.0,164.93,4,10.0
1788964491.5989723,serverless_reactive:cyclical:13,0.0,164.93,4,10.0
1788964491.8008943,serverless_reactive:cyclical:13,0.0,164.93,4,10.0
1788964492.0027456,serverless_reactive:cyclical:13,0.0,164.93,4,10.0
1788964492.204677,serverless_reactive:cyclical:13,0.0,164.93,4,10.0
1788964492.4067502,serverless_reactive:cyclical:13,0.0,164.93,4,10.0
1788964492.6087124,serverless_reactive:cyclical:13,0.0,164.93,4,10.0
1788964492.8108206,serverless_reactive:cyclical:13,4.9,164.93,4,10.0
1788964493.012699,serverless_reactive:cyclical:13,0.0,164.93,4,10.0
1788964493.2145789,serverless_reactive:cyclical:13,0.0,164.93,4,10.0
1788964493.4164946,serverless_reactive:cyclical:13,0.0,164.93,4,10.0
1788964493.6185224,serverless_reactive:cyclical:13,0.0,164.93,4,10.0
1788964493.8203816,serverless_reactive:cyclical:13,0.0,164.93,4,10.0
1788964494.0225592,serverless_reactive:cyclical:13,0.0,164.93,4,10.0
1788964494.2244189,serverless_reactive:cyclical:13,0.0,164.93,4,10.0
1788964494.4263167,serverless_reactive:cyclical:13,5.0,164.93,4,10.0
1788964494.6306372,serverless_reactive:cyclical:13,9.8,164.95,4,10.0
1788964494.8324864,serverless_reactive:cyclical:13,0.0,164.95,4,10.0
1788964495.0343902,serverless_reactive:cyclical:13,0.0,164.95,4,10.0
1788964495.2362142,serverless_reactive:cyclical:13,0.0,164.95,4,10.0
1788964495.4381547,serverless_reactive:cyclical:13,0.0,164.95,4,10.0
1788964495.6401157,serverless_reactive:cyclical:13,0.0,164.95,4,10.0
1788964495.8425212,serverless_reactive:cyclical:13,0.0,164.95,4,10.0
1788964496.04443,serverless_reactive:cyclical:13,0.0,164.95,4,10.0
1788964496.24695,serverless_reactive:cyclical:13,4.9,164.95,4,10.0
1788964496.4488304,serverless_reactive:cyclical:13,5.0,164.95,4,10.0
1788964496.6507847,serverless_reactive:cyclical:13,0.0,164.95,4,10.0
1788964496.8527498,serverless_reactive:cyclical:13,0.0,164.95,4,10.0
1788964497.0551016,serverless_reactive:cyclical:13,0.0,164.95,4,10.0
1788964497.257018,serverless_reactive:cyclical:13,0.0,164.95,4,10.0
1788964497.4590948,serverless_reactive:cyclical:13,0.0,164.95,4,10.0
1788964497.6622026,serverless_reactive:cyclical:13,0.0,164.95,4,10.0
1788964497.865009,serverless_reactive:cyclical:13,0.0,164.95,4,10.0
1788964498.0674767,serverless_reactive:cyclical:13,0.0,164.95,4,10.0
1788964498.2694829,serverless_reactive:cyclical:13,0.0,164.95,4,10.0
1788964498.4716187,serverless_reactive:cyclical:13,4.9,164.95,4,10.0
1788964498.6744602,serverless_reactive:cyclical:13,0.0,164.95,4,10.0
1788964498.8770516,serverless_reactive:cyclical:13,0.0,164.95,4,10.0
1788964499.079066,serverless_reactive:cyclical:13,4.9,164.95,4,10.0
1788964499.2816594,serverless_reactive:cyclical:13,0.0,164.95,4,10.0
1788964499.4846566,serverless_reactive:cyclical:13,0.0,164.95,4,10.0
1788964499.6875057,serverless_reactive:cyclical:13,0.0,164.95,4,10.0
1788964499.889583,serverless_reactive:cyclical:13,0.0,164.95,4,10.0
1788964500.091659,serverless_reactive:cyclical:13,0.0,164.95,4,10.0
1788964500.2938986,serverless_reactive:cyclical:13,0.0,164.95,4,10.0
1788964500.4958766,serverless_reactive:cyclical:13,0.0,164.95,4,10.0
1788964500.6982503,serverless_reactive:cyclical:13,0.0,164.95,4,10.0
1788964500.9003556,serverless_reactive:cyclical:13,9.8,164.95,4,10.0
1788964501.102989,serverless_reactive:cyclical:13,0.0,164.95,4,10.0
1788964501.305253,serverless_reactive:cyclical:13,0.0,164.95,4,10.0
1788964501.5073955,serverless_reactive:cyclical:13,0.0,164.95,4,10.0
1788964501.7093143,serverless_reactive:cyclical:13,0.0,164.95,4,10.0
1788964501.9113383,serverless_reactive:cyclical:13,0.0,164.95,4,10.0
1788964502.1133807,serverless_reactive:cyclical:13,0.0,164.95,4,10.0
1788964502.3154697,serverless_reactive:cyclical:13,0.0,164.95,4,10.0
1788964502.5174527,serverless_reactive:cyclical:13,0.0,164.95,4,10.0
1788964502.7194855,serverless_reactive:cyclical:13,0.0,164.95,4,10.0
1788964502.9214334,serverless_reactive:cyclical:13,0.0,164.95,4,10.0
1788964503.123359,serverless_reactive:cyclical:13,0.0,164.95,4,10.0
1788964503.3254454,serverless_reactive:cyclical:13,0.0,164.95,4,10.0
1788964503.5273852,serverless_reactive:cyclical:13,0.0,164.95,4,10.0
1788964503.7300622,serverless_reactive:cyclical:13,0.0,164.95,4,10.0
1788964503.9330797,serverless_reactive:cyclical:13,0.0,164.95,4,10.0
1788964504.9160604,serverless_reactive:cyclical:14,0.0,36.64,1,10.0
1788964505.1187446,serverless_reactive:cyclical:14,0.0,36.64,1,10.0
1788964505.3210752,serverless_reactive:cyclical:14,0.0,36.64,1,10.0
1788964505.5234132,serverless_reactive:cyclical:14,0.0,36.64,1,10.0
1788964505.7257957,serverless_reactive:cyclical:14,0.0,36.64,1,10.0
1788964505.9274497,serverless_reactive:cyclical:14,0.0,36.65,1,10.0
1788964506.1295328,serverless_reactive:cyclical:14,0.0,36.65,1,10.0
1788964506.331857,serverless_reactive:cyclical:14,0.0,36.65,1,10.0
1788964506.5335536,serverless_reactive:cyclical:14,0.0,36.65,1,10.0
1788964506.7354062,serverless_reactive:cyclical:14,0.0,36.65,1,10.0
1788964506.937349,serverless_reactive:cyclical:14,0.0,36.65,1,10.0
1788964507.1390412,serverless_reactive:cyclical:14,0.0,36.65,1,10.0
1788964507.3407588,serverless_reactive:cyclical:14,0.0,36.65,1,10.0
1788964507.5428104,serverless_reactive:cyclical:14,0.0,36.65,1,10.0
1788964507.7445102,serverless_reactive:cyclical:14,0.0,36.65,1,10.0
1788964507.9463193,serverless_reactive:cyclical:14,0.0,36.65,1,10.0
1788964508.148109,serverless_reactive:cyclical:14,0.0,36.65,1,10.0
1788964508.3498812,serverless_reactive:cyclical:14,0.0,36.65,1,10.0
1788964508.5515084,serverless_reactive:cyclical:14,0.0,36.65,1,10.0
1788964508.7533588,serverless_reactive:cyclical:14,0.0,36.65,1,10.0
1788964508.9554474,serverless_reactive:cyclical:14,0.0,36.65,1,10.0
1788964509.1579022,serverless_reactive:cyclical:14,0.0,36.65,1,10.0
1788964509.359563,serverless_reactive:cyclical:14,0.0,36.65,1,10.0
1788964509.5613835,serverless_reactive:cyclical:14,0.0,36.65,1,10.0
1788964509.7631214,serverless_reactive:cyclical:14,0.0,36.65,1,10.0
1788964509.9649308,serverless_reactive:cyclical:14,0.0,36.65,1,10.0
1788964510.1677427,serverless_reactive:cyclical:14,0.0,36.65,1,10.0
1788964510.3694453,serverless_reactive:cyclical:14,5.0,36.65,1,10.0
1788964510.5712588,serverless_reactive:cyclical:14,0.0,36.65,1,10.0
1788964510.772946,serverless_reactive:cyclical:14,0.0,36.65,1,10.0
1788964510.9749217,serverless_reactive:cyclical:14,0.0,36.65,1,10.0
1788964511.1765778,serverless_reactive:cyclical:14,0.0,36.65,1,10.0
1788964511.3783693,serverless_reactive:cyclical:14,0.0,36.65,1,10.0
1788964511.5800774,serverless_reactive:cyclical:14,0.0,36.65,1,10.0
1788964511.7827728,serverless_reactive:cyclical:14,0.0,36.65,1,10.0
1788964511.9854918,serverless_reactive:cyclical:14,0.0,36.65,1,10.0
1788964512.1878734,serverless_reactive:cyclical:14,0.0,36.65,1,10.0
1788964512.390764,serverless_reactive:cyclical:14,0.0,36.65,1,10.0
1788964512.5923429,serverless_reactive:cyclical:14,0.0,36.65,1,10.0
1788964512.7949262,serverless_reactive:cyclical:14,0.0,36.65,1,10.0
1788964512.9967988,serverless_reactive:cyclical:14,0.0,36.65,1,10.0
1788964513.1988316,serverless_reactive:cyclical:14,0.0,36.65,1,10.0
1788964513.4009116,serverless_reactive:cyclical:14,0.0,36.65,1,10.0
1788964513.6027532,serverless_reactive:cyclical:14,0.0,36.65,1,10.0
1788964513.8045635,serverless_reactive:cyclical:14,0.0,36.65,1,10.0
1788964514.0068266,serverless_reactive:cyclical:14,0.0,36.65,1,10.0
1788964514.208691,serverless_reactive:cyclical:14,0.0,36.65,1,10.0
1788964514.4108949,serverless_reactive:cyclical:14,0.0,36.65,1,10.0
1788964514.6172433,serverless_reactive:cyclical:14,0.0,49.34,3,10.0
1788964514.819331,serverless_reactive:cyclical:14,145.6,116.64,4,10.0
1788964515.0229788,serverless_reactive:cyclical:14,191.5,146.03,4,10.0
1788964515.229835,serverless_reactive:cyclical:14,203.1,160.0,4,10.0
1788964515.4328191,serverless_reactive:cyclical:14,44.3,164.86,4,10.0
1788964515.6354363,serverless_reactive:cyclical:14,0.0,164.86,4,10.0
1788964515.8382385,serverless_reactive:cyclical:14,0.0,164.86,4,10.0
1788964516.0404544,serverless_reactive:cyclical:14,0.0,164.86,4,10.0
1788964516.242767,serverless_reactive:cyclical:14,4.9,164.86,4,10.0
1788964516.4451783,serverless_reactive:cyclical:14,0.0,164.86,4,10.0
1788964516.6473618,serverless_reactive:cyclical:14,0.0,164.86,4,10.0
1788964516.850685,serverless_reactive:cyclical:14,0.0,164.86,4,10.0
1788964517.0543616,serverless_reactive:cyclical:14,0.0,164.86,4,10.0
1788964517.2565122,serverless_reactive:cyclical:14,0.0,164.86,4,10.0
1788964517.4599335,serverless_reactive:cyclical:14,0.0,164.86,4,10.0
1788964517.6622484,serverless_reactive:cyclical:14,0.0,164.86,4,10.0
1788964517.8650346,serverless_reactive:cyclical:14,0.0,164.86,4,10.0
1788964518.067144,serverless_reactive:cyclical:14,0.0,164.86,4,10.0
1788964518.270197,serverless_reactive:cyclical:14,0.0,164.86,4,10.0
1788964518.4731512,serverless_reactive:cyclical:14,0.0,164.86,4,10.0
1788964518.6756384,serverless_reactive:cyclical:14,4.9,164.86,4,10.0
1788964518.8782258,serverless_reactive:cyclical:14,0.0,164.86,4,10.0
1788964519.0805206,serverless_reactive:cyclical:14,4.9,164.86,4,10.0
1788964519.2836735,serverless_reactive:cyclical:14,0.0,164.86,4,10.0
1788964519.4861403,serverless_reactive:cyclical:14,0.0,164.86,4,10.0
1788964519.6895752,serverless_reactive:cyclical:14,0.0,164.86,4,10.0
1788964519.8929484,serverless_reactive:cyclical:14,0.0,164.86,4,10.0
1788964520.096345,serverless_reactive:cyclical:14,0.0,164.86,4,10.0
1788964520.2994165,serverless_reactive:cyclical:14,0.0,164.86,4,10.0
1788964520.5025816,serverless_reactive:cyclical:14,4.9,164.87,4,10.0
1788964520.7049463,serverless_reactive:cyclical:14,0.0,164.87,4,10.0
1788964520.9078255,serverless_reactive:cyclical:14,0.0,164.87,4,10.0
1788964521.1099718,serverless_reactive:cyclical:14,0.0,164.87,4,10.0
1788964521.3125882,serverless_reactive:cyclical:14,0.0,164.87,4,10.0
1788964521.5158117,serverless_reactive:cyclical:14,0.0,164.87,4,10.0
1788964521.7190065,serverless_reactive:cyclical:14,0.0,164.87,4,10.0
1788964521.9223018,serverless_reactive:cyclical:14,4.9,164.87,4,10.0
1788964522.1254838,serverless_reactive:cyclical:14,0.0,164.87,4,10.0
1788964522.3276193,serverless_reactive:cyclical:14,4.9,164.87,4,10.0
1788964522.5298586,serverless_reactive:cyclical:14,0.0,164.87,4,10.0
1788964522.7324526,serverless_reactive:cyclical:14,4.9,164.87,4,10.0
1788964522.9347136,serverless_reactive:cyclical:14,0.0,164.87,4,10.0
1788964523.1370084,serverless_reactive:cyclical:14,0.0,164.87,4,10.0
1788964523.3393328,serverless_reactive:cyclical:14,0.0,164.87,4,10.0
1788964523.5415733,serverless_reactive:cyclical:14,0.0,164.87,4,10.0
1788964523.7439377,serverless_reactive:cyclical:14,19.6,164.87,4,10.0
1788964523.94659,serverless_reactive:cyclical:14,0.0,164.87,4,10.0
1788964524.1486287,serverless_reactive:cyclical:14,0.0,164.87,4,10.0
1788964524.3518484,serverless_reactive:cyclical:14,0.0,164.87,4,10.0
1788964524.554211,serverless_reactive:cyclical:14,0.0,164.87,4,10.0
1788964524.7561913,serverless_reactive:cyclical:14,0.0,164.87,4,10.0
1788964524.958306,serverless_reactive:cyclical:14,0.0,164.87,4,10.0
1788964525.160275,serverless_reactive:cyclical:14,0.0,164.87,4,10.0
1788964525.3621345,serverless_reactive:cyclical:14,0.0,164.87,4,10.0
1788964525.5642009,serverless_reactive:cyclical:14,0.0,164.87,4,10.0
1788964525.7666593,serverless_reactive:cyclical:14,0.0,164.87,4,10.0
1788964525.968654,serverless_reactive:cyclical:14,0.0,164.87,4,10.0
1788964526.1706023,serverless_reactive:cyclical:14,5.0,164.87,4,10.0
1788964526.3725197,serverless_reactive:cyclical:14,0.0,164.87,4,10.0
1788964526.5745232,serverless_reactive:cyclical:14,0.0,164.87,4,10.0
1788964526.7766483,serverless_reactive:cyclical:14,4.9,164.87,4,10.0
1788964526.9792228,serverless_reactive:cyclical:14,0.0,164.87,4,10.0
1788964527.1810534,serverless_reactive:cyclical:14,0.0,164.87,4,10.0
1788964527.3829696,serverless_reactive:cyclical:14,5.0,164.87,4,10.0
1788964527.5849144,serverless_reactive:cyclical:14,0.0,164.87,4,10.0
1788964527.7868168,serverless_reactive:cyclical:14,0.0,164.87,4,10.0
1788964527.98873,serverless_reactive:cyclical:14,0.0,164.87,4,10.0
1788964528.190732,serverless_reactive:cyclical:14,5.0,164.87,4,10.0
1788964528.392644,serverless_reactive:cyclical:14,0.0,164.87,4,10.0
1788964528.59548,serverless_reactive:cyclical:14,0.0,164.87,4,10.0
1788964528.818917,serverless_reactive:cyclical:14,0.0,164.87,4,10.0
1788964529.0212383,serverless_reactive:cyclical:14,0.0,164.87,4,10.0
1788964529.2232137,serverless_reactive:cyclical:14,0.0,164.87,4,10.0
1788964529.4255943,serverless_reactive:cyclical:14,0.0,164.87,4,10.0
1788964529.6276777,serverless_reactive:cyclical:14,0.0,164.87,4,10.0
1788964529.8517702,serverless_reactive:cyclical:14,0.0,164.87,4,10.0
1788964530.0540926,serverless_reactive:cyclical:14,0.0,164.87,4,10.0
1788964530.2560844,serverless_reactive:cyclical:14,5.0,164.87,4,10.0
1788964530.4582562,serverless_reactive:cyclical:14,0.0,164.87,4,10.0
1788964530.6601994,serverless_reactive:cyclical:14,0.0,164.87,4,10.0
1788964530.8629355,serverless_reactive:cyclical:14,0.0,164.87,4,10.0
1788964531.064821,serverless_reactive:cyclical:14,0.0,164.87,4,10.0
1788964531.2674901,serverless_reactive:cyclical:14,0.0,164.87,4,10.0
1788964531.4696314,serverless_reactive:cyclical:14,4.9,164.87,4,10.0
1788964531.6716342,serverless_reactive:cyclical:14,0.0,164.87,4,10.0
1788964531.8743997,serverless_reactive:cyclical:14,0.0,164.87,4,10.0
1788964532.0769243,serverless_reactive:cyclical:14,0.0,164.87,4,10.0
1788964532.2791772,serverless_reactive:cyclical:14,0.0,164.87,4,10.0
1788964532.4809175,serverless_reactive:cyclical:14,0.0,164.87,4,10.0
1788964532.6826684,serverless_reactive:cyclical:14,0.0,164.87,4,10.0
1788964532.884683,serverless_reactive:cyclical:14,0.0,164.87,4,10.0
1788964533.086789,serverless_reactive:cyclical:14,0.0,164.87,4,10.0
1788964533.2887378,serverless_reactive:cyclical:14,0.0,164.87,4,10.0
1788964533.491182,serverless_reactive:cyclical:14,9.8,164.88,4,10.0
1788964533.6939716,serverless_reactive:cyclical:14,0.0,164.88,4,10.0
1788964533.895912,serverless_reactive:cyclical:14,0.0,164.88,4,10.0
1788964534.0979676,serverless_reactive:cyclical:14,4.9,164.88,4,10.0
1788964534.2998273,serverless_reactive:cyclical:14,0.0,164.88,4,10.0
1788964534.5018065,serverless_reactive:cyclical:14,5.0,164.88,4,10.0
1788964534.703753,serverless_reactive:cyclical:14,0.0,164.88,4,10.0
1788964534.9057603,serverless_reactive:cyclical:14,0.0,164.88,4,10.0
1788964535.1077297,serverless_reactive:cyclical:14,0.0,164.88,4,10.0
1788964535.31015,serverless_reactive:cyclical:14,0.0,164.88,4,10.0
1788964535.5120518,serverless_reactive:cyclical:14,0.0,164.88,4,10.0
1788964535.714176,serverless_reactive:cyclical:14,4.9,164.88,4,10.0
1788964535.9164748,serverless_reactive:cyclical:14,0.0,164.88,4,10.0
1788964536.1187093,serverless_reactive:cyclical:14,0.0,164.88,4,10.0
1788964536.320779,serverless_reactive:cyclical:14,0.0,164.88,4,10.0
1788964536.5228558,serverless_reactive:cyclical:14,0.0,164.88,4,10.0
1788964536.7247038,serverless_reactive:cyclical:14,0.0,164.88,4,10.0
1788964536.927451,serverless_reactive:cyclical:14,0.0,164.88,4,10.0
1788964537.1295319,serverless_reactive:cyclical:14,0.0,164.88,4,10.0
1788964537.3318515,serverless_reactive:cyclical:14,0.0,164.88,4,10.0
1788964537.5338721,serverless_reactive:cyclical:14,0.0,164.88,4,10.0
1788964537.7360654,serverless_reactive:cyclical:14,0.0,164.88,4,10.0
1788964537.9382968,serverless_reactive:cyclical:14,0.0,164.88,4,10.0
1788964538.140449,serverless_reactive:cyclical:14,0.0,164.88,4,10.0
1788964538.3428526,serverless_reactive:cyclical:14,0.0,164.88,4,10.0
1788964538.5448503,serverless_reactive:cyclical:14,0.0,164.88,4,10.0
1788964538.7468681,serverless_reactive:cyclical:14,10.0,164.88,4,10.0
1788964538.9488888,serverless_reactive:cyclical:14,4.9,164.88,4,10.0
1788964539.151056,serverless_reactive:cyclical:14,4.9,164.88,4,10.0
1788964539.3535664,serverless_reactive:cyclical:14,0.0,164.88,4,10.0
1788964539.5555937,serverless_reactive:cyclical:14,0.0,164.88,4,10.0
1788964539.7592986,serverless_reactive:cyclical:14,0.0,164.88,4,10.0
1788964539.9619942,serverless_reactive:cyclical:14,0.0,164.88,4,10.0
1788964540.1646674,serverless_reactive:cyclical:14,0.0,164.88,4,10.0
1788964540.3675523,serverless_reactive:cyclical:14,4.9,164.88,4,10.0
1788964540.5696971,serverless_reactive:cyclical:14,0.0,164.88,4,10.0
1788964540.9549508,serverless_reactive:cyclical:14,0.0,164.88,4,10.0
1788964541.1574728,serverless_reactive:cyclical:14,0.0,164.88,4,10.0
1788964541.3595314,serverless_reactive:cyclical:14,0.0,164.88,4,10.0
1788964541.5615745,serverless_reactive:cyclical:14,0.0,164.88,4,10.0
1788964541.7635434,serverless_reactive:cyclical:14,0.0,164.88,4,10.0
1788964541.9661098,serverless_reactive:cyclical:14,9.8,164.9,4,10.0
1788964542.1689174,serverless_reactive:cyclical:14,4.9,164.9,4,10.0
1788964542.3712363,serverless_reactive:cyclical:14,0.0,164.9,4,10.0
1788964542.5732543,serverless_reactive:cyclical:14,0.0,164.9,4,10.0
1788964542.7753732,serverless_reactive:cyclical:14,4.9,164.9,4,10.0
1788964542.9784896,serverless_reactive:cyclical:14,0.0,164.9,4,10.0
1788964543.181795,serverless_reactive:cyclical:14,0.0,164.9,4,10.0
1788964543.3848784,serverless_reactive:cyclical:14,0.0,164.9,4,10.0
1788964543.5872512,serverless_reactive:cyclical:14,0.0,164.9,4,10.0
1788964543.7893908,serverless_reactive:cyclical:14,0.0,164.9,4,10.0
1788964543.991529,serverless_reactive:cyclical:14,0.0,164.9,4,10.0
1788964544.1939185,serverless_reactive:cyclical:14,0.0,164.9,4,10.0
1788964544.3970637,serverless_reactive:cyclical:14,0.0,164.9,4,10.0
1788964544.6000135,serverless_reactive:cyclical:14,0.0,164.9,4,10.0
1788964544.8028967,serverless_reactive:cyclical:14,0.0,164.9,4,10.0
1788964545.0053606,serverless_reactive:cyclical:14,0.0,164.9,4,10.0
1788964545.2075875,serverless_reactive:cyclical:14,0.0,164.9,4,10.0
1788964545.4105215,serverless_reactive:cyclical:14,0.0,164.9,4,10.0
1788964545.61344,serverless_reactive:cyclical:14,0.0,164.9,4,10.0
1788964545.8164608,serverless_reactive:cyclical:14,0.0,164.9,4,10.0
1788964546.0198371,serverless_reactive:cyclical:14,0.0,164.9,4,10.0
1788964546.2226202,serverless_reactive:cyclical:14,4.9,164.9,4,10.0
1788964546.4245653,serverless_reactive:cyclical:14,0.0,164.9,4,10.0
1788964546.6265986,serverless_reactive:cyclical:14,0.0,164.9,4,10.0
1788964546.8297014,serverless_reactive:cyclical:14,0.0,164.9,4,10.0
1788964547.0317,serverless_reactive:cyclical:14,5.0,164.9,4,10.0
1788964547.2338576,serverless_reactive:cyclical:14,0.0,164.9,4,10.0
1788964547.4358656,serverless_reactive:cyclical:14,0.0,164.9,4,10.0
1788964547.6382515,serverless_reactive:cyclical:14,0.0,164.9,4,10.0
1788964547.8403096,serverless_reactive:cyclical:14,0.0,164.9,4,10.0
1788964548.0435655,serverless_reactive:cyclical:14,0.0,164.9,4,10.0
1788964548.24597,serverless_reactive:cyclical:14,0.0,164.9,4,10.0
1788964548.4482894,serverless_reactive:cyclical:14,4.9,164.9,4,10.0
1788964548.6507063,serverless_reactive:cyclical:14,0.0,164.9,4,10.0
1788964548.8528495,serverless_reactive:cyclical:14,0.0,164.9,4,10.0
1788964549.0548663,serverless_reactive:cyclical:14,0.0,164.9,4,10.0
1788964549.2567859,serverless_reactive:cyclical:14,0.0,164.9,4,10.0
1788964549.4589527,serverless_reactive:cyclical:14,0.0,164.9,4,10.0
1788964549.6611736,serverless_reactive:cyclical:14,0.0,164.9,4,10.0
1788964549.863522,serverless_reactive:cyclical:14,0.0,164.9,4,10.0
1788964550.0662746,serverless_reactive:cyclical:14,0.0,164.9,4,10.0
1788964550.2686398,serverless_reactive:cyclical:14,0.0,164.9,4,10.0
1788964550.47079,serverless_reactive:cyclical:14,0.0,164.9,4,10.0
1788964550.672923,serverless_reactive:cyclical:14,4.9,164.9,4,10.0
1788964550.8749464,serverless_reactive:cyclical:14,0.0,164.9,4,10.0
1788964551.0772643,serverless_reactive:cyclical:14,0.0,164.9,4,10.0
1788964551.280423,serverless_reactive:cyclical:14,9.8,164.91,4,10.0
1788964552.1390672,serverless_reactive:cyclical:0,0.0,36.71,1,12.0
1788964552.3409812,serverless_reactive:cyclical:0,0.0,36.71,1,12.0
1788964552.5434148,serverless_reactive:cyclical:0,0.0,36.71,1,12.0
1788964552.7453766,serverless_reactive:cyclical:0,0.0,36.71,1,12.0
1788964552.9472775,serverless_reactive:cyclical:0,0.0,36.71,1,12.0
1788964553.1492825,serverless_reactive:cyclical:0,0.0,36.71,1,12.0
1788964553.3513057,serverless_reactive:cyclical:0,0.0,36.71,1,12.0
1788964553.5540643,serverless_reactive:cyclical:0,0.0,36.71,1,12.0
1788964553.755842,serverless_reactive:cyclical:0,0.0,36.71,1,12.0
1788964553.957779,serverless_reactive:cyclical:0,0.0,36.71,1,12.0
1788964554.1595824,serverless_reactive:cyclical:0,0.0,36.71,1,12.0
1788964554.3614264,serverless_reactive:cyclical:0,0.0,36.71,1,12.0
1788964554.563664,serverless_reactive:cyclical:0,0.0,36.72,1,12.0
1788964554.7655594,serverless_reactive:cyclical:0,0.0,36.72,1,12.0
1788964554.9676185,serverless_reactive:cyclical:0,0.0,36.72,1,12.0
1788964555.1694708,serverless_reactive:cyclical:0,0.0,36.72,1,12.0
1788964555.371727,serverless_reactive:cyclical:0,0.0,36.72,1,12.0
1788964555.5736096,serverless_reactive:cyclical:0,0.0,36.72,1,12.0
1788964555.775367,serverless_reactive:cyclical:0,0.0,36.72,1,12.0
1788964555.9790177,serverless_reactive:cyclical:0,0.0,36.72,1,12.0
1788964556.1816118,serverless_reactive:cyclical:0,0.0,36.72,1,12.0
1788964556.3833776,serverless_reactive:cyclical:0,0.0,36.72,1,12.0
1788964556.5855694,serverless_reactive:cyclical:0,0.0,36.72,1,12.0
1788964556.788284,serverless_reactive:cyclical:0,0.0,36.72,1,12.0
1788964556.9901626,serverless_reactive:cyclical:0,0.0,36.72,1,12.0
1788964557.1919198,serverless_reactive:cyclical:0,0.0,36.72,1,12.0
1788964557.3939283,serverless_reactive:cyclical:0,0.0,36.72,1,12.0
1788964557.596006,serverless_reactive:cyclical:0,0.0,36.72,1,12.0
1788964557.7980285,serverless_reactive:cyclical:0,0.0,36.72,1,12.0
1788964558.0000994,serverless_reactive:cyclical:0,0.0,36.72,1,12.0
1788964558.2027407,serverless_reactive:cyclical:0,0.0,36.72,1,12.0
1788964558.4046326,serverless_reactive:cyclical:0,0.0,36.72,1,12.0
1788964558.6065423,serverless_reactive:cyclical:0,0.0,36.72,1,12.0
1788964558.8085802,serverless_reactive:cyclical:0,0.0,36.72,1,12.0
1788964559.0104213,serverless_reactive:cyclical:0,0.0,36.72,1,12.0
1788964559.2123113,serverless_reactive:cyclical:0,5.0,36.72,1,12.0
1788964559.4143276,serverless_reactive:cyclical:0,0.0,36.72,1,12.0
1788964559.6161942,serverless_reactive:cyclical:0,0.0,36.72,1,12.0
1788964559.8181705,serverless_reactive:cyclical:0,0.0,36.72,1,12.0
1788964560.0545394,serverless_reactive:cyclical:0,0.0,36.72,1,12.0
1788964560.2565336,serverless_reactive:cyclical:0,0.0,36.72,1,12.0
1788964560.4587195,serverless_reactive:cyclical:0,0.0,36.72,1,12.0
1788964560.6605182,serverless_reactive:cyclical:0,0.0,36.72,1,12.0
1788964560.862697,serverless_reactive:cyclical:0,0.0,36.72,1,12.0
1788964561.0646079,serverless_reactive:cyclical:0,0.0,36.72,1,12.0
1788964561.2665393,serverless_reactive:cyclical:0,0.0,36.72,1,12.0
1788964561.4689856,serverless_reactive:cyclical:0,0.0,36.72,1,12.0
1788964561.6710532,serverless_reactive:cyclical:0,0.0,36.72,1,12.0
1788964561.874344,serverless_reactive:cyclical:0,0.0,36.72,1,12.0
1788964562.078792,serverless_reactive:cyclical:0,4.9,79.39,4,12.0
1788964562.2806363,serverless_reactive:cyclical:0,193.3,133.64,4,12.0
1788964562.4893138,serverless_reactive:cyclical:0,197.7,150.23,4,12.0
1788964562.6916766,serverless_reactive:cyclical:0,142.1,165.0,4,12.0
1788964562.893684,serverless_reactive:cyclical:0,0.0,165.0,4,12.0
1788964563.095658,serverless_reactive:cyclical:0,0.0,165.0,4,12.0
1788964563.2976017,serverless_reactive:cyclical:0,0.0,165.0,4,12.0
1788964563.4995778,serverless_reactive:cyclical:0,0.0,165.0,4,12.0
1788964563.701679,serverless_reactive:cyclical:0,0.0,165.0,4,12.0
1788964563.9036102,serverless_reactive:cyclical:0,0.0,165.0,4,12.0
1788964564.105769,serverless_reactive:cyclical:0,0.0,165.0,4,12.0
1788964564.3078165,serverless_reactive:cyclical:0,0.0,165.0,4,12.0
1788964564.5102587,serverless_reactive:cyclical:0,4.9,165.0,4,12.0
1788964564.712746,serverless_reactive:cyclical:0,0.0,165.0,4,12.0
1788964564.9147315,serverless_reactive:cyclical:0,0.0,165.0,4,12.0
1788964565.116748,serverless_reactive:cyclical:0,0.0,165.0,4,12.0
1788964565.3186886,serverless_reactive:cyclical:0,0.0,165.0,4,12.0
1788964565.52075,serverless_reactive:cyclical:0,4.9,165.0,4,12.0
1788964565.7227254,serverless_reactive:cyclical:0,0.0,165.0,4,12.0
1788964565.9249656,serverless_reactive:cyclical:0,0.0,165.0,4,12.0
1788964566.1271052,serverless_reactive:cyclical:0,0.0,165.0,4,12.0
1788964566.3290877,serverless_reactive:cyclical:0,0.0,165.0,4,12.0
1788964566.5311768,serverless_reactive:cyclical:0,4.9,165.0,4,12.0
1788964566.733323,serverless_reactive:cyclical:0,0.0,165.0,4,12.0
1788964566.935683,serverless_reactive:cyclical:0,0.0,165.0,4,12.0
1788964567.137706,serverless_reactive:cyclical:0,0.0,165.0,4,12.0
1788964567.3397458,serverless_reactive:cyclical:0,0.0,165.0,4,12.0
1788964567.5420084,serverless_reactive:cyclical:0,0.0,165.0,4,12.0
1788964567.743957,serverless_reactive:cyclical:0,0.0,165.0,4,12.0
1788964567.9469347,serverless_reactive:cyclical:0,4.9,165.0,4,12.0
1788964568.1490695,serverless_reactive:cyclical:0,0.0,165.0,4,12.0
1788964568.3517327,serverless_reactive:cyclical:0,0.0,165.0,4,12.0
1788964568.5539758,serverless_reactive:cyclical:0,0.0,165.0,4,12.0
1788964568.7559729,serverless_reactive:cyclical:0,0.0,165.0,4,12.0
1788964568.9581106,serverless_reactive:cyclical:0,0.0,165.0,4,12.0
1788964569.160127,serverless_reactive:cyclical:0,0.0,165.0,4,12.0
1788964569.3630505,serverless_reactive:cyclical:0,0.0,165.0,4,12.0
1788964569.5655437,serverless_reactive:cyclical:0,4.9,165.0,4,12.0
1788964569.7676466,serverless_reactive:cyclical:0,0.0,165.0,4,12.0
1788964569.970583,serverless_reactive:cyclical:0,4.9,165.0,4,12.0
1788964570.172581,serverless_reactive:cyclical:0,0.0,165.0,4,12.0
1788964570.3745303,serverless_reactive:cyclical:0,0.0,165.0,4,12.0
1788964570.5766573,serverless_reactive:cyclical:0,4.9,165.0,4,12.0
1788964570.7786689,serverless_reactive:cyclical:0,0.0,165.0,4,12.0
1788964570.9807253,serverless_reactive:cyclical:0,0.0,165.0,4,12.0
1788964571.1833203,serverless_reactive:cyclical:0,14.7,165.02,4,12.0
1788964571.3853474,serverless_reactive:cyclical:0,0.0,165.02,4,12.0
1788964571.588355,serverless_reactive:cyclical:0,0.0,165.02,4,12.0
1788964571.791531,serverless_reactive:cyclical:0,0.0,165.02,4,12.0
1788964571.9937108,serverless_reactive:cyclical:0,4.9,165.02,4,12.0
1788964572.1956909,serverless_reactive:cyclical:0,0.0,165.02,4,12.0
1788964572.3977597,serverless_reactive:cyclical:0,0.0,165.02,4,12.0
1788964572.5998597,serverless_reactive:cyclical:0,0.0,165.02,4,12.0
1788964572.8022287,serverless_reactive:cyclical:0,0.0,165.02,4,12.0
1788964573.0046022,serverless_reactive:cyclical:0,0.0,165.02,4,12.0
1788964573.2069013,serverless_reactive:cyclical:0,0.0,165.02,4,12.0
1788964573.4093199,serverless_reactive:cyclical:0,0.0,165.02,4,12.0
1788964573.611483,serverless_reactive:cyclical:0,0.0,165.02,4,12.0
1788964573.8136966,serverless_reactive:cyclical:0,0.0,165.02,4,12.0
1788964574.0157466,serverless_reactive:cyclical:0,0.0,165.02,4,12.0
1788964574.2180064,serverless_reactive:cyclical:0,0.0,165.02,4,12.0
1788964574.4200041,serverless_reactive:cyclical:0,0.0,165.02,4,12.0
1788964574.622372,serverless_reactive:cyclical:0,0.0,165.02,4,12.0
1788964574.8254323,serverless_reactive:cyclical:0,0.0,165.02,4,12.0
1788964575.0274887,serverless_reactive:cyclical:0,0.0,165.02,4,12.0
1788964575.229925,serverless_reactive:cyclical:0,0.0,165.02,4,12.0
1788964575.432123,serverless_reactive:cyclical:0,4.9,165.02,4,12.0
1788964575.6348622,serverless_reactive:cyclical:0,0.0,165.02,4,12.0
1788964575.8372498,serverless_reactive:cyclical:0,0.0,165.02,4,12.0
1788964576.0392568,serverless_reactive:cyclical:0,0.0,165.02,4,12.0
1788964576.2422578,serverless_reactive:cyclical:0,4.9,165.02,4,12.0
1788964576.444729,serverless_reactive:cyclical:0,4.9,165.02,4,12.0
1788964576.6468453,serverless_reactive:cyclical:0,0.0,165.02,4,12.0
1788964576.8488,serverless_reactive:cyclical:0,0.0,165.02,4,12.0
1788964577.051125,serverless_reactive:cyclical:0,0.0,165.02,4,12.0
1788964577.2533252,serverless_reactive:cyclical:0,0.0,165.02,4,12.0
1788964577.4555821,serverless_reactive:cyclical:0,0.0,165.02,4,12.0
1788964577.6579156,serverless_reactive:cyclical:0,0.0,165.02,4,12.0
1788964577.8601162,serverless_reactive:cyclical:0,0.0,165.02,4,12.0
1788964578.0625114,serverless_reactive:cyclical:0,0.0,165.02,4,12.0
1788964578.2647772,serverless_reactive:cyclical:0,0.0,165.02,4,12.0
1788964578.4668083,serverless_reactive:cyclical:0,0.0,165.02,4,12.0
1788964578.6692994,serverless_reactive:cyclical:0,0.0,165.02,4,12.0
1788964578.8710797,serverless_reactive:cyclical:0,0.0,165.02,4,12.0
1788964579.0729034,serverless_reactive:cyclical:0,0.0,165.02,4,12.0
1788964579.2748559,serverless_reactive:cyclical:0,0.0,165.02,4,12.0
1788964579.4769187,serverless_reactive:cyclical:0,0.0,165.02,4,12.0
1788964579.6788204,serverless_reactive:cyclical:0,0.0,165.02,4,12.0
1788964579.8814192,serverless_reactive:cyclical:0,0.0,165.02,4,12.0
1788964580.083796,serverless_reactive:cyclical:0,19.6,165.02,4,12.0
1788964580.2859612,serverless_reactive:cyclical:0,0.0,165.02,4,12.0
1788964580.4880507,serverless_reactive:cyclical:0,4.9,165.02,4,12.0
1788964580.6901648,serverless_reactive:cyclical:0,0.0,165.02,4,12.0
1788964580.8923297,serverless_reactive:cyclical:0,0.0,165.02,4,12.0
1788964581.094762,serverless_reactive:cyclical:0,0.0,165.02,4,12.0
1788964581.2967696,serverless_reactive:cyclical:0,0.0,165.02,4,12.0
1788964581.4992254,serverless_reactive:cyclical:0,0.0,165.02,4,12.0
1788964581.7013206,serverless_reactive:cyclical:0,0.0,165.02,4,12.0
1788964581.903298,serverless_reactive:cyclical:0,0.0,165.02,4,12.0
1788964582.1060526,serverless_reactive:cyclical:0,0.0,165.02,4,12.0
1788964582.3079903,serverless_reactive:cyclical:0,0.0,165.02,4,12.0
1788964582.5100422,serverless_reactive:cyclical:0,0.0,165.02,4,12.0
1788964582.7120757,serverless_reactive:cyclical:0,4.9,165.02,4,12.0
1788964582.9141083,serverless_reactive:cyclical:0,0.0,165.02,4,12.0
1788964583.1161683,serverless_reactive:cyclical:0,0.0,165.02,4,12.0
1788964583.3182154,serverless_reactive:cyclical:0,4.9,165.02,4,12.0
1788964583.5202317,serverless_reactive:cyclical:0,0.0,165.02,4,12.0
1788964583.722353,serverless_reactive:cyclical:0,4.9,165.02,4,12.0
1788964583.92433,serverless_reactive:cyclical:0,0.0,165.02,4,12.0
1788964584.1263833,serverless_reactive:cyclical:0,0.0,165.02,4,12.0
1788964584.3284135,serverless_reactive:cyclical:0,0.0,165.02,4,12.0
1788964584.5308118,serverless_reactive:cyclical:0,0.0,165.02,4,12.0
1788964584.7328835,serverless_reactive:cyclical:0,0.0,165.02,4,12.0
1788964584.9349022,serverless_reactive:cyclical:0,0.0,165.02,4,12.0
1788964585.1370947,serverless_reactive:cyclical:0,0.0,165.02,4,12.0
1788964585.3392885,serverless_reactive:cyclical:0,0.0,165.02,4,12.0
1788964585.5413067,serverless_reactive:cyclical:0,0.0,165.02,4,12.0
1788964585.743251,serverless_reactive:cyclical:0,0.0,165.02,4,12.0
1788964585.9452865,serverless_reactive:cyclical:0,0.0,165.02,4,12.0
1788964586.147227,serverless_reactive:cyclical:0,0.0,165.02,4,12.0
1788964586.3497264,serverless_reactive:cyclical:0,0.0,165.02,4,12.0
1788964586.552456,serverless_reactive:cyclical:0,0.0,165.02,4,12.0
1788964586.7547376,serverless_reactive:cyclical:0,0.0,165.02,4,12.0
1788964586.9567704,serverless_reactive:cyclical:0,0.0,165.02,4,12.0
1788964587.158685,serverless_reactive:cyclical:0,0.0,165.02,4,12.0
1788964587.360563,serverless_reactive:cyclical:0,0.0,165.02,4,12.0
1788964587.5634696,serverless_reactive:cyclical:0,0.0,165.02,4,12.0
1788964587.7653809,serverless_reactive:cyclical:0,5.0,165.02,4,12.0
1788964587.967533,serverless_reactive:cyclical:0,4.9,165.02,4,12.0
1788964588.1697366,serverless_reactive:cyclical:0,0.0,165.02,4,12.0
1788964588.371743,serverless_reactive:cyclical:0,0.0,165.02,4,12.0
1788964588.5743136,serverless_reactive:cyclical:0,9.8,165.04,4,12.0
1788964588.7768545,serverless_reactive:cyclical:0,0.0,165.04,4,12.0
1788964588.978733,serverless_reactive:cyclical:0,0.0,165.04,4,12.0
1788964589.180913,serverless_reactive:cyclical:0,0.0,165.04,4,12.0
1788964589.3830438,serverless_reactive:cyclical:0,0.0,165.04,4,12.0
1788964589.5848808,serverless_reactive:cyclical:0,5.0,165.04,4,12.0
1788964589.786977,serverless_reactive:cyclical:0,4.9,165.04,4,12.0
1788964589.9889972,serverless_reactive:cyclical:0,0.0,165.04,4,12.0
1788964590.1908674,serverless_reactive:cyclical:0,0.0,165.04,4,12.0
1788964590.3928652,serverless_reactive:cyclical:0,0.0,165.04,4,12.0
1788964590.594737,serverless_reactive:cyclical:0,0.0,165.04,4,12.0
1788964590.7966306,serverless_reactive:cyclical:0,0.0,165.04,4,12.0
1788964590.9987614,serverless_reactive:cyclical:0,4.9,165.04,4,12.0
1788964591.2007718,serverless_reactive:cyclical:0,0.0,165.04,4,12.0
1788964591.4026804,serverless_reactive:cyclical:0,0.0,165.04,4,12.0
1788964591.6046822,serverless_reactive:cyclical:0,0.0,165.04,4,12.0
1788964591.8066494,serverless_reactive:cyclical:0,0.0,165.04,4,12.0
1788964592.0090084,serverless_reactive:cyclical:0,0.0,165.04,4,12.0
1788964592.2109084,serverless_reactive:cyclical:0,0.0,165.04,4,12.0
1788964592.4130054,serverless_reactive:cyclical:0,0.0,165.04,4,12.0
1788964592.6150444,serverless_reactive:cyclical:0,4.9,165.04,4,12.0
1788964592.8169935,serverless_reactive:cyclical:0,0.0,165.04,4,12.0
1788964593.0190272,serverless_reactive:cyclical:0,0.0,165.04,4,12.0
1788964593.2210135,serverless_reactive:cyclical:0,0.0,165.04,4,12.0
1788964593.423352,serverless_reactive:cyclical:0,0.0,165.04,4,12.0
1788964593.6253197,serverless_reactive:cyclical:0,0.0,165.04,4,12.0
1788964593.827309,serverless_reactive:cyclical:0,0.0,165.04,4,12.0
1788964594.0391068,serverless_reactive:cyclical:0,0.0,165.04,4,12.0
1788964594.2412705,serverless_reactive:cyclical:0,4.9,165.04,4,12.0
1788964594.4431822,serverless_reactive:cyclical:0,0.0,165.04,4,12.0
1788964594.6452413,serverless_reactive:cyclical:0,0.0,165.04,4,12.0
1788964594.847272,serverless_reactive:cyclical:0,4.9,165.04,4,12.0
1788964595.0494623,serverless_reactive:cyclical:0,0.0,165.04,4,12.0
1788964595.251442,serverless_reactive:cyclical:0,0.0,165.04,4,12.0
1788964595.4536054,serverless_reactive:cyclical:0,0.0,165.04,4,12.0
1788964595.6556122,serverless_reactive:cyclical:0,0.0,165.04,4,12.0
1788964595.8579605,serverless_reactive:cyclical:0,0.0,165.04,4,12.0
1788964596.0600088,serverless_reactive:cyclical:0,0.0,165.04,4,12.0
1788964596.262266,serverless_reactive:cyclical:0,9.8,165.04,4,12.0
1788964596.4645886,serverless_reactive:cyclical:0,0.0,165.04,4,12.0
1788964596.6668298,serverless_reactive:cyclical:0,0.0,165.04,4,12.0
1788964596.8688931,serverless_reactive:cyclical:0,0.0,165.04,4,12.0
1788964597.0709429,serverless_reactive:cyclical:0,0.0,165.04,4,12.0
1788964597.27305,serverless_reactive:cyclical:0,0.0,165.04,4,12.0
1788964597.4750948,serverless_reactive:cyclical:0,0.0,165.04,4,12.0
1788964597.678011,serverless_reactive:cyclical:0,0.0,165.04,4,12.0
1788964597.8802156,serverless_reactive:cyclical:0,0.0,165.04,4,12.0
1788964598.0823507,serverless_reactive:cyclical:0,0.0,165.04,4,12.0
1788964598.2844243,serverless_reactive:cyclical:0,0.0,165.04,4,12.0
1788964599.2695506,serverless_reactive:cyclical:1,0.0,36.57,1,12.0
1788964599.4712377,serverless_reactive:cyclical:1,0.0,36.57,1,12.0
1788964599.6730602,serverless_reactive:cyclical:1,5.0,36.58,1,12.0
1788964599.8748565,serverless_reactive:cyclical:1,0.0,36.58,1,12.0
1788964600.0766878,serverless_reactive:cyclical:1,0.0,36.58,1,12.0
1788964600.2785344,serverless_reactive:cyclical:1,0.0,36.58,1,12.0
1788964600.480431,serverless_reactive:cyclical:1,0.0,36.58,1,12.0
1788964600.6823435,serverless_reactive:cyclical:1,0.0,36.58,1,12.0
1788964600.8841362,serverless_reactive:cyclical:1,0.0,36.58,1,12.0
1788964601.086389,serverless_reactive:cyclical:1,0.0,36.58,1,12.0
1788964601.2882211,serverless_reactive:cyclical:1,0.0,36.58,1,12.0
1788964601.4902906,serverless_reactive:cyclical:1,0.0,36.58,1,12.0
1788964601.692138,serverless_reactive:cyclical:1,0.0,36.58,1,12.0
1788964601.894227,serverless_reactive:cyclical:1,0.0,36.58,1,12.0
1788964602.0959592,serverless_reactive:cyclical:1,0.0,36.58,1,12.0
1788964602.2977712,serverless_reactive:cyclical:1,5.0,36.58,1,12.0
1788964602.4993691,serverless_reactive:cyclical:1,0.0,36.58,1,12.0
1788964602.7010105,serverless_reactive:cyclical:1,0.0,36.58,1,12.0
1788964602.9027817,serverless_reactive:cyclical:1,0.0,36.58,1,12.0
1788964603.1044576,serverless_reactive:cyclical:1,0.0,36.58,1,12.0
1788964603.3070452,serverless_reactive:cyclical:1,0.0,36.58,1,12.0
1788964603.5087018,serverless_reactive:cyclical:1,0.0,36.58,1,12.0
1788964603.7104492,serverless_reactive:cyclical:1,0.0,36.58,1,12.0
1788964603.9121392,serverless_reactive:cyclical:1,0.0,36.58,1,12.0
1788964604.1138191,serverless_reactive:cyclical:1,0.0,36.58,1,12.0
1788964604.3155656,serverless_reactive:cyclical:1,0.0,36.58,1,12.0
1788964604.5172918,serverless_reactive:cyclical:1,0.0,36.58,1,12.0
1788964604.7189474,serverless_reactive:cyclical:1,0.0,36.58,1,12.0
1788964604.920634,serverless_reactive:cyclical:1,0.0,36.58,1,12.0
1788964605.1238036,serverless_reactive:cyclical:1,0.0,36.58,1,12.0
1788964605.325653,serverless_reactive:cyclical:1,0.0,36.58,1,12.0
1788964605.5274427,serverless_reactive:cyclical:1,0.0,36.58,1,12.0
1788964605.7290978,serverless_reactive:cyclical:1,0.0,36.58,1,12.0
1788964605.9309971,serverless_reactive:cyclical:1,0.0,36.58,1,12.0
1788964606.1328144,serverless_reactive:cyclical:1,0.0,36.58,1,12.0
1788964606.3346546,serverless_reactive:cyclical:1,0.0,36.58,1,12.0
1788964606.5396717,serverless_reactive:cyclical:1,0.0,36.58,1,12.0
1788964606.741492,serverless_reactive:cyclical:1,0.0,36.58,1,12.0
1788964606.9431953,serverless_reactive:cyclical:1,0.0,36.58,1,12.0
1788964607.1449575,serverless_reactive:cyclical:1,0.0,36.58,1,12.0
1788964607.3466432,serverless_reactive:cyclical:1,0.0,36.58,1,12.0
1788964607.5490797,serverless_reactive:cyclical:1,0.0,36.58,1,12.0
1788964607.7552588,serverless_reactive:cyclical:1,9.7,116.73,4,12.0
1788964607.9615316,serverless_reactive:cyclical:1,194.1,144.94,4,12.0
1788964608.1632504,serverless_reactive:cyclical:1,188.2,160.24,4,12.0
1788964608.3653793,serverless_reactive:cyclical:1,44.4,164.75,4,12.0
1788964608.5684335,serverless_reactive:cyclical:1,0.0,164.75,4,12.0
1788964608.7706535,serverless_reactive:cyclical:1,0.0,164.75,4,12.0
1788964608.9726746,serverless_reactive:cyclical:1,0.0,164.75,4,12.0
1788964609.174782,serverless_reactive:cyclical:1,0.0,164.75,4,12.0
1788964609.376775,serverless_reactive:cyclical:1,5.0,164.75,4,12.0
1788964609.5787077,serverless_reactive:cyclical:1,0.0,164.75,4,12.0
1788964609.7806306,serverless_reactive:cyclical:1,0.0,164.75,4,12.0
1788964609.9830105,serverless_reactive:cyclical:1,0.0,164.75,4,12.0
1788964610.1849172,serverless_reactive:cyclical:1,0.0,164.75,4,12.0
1788964610.3869503,serverless_reactive:cyclical:1,0.0,164.75,4,12.0
1788964610.588842,serverless_reactive:cyclical:1,5.0,164.75,4,12.0
1788964610.7910686,serverless_reactive:cyclical:1,0.0,164.75,4,12.0
1788964610.9929986,serverless_reactive:cyclical:1,0.0,164.75,4,12.0
1788964611.195428,serverless_reactive:cyclical:1,0.0,164.75,4,12.0
1788964611.3972847,serverless_reactive:cyclical:1,0.0,164.75,4,12.0
1788964611.5991926,serverless_reactive:cyclical:1,5.0,164.75,4,12.0
1788964611.8015492,serverless_reactive:cyclical:1,0.0,164.75,4,12.0
1788964612.004109,serverless_reactive:cyclical:1,0.0,164.75,4,12.0
1788964612.2059536,serverless_reactive:cyclical:1,0.0,164.75,4,12.0
1788964612.4077182,serverless_reactive:cyclical:1,0.0,164.75,4,12.0
1788964612.6098917,serverless_reactive:cyclical:1,4.9,164.75,4,12.0
1788964612.8118298,serverless_reactive:cyclical:1,0.0,164.75,4,12.0
1788964613.0138917,serverless_reactive:cyclical:1,0.0,164.75,4,12.0
1788964613.2158124,serverless_reactive:cyclical:1,0.0,164.75,4,12.0
1788964613.4177308,serverless_reactive:cyclical:1,0.0,164.75,4,12.0
1788964613.619559,serverless_reactive:cyclical:1,0.0,164.75,4,12.0
1788964613.8218772,serverless_reactive:cyclical:1,0.0,164.75,4,12.0
1788964614.0242007,serverless_reactive:cyclical:1,0.0,164.75,4,12.0
1788964614.2261531,serverless_reactive:cyclical:1,0.0,164.75,4,12.0
1788964614.4279196,serverless_reactive:cyclical:1,0.0,164.75,4,12.0
1788964614.6298692,serverless_reactive:cyclical:1,0.0,164.75,4,12.0
1788964614.831681,serverless_reactive:cyclical:1,0.0,164.75,4,12.0
1788964615.0336058,serverless_reactive:cyclical:1,5.0,164.75,4,12.0
1788964615.2354658,serverless_reactive:cyclical:1,0.0,164.75,4,12.0
1788964615.4375842,serverless_reactive:cyclical:1,0.0,164.75,4,12.0
1788964615.649527,serverless_reactive:cyclical:1,0.0,164.75,4,12.0
1788964615.8515322,serverless_reactive:cyclical:1,0.0,164.75,4,12.0
1788964616.053649,serverless_reactive:cyclical:1,0.0,164.75,4,12.0
1788964616.25564,serverless_reactive:cyclical:1,0.0,164.75,4,12.0
1788964616.4578168,serverless_reactive:cyclical:1,4.9,164.75,4,12.0
1788964616.6606126,serverless_reactive:cyclical:1,0.0,164.75,4,12.0
1788964616.8627503,serverless_reactive:cyclical:1,0.0,164.75,4,12.0
1788964617.0647075,serverless_reactive:cyclical:1,5.0,164.75,4,12.0
1788964617.2675097,serverless_reactive:cyclical:1,0.0,164.75,4,12.0
1788964617.4701486,serverless_reactive:cyclical:1,0.0,164.75,4,12.0
1788964617.672699,serverless_reactive:cyclical:1,9.8,164.76,4,12.0
1788964617.8748574,serverless_reactive:cyclical:1,0.0,164.76,4,12.0
1788964618.0769846,serverless_reactive:cyclical:1,0.0,164.76,4,12.0
1788964618.2789292,serverless_reactive:cyclical:1,0.0,164.76,4,12.0
1788964618.4812782,serverless_reactive:cyclical:1,4.9,164.76,4,12.0
1788964618.6838846,serverless_reactive:cyclical:1,0.0,164.76,4,12.0
1788964618.8864796,serverless_reactive:cyclical:1,0.0,164.76,4,12.0
1788964619.0888283,serverless_reactive:cyclical:1,4.9,164.76,4,12.0
1788964619.2910185,serverless_reactive:cyclical:1,0.0,164.76,4,12.0
1788964619.493079,serverless_reactive:cyclical:1,0.0,164.76,4,12.0
1788964619.6959949,serverless_reactive:cyclical:1,0.0,164.76,4,12.0
1788964619.8981578,serverless_reactive:cyclical:1,0.0,164.76,4,12.0
1788964620.1001856,serverless_reactive:cyclical:1,0.0,164.76,4,12.0
1788964620.3023767,serverless_reactive:cyclical:1,0.0,164.76,4,12.0
1788964620.5044615,serverless_reactive:cyclical:1,0.0,164.76,4,12.0
1788964620.706619,serverless_reactive:cyclical:1,0.0,164.76,4,12.0
1788964620.908764,serverless_reactive:cyclical:1,0.0,164.76,4,12.0
1788964621.111001,serverless_reactive:cyclical:1,0.0,164.76,4,12.0
1788964621.312991,serverless_reactive:cyclical:1,0.0,164.76,4,12.0
1788964621.5148616,serverless_reactive:cyclical:1,0.0,164.76,4,12.0
1788964621.7175431,serverless_reactive:cyclical:1,0.0,164.76,4,12.0
1788964621.9194937,serverless_reactive:cyclical:1,0.0,164.76,4,12.0
1788964622.1216688,serverless_reactive:cyclical:1,0.0,164.76,4,12.0
1788964622.3238032,serverless_reactive:cyclical:1,4.9,164.76,4,12.0
1788964622.525823,serverless_reactive:cyclical:1,0.0,164.76,4,12.0
1788964622.727766,serverless_reactive:cyclical:1,0.0,164.76,4,12.0
1788964622.929787,serverless_reactive:cyclical:1,0.0,164.76,4,12.0
1788964623.1317143,serverless_reactive:cyclical:1,0.0,164.76,4,12.0
1788964623.3337142,serverless_reactive:cyclical:1,5.0,164.76,4,12.0
1788964623.5358956,serverless_reactive:cyclical:1,0.0,164.76,4,12.0
1788964623.7377815,serverless_reactive:cyclical:1,0.0,164.76,4,12.0
1788964623.940215,serverless_reactive:cyclical:1,0.0,164.76,4,12.0
1788964624.1425025,serverless_reactive:cyclical:1,0.0,164.76,4,12.0
1788964624.3445485,serverless_reactive:cyclical:1,4.9,164.76,4,12.0
1788964624.5465794,serverless_reactive:cyclical:1,0.0,164.76,4,12.0
1788964624.7485309,serverless_reactive:cyclical:1,0.0,164.76,4,12.0
1788964624.9505262,serverless_reactive:cyclical:1,0.0,164.76,4,12.0
1788964625.152499,serverless_reactive:cyclical:1,0.0,164.76,4,12.0
1788964625.3546143,serverless_reactive:cyclical:1,4.9,164.76,4,12.0
1788964625.5567431,serverless_reactive:cyclical:1,0.0,164.76,4,12.0
1788964625.7587128,serverless_reactive:cyclical:1,0.0,164.76,4,12.0
1788964625.9612083,serverless_reactive:cyclical:1,0.0,164.76,4,12.0
1788964626.1638384,serverless_reactive:cyclical:1,9.8,164.77,4,12.0
1788964626.3658793,serverless_reactive:cyclical:1,0.0,164.77,4,12.0
1788964626.5677726,serverless_reactive:cyclical:1,0.0,164.77,4,12.0
1788964626.7696853,serverless_reactive:cyclical:1,5.0,164.77,4,12.0
1788964626.9716716,serverless_reactive:cyclical:1,0.0,164.77,4,12.0
1788964627.1736085,serverless_reactive:cyclical:1,0.0,164.77,4,12.0
1788964627.3755248,serverless_reactive:cyclical:1,0.0,164.77,4,12.0
1788964627.5775793,serverless_reactive:cyclical:1,0.0,164.77,4,12.0
1788964627.7795634,serverless_reactive:cyclical:1,5.0,164.77,4,12.0
1788964627.9817317,serverless_reactive:cyclical:1,0.0,164.77,4,12.0
1788964628.1838152,serverless_reactive:cyclical:1,0.0,164.77,4,12.0
1788964628.385867,serverless_reactive:cyclical:1,0.0,164.77,4,12.0
1788964628.5886436,serverless_reactive:cyclical:1,0.0,164.77,4,12.0
1788964628.7906907,serverless_reactive:cyclical:1,0.0,164.77,4,12.0
1788964628.9937701,serverless_reactive:cyclical:1,0.0,164.77,4,12.0
1788964629.1970177,serverless_reactive:cyclical:1,0.0,164.77,4,12.0
1788964629.3992581,serverless_reactive:cyclical:1,0.0,164.77,4,12.0
1788964629.6014295,serverless_reactive:cyclical:1,0.0,164.77,4,12.0
1788964629.8043363,serverless_reactive:cyclical:1,0.0,164.77,4,12.0
1788964630.006542,serverless_reactive:cyclical:1,0.0,164.77,4,12.0
1788964630.2086356,serverless_reactive:cyclical:1,0.0,164.77,4,12.0
1788964630.4106739,serverless_reactive:cyclical:1,0.0,164.77,4,12.0
1788964630.614406,serverless_reactive:cyclical:1,0.0,164.77,4,12.0
1788964630.8166642,serverless_reactive:cyclical:1,0.0,164.77,4,12.0
1788964631.0191627,serverless_reactive:cyclical:1,0.0,164.77,4,12.0
1788964631.221256,serverless_reactive:cyclical:1,4.9,164.77,4,12.0
1788964631.4232373,serverless_reactive:cyclical:1,0.0,164.77,4,12.0
1788964631.6252673,serverless_reactive:cyclical:1,0.0,164.77,4,12.0
1788964631.8272421,serverless_reactive:cyclical:1,0.0,164.77,4,12.0
1788964632.0293205,serverless_reactive:cyclical:1,0.0,164.77,4,12.0
1788964632.2312684,serverless_reactive:cyclical:1,0.0,164.77,4,12.0
1788964632.433303,serverless_reactive:cyclical:1,4.9,164.77,4,12.0
1788964632.635281,serverless_reactive:cyclical:1,0.0,164.77,4,12.0
1788964632.8373005,serverless_reactive:cyclical:1,0.0,164.77,4,12.0
1788964633.039288,serverless_reactive:cyclical:1,5.0,164.77,4,12.0
1788964633.241669,serverless_reactive:cyclical:1,0.0,164.77,4,12.0
1788964633.4437628,serverless_reactive:cyclical:1,0.0,164.77,4,12.0
1788964633.6464574,serverless_reactive:cyclical:1,0.0,164.77,4,12.0
1788964633.8484797,serverless_reactive:cyclical:1,0.0,164.77,4,12.0
1788964634.0505986,serverless_reactive:cyclical:1,0.0,164.77,4,12.0
1788964634.252553,serverless_reactive:cyclical:1,0.0,164.77,4,12.0
1788964634.455989,serverless_reactive:cyclical:1,9.8,164.79,4,12.0
1788964634.658953,serverless_reactive:cyclical:1,0.0,164.79,4,12.0
1788964634.8616762,serverless_reactive:cyclical:1,0.0,164.79,4,12.0
1788964635.063632,serverless_reactive:cyclical:1,0.0,164.79,4,12.0
1788964635.2657933,serverless_reactive:cyclical:1,0.0,164.79,4,12.0
1788964635.467882,serverless_reactive:cyclical:1,4.9,164.79,4,12.0
1788964635.6699786,serverless_reactive:cyclical:1,4.9,164.79,4,12.0
1788964635.8719366,serverless_reactive:cyclical:1,0.0,164.79,4,12.0
1788964636.0741944,serverless_reactive:cyclical:1,0.0,164.79,4,12.0
1788964636.2761815,serverless_reactive:cyclical:1,0.0,164.79,4,12.0
1788964636.4783797,serverless_reactive:cyclical:1,0.0,164.79,4,12.0
1788964636.6817753,serverless_reactive:cyclical:1,4.9,164.79,4,12.0
1788964636.8839142,serverless_reactive:cyclical:1,0.0,164.79,4,12.0
1788964637.0860453,serverless_reactive:cyclical:1,0.0,164.79,4,12.0
1788964637.2880938,serverless_reactive:cyclical:1,0.0,164.79,4,12.0
1788964637.4901595,serverless_reactive:cyclical:1,0.0,164.79,4,12.0
1788964637.6921947,serverless_reactive:cyclical:1,0.0,164.79,4,12.0
1788964637.894288,serverless_reactive:cyclical:1,0.0,164.79,4,12.0
1788964638.096306,serverless_reactive:cyclical:1,0.0,164.79,4,12.0
1788964638.2984183,serverless_reactive:cyclical:1,0.0,164.79,4,12.0
1788964638.5004363,serverless_reactive:cyclical:1,0.0,164.79,4,12.0
1788964638.7025118,serverless_reactive:cyclical:1,0.0,164.79,4,12.0
1788964638.9046617,serverless_reactive:cyclical:1,0.0,164.79,4,12.0
1788964639.1071248,serverless_reactive:cyclical:1,0.0,164.79,4,12.0
1788964639.3094153,serverless_reactive:cyclical:1,0.0,164.79,4,12.0
1788964639.511283,serverless_reactive:cyclical:1,0.0,164.79,4,12.0
1788964639.7134385,serverless_reactive:cyclical:1,0.0,164.79,4,12.0
1788964639.9155579,serverless_reactive:cyclical:1,0.0,164.79,4,12.0
1788964640.117558,serverless_reactive:cyclical:1,0.0,164.79,4,12.0
1788964640.3194957,serverless_reactive:cyclical:1,5.0,164.79,4,12.0
1788964640.5219069,serverless_reactive:cyclical:1,0.0,164.79,4,12.0
1788964640.7238073,serverless_reactive:cyclical:1,0.0,164.79,4,12.0
1788964640.9258823,serverless_reactive:cyclical:1,0.0,164.79,4,12.0
1788964641.127771,serverless_reactive:cyclical:1,0.0,164.79,4,12.0
1788964641.329759,serverless_reactive:cyclical:1,5.0,164.79,4,12.0
1788964641.531719,serverless_reactive:cyclical:1,5.0,164.79,4,12.0
1788964641.7338207,serverless_reactive:cyclical:1,0.0,164.79,4,12.0
1788964641.9359052,serverless_reactive:cyclical:1,0.0,164.79,4,12.0
1788964642.1380424,serverless_reactive:cyclical:1,0.0,164.79,4,12.0
1788964642.3408864,serverless_reactive:cyclical:1,0.0,164.79,4,12.0
1788964642.5431857,serverless_reactive:cyclical:1,0.0,164.79,4,12.0
1788964643.5143967,serverless_reactive:cyclical:2,0.0,36.64,1,12.0
1788964643.7160943,serverless_reactive:cyclical:2,0.0,36.64,1,12.0
1788964643.9179246,serverless_reactive:cyclical:2,0.0,36.64,1,12.0
1788964644.1220012,serverless_reactive:cyclical:2,0.0,36.64,1,12.0
1788964644.323858,serverless_reactive:cyclical:2,0.0,36.64,1,12.0
1788964644.525735,serverless_reactive:cyclical:2,0.0,36.64,1,12.0
1788964644.7274725,serverless_reactive:cyclical:2,0.0,36.64,1,12.0
1788964644.9294503,serverless_reactive:cyclical:2,0.0,36.64,1,12.0
1788964645.1314545,serverless_reactive:cyclical:2,0.0,36.64,1,12.0
1788964645.3333864,serverless_reactive:cyclical:2,0.0,36.64,1,12.0
1788964645.5355952,serverless_reactive:cyclical:2,0.0,36.64,1,12.0
1788964645.7380376,serverless_reactive:cyclical:2,4.9,36.64,1,12.0
1788964645.94039,serverless_reactive:cyclical:2,0.0,36.64,1,12.0
1788964646.142765,serverless_reactive:cyclical:2,0.0,36.64,1,12.0
1788964646.3447125,serverless_reactive:cyclical:2,0.0,36.64,1,12.0
1788964646.546535,serverless_reactive:cyclical:2,0.0,36.64,1,12.0
1788964646.7482219,serverless_reactive:cyclical:2,0.0,36.64,1,12.0
1788964646.9501064,serverless_reactive:cyclical:2,0.0,36.64,1,12.0
1788964647.1518462,serverless_reactive:cyclical:2,0.0,36.64,1,12.0
1788964647.3540444,serverless_reactive:cyclical:2,0.0,36.64,1,12.0
1788964647.5558102,serverless_reactive:cyclical:2,0.0,36.64,1,12.0
1788964647.757687,serverless_reactive:cyclical:2,0.0,36.64,1,12.0
1788964647.9594584,serverless_reactive:cyclical:2,0.0,36.64,1,12.0
1788964648.161955,serverless_reactive:cyclical:2,0.0,36.64,1,12.0
1788964648.3640878,serverless_reactive:cyclical:2,0.0,36.64,1,12.0
1788964648.565932,serverless_reactive:cyclical:2,0.0,36.64,1,12.0
1788964648.7677033,serverless_reactive:cyclical:2,0.0,36.64,1,12.0
1788964648.9695642,serverless_reactive:cyclical:2,0.0,36.64,1,12.0
1788964649.1713178,serverless_reactive:cyclical:2,0.0,36.64,1,12.0
1788964649.3730834,serverless_reactive:cyclical:2,0.0,36.64,1,12.0
1788964649.5748694,serverless_reactive:cyclical:2,0.0,36.64,1,12.0
1788964649.776622,serverless_reactive:cyclical:2,0.0,36.64,1,12.0
1788964649.9784148,serverless_reactive:cyclical:2,0.0,36.64,1,12.0
1788964650.1801927,serverless_reactive:cyclical:2,0.0,36.64,1,12.0
1788964650.3820534,serverless_reactive:cyclical:2,0.0,36.64,1,12.0
1788964650.5839636,serverless_reactive:cyclical:2,0.0,36.64,1,12.0
1788964650.7858627,serverless_reactive:cyclical:2,0.0,36.64,1,12.0
1788964650.9876978,serverless_reactive:cyclical:2,0.0,36.65,1,12.0
1788964651.1895354,serverless_reactive:cyclical:2,0.0,36.65,1,12.0
1788964651.3912897,serverless_reactive:cyclical:2,0.0,36.65,1,12.0
1788964651.5936964,serverless_reactive:cyclical:2,0.0,36.65,1,12.0
1788964651.7954903,serverless_reactive:cyclical:2,0.0,36.65,1,12.0
1788964651.9973032,serverless_reactive:cyclical:2,0.0,36.65,1,12.0
1788964652.1990817,serverless_reactive:cyclical:2,0.0,36.65,1,12.0
1788964652.400893,serverless_reactive:cyclical:2,0.0,36.65,1,12.0
1788964652.6029134,serverless_reactive:cyclical:2,0.0,36.65,1,12.0
1788964652.8047261,serverless_reactive:cyclical:2,0.0,36.65,1,12.0
1788964653.0064595,serverless_reactive:cyclical:2,0.0,36.65,1,12.0
1788964653.2084248,serverless_reactive:cyclical:2,0.0,36.65,1,12.0
1788964653.4147422,serverless_reactive:cyclical:2,9.7,117.26,4,12.0
1788964653.6166208,serverless_reactive:cyclical:2,193.2,145.91,4,12.0
1788964653.8190084,serverless_reactive:cyclical:2,187.8,162.45,4,12.0
1788964654.0217977,serverless_reactive:cyclical:2,14.8,164.7,4,12.0
1788964654.2238255,serverless_reactive:cyclical:2,5.0,164.7,4,12.0
1788964654.4258382,serverless_reactive:cyclical:2,0.0,164.7,4,12.0
1788964654.6278422,serverless_reactive:cyclical:2,0.0,164.7,4,12.0
1788964654.8299062,serverless_reactive:cyclical:2,4.9,164.7,4,12.0
1788964655.0319583,serverless_reactive:cyclical:2,0.0,164.7,4,12.0
1788964655.2345695,serverless_reactive:cyclical:2,0.0,164.7,4,12.0
1788964655.4364424,serverless_reactive:cyclical:2,0.0,164.7,4,12.0
1788964655.6384194,serverless_reactive:cyclical:2,0.0,164.7,4,12.0
1788964655.8404427,serverless_reactive:cyclical:2,4.9,164.7,4,12.0
1788964656.042679,serverless_reactive:cyclical:2,0.0,164.7,4,12.0
1788964656.2450554,serverless_reactive:cyclical:2,0.0,164.7,4,12.0
1788964656.4479966,serverless_reactive:cyclical:2,4.9,164.7,4,12.0
1788964656.6506102,serverless_reactive:cyclical:2,0.0,164.7,4,12.0
1788964656.8535333,serverless_reactive:cyclical:2,0.0,164.7,4,12.0
1788964657.0568752,serverless_reactive:cyclical:2,0.0,164.7,4,12.0
1788964657.2589147,serverless_reactive:cyclical:2,0.0,164.7,4,12.0
1788964657.460915,serverless_reactive:cyclical:2,0.0,164.7,4,12.0
1788964657.6629014,serverless_reactive:cyclical:2,0.0,164.7,4,12.0
1788964657.865043,serverless_reactive:cyclical:2,0.0,164.7,4,12.0
1788964658.0670726,serverless_reactive:cyclical:2,0.0,164.7,4,12.0
1788964658.2692165,serverless_reactive:cyclical:2,0.0,164.7,4,12.0
1788964658.4713485,serverless_reactive:cyclical:2,0.0,164.7,4,12.0
1788964658.6734848,serverless_reactive:cyclical:2,0.0,164.7,4,12.0
1788964658.8753548,serverless_reactive:cyclical:2,0.0,164.71,4,12.0
1788964659.0780754,serverless_reactive:cyclical:2,0.0,164.71,4,12.0
1788964659.2801046,serverless_reactive:cyclical:2,0.0,164.71,4,12.0
1788964659.482107,serverless_reactive:cyclical:2,5.0,164.71,4,12.0
1788964659.6842046,serverless_reactive:cyclical:2,0.0,164.71,4,12.0
1788964659.886218,serverless_reactive:cyclical:2,0.0,164.71,4,12.0
1788964660.088307,serverless_reactive:cyclical:2,0.0,164.71,4,12.0
1788964660.2902098,serverless_reactive:cyclical:2,0.0,164.71,4,12.0
1788964660.492598,serverless_reactive:cyclical:2,0.0,164.71,4,12.0
1788964660.6948352,serverless_reactive:cyclical:2,4.9,164.71,4,12.0
1788964660.8968346,serverless_reactive:cyclical:2,5.0,164.71,4,12.0
1788964661.0989046,serverless_reactive:cyclical:2,0.0,164.71,4,12.0
1788964661.300883,serverless_reactive:cyclical:2,0.0,164.71,4,12.0
1788964661.5028565,serverless_reactive:cyclical:2,0.0,164.71,4,12.0
1788964661.704861,serverless_reactive:cyclical:2,0.0,164.71,4,12.0
1788964661.9067578,serverless_reactive:cyclical:2,5.0,164.71,4,12.0
1788964662.1092687,serverless_reactive:cyclical:2,0.0,164.71,4,12.0
1788964662.3113441,serverless_reactive:cyclical:2,0.0,164.71,4,12.0
1788964662.5135653,serverless_reactive:cyclical:2,9.8,164.71,4,12.0
1788964662.7157354,serverless_reactive:cyclical:2,0.0,164.71,4,12.0
1788964662.9178252,serverless_reactive:cyclical:2,0.0,164.71,4,12.0
1788964663.1199582,serverless_reactive:cyclical:2,0.0,164.71,4,12.0
1788964663.3221257,serverless_reactive:cyclical:2,4.9,164.71,4,12.0
1788964663.5242429,serverless_reactive:cyclical:2,0.0,164.71,4,12.0
1788964663.7263181,serverless_reactive:cyclical:2,0.0,164.71,4,12.0
1788964663.9283082,serverless_reactive:cyclical:2,0.0,164.71,4,12.0
1788964664.1305542,serverless_reactive:cyclical:2,0.0,164.71,4,12.0
1788964664.3330555,serverless_reactive:cyclical:2,4.9,164.71,4,12.0
1788964664.5357096,serverless_reactive:cyclical:2,0.0,164.71,4,12.0
1788964664.7388856,serverless_reactive:cyclical:2,0.0,164.71,4,12.0
1788964664.9419491,serverless_reactive:cyclical:2,0.0,164.71,4,12.0
1788964665.1449199,serverless_reactive:cyclical:2,0.0,164.71,4,12.0
1788964665.3476768,serverless_reactive:cyclical:2,0.0,164.71,4,12.0
1788964665.5503156,serverless_reactive:cyclical:2,0.0,164.71,4,12.0
1788964665.7522125,serverless_reactive:cyclical:2,0.0,164.71,4,12.0
1788964665.954244,serverless_reactive:cyclical:2,0.0,164.71,4,12.0
1788964666.15752,serverless_reactive:cyclical:2,0.0,164.71,4,12.0
1788964666.3605707,serverless_reactive:cyclical:2,0.0,164.71,4,12.0
1788964666.5630445,serverless_reactive:cyclical:2,0.0,164.71,4,12.0
1788964666.7663007,serverless_reactive:cyclical:2,0.0,164.71,4,12.0
1788964666.969503,serverless_reactive:cyclical:2,0.0,164.71,4,12.0
1788964667.1721404,serverless_reactive:cyclical:2,0.0,164.71,4,12.0
1788964667.374398,serverless_reactive:cyclical:2,0.0,164.71,4,12.0
1788964667.5765657,serverless_reactive:cyclical:2,0.0,164.71,4,12.0
1788964667.778784,serverless_reactive:cyclical:2,0.0,164.71,4,12.0
1788964667.9809482,serverless_reactive:cyclical:2,4.9,164.71,4,12.0
1788964668.1829195,serverless_reactive:cyclical:2,0.0,164.71,4,12.0
1788964668.3852646,serverless_reactive:cyclical:2,0.0,164.71,4,12.0
1788964668.5873902,serverless_reactive:cyclical:2,0.0,164.71,4,12.0
1788964668.78954,serverless_reactive:cyclical:2,0.0,164.71,4,12.0
1788964668.991452,serverless_reactive:cyclical:2,0.0,164.71,4,12.0
1788964669.1935394,serverless_reactive:cyclical:2,9.9,164.71,4,12.0
1788964669.3956695,serverless_reactive:cyclical:2,0.0,164.71,4,12.0
1788964669.5977342,serverless_reactive:cyclical:2,0.0,164.71,4,12.0
1788964669.799723,serverless_reactive:cyclical:2,0.0,164.71,4,12.0
1788964670.0017388,serverless_reactive:cyclical:2,0.0,164.71,4,12.0
1788964670.2038426,serverless_reactive:cyclical:2,0.0,164.71,4,12.0
1788964670.4059403,serverless_reactive:cyclical:2,0.0,164.71,4,12.0
1788964670.6080616,serverless_reactive:cyclical:2,0.0,164.71,4,12.0
1788964670.810008,serverless_reactive:cyclical:2,19.9,164.72,4,12.0
1788964671.0127554,serverless_reactive:cyclical:2,4.9,164.73,4,12.0
1788964671.214733,serverless_reactive:cyclical:2,0.0,164.73,4,12.0
1788964671.416746,serverless_reactive:cyclical:2,0.0,164.73,4,12.0
1788964671.618936,serverless_reactive:cyclical:2,0.0,164.73,4,12.0
1788964671.8210227,serverless_reactive:cyclical:2,0.0,164.73,4,12.0
1788964672.0227635,serverless_reactive:cyclical:2,0.0,164.73,4,12.0
1788964672.2247884,serverless_reactive:cyclical:2,0.0,164.73,4,12.0
1788964672.4267657,serverless_reactive:cyclical:2,0.0,164.73,4,12.0
1788964672.62873,serverless_reactive:cyclical:2,5.0,164.73,4,12.0
1788964672.830711,serverless_reactive:cyclical:2,0.0,164.73,4,12.0
1788964673.0328457,serverless_reactive:cyclical:2,0.0,164.73,4,12.0
1788964673.2348082,serverless_reactive:cyclical:2,0.0,164.73,4,12.0
1788964673.4367578,serverless_reactive:cyclical:2,0.0,164.73,4,12.0
1788964673.639033,serverless_reactive:cyclical:2,4.9,164.73,4,12.0
1788964673.841003,serverless_reactive:cyclical:2,0.0,164.73,4,12.0
1788964674.0440083,serverless_reactive:cyclical:2,0.0,164.73,4,12.0
1788964674.2469249,serverless_reactive:cyclical:2,4.9,164.73,4,12.0
1788964674.4489524,serverless_reactive:cyclical:2,0.0,164.73,4,12.0
1788964674.6515908,serverless_reactive:cyclical:2,0.0,164.73,4,12.0
1788964674.8539536,serverless_reactive:cyclical:2,0.0,164.73,4,12.0
1788964675.0560882,serverless_reactive:cyclical:2,0.0,164.73,4,12.0
1788964675.2582202,serverless_reactive:cyclical:2,0.0,164.73,4,12.0
1788964675.46019,serverless_reactive:cyclical:2,0.0,164.73,4,12.0
1788964675.6623042,serverless_reactive:cyclical:2,0.0,164.73,4,12.0
1788964675.8641093,serverless_reactive:cyclical:2,0.0,164.73,4,12.0
1788964676.0661626,serverless_reactive:cyclical:2,0.0,164.73,4,12.0
1788964676.2690303,serverless_reactive:cyclical:2,0.0,164.73,4,12.0
1788964676.4714086,serverless_reactive:cyclical:2,4.9,164.73,4,12.0
1788964676.6737187,serverless_reactive:cyclical:2,0.0,164.73,4,12.0
1788964676.8757215,serverless_reactive:cyclical:2,0.0,164.73,4,12.0
1788964677.0778868,serverless_reactive:cyclical:2,0.0,164.73,4,12.0
1788964677.2799165,serverless_reactive:cyclical:2,5.0,164.73,4,12.0
1788964677.4819887,serverless_reactive:cyclical:2,0.0,164.73,4,12.0
1788964677.6845949,serverless_reactive:cyclical:2,0.0,164.73,4,12.0
1788964677.8868976,serverless_reactive:cyclical:2,0.0,164.73,4,12.0
1788964678.0889533,serverless_reactive:cyclical:2,0.0,164.73,4,12.0
1788964678.2908728,serverless_reactive:cyclical:2,5.0,164.73,4,12.0
1788964678.4928274,serverless_reactive:cyclical:2,0.0,164.73,4,12.0
1788964678.6949008,serverless_reactive:cyclical:2,0.0,164.73,4,12.0
1788964678.89737,serverless_reactive:cyclical:2,0.0,164.73,4,12.0
1788964679.0992937,serverless_reactive:cyclical:2,5.0,164.73,4,12.0
1788964679.3016922,serverless_reactive:cyclical:2,0.0,164.73,4,12.0
1788964679.5037138,serverless_reactive:cyclical:2,0.0,164.73,4,12.0
1788964679.705848,serverless_reactive:cyclical:2,0.0,164.73,4,12.0
1788964679.9078677,serverless_reactive:cyclical:2,0.0,164.73,4,12.0
1788964680.1097739,serverless_reactive:cyclical:2,0.0,164.73,4,12.0
1788964680.3118887,serverless_reactive:cyclical:2,0.0,164.73,4,12.0
1788964680.5143263,serverless_reactive:cyclical:2,0.0,164.73,4,12.0
1788964680.7165542,serverless_reactive:cyclical:2,9.8,164.74,4,12.0
1788964680.9185162,serverless_reactive:cyclical:2,5.0,164.74,4,12.0
1788964681.1204953,serverless_reactive:cyclical:2,0.0,164.74,4,12.0
1788964681.3225262,serverless_reactive:cyclical:2,4.9,164.74,4,12.0
1788964681.524718,serverless_reactive:cyclical:2,0.0,164.74,4,12.0
1788964681.7268355,serverless_reactive:cyclical:2,0.0,164.74,4,12.0
1788964681.9287937,serverless_reactive:cyclical:2,0.0,164.74,4,12.0
1788964682.1313148,serverless_reactive:cyclical:2,0.0,164.74,4,12.0
1788964682.3335447,serverless_reactive:cyclical:2,0.0,164.74,4,12.0
1788964682.5353594,serverless_reactive:cyclical:2,0.0,164.74,4,12.0
1788964682.7373343,serverless_reactive:cyclical:2,0.0,164.74,4,12.0
1788964682.9393132,serverless_reactive:cyclical:2,0.0,164.74,4,12.0
1788964683.1413448,serverless_reactive:cyclical:2,0.0,164.74,4,12.0
1788964683.343341,serverless_reactive:cyclical:2,0.0,164.74,4,12.0
1788964683.5453532,serverless_reactive:cyclical:2,0.0,164.74,4,12.0
1788964683.7472892,serverless_reactive:cyclical:2,0.0,164.74,4,12.0
1788964683.9494936,serverless_reactive:cyclical:2,0.0,164.74,4,12.0
1788964684.1515093,serverless_reactive:cyclical:2,0.0,164.74,4,12.0
1788964684.3541374,serverless_reactive:cyclical:2,0.0,164.74,4,12.0
1788964684.5560427,serverless_reactive:cyclical:2,0.0,164.74,4,12.0
1788964684.7580798,serverless_reactive:cyclical:2,0.0,164.74,4,12.0
1788964684.960011,serverless_reactive:cyclical:2,0.0,164.74,4,12.0
1788964685.1619895,serverless_reactive:cyclical:2,5.0,164.74,4,12.0
1788964685.3639548,serverless_reactive:cyclical:2,0.0,164.74,4,12.0
1788964685.5659068,serverless_reactive:cyclical:2,5.0,164.74,4,12.0
1788964685.7679338,serverless_reactive:cyclical:2,0.0,164.74,4,12.0
1788964685.9701805,serverless_reactive:cyclical:2,0.0,164.74,4,12.0
1788964686.1729827,serverless_reactive:cyclical:2,0.0,164.74,4,12.0
1788964686.3751361,serverless_reactive:cyclical:2,0.0,164.74,4,12.0
1788964686.5780246,serverless_reactive:cyclical:2,0.0,164.74,4,12.0
1788964686.7802,serverless_reactive:cyclical:2,0.0,164.74,4,12.0
1788964686.9830196,serverless_reactive:cyclical:2,4.9,164.74,4,12.0
1788964687.1849885,serverless_reactive:cyclical:2,0.0,164.74,4,12.0
1788964687.3878415,serverless_reactive:cyclical:2,0.0,164.74,4,12.0
1788964687.590139,serverless_reactive:cyclical:2,0.0,164.74,4,12.0
1788964687.7920635,serverless_reactive:cyclical:2,0.0,164.74,4,12.0
1788964687.9940386,serverless_reactive:cyclical:2,0.0,164.74,4,12.0
1788964688.1961503,serverless_reactive:cyclical:2,0.0,164.74,4,12.0
1788964688.398335,serverless_reactive:cyclical:2,0.0,164.74,4,12.0
1788964688.6006126,serverless_reactive:cyclical:2,0.0,164.74,4,12.0
1788964688.8038356,serverless_reactive:cyclical:2,0.0,164.74,4,12.0
1788964689.0059845,serverless_reactive:cyclical:2,0.0,164.74,4,12.0
1788964689.2085488,serverless_reactive:cyclical:2,0.0,164.74,4,12.0
1788964689.4114203,serverless_reactive:cyclical:2,0.0,164.74,4,12.0
1788964689.613951,serverless_reactive:cyclical:2,0.0,164.74,4,12.0
1788964689.8167386,serverless_reactive:cyclical:2,4.9,164.74,4,12.0
1788964690.0192125,serverless_reactive:cyclical:2,4.9,164.74,4,12.0
1788964690.9115255,serverless_reactive:cyclical:3,0.0,36.61,1,12.0
1788964691.1139486,serverless_reactive:cyclical:3,0.0,36.61,1,12.0
1788964691.3158967,serverless_reactive:cyclical:3,0.0,36.61,1,12.0
1788964691.5177412,serverless_reactive:cyclical:3,0.0,36.61,1,12.0
1788964691.7199152,serverless_reactive:cyclical:3,0.0,36.61,1,12.0
1788964691.9225526,serverless_reactive:cyclical:3,0.0,36.61,1,12.0
1788964692.1245222,serverless_reactive:cyclical:3,0.0,36.61,1,12.0
1788964692.3265336,serverless_reactive:cyclical:3,0.0,36.61,1,12.0
1788964692.5289195,serverless_reactive:cyclical:3,0.0,36.61,1,12.0
1788964692.7314503,serverless_reactive:cyclical:3,0.0,36.61,1,12.0
1788964692.93404,serverless_reactive:cyclical:3,0.0,36.61,1,12.0
1788964693.1364646,serverless_reactive:cyclical:3,0.0,36.61,1,12.0
1788964693.3383324,serverless_reactive:cyclical:3,0.0,36.61,1,12.0
1788964693.5401871,serverless_reactive:cyclical:3,0.0,36.61,1,12.0
1788964693.742232,serverless_reactive:cyclical:3,0.0,36.61,1,12.0
1788964693.9446335,serverless_reactive:cyclical:3,0.0,36.61,1,12.0
1788964694.1471288,serverless_reactive:cyclical:3,0.0,36.61,1,12.0
1788964694.3487787,serverless_reactive:cyclical:3,0.0,36.61,1,12.0
1788964694.550656,serverless_reactive:cyclical:3,0.0,36.61,1,12.0
1788964694.752411,serverless_reactive:cyclical:3,0.0,36.61,1,12.0
1788964694.9541497,serverless_reactive:cyclical:3,0.0,36.61,1,12.0
1788964695.1559913,serverless_reactive:cyclical:3,0.0,36.61,1,12.0
1788964695.3577106,serverless_reactive:cyclical:3,5.0,36.61,1,12.0
1788964695.560241,serverless_reactive:cyclical:3,0.0,36.61,1,12.0
1788964695.762152,serverless_reactive:cyclical:3,0.0,36.61,1,12.0
1788964695.9662204,serverless_reactive:cyclical:3,0.0,36.61,1,12.0
1788964696.1700099,serverless_reactive:cyclical:3,0.0,36.61,1,12.0
1788964696.3717604,serverless_reactive:cyclical:3,0.0,36.61,1,12.0
1788964696.5735207,serverless_reactive:cyclical:3,0.0,36.61,1,12.0
1788964696.775367,serverless_reactive:cyclical:3,0.0,36.61,1,12.0
1788964696.9770951,serverless_reactive:cyclical:3,0.0,36.61,1,12.0
1788964697.178983,serverless_reactive:cyclical:3,0.0,36.61,1,12.0
1788964697.3808622,serverless_reactive:cyclical:3,0.0,36.61,1,12.0
1788964697.5825713,serverless_reactive:cyclical:3,0.0,36.61,1,12.0
1788964697.7844644,serverless_reactive:cyclical:3,0.0,36.61,1,12.0
1788964697.9861524,serverless_reactive:cyclical:3,0.0,36.61,1,12.0
1788964698.1877785,serverless_reactive:cyclical:3,0.0,36.61,1,12.0
1788964698.3897784,serverless_reactive:cyclical:3,0.0,36.61,1,12.0
1788964698.591537,serverless_reactive:cyclical:3,0.0,36.61,1,12.0
1788964698.7935443,serverless_reactive:cyclical:3,0.0,36.61,1,12.0
1788964698.9953487,serverless_reactive:cyclical:3,0.0,36.61,1,12.0
1788964699.1979795,serverless_reactive:cyclical:3,0.0,36.61,1,12.0
1788964699.3998241,serverless_reactive:cyclical:3,0.0,36.61,1,12.0
1788964699.6016104,serverless_reactive:cyclical:3,0.0,36.61,1,12.0
1788964699.8033056,serverless_reactive:cyclical:3,0.0,36.61,1,12.0
1788964700.005002,serverless_reactive:cyclical:3,0.0,36.61,1,12.0
1788964700.2107954,serverless_reactive:cyclical:3,9.7,93.65,4,12.0
1788964700.4124887,serverless_reactive:cyclical:3,198.4,134.49,4,12.0
1788964700.6157155,serverless_reactive:cyclical:3,187.0,153.0,4,12.0
1788964700.817922,serverless_reactive:cyclical:3,123.6,164.87,4,12.0
1788964701.0198872,serverless_reactive:cyclical:3,0.0,164.87,4,12.0
1788964701.222794,serverless_reactive:cyclical:3,0.0,164.87,4,12.0
1788964701.4260957,serverless_reactive:cyclical:3,0.0,164.87,4,12.0
1788964701.628346,serverless_reactive:cyclical:3,0.0,164.87,4,12.0
1788964701.8314672,serverless_reactive:cyclical:3,0.0,164.87,4,12.0
1788964702.0333817,serverless_reactive:cyclical:3,0.0,164.87,4,12.0
1788964702.2353075,serverless_reactive:cyclical:3,0.0,164.87,4,12.0
1788964702.4372478,serverless_reactive:cyclical:3,5.0,164.87,4,12.0
1788964702.6391265,serverless_reactive:cyclical:3,0.0,164.87,4,12.0
1788964702.8410437,serverless_reactive:cyclical:3,5.0,164.87,4,12.0
1788964703.0431273,serverless_reactive:cyclical:3,0.0,164.87,4,12.0
1788964703.2461798,serverless_reactive:cyclical:3,0.0,164.87,4,12.0
1788964703.4486032,serverless_reactive:cyclical:3,0.0,164.87,4,12.0
1788964703.6514916,serverless_reactive:cyclical:3,0.0,164.87,4,12.0
1788964703.85351,serverless_reactive:cyclical:3,0.0,164.87,4,12.0
1788964704.0554502,serverless_reactive:cyclical:3,5.0,164.87,4,12.0
1788964704.2574224,serverless_reactive:cyclical:3,0.0,164.87,4,12.0
1788964704.4594247,serverless_reactive:cyclical:3,0.0,164.87,4,12.0
1788964704.6625247,serverless_reactive:cyclical:3,0.0,164.87,4,12.0
1788964704.864436,serverless_reactive:cyclical:3,0.0,164.87,4,12.0
1788964705.066404,serverless_reactive:cyclical:3,0.0,164.87,4,12.0
1788964705.2684455,serverless_reactive:cyclical:3,0.0,164.87,4,12.0
1788964705.470477,serverless_reactive:cyclical:3,0.0,164.87,4,12.0
1788964705.6734333,serverless_reactive:cyclical:3,0.0,164.87,4,12.0
1788964705.875618,serverless_reactive:cyclical:3,0.0,164.88,4,12.0
1788964706.0776272,serverless_reactive:cyclical:3,0.0,164.88,4,12.0
1788964706.2795575,serverless_reactive:cyclical:3,0.0,164.88,4,12.0
1788964706.4813862,serverless_reactive:cyclical:3,0.0,164.88,4,12.0
1788964706.6833124,serverless_reactive:cyclical:3,0.0,164.88,4,12.0
1788964706.8853693,serverless_reactive:cyclical:3,4.9,164.88,4,12.0
1788964707.0873582,serverless_reactive:cyclical:3,0.0,164.88,4,12.0
1788964707.2894068,serverless_reactive:cyclical:3,0.0,164.88,4,12.0
1788964707.4916122,serverless_reactive:cyclical:3,0.0,164.88,4,12.0
1788964707.693954,serverless_reactive:cyclical:3,0.0,164.88,4,12.0
1788964707.8965354,serverless_reactive:cyclical:3,0.0,164.88,4,12.0
1788964708.0987377,serverless_reactive:cyclical:3,0.0,164.88,4,12.0
1788964708.3006685,serverless_reactive:cyclical:3,0.0,164.88,4,12.0
1788964708.5027993,serverless_reactive:cyclical:3,0.0,164.88,4,12.0
1788964708.705512,serverless_reactive:cyclical:3,0.0,164.88,4,12.0
1788964708.9073915,serverless_reactive:cyclical:3,5.0,164.88,4,12.0
1788964709.1093569,serverless_reactive:cyclical:3,0.0,164.88,4,12.0
1788964709.312232,serverless_reactive:cyclical:3,0.0,164.88,4,12.0
1788964709.5143018,serverless_reactive:cyclical:3,4.9,164.88,4,12.0
1788964709.7164948,serverless_reactive:cyclical:3,0.0,164.88,4,12.0
1788964709.918714,serverless_reactive:cyclical:3,0.0,164.88,4,12.0
1788964710.1206932,serverless_reactive:cyclical:3,0.0,164.88,4,12.0
1788964710.3234286,serverless_reactive:cyclical:3,9.8,164.9,4,12.0
1788964710.5255032,serverless_reactive:cyclical:3,0.0,164.9,4,12.0
1788964710.72824,serverless_reactive:cyclical:3,0.0,164.9,4,12.0
1788964710.930231,serverless_reactive:cyclical:3,0.0,164.9,4,12.0
1788964711.1321855,serverless_reactive:cyclical:3,5.0,164.9,4,12.0
1788964711.3342485,serverless_reactive:cyclical:3,0.0,164.9,4,12.0
1788964711.5362039,serverless_reactive:cyclical:3,0.0,164.9,4,12.0
1788964711.7382545,serverless_reactive:cyclical:3,0.0,164.9,4,12.0
1788964711.9402366,serverless_reactive:cyclical:3,5.0,164.9,4,12.0
1788964712.1423247,serverless_reactive:cyclical:3,0.0,164.9,4,12.0
1788964712.3443894,serverless_reactive:cyclical:3,0.0,164.9,4,12.0
1788964712.546426,serverless_reactive:cyclical:3,0.0,164.9,4,12.0
1788964712.748505,serverless_reactive:cyclical:3,0.0,164.9,4,12.0
1788964712.950549,serverless_reactive:cyclical:3,4.9,164.9,4,12.0
1788964713.1524963,serverless_reactive:cyclical:3,0.0,164.9,4,12.0
1788964713.3545039,serverless_reactive:cyclical:3,0.0,164.9,4,12.0
1788964713.5564394,serverless_reactive:cyclical:3,5.0,164.9,4,12.0
1788964713.758387,serverless_reactive:cyclical:3,0.0,164.9,4,12.0
1788964713.9606125,serverless_reactive:cyclical:3,0.0,164.9,4,12.0
1788964714.1628006,serverless_reactive:cyclical:3,0.0,164.9,4,12.0
1788964714.3648217,serverless_reactive:cyclical:3,0.0,164.9,4,12.0
1788964714.5669277,serverless_reactive:cyclical:3,0.0,164.9,4,12.0
1788964714.7688916,serverless_reactive:cyclical:3,0.0,164.9,4,12.0
1788964714.9711761,serverless_reactive:cyclical:3,0.0,164.9,4,12.0
1788964715.1732557,serverless_reactive:cyclical:3,0.0,164.9,4,12.0
1788964715.3753026,serverless_reactive:cyclical:3,0.0,164.9,4,12.0
1788964715.5774517,serverless_reactive:cyclical:3,0.0,164.9,4,12.0
1788964715.7799406,serverless_reactive:cyclical:3,0.0,164.9,4,12.0
1788964715.9824996,serverless_reactive:cyclical:3,0.0,164.9,4,12.0
1788964716.184715,serverless_reactive:cyclical:3,0.0,164.9,4,12.0
1788964716.387244,serverless_reactive:cyclical:3,4.9,164.9,4,12.0
1788964716.5893264,serverless_reactive:cyclical:3,0.0,164.9,4,12.0
1788964716.7912014,serverless_reactive:cyclical:3,0.0,164.9,4,12.0
1788964716.9932442,serverless_reactive:cyclical:3,0.0,164.9,4,12.0
1788964717.1956236,serverless_reactive:cyclical:3,0.0,164.9,4,12.0
1788964717.3985915,serverless_reactive:cyclical:3,4.9,164.9,4,12.0
1788964717.6006348,serverless_reactive:cyclical:3,0.0,164.9,4,12.0
1788964717.8026161,serverless_reactive:cyclical:3,0.0,164.9,4,12.0
1788964718.0055583,serverless_reactive:cyclical:3,4.9,164.9,4,12.0
1788964718.2075841,serverless_reactive:cyclical:3,0.0,164.9,4,12.0
1788964718.4096663,serverless_reactive:cyclical:3,0.0,164.9,4,12.0
1788964718.6116393,serverless_reactive:cyclical:3,0.0,164.9,4,12.0
1788964718.8136435,serverless_reactive:cyclical:3,5.0,164.9,4,12.0
1788964719.0157194,serverless_reactive:cyclical:3,4.9,164.9,4,12.0
1788964719.218093,serverless_reactive:cyclical:3,0.0,164.9,4,12.0
1788964719.4203212,serverless_reactive:cyclical:3,4.9,164.9,4,12.0
1788964719.6223993,serverless_reactive:cyclical:3,0.0,164.9,4,12.0
1788964719.824554,serverless_reactive:cyclical:3,0.0,164.9,4,12.0
1788964720.026658,serverless_reactive:cyclical:3,4.9,164.9,4,12.0
1788964720.2287595,serverless_reactive:cyclical:3,0.0,164.9,4,12.0
1788964720.431174,serverless_reactive:cyclical:3,0.0,164.9,4,12.0
1788964720.6334348,serverless_reactive:cyclical:3,0.0,164.9,4,12.0
1788964720.835384,serverless_reactive:cyclical:3,0.0,164.9,4,12.0
1788964721.0375037,serverless_reactive:cyclical:3,0.0,164.9,4,12.0
1788964721.2404623,serverless_reactive:cyclical:3,0.0,164.9,4,12.0
1788964721.4436536,serverless_reactive:cyclical:3,0.0,164.9,4,12.0
1788964721.646144,serverless_reactive:cyclical:3,4.9,164.9,4,12.0
1788964721.8482816,serverless_reactive:cyclical:3,0.0,164.9,4,12.0
1788964722.0508826,serverless_reactive:cyclical:3,0.0,164.9,4,12.0
1788964722.2530928,serverless_reactive:cyclical:3,0.0,164.9,4,12.0
1788964722.4563625,serverless_reactive:cyclical:3,0.0,164.9,4,12.0
1788964722.6588027,serverless_reactive:cyclical:3,0.0,164.9,4,12.0
1788964722.8608415,serverless_reactive:cyclical:3,0.0,164.9,4,12.0
1788964723.0628624,serverless_reactive:cyclical:3,0.0,164.9,4,12.0
1788964723.26487,serverless_reactive:cyclical:3,0.0,164.9,4,12.0
1788964723.4680293,serverless_reactive:cyclical:3,0.0,164.9,4,12.0
1788964723.6704438,serverless_reactive:cyclical:3,0.0,164.9,4,12.0
1788964723.8724854,serverless_reactive:cyclical:3,4.9,164.9,4,12.0
1788964724.0747807,serverless_reactive:cyclical:3,0.0,164.9,4,12.0
1788964724.276787,serverless_reactive:cyclical:3,0.0,164.9,4,12.0
1788964724.4790077,serverless_reactive:cyclical:3,0.0,164.9,4,12.0
1788964724.6810808,serverless_reactive:cyclical:3,0.0,164.9,4,12.0
1788964724.8831522,serverless_reactive:cyclical:3,0.0,164.9,4,12.0
1788964725.085295,serverless_reactive:cyclical:3,0.0,164.9,4,12.0
1788964725.2873757,serverless_reactive:cyclical:3,4.9,164.9,4,12.0
1788964725.489616,serverless_reactive:cyclical:3,0.0,164.9,4,12.0
1788964725.6916633,serverless_reactive:cyclical:3,0.0,164.9,4,12.0
1788964725.893977,serverless_reactive:cyclical:3,4.9,164.9,4,12.0
1788964726.096087,serverless_reactive:cyclical:3,0.0,164.9,4,12.0
1788964726.298388,serverless_reactive:cyclical:3,4.9,164.9,4,12.0
1788964726.5002265,serverless_reactive:cyclical:3,0.0,164.9,4,12.0
1788964726.7024727,serverless_reactive:cyclical:3,0.0,164.9,4,12.0
1788964726.904702,serverless_reactive:cyclical:3,0.0,164.9,4,12.0
1788964727.106936,serverless_reactive:cyclical:3,0.0,164.9,4,12.0
1788964727.3090317,serverless_reactive:cyclical:3,0.0,164.9,4,12.0
1788964727.5111248,serverless_reactive:cyclical:3,0.0,164.9,4,12.0
1788964727.7137153,serverless_reactive:cyclical:3,0.0,164.9,4,12.0
1788964727.9158337,serverless_reactive:cyclical:3,4.9,164.92,4,12.0
1788964728.1180296,serverless_reactive:cyclical:3,0.0,164.92,4,12.0
1788964728.3201714,serverless_reactive:cyclical:3,0.0,164.92,4,12.0
1788964728.5222664,serverless_reactive:cyclical:3,0.0,164.92,4,12.0
1788964728.7249243,serverless_reactive:cyclical:3,0.0,164.92,4,12.0
1788964728.9267192,serverless_reactive:cyclical:3,5.0,164.92,4,12.0
1788964729.1290755,serverless_reactive:cyclical:3,9.8,164.92,4,12.0
1788964729.3313618,serverless_reactive:cyclical:3,0.0,164.92,4,12.0
1788964729.5336578,serverless_reactive:cyclical:3,0.0,164.92,4,12.0
1788964729.7356226,serverless_reactive:cyclical:3,0.0,164.92,4,12.0
1788964729.9376528,serverless_reactive:cyclical:3,0.0,164.92,4,12.0
1788964730.1396806,serverless_reactive:cyclical:3,0.0,164.92,4,12.0
1788964730.3417273,serverless_reactive:cyclical:3,0.0,164.92,4,12.0
1788964730.5435681,serverless_reactive:cyclical:3,0.0,164.92,4,12.0
1788964730.7456906,serverless_reactive:cyclical:3,0.0,164.92,4,12.0
1788964730.947791,serverless_reactive:cyclical:3,0.0,164.92,4,12.0
1788964731.1497216,serverless_reactive:cyclical:3,0.0,164.92,4,12.0
1788964731.3517084,serverless_reactive:cyclical:3,0.0,164.92,4,12.0
1788964731.5536735,serverless_reactive:cyclical:3,0.0,164.92,4,12.0
1788964731.7555563,serverless_reactive:cyclical:3,5.0,164.92,4,12.0
1788964731.957499,serverless_reactive:cyclical:3,0.0,164.92,4,12.0
1788964732.1593578,serverless_reactive:cyclical:3,0.0,164.92,4,12.0
1788964732.361334,serverless_reactive:cyclical:3,0.0,164.92,4,12.0
1788964732.5637856,serverless_reactive:cyclical:3,0.0,164.92,4,12.0
1788964732.7658591,serverless_reactive:cyclical:3,0.0,164.92,4,12.0
1788964732.9677794,serverless_reactive:cyclical:3,0.0,164.92,4,12.0
1788964733.1699483,serverless_reactive:cyclical:3,0.0,164.92,4,12.0
1788964733.3719509,serverless_reactive:cyclical:3,0.0,164.92,4,12.0
1788964733.5740104,serverless_reactive:cyclical:3,0.0,164.92,4,12.0
1788964733.7759585,serverless_reactive:cyclical:3,5.0,164.92,4,12.0
1788964733.9781177,serverless_reactive:cyclical:3,0.0,164.92,4,12.0
1788964734.1802719,serverless_reactive:cyclical:3,0.0,164.92,4,12.0
1788964734.3823137,serverless_reactive:cyclical:3,0.0,164.92,4,12.0
1788964734.5845249,serverless_reactive:cyclical:3,0.0,164.92,4,12.0
1788964734.786529,serverless_reactive:cyclical:3,0.0,164.92,4,12.0
1788964734.9887464,serverless_reactive:cyclical:3,0.0,164.92,4,12.0
1788964735.1907156,serverless_reactive:cyclical:3,4.9,164.92,4,12.0
1788964735.3927162,serverless_reactive:cyclical:3,5.0,164.92,4,12.0
1788964735.5948749,serverless_reactive:cyclical:3,0.0,164.92,4,12.0
1788964735.7972429,serverless_reactive:cyclical:3,0.0,164.92,4,12.0
1788964735.999223,serverless_reactive:cyclical:3,0.0,164.92,4,12.0
1788964736.2013056,serverless_reactive:cyclical:3,0.0,164.92,4,12.0
1788964736.405012,serverless_reactive:cyclical:3,9.8,164.92,4,12.0
1788964737.2306144,serverless_reactive:cyclical:4,0.0,36.61,1,12.0
1788964737.432605,serverless_reactive:cyclical:4,0.0,36.61,1,12.0
1788964737.6352875,serverless_reactive:cyclical:4,0.0,36.61,1,12.0
1788964737.8373566,serverless_reactive:cyclical:4,0.0,36.61,1,12.0
1788964738.0396907,serverless_reactive:cyclical:4,0.0,36.61,1,12.0
1788964738.2421288,serverless_reactive:cyclical:4,4.9,36.61,1,12.0
1788964738.443997,serverless_reactive:cyclical:4,0.0,36.61,1,12.0
1788964738.6466744,serverless_reactive:cyclical:4,0.0,36.61,1,12.0
1788964738.8485692,serverless_reactive:cyclical:4,0.0,36.61,1,12.0
1788964739.050695,serverless_reactive:cyclical:4,0.0,36.61,1,12.0
1788964739.2527978,serverless_reactive:cyclical:4,0.0,36.61,1,12.0
1788964739.4545655,serverless_reactive:cyclical:4,0.0,36.61,1,12.0
1788964739.6780267,serverless_reactive:cyclical:4,0.0,36.61,1,12.0
1788964739.8813992,serverless_reactive:cyclical:4,0.0,36.61,1,12.0
1788964740.0831425,serverless_reactive:cyclical:4,0.0,36.61,1,12.0
1788964740.2850115,serverless_reactive:cyclical:4,0.0,36.61,1,12.0
1788964740.4867861,serverless_reactive:cyclical:4,0.0,36.61,1,12.0
1788964740.689272,serverless_reactive:cyclical:4,0.0,36.61,1,12.0
1788964740.8910217,serverless_reactive:cyclical:4,0.0,36.61,1,12.0
1788964741.0929065,serverless_reactive:cyclical:4,0.0,36.61,1,12.0
1788964741.2946696,serverless_reactive:cyclical:4,0.0,36.61,1,12.0
1788964741.4963276,serverless_reactive:cyclical:4,0.0,36.61,1,12.0
1788964741.6981318,serverless_reactive:cyclical:4,0.0,36.61,1,12.0
1788964741.9000328,serverless_reactive:cyclical:4,0.0,36.61,1,12.0
1788964742.1021657,serverless_reactive:cyclical:4,0.0,36.61,1,12.0
1788964742.3039,serverless_reactive:cyclical:4,0.0,36.61,1,12.0
1788964742.505589,serverless_reactive:cyclical:4,0.0,36.61,1,12.0
1788964742.7073262,serverless_reactive:cyclical:4,0.0,36.61,1,12.0
1788964742.909014,serverless_reactive:cyclical:4,0.0,36.61,1,12.0
1788964743.1108713,serverless_reactive:cyclical:4,0.0,36.61,1,12.0
1788964743.3127668,serverless_reactive:cyclical:4,0.0,36.61,1,12.0
1788964743.5144825,serverless_reactive:cyclical:4,0.0,36.61,1,12.0
1788964743.7162726,serverless_reactive:cyclical:4,0.0,36.61,1,12.0
1788964743.9180577,serverless_reactive:cyclical:4,0.0,36.61,1,12.0
1788964744.1198735,serverless_reactive:cyclical:4,0.0,36.61,1,12.0
1788964744.3217406,serverless_reactive:cyclical:4,0.0,36.61,1,12.0
1788964744.5234296,serverless_reactive:cyclical:4,0.0,36.61,1,12.0
1788964744.7252018,serverless_reactive:cyclical:4,0.0,36.61,1,12.0
1788964744.9270072,serverless_reactive:cyclical:4,0.0,36.61,1,12.0
1788964745.128799,serverless_reactive:cyclical:4,0.0,36.61,1,12.0
1788964745.3306713,serverless_reactive:cyclical:4,0.0,36.61,1,12.0
1788964745.5324278,serverless_reactive:cyclical:4,0.0,36.61,1,12.0
1788964745.7342935,serverless_reactive:cyclical:4,0.0,36.61,1,12.0
1788964745.9360144,serverless_reactive:cyclical:4,0.0,36.61,1,12.0
1788964746.1462476,serverless_reactive:cyclical:4,4.8,60.48,4,12.0
1788964746.3480668,serverless_reactive:cyclical:4,193.2,123.98,4,12.0
1788964746.5540404,serverless_reactive:cyclical:4,194.3,147.24,4,12.0
1788964746.7557197,serverless_reactive:cyclical:4,173.6,162.58,4,12.0
1788964746.9587176,serverless_reactive:cyclical:4,19.7,164.68,4,12.0
1788964747.1609101,serverless_reactive:cyclical:4,0.0,164.68,4,12.0
1788964747.3631086,serverless_reactive:cyclical:4,0.0,164.68,4,12.0
1788964747.5651698,serverless_reactive:cyclical:4,0.0,164.68,4,12.0
1788964747.7674153,serverless_reactive:cyclical:4,0.0,164.68,4,12.0
1788964747.9700222,serverless_reactive:cyclical:4,4.9,164.68,4,12.0
1788964748.1723044,serverless_reactive:cyclical:4,0.0,164.68,4,12.0
1788964748.3748908,serverless_reactive:cyclical:4,0.0,164.68,4,12.0
1788964748.578094,serverless_reactive:cyclical:4,0.0,164.68,4,12.0
1788964748.7801216,serverless_reactive:cyclical:4,0.0,164.68,4,12.0
1788964748.982183,serverless_reactive:cyclical:4,0.0,164.68,4,12.0
1788964749.1848536,serverless_reactive:cyclical:4,0.0,164.68,4,12.0
1788964749.3870282,serverless_reactive:cyclical:4,0.0,164.68,4,12.0
1788964749.5892882,serverless_reactive:cyclical:4,0.0,164.68,4,12.0
1788964749.791301,serverless_reactive:cyclical:4,0.0,164.68,4,12.0
1788964749.9933012,serverless_reactive:cyclical:4,0.0,164.68,4,12.0
1788964750.195971,serverless_reactive:cyclical:4,0.0,164.68,4,12.0
1788964750.399939,serverless_reactive:cyclical:4,0.0,164.68,4,12.0
1788964750.601997,serverless_reactive:cyclical:4,0.0,164.68,4,12.0
1788964750.8042912,serverless_reactive:cyclical:4,0.0,164.68,4,12.0
1788964751.0064285,serverless_reactive:cyclical:4,0.0,164.68,4,12.0
1788964751.2087033,serverless_reactive:cyclical:4,0.0,164.68,4,12.0
1788964751.411457,serverless_reactive:cyclical:4,0.0,164.68,4,12.0
1788964751.6137457,serverless_reactive:cyclical:4,4.9,164.68,4,12.0
1788964751.8158178,serverless_reactive:cyclical:4,0.0,164.68,4,12.0
1788964752.0181992,serverless_reactive:cyclical:4,0.0,164.68,4,12.0
1788964752.2207005,serverless_reactive:cyclical:4,4.9,164.68,4,12.0
1788964752.4230337,serverless_reactive:cyclical:4,0.0,164.68,4,12.0
1788964752.625039,serverless_reactive:cyclical:4,9.8,164.68,4,12.0
1788964752.8271506,serverless_reactive:cyclical:4,0.0,164.68,4,12.0
1788964753.029208,serverless_reactive:cyclical:4,0.0,164.68,4,12.0
1788964753.2311964,serverless_reactive:cyclical:4,0.0,164.68,4,12.0
1788964753.4332988,serverless_reactive:cyclical:4,0.0,164.68,4,12.0
1788964753.6355803,serverless_reactive:cyclical:4,0.0,164.68,4,12.0
1788964753.8378744,serverless_reactive:cyclical:4,0.0,164.68,4,12.0
1788964754.0401876,serverless_reactive:cyclical:4,0.0,164.68,4,12.0
1788964754.2425697,serverless_reactive:cyclical:4,0.0,164.68,4,12.0
1788964754.4447029,serverless_reactive:cyclical:4,0.0,164.68,4,12.0
1788964754.6467102,serverless_reactive:cyclical:4,0.0,164.68,4,12.0
1788964754.8500216,serverless_reactive:cyclical:4,0.0,164.68,4,12.0
1788964755.0520546,serverless_reactive:cyclical:4,0.0,164.68,4,12.0
1788964755.254205,serverless_reactive:cyclical:4,0.0,164.68,4,12.0
1788964755.4561667,serverless_reactive:cyclical:4,0.0,164.68,4,12.0
1788964755.6583216,serverless_reactive:cyclical:4,0.0,164.68,4,12.0
1788964755.8606255,serverless_reactive:cyclical:4,0.0,164.68,4,12.0
1788964756.062672,serverless_reactive:cyclical:4,19.6,164.7,4,12.0
1788964756.2649727,serverless_reactive:cyclical:4,0.0,164.7,4,12.0
1788964756.4673002,serverless_reactive:cyclical:4,0.0,164.7,4,12.0
1788964756.669234,serverless_reactive:cyclical:4,0.0,164.7,4,12.0
1788964756.8710825,serverless_reactive:cyclical:4,0.0,164.7,4,12.0
1788964757.0730147,serverless_reactive:cyclical:4,0.0,164.7,4,12.0
1788964757.2750492,serverless_reactive:cyclical:4,0.0,164.7,4,12.0
1788964757.476928,serverless_reactive:cyclical:4,0.0,164.7,4,12.0
1788964757.6794045,serverless_reactive:cyclical:4,0.0,164.7,4,12.0
1788964757.8816512,serverless_reactive:cyclical:4,0.0,164.7,4,12.0
1788964758.0836172,serverless_reactive:cyclical:4,0.0,164.7,4,12.0
1788964758.2858164,serverless_reactive:cyclical:4,0.0,164.7,4,12.0
1788964758.4882479,serverless_reactive:cyclical:4,0.0,164.7,4,12.0
1788964758.6900969,serverless_reactive:cyclical:4,5.0,164.7,4,12.0
1788964758.892276,serverless_reactive:cyclical:4,4.9,164.7,4,12.0
1788964759.0947359,serverless_reactive:cyclical:4,0.0,164.7,4,12.0
1788964759.2967463,serverless_reactive:cyclical:4,0.0,164.7,4,12.0
1788964759.4989295,serverless_reactive:cyclical:4,0.0,164.7,4,12.0
1788964759.7009661,serverless_reactive:cyclical:4,0.0,164.7,4,12.0
1788964759.9030058,serverless_reactive:cyclical:4,4.9,164.7,4,12.0
1788964760.1050088,serverless_reactive:cyclical:4,0.0,164.7,4,12.0
1788964760.3073592,serverless_reactive:cyclical:4,0.0,164.7,4,12.0
1788964760.509408,serverless_reactive:cyclical:4,0.0,164.7,4,12.0
1788964760.7113686,serverless_reactive:cyclical:4,0.0,164.7,4,12.0
1788964760.9134738,serverless_reactive:cyclical:4,0.0,164.7,4,12.0
1788964761.1153865,serverless_reactive:cyclical:4,5.0,164.7,4,12.0
1788964761.3175282,serverless_reactive:cyclical:4,0.0,164.7,4,12.0
1788964761.5195718,serverless_reactive:cyclical:4,0.0,164.7,4,12.0
1788964761.7216413,serverless_reactive:cyclical:4,0.0,164.7,4,12.0
1788964761.923594,serverless_reactive:cyclical:4,0.0,164.7,4,12.0
1788964762.1268156,serverless_reactive:cyclical:4,0.0,164.7,4,12.0
1788964762.3289704,serverless_reactive:cyclical:4,0.0,164.7,4,12.0
1788964762.5307624,serverless_reactive:cyclical:4,0.0,164.7,4,12.0
1788964762.7326844,serverless_reactive:cyclical:4,0.0,164.7,4,12.0
1788964762.9346757,serverless_reactive:cyclical:4,0.0,164.7,4,12.0
1788964763.1369328,serverless_reactive:cyclical:4,0.0,164.7,4,12.0
1788964763.338857,serverless_reactive:cyclical:4,0.0,164.7,4,12.0
1788964763.5407865,serverless_reactive:cyclical:4,5.0,164.7,4,12.0
1788964763.7427287,serverless_reactive:cyclical:4,0.0,164.7,4,12.0
1788964763.9447567,serverless_reactive:cyclical:4,0.0,164.7,4,12.0
1788964764.1466556,serverless_reactive:cyclical:4,0.0,164.7,4,12.0
1788964764.348517,serverless_reactive:cyclical:4,0.0,164.7,4,12.0
1788964764.5504696,serverless_reactive:cyclical:4,0.0,164.7,4,12.0
1788964764.7529411,serverless_reactive:cyclical:4,4.9,164.7,4,12.0
1788964764.95538,serverless_reactive:cyclical:4,4.9,164.7,4,12.0
1788964765.157295,serverless_reactive:cyclical:4,0.0,164.7,4,12.0
1788964765.3591135,serverless_reactive:cyclical:4,0.0,164.7,4,12.0
1788964765.5616438,serverless_reactive:cyclical:4,0.0,164.7,4,12.0
1788964765.7635388,serverless_reactive:cyclical:4,0.0,164.7,4,12.0
1788964765.9668436,serverless_reactive:cyclical:4,4.9,164.71,4,12.0
1788964766.1686518,serverless_reactive:cyclical:4,5.0,164.71,4,12.0
1788964766.3705165,serverless_reactive:cyclical:4,0.0,164.71,4,12.0
1788964766.5722923,serverless_reactive:cyclical:4,0.0,164.71,4,12.0
1788964766.7741187,serverless_reactive:cyclical:4,0.0,164.71,4,12.0
1788964766.9759107,serverless_reactive:cyclical:4,0.0,164.71,4,12.0
1788964767.1779134,serverless_reactive:cyclical:4,0.0,164.71,4,12.0
1788964767.379904,serverless_reactive:cyclical:4,5.0,164.71,4,12.0
1788964767.5821116,serverless_reactive:cyclical:4,0.0,164.71,4,12.0
1788964767.7839246,serverless_reactive:cyclical:4,0.0,164.71,4,12.0
1788964767.9861796,serverless_reactive:cyclical:4,4.9,164.71,4,12.0
1788964768.188268,serverless_reactive:cyclical:4,0.0,164.71,4,12.0
1788964768.3901606,serverless_reactive:cyclical:4,0.0,164.71,4,12.0
1788964768.5919487,serverless_reactive:cyclical:4,0.0,164.71,4,12.0
1788964768.7938783,serverless_reactive:cyclical:4,0.0,164.71,4,12.0
1788964768.9957151,serverless_reactive:cyclical:4,0.0,164.71,4,12.0
1788964769.197807,serverless_reactive:cyclical:4,0.0,164.71,4,12.0
1788964769.3998668,serverless_reactive:cyclical:4,0.0,164.71,4,12.0
1788964769.6017792,serverless_reactive:cyclical:4,0.0,164.71,4,12.0
1788964769.8046136,serverless_reactive:cyclical:4,0.0,164.71,4,12.0
1788964770.0066817,serverless_reactive:cyclical:4,0.0,164.71,4,12.0
1788964770.2086773,serverless_reactive:cyclical:4,0.0,164.71,4,12.0
1788964770.4109633,serverless_reactive:cyclical:4,0.0,164.71,4,12.0
1788964770.6128283,serverless_reactive:cyclical:4,0.0,164.71,4,12.0
1788964770.8147113,serverless_reactive:cyclical:4,0.0,164.71,4,12.0
1788964771.0165966,serverless_reactive:cyclical:4,0.0,164.71,4,12.0
1788964771.2190435,serverless_reactive:cyclical:4,0.0,164.71,4,12.0
1788964771.4208891,serverless_reactive:cyclical:4,0.0,164.71,4,12.0
1788964771.6227205,serverless_reactive:cyclical:4,0.0,164.71,4,12.0
1788964771.8248208,serverless_reactive:cyclical:4,0.0,164.71,4,12.0
1788964772.0267634,serverless_reactive:cyclical:4,0.0,164.71,4,12.0
1788964772.2290487,serverless_reactive:cyclical:4,0.0,164.71,4,12.0
1788964772.4309916,serverless_reactive:cyclical:4,0.0,164.71,4,12.0
1788964772.6329203,serverless_reactive:cyclical:4,0.0,164.71,4,12.0
1788964772.834972,serverless_reactive:cyclical:4,4.9,164.71,4,12.0
1788964773.0370045,serverless_reactive:cyclical:4,0.0,164.71,4,12.0
1788964773.2390077,serverless_reactive:cyclical:4,0.0,164.71,4,12.0
1788964773.4409842,serverless_reactive:cyclical:4,0.0,164.71,4,12.0
1788964773.6431131,serverless_reactive:cyclical:4,4.9,164.71,4,12.0
1788964773.8454428,serverless_reactive:cyclical:4,4.9,164.71,4,12.0
1788964774.0474603,serverless_reactive:cyclical:4,0.0,164.71,4,12.0
1788964774.249847,serverless_reactive:cyclical:4,0.0,164.71,4,12.0
1788964774.4519074,serverless_reactive:cyclical:4,0.0,164.71,4,12.0
1788964774.6539862,serverless_reactive:cyclical:4,0.0,164.71,4,12.0
1788964774.856059,serverless_reactive:cyclical:4,4.9,164.71,4,12.0
1788964775.05842,serverless_reactive:cyclical:4,4.9,164.72,4,12.0
1788964775.260688,serverless_reactive:cyclical:4,4.9,164.72,4,12.0
1788964775.4627662,serverless_reactive:cyclical:4,0.0,164.72,4,12.0
1788964775.66503,serverless_reactive:cyclical:4,4.9,164.72,4,12.0
1788964775.8678856,serverless_reactive:cyclical:4,0.0,164.72,4,12.0
1788964776.0699549,serverless_reactive:cyclical:4,0.0,164.72,4,12.0
1788964776.272044,serverless_reactive:cyclical:4,0.0,164.72,4,12.0
1788964776.474366,serverless_reactive:cyclical:4,0.0,164.72,4,12.0
1788964776.6763928,serverless_reactive:cyclical:4,0.0,164.72,4,12.0
1788964776.8785462,serverless_reactive:cyclical:4,0.0,164.72,4,12.0
1788964777.0805454,serverless_reactive:cyclical:4,5.0,164.72,4,12.0
1788964777.2825358,serverless_reactive:cyclical:4,0.0,164.72,4,12.0
1788964777.48473,serverless_reactive:cyclical:4,0.0,164.72,4,12.0
1788964777.6874642,serverless_reactive:cyclical:4,0.0,164.72,4,12.0
1788964777.894595,serverless_reactive:cyclical:4,0.0,164.72,4,12.0
1788964778.0970707,serverless_reactive:cyclical:4,0.0,164.72,4,12.0
1788964778.2994568,serverless_reactive:cyclical:4,0.0,164.72,4,12.0
1788964778.5016034,serverless_reactive:cyclical:4,4.9,164.72,4,12.0
1788964778.7040193,serverless_reactive:cyclical:4,0.0,164.72,4,12.0
1788964778.9067094,serverless_reactive:cyclical:4,0.0,164.72,4,12.0
1788964779.109314,serverless_reactive:cyclical:4,0.0,164.72,4,12.0
1788964779.311526,serverless_reactive:cyclical:4,0.0,164.72,4,12.0
1788964779.5137703,serverless_reactive:cyclical:4,0.0,164.72,4,12.0
1788964779.7157958,serverless_reactive:cyclical:4,0.0,164.72,4,12.0
1788964779.9187088,serverless_reactive:cyclical:4,0.0,164.72,4,12.0
1788964780.1213787,serverless_reactive:cyclical:4,0.0,164.72,4,12.0
1788964780.3235648,serverless_reactive:cyclical:4,0.0,164.72,4,12.0
1788964780.52578,serverless_reactive:cyclical:4,0.0,164.72,4,12.0
1788964780.727726,serverless_reactive:cyclical:4,5.0,164.72,4,12.0
1788964780.9298887,serverless_reactive:cyclical:4,0.0,164.72,4,12.0
1788964781.1321023,serverless_reactive:cyclical:4,0.0,164.72,4,12.0
1788964781.3346593,serverless_reactive:cyclical:4,9.8,164.72,4,12.0
1788964781.53782,serverless_reactive:cyclical:4,0.0,164.72,4,12.0
1788964781.739971,serverless_reactive:cyclical:4,0.0,164.72,4,12.0
1788964781.942374,serverless_reactive:cyclical:4,0.0,164.72,4,12.0
1788964782.1447647,serverless_reactive:cyclical:4,4.9,164.72,4,12.0
1788964782.3476322,serverless_reactive:cyclical:4,0.0,164.72,4,12.0
1788964782.5500035,serverless_reactive:cyclical:4,0.0,164.72,4,12.0
1788964782.7523518,serverless_reactive:cyclical:4,0.0,164.72,4,12.0
1788964782.9561467,serverless_reactive:cyclical:4,0.0,164.72,4,12.0
1788964783.1584876,serverless_reactive:cyclical:4,0.0,164.72,4,12.0
1788964783.3606195,serverless_reactive:cyclical:4,0.0,164.72,4,12.0
1788964783.5634115,serverless_reactive:cyclical:4,0.0,164.72,4,12.0
1788964783.7654812,serverless_reactive:cyclical:4,0.0,164.72,4,12.0
1788964783.967611,serverless_reactive:cyclical:4,0.0,164.72,4,12.0
1788964784.9449747,serverless_reactive:cyclical:5,0.0,36.59,1,12.0
1788964785.1469696,serverless_reactive:cyclical:5,0.0,36.59,1,12.0
1788964785.3489633,serverless_reactive:cyclical:5,0.0,36.59,1,12.0
1788964785.5507474,serverless_reactive:cyclical:5,5.0,36.59,1,12.0
1788964785.7534995,serverless_reactive:cyclical:5,0.0,36.59,1,12.0
1788964785.9555159,serverless_reactive:cyclical:5,0.0,36.59,1,12.0
1788964786.1574519,serverless_reactive:cyclical:5,0.0,36.59,1,12.0
1788964786.3592575,serverless_reactive:cyclical:5,0.0,36.59,1,12.0
1788964786.5610557,serverless_reactive:cyclical:5,0.0,36.59,1,12.0
1788964786.7632587,serverless_reactive:cyclical:5,0.0,36.59,1,12.0
1788964786.9650333,serverless_reactive:cyclical:5,0.0,36.59,1,12.0
1788964787.1672752,serverless_reactive:cyclical:5,0.0,36.59,1,12.0
1788964787.3693142,serverless_reactive:cyclical:5,0.0,36.59,1,12.0
1788964787.5709786,serverless_reactive:cyclical:5,0.0,36.59,1,12.0
1788964787.7727296,serverless_reactive:cyclical:5,0.0,36.59,1,12.0
1788964787.974525,serverless_reactive:cyclical:5,0.0,36.59,1,12.0
1788964788.1764274,serverless_reactive:cyclical:5,0.0,36.59,1,12.0
1788964788.3783686,serverless_reactive:cyclical:5,0.0,36.59,1,12.0
1788964788.5800648,serverless_reactive:cyclical:5,0.0,36.59,1,12.0
1788964788.7819676,serverless_reactive:cyclical:5,0.0,36.59,1,12.0
1788964788.9839416,serverless_reactive:cyclical:5,0.0,36.59,1,12.0
1788964789.1857781,serverless_reactive:cyclical:5,0.0,36.59,1,12.0
1788964789.3876183,serverless_reactive:cyclical:5,0.0,36.59,1,12.0
1788964789.589415,serverless_reactive:cyclical:5,0.0,36.59,1,12.0
1788964789.7911854,serverless_reactive:cyclical:5,0.0,36.59,1,12.0
1788964789.9931684,serverless_reactive:cyclical:5,0.0,36.59,1,12.0
1788964790.1950424,serverless_reactive:cyclical:5,0.0,36.59,1,12.0
1788964790.3968804,serverless_reactive:cyclical:5,0.0,36.59,1,12.0
1788964790.5988524,serverless_reactive:cyclical:5,0.0,36.59,1,12.0
1788964790.8005836,serverless_reactive:cyclical:5,0.0,36.59,1,12.0
1788964791.0026553,serverless_reactive:cyclical:5,0.0,36.59,1,12.0
1788964791.2044997,serverless_reactive:cyclical:5,0.0,36.59,1,12.0
1788964791.4064808,serverless_reactive:cyclical:5,0.0,36.59,1,12.0
1788964791.6085873,serverless_reactive:cyclical:5,0.0,36.59,1,12.0
1788964791.8105628,serverless_reactive:cyclical:5,0.0,36.59,1,12.0
1788964792.012986,serverless_reactive:cyclical:5,0.0,36.59,1,12.0
1788964792.214868,serverless_reactive:cyclical:5,0.0,36.59,1,12.0
1788964792.4166093,serverless_reactive:cyclical:5,0.0,36.59,1,12.0
1788964792.618408,serverless_reactive:cyclical:5,0.0,36.59,1,12.0
1788964792.8202534,serverless_reactive:cyclical:5,0.0,36.59,1,12.0
1788964793.0224938,serverless_reactive:cyclical:5,0.0,36.59,1,12.0
1788964793.2243447,serverless_reactive:cyclical:5,0.0,36.59,1,12.0
1788964793.4261618,serverless_reactive:cyclical:5,0.0,36.59,1,12.0
1788964793.627921,serverless_reactive:cyclical:5,0.0,36.59,1,12.0
1788964793.830008,serverless_reactive:cyclical:5,0.0,36.59,1,12.0
1788964794.031899,serverless_reactive:cyclical:5,0.0,36.59,1,12.0
1788964794.233698,serverless_reactive:cyclical:5,0.0,36.59,1,12.0
1788964794.4354386,serverless_reactive:cyclical:5,0.0,36.59,1,12.0
1788964794.6373646,serverless_reactive:cyclical:5,0.0,36.59,1,12.0
1788964794.8468351,serverless_reactive:cyclical:5,4.8,61.72,4,12.0
1788964795.0488873,serverless_reactive:cyclical:5,187.9,127.04,4,12.0
1788964795.2546864,serverless_reactive:cyclical:5,208.9,147.86,4,12.0
1788964795.456348,serverless_reactive:cyclical:5,158.6,164.84,4,12.0
1788964795.6593692,serverless_reactive:cyclical:5,0.0,164.84,4,12.0
1788964795.8621852,serverless_reactive:cyclical:5,4.9,164.84,4,12.0
1788964796.0642245,serverless_reactive:cyclical:5,0.0,164.84,4,12.0
1788964796.2664077,serverless_reactive:cyclical:5,0.0,164.84,4,12.0
1788964796.4684477,serverless_reactive:cyclical:5,0.0,164.84,4,12.0
1788964796.6706588,serverless_reactive:cyclical:5,4.9,164.84,4,12.0
1788964796.872829,serverless_reactive:cyclical:5,0.0,164.84,4,12.0
1788964797.0748823,serverless_reactive:cyclical:5,0.0,164.84,4,12.0
1788964797.276876,serverless_reactive:cyclical:5,10.0,164.84,4,12.0
1788964797.4790862,serverless_reactive:cyclical:5,0.0,164.84,4,12.0
1788964797.6821628,serverless_reactive:cyclical:5,0.0,164.84,4,12.0
1788964797.8847964,serverless_reactive:cyclical:5,0.0,164.84,4,12.0
1788964798.087115,serverless_reactive:cyclical:5,0.0,164.84,4,12.0
1788964798.2890882,serverless_reactive:cyclical:5,0.0,164.84,4,12.0
1788964798.4916625,serverless_reactive:cyclical:5,0.0,164.84,4,12.0
1788964798.6939535,serverless_reactive:cyclical:5,0.0,164.84,4,12.0
1788964798.8960555,serverless_reactive:cyclical:5,0.0,164.84,4,12.0
1788964799.0987468,serverless_reactive:cyclical:5,0.0,164.84,4,12.0
1788964799.3008096,serverless_reactive:cyclical:5,0.0,164.84,4,12.0
1788964799.502827,serverless_reactive:cyclical:5,0.0,164.84,4,12.0
1788964799.729367,serverless_reactive:cyclical:5,0.0,164.84,4,12.0
1788964799.9313428,serverless_reactive:cyclical:5,0.0,164.84,4,12.0
1788964800.1334715,serverless_reactive:cyclical:5,9.8,164.84,4,12.0
1788964800.3354688,serverless_reactive:cyclical:5,0.0,164.84,4,12.0
1788964800.5381,serverless_reactive:cyclical:5,0.0,164.85,4,12.0
1788964800.740217,serverless_reactive:cyclical:5,0.0,164.85,4,12.0
1788964800.942293,serverless_reactive:cyclical:5,0.0,164.85,4,12.0
1788964801.1442935,serverless_reactive:cyclical:5,0.0,164.85,4,12.0
1788964801.3465726,serverless_reactive:cyclical:5,0.0,164.85,4,12.0
1788964801.548717,serverless_reactive:cyclical:5,0.0,164.85,4,12.0
1788964801.7513072,serverless_reactive:cyclical:5,0.0,164.85,4,12.0
1788964801.9537284,serverless_reactive:cyclical:5,0.0,164.85,4,12.0
1788964802.1560152,serverless_reactive:cyclical:5,0.0,164.85,4,12.0
1788964802.3581645,serverless_reactive:cyclical:5,0.0,164.85,4,12.0
1788964802.5605013,serverless_reactive:cyclical:5,4.9,164.85,4,12.0
1788964802.7630837,serverless_reactive:cyclical:5,0.0,164.85,4,12.0
1788964802.9652913,serverless_reactive:cyclical:5,0.0,164.85,4,12.0
1788964803.1675959,serverless_reactive:cyclical:5,0.0,164.85,4,12.0
1788964803.3703492,serverless_reactive:cyclical:5,0.0,164.85,4,12.0
1788964803.5736153,serverless_reactive:cyclical:5,0.0,164.85,4,12.0
1788964803.7760744,serverless_reactive:cyclical:5,0.0,164.85,4,12.0
1788964803.978327,serverless_reactive:cyclical:5,0.0,164.85,4,12.0
1788964804.1803443,serverless_reactive:cyclical:5,0.0,164.85,4,12.0
1788964804.3826451,serverless_reactive:cyclical:5,0.0,164.85,4,12.0
1788964804.5849879,serverless_reactive:cyclical:5,0.0,164.85,4,12.0
1788964804.7877736,serverless_reactive:cyclical:5,19.6,164.85,4,12.0
1788964804.9901142,serverless_reactive:cyclical:5,0.0,164.85,4,12.0
1788964805.1921458,serverless_reactive:cyclical:5,0.0,164.85,4,12.0
1788964805.3942327,serverless_reactive:cyclical:5,0.0,164.85,4,12.0
1788964805.5963156,serverless_reactive:cyclical:5,0.0,164.85,4,12.0
1788964805.7983747,serverless_reactive:cyclical:5,0.0,164.85,4,12.0
1788964806.0003693,serverless_reactive:cyclical:5,0.0,164.85,4,12.0
1788964806.2024772,serverless_reactive:cyclical:5,0.0,164.85,4,12.0
1788964806.4044335,serverless_reactive:cyclical:5,0.0,164.85,4,12.0
1788964806.6064246,serverless_reactive:cyclical:5,0.0,164.85,4,12.0
1788964806.8085403,serverless_reactive:cyclical:5,4.9,164.85,4,12.0
1788964807.0104992,serverless_reactive:cyclical:5,0.0,164.85,4,12.0
1788964807.2124417,serverless_reactive:cyclical:5,5.0,164.85,4,12.0
1788964807.4149494,serverless_reactive:cyclical:5,0.0,164.85,4,12.0
1788964807.6170628,serverless_reactive:cyclical:5,0.0,164.85,4,12.0
1788964807.8191283,serverless_reactive:cyclical:5,0.0,164.85,4,12.0
1788964808.0212946,serverless_reactive:cyclical:5,0.0,164.85,4,12.0
1788964808.2233436,serverless_reactive:cyclical:5,0.0,164.85,4,12.0
1788964808.4252956,serverless_reactive:cyclical:5,0.0,164.85,4,12.0
1788964808.627256,serverless_reactive:cyclical:5,0.0,164.85,4,12.0
1788964808.829338,serverless_reactive:cyclical:5,0.0,164.85,4,12.0
1788964809.0312953,serverless_reactive:cyclical:5,5.0,164.85,4,12.0
1788964809.2332723,serverless_reactive:cyclical:5,5.0,164.85,4,12.0
1788964809.4352148,serverless_reactive:cyclical:5,0.0,164.85,4,12.0
1788964809.6372533,serverless_reactive:cyclical:5,0.0,164.85,4,12.0
1788964809.83921,serverless_reactive:cyclical:5,0.0,164.85,4,12.0
1788964810.0412264,serverless_reactive:cyclical:5,0.0,164.85,4,12.0
1788964810.2439423,serverless_reactive:cyclical:5,0.0,164.85,4,12.0
1788964810.446106,serverless_reactive:cyclical:5,0.0,164.85,4,12.0
1788964810.6484077,serverless_reactive:cyclical:5,0.0,164.85,4,12.0
1788964810.8505447,serverless_reactive:cyclical:5,0.0,164.85,4,12.0
1788964811.0530832,serverless_reactive:cyclical:5,0.0,164.85,4,12.0
1788964811.255185,serverless_reactive:cyclical:5,0.0,164.85,4,12.0
1788964811.4572487,serverless_reactive:cyclical:5,0.0,164.85,4,12.0
1788964811.6593523,serverless_reactive:cyclical:5,0.0,164.85,4,12.0
1788964811.861444,serverless_reactive:cyclical:5,0.0,164.85,4,12.0
1788964812.063692,serverless_reactive:cyclical:5,0.0,164.85,4,12.0
1788964812.266096,serverless_reactive:cyclical:5,0.0,164.85,4,12.0
1788964812.4681196,serverless_reactive:cyclical:5,0.0,164.85,4,12.0
1788964812.670387,serverless_reactive:cyclical:5,0.0,164.85,4,12.0
1788964812.8724878,serverless_reactive:cyclical:5,9.8,164.85,4,12.0
1788964813.0747442,serverless_reactive:cyclical:5,14.8,164.86,4,12.0
1788964813.2767491,serverless_reactive:cyclical:5,0.0,164.86,4,12.0
1788964813.4796262,serverless_reactive:cyclical:5,0.0,164.86,4,12.0
1788964813.6819744,serverless_reactive:cyclical:5,0.0,164.86,4,12.0
1788964813.8840601,serverless_reactive:cyclical:5,0.0,164.86,4,12.0
1788964814.0861394,serverless_reactive:cyclical:5,0.0,164.86,4,12.0
1788964814.288177,serverless_reactive:cyclical:5,0.0,164.86,4,12.0
1788964814.4903178,serverless_reactive:cyclical:5,0.0,164.86,4,12.0
1788964814.6925666,serverless_reactive:cyclical:5,0.0,164.86,4,12.0
1788964814.8946583,serverless_reactive:cyclical:5,0.0,164.86,4,12.0
1788964815.0969598,serverless_reactive:cyclical:5,0.0,164.86,4,12.0
1788964815.2999463,serverless_reactive:cyclical:5,9.8,164.86,4,12.0
1788964815.5019968,serverless_reactive:cyclical:5,0.0,164.86,4,12.0
1788964815.7039335,serverless_reactive:cyclical:5,0.0,164.86,4,12.0
1788964815.9060142,serverless_reactive:cyclical:5,0.0,164.86,4,12.0
1788964816.1080768,serverless_reactive:cyclical:5,0.0,164.86,4,12.0
1788964816.3104098,serverless_reactive:cyclical:5,0.0,164.86,4,12.0
1788964816.5126023,serverless_reactive:cyclical:5,4.9,164.86,4,12.0
1788964816.7146056,serverless_reactive:cyclical:5,0.0,164.86,4,12.0
1788964816.916461,serverless_reactive:cyclical:5,0.0,164.86,4,12.0
1788964817.1185808,serverless_reactive:cyclical:5,0.0,164.86,4,12.0
1788964817.3208733,serverless_reactive:cyclical:5,0.0,164.86,4,12.0
1788964817.5229547,serverless_reactive:cyclical:5,0.0,164.86,4,12.0
1788964817.7260513,serverless_reactive:cyclical:5,0.0,164.86,4,12.0
1788964817.928363,serverless_reactive:cyclical:5,0.0,164.86,4,12.0
1788964818.1303873,serverless_reactive:cyclical:5,0.0,164.86,4,12.0
1788964818.332371,serverless_reactive:cyclical:5,0.0,164.86,4,12.0
1788964818.5346348,serverless_reactive:cyclical:5,0.0,164.86,4,12.0
1788964818.7374895,serverless_reactive:cyclical:5,4.9,164.86,4,12.0
1788964818.9395158,serverless_reactive:cyclical:5,0.0,164.86,4,12.0
1788964819.141885,serverless_reactive:cyclical:5,0.0,164.86,4,12.0
1788964819.3441892,serverless_reactive:cyclical:5,0.0,164.86,4,12.0
1788964819.5463274,serverless_reactive:cyclical:5,0.0,164.86,4,12.0
1788964819.748647,serverless_reactive:cyclical:5,4.9,164.86,4,12.0
1788964819.9510095,serverless_reactive:cyclical:5,0.0,164.86,4,12.0
1788964820.1530938,serverless_reactive:cyclical:5,0.0,164.86,4,12.0
1788964820.3560736,serverless_reactive:cyclical:5,0.0,164.86,4,12.0
1788964820.558364,serverless_reactive:cyclical:5,0.0,164.86,4,12.0
1788964820.7613611,serverless_reactive:cyclical:5,0.0,164.86,4,12.0
1788964820.9633698,serverless_reactive:cyclical:5,5.0,164.86,4,12.0
1788964821.1655633,serverless_reactive:cyclical:5,0.0,164.86,4,12.0
1788964821.3680828,serverless_reactive:cyclical:5,0.0,164.86,4,12.0
1788964821.570135,serverless_reactive:cyclical:5,0.0,164.86,4,12.0
1788964821.7721925,serverless_reactive:cyclical:5,0.0,164.86,4,12.0
1788964821.974256,serverless_reactive:cyclical:5,0.0,164.86,4,12.0
1788964822.1762567,serverless_reactive:cyclical:5,10.0,164.86,4,12.0
1788964822.3789957,serverless_reactive:cyclical:5,9.8,164.87,4,12.0
1788964822.580995,serverless_reactive:cyclical:5,0.0,164.87,4,12.0
1788964822.783133,serverless_reactive:cyclical:5,0.0,164.87,4,12.0
1788964822.9852118,serverless_reactive:cyclical:5,0.0,164.87,4,12.0
1788964823.1872926,serverless_reactive:cyclical:5,4.9,164.87,4,12.0
1788964823.389476,serverless_reactive:cyclical:5,0.0,164.87,4,12.0
1788964823.5915554,serverless_reactive:cyclical:5,0.0,164.87,4,12.0
1788964823.7939656,serverless_reactive:cyclical:5,0.0,164.87,4,12.0
1788964823.9962492,serverless_reactive:cyclical:5,0.0,164.87,4,12.0
1788964824.1983354,serverless_reactive:cyclical:5,0.0,164.87,4,12.0
1788964824.401018,serverless_reactive:cyclical:5,0.0,164.87,4,12.0
1788964824.603214,serverless_reactive:cyclical:5,4.9,164.87,4,12.0
1788964824.8053365,serverless_reactive:cyclical:5,0.0,164.87,4,12.0
1788964825.0073595,serverless_reactive:cyclical:5,0.0,164.87,4,12.0
1788964825.2094061,serverless_reactive:cyclical:5,0.0,164.87,4,12.0
1788964825.4121916,serverless_reactive:cyclical:5,0.0,164.87,4,12.0
1788964825.6143281,serverless_reactive:cyclical:5,0.0,164.87,4,12.0
1788964825.816585,serverless_reactive:cyclical:5,0.0,164.87,4,12.0
1788964826.0186148,serverless_reactive:cyclical:5,0.0,164.87,4,12.0
1788964826.2207334,serverless_reactive:cyclical:5,0.0,164.87,4,12.0
1788964826.4229116,serverless_reactive:cyclical:5,0.0,164.87,4,12.0
1788964826.6249905,serverless_reactive:cyclical:5,4.9,164.87,4,12.0
1788964826.827183,serverless_reactive:cyclical:5,0.0,164.87,4,12.0
1788964827.0293355,serverless_reactive:cyclical:5,0.0,164.87,4,12.0
1788964827.2313807,serverless_reactive:cyclical:5,0.0,164.87,4,12.0
1788964827.4333286,serverless_reactive:cyclical:5,0.0,164.87,4,12.0
1788964827.6368911,serverless_reactive:cyclical:5,0.0,164.87,4,12.0
1788964827.8392358,serverless_reactive:cyclical:5,0.0,164.87,4,12.0
1788964828.041557,serverless_reactive:cyclical:5,0.0,164.87,4,12.0
1788964828.243561,serverless_reactive:cyclical:5,0.0,164.87,4,12.0
1788964828.4464185,serverless_reactive:cyclical:5,0.0,164.87,4,12.0
1788964828.6495478,serverless_reactive:cyclical:5,0.0,164.87,4,12.0
1788964828.851776,serverless_reactive:cyclical:5,4.9,164.87,4,12.0
1788964829.0538027,serverless_reactive:cyclical:5,0.0,164.87,4,12.0
1788964829.2556944,serverless_reactive:cyclical:5,0.0,164.87,4,12.0
1788964829.4578342,serverless_reactive:cyclical:5,4.9,164.87,4,12.0
1788964829.659792,serverless_reactive:cyclical:5,0.0,164.87,4,12.0
1788964829.8747907,serverless_reactive:cyclical:5,0.0,164.87,4,12.0
1788964830.0854323,serverless_reactive:cyclical:5,0.0,164.87,4,12.0
1788964830.2881758,serverless_reactive:cyclical:5,0.0,164.87,4,12.0
1788964830.49017,serverless_reactive:cyclical:5,0.0,164.87,4,12.0
1788964831.4835246,serverless_reactive:cyclical:6,0.0,36.57,1,12.0
1788964831.6854436,serverless_reactive:cyclical:6,0.0,36.57,1,12.0
1788964831.9018676,serverless_reactive:cyclical:6,0.0,36.57,1,12.0
1788964832.10355,serverless_reactive:cyclical:6,0.0,36.57,1,12.0
1788964832.3053436,serverless_reactive:cyclical:6,5.0,36.57,1,12.0
1788964832.5071647,serverless_reactive:cyclical:6,0.0,36.57,1,12.0
1788964832.7089431,serverless_reactive:cyclical:6,0.0,36.57,1,12.0
1788964832.9108849,serverless_reactive:cyclical:6,0.0,36.57,1,12.0
1788964833.1126263,serverless_reactive:cyclical:6,0.0,36.57,1,12.0
1788964833.314426,serverless_reactive:cyclical:6,0.0,36.57,1,12.0
1788964833.5160804,serverless_reactive:cyclical:6,0.0,36.57,1,12.0
1788964833.7177842,serverless_reactive:cyclical:6,0.0,36.57,1,12.0
1788964833.9207225,serverless_reactive:cyclical:6,0.0,36.57,1,12.0
1788964834.1225886,serverless_reactive:cyclical:6,0.0,36.57,1,12.0
1788964834.324322,serverless_reactive:cyclical:6,0.0,36.57,1,12.0
1788964834.526067,serverless_reactive:cyclical:6,0.0,36.57,1,12.0
1788964834.7277336,serverless_reactive:cyclical:6,0.0,36.57,1,12.0
1788964834.930302,serverless_reactive:cyclical:6,0.0,36.57,1,12.0
1788964835.1321943,serverless_reactive:cyclical:6,0.0,36.58,1,12.0
1788964835.3341436,serverless_reactive:cyclical:6,0.0,36.58,1,12.0
1788964835.5379956,serverless_reactive:cyclical:6,0.0,36.58,1,12.0
1788964835.739803,serverless_reactive:cyclical:6,0.0,36.58,1,12.0
1788964835.9419394,serverless_reactive:cyclical:6,0.0,36.58,1,12.0
1788964836.1438274,serverless_reactive:cyclical:6,0.0,36.58,1,12.0
1788964836.3461275,serverless_reactive:cyclical:6,0.0,36.58,1,12.0
1788964836.5483425,serverless_reactive:cyclical:6,0.0,36.58,1,12.0
1788964836.7503655,serverless_reactive:cyclical:6,0.0,36.58,1,12.0
1788964836.9520855,serverless_reactive:cyclical:6,0.0,36.58,1,12.0
1788964837.1543863,serverless_reactive:cyclical:6,0.0,36.58,1,12.0
1788964837.356533,serverless_reactive:cyclical:6,0.0,36.58,1,12.0
1788964837.558395,serverless_reactive:cyclical:6,0.0,36.58,1,12.0
1788964837.76036,serverless_reactive:cyclical:6,0.0,36.58,1,12.0
1788964837.9625368,serverless_reactive:cyclical:6,0.0,36.58,1,12.0
1788964838.1643646,serverless_reactive:cyclical:6,0.0,36.58,1,12.0
1788964838.366669,serverless_reactive:cyclical:6,0.0,36.58,1,12.0
1788964838.5690277,serverless_reactive:cyclical:6,0.0,36.58,1,12.0
1788964838.770808,serverless_reactive:cyclical:6,0.0,36.58,1,12.0
1788964838.9726968,serverless_reactive:cyclical:6,0.0,36.58,1,12.0
1788964839.174949,serverless_reactive:cyclical:6,0.0,36.58,1,12.0
1788964839.3768694,serverless_reactive:cyclical:6,0.0,36.58,1,12.0
1788964839.5795317,serverless_reactive:cyclical:6,0.0,36.58,1,12.0
1788964839.781528,serverless_reactive:cyclical:6,0.0,36.58,1,12.0
1788964839.9833608,serverless_reactive:cyclical:6,0.0,36.58,1,12.0
1788964840.1860716,serverless_reactive:cyclical:6,0.0,36.58,1,12.0
1788964840.387876,serverless_reactive:cyclical:6,0.0,36.58,1,12.0
1788964840.5899503,serverless_reactive:cyclical:6,0.0,36.58,1,12.0
1788964840.7980459,serverless_reactive:cyclical:6,4.8,91.39,4,12.0
1788964841.0027688,serverless_reactive:cyclical:6,195.4,133.77,4,12.0
1788964841.2046332,serverless_reactive:cyclical:6,198.1,149.4,4,12.0
1788964841.4079463,serverless_reactive:cyclical:6,181.9,164.79,4,12.0
1788964841.6108668,serverless_reactive:cyclical:6,0.0,164.79,4,12.0
1788964841.8130565,serverless_reactive:cyclical:6,0.0,164.79,4,12.0
1788964842.0151677,serverless_reactive:cyclical:6,0.0,164.79,4,12.0
1788964842.2178042,serverless_reactive:cyclical:6,0.0,164.79,4,12.0
1788964842.4198742,serverless_reactive:cyclical:6,9.8,164.79,4,12.0
1788964842.622359,serverless_reactive:cyclical:6,0.0,164.79,4,12.0
1788964842.8244047,serverless_reactive:cyclical:6,0.0,164.79,4,12.0
1788964843.02645,serverless_reactive:cyclical:6,0.0,164.79,4,12.0
1788964843.228393,serverless_reactive:cyclical:6,0.0,164.79,4,12.0
1788964843.4304516,serverless_reactive:cyclical:6,4.9,164.79,4,12.0
1788964843.6329496,serverless_reactive:cyclical:6,0.0,164.79,4,12.0
1788964843.8349001,serverless_reactive:cyclical:6,0.0,164.79,4,12.0
1788964844.0369418,serverless_reactive:cyclical:6,0.0,164.79,4,12.0
1788964844.23892,serverless_reactive:cyclical:6,0.0,164.79,4,12.0
1788964844.4408875,serverless_reactive:cyclical:6,5.0,164.79,4,12.0
1788964844.6428041,serverless_reactive:cyclical:6,0.0,164.79,4,12.0
1788964844.8447375,serverless_reactive:cyclical:6,0.0,164.79,4,12.0
1788964845.047277,serverless_reactive:cyclical:6,4.9,164.79,4,12.0
1788964845.2499323,serverless_reactive:cyclical:6,0.0,164.79,4,12.0
1788964845.4519744,serverless_reactive:cyclical:6,0.0,164.79,4,12.0
1788964845.6540587,serverless_reactive:cyclical:6,0.0,164.79,4,12.0
1788964845.8561747,serverless_reactive:cyclical:6,0.0,164.79,4,12.0
1788964846.0583096,serverless_reactive:cyclical:6,0.0,164.79,4,12.0
1788964846.260267,serverless_reactive:cyclical:6,0.0,164.79,4,12.0
1788964846.4623244,serverless_reactive:cyclical:6,0.0,164.8,4,12.0
1788964846.6644711,serverless_reactive:cyclical:6,0.0,164.8,4,12.0
1788964846.8672128,serverless_reactive:cyclical:6,0.0,164.8,4,12.0
1788964847.069287,serverless_reactive:cyclical:6,0.0,164.8,4,12.0
1788964847.271247,serverless_reactive:cyclical:6,0.0,164.8,4,12.0
1788964847.4733315,serverless_reactive:cyclical:6,0.0,164.8,4,12.0
1788964847.6754556,serverless_reactive:cyclical:6,4.9,164.8,4,12.0
1788964847.8775647,serverless_reactive:cyclical:6,0.0,164.8,4,12.0
1788964848.0796432,serverless_reactive:cyclical:6,0.0,164.8,4,12.0
1788964848.2818203,serverless_reactive:cyclical:6,0.0,164.8,4,12.0
1788964848.4844012,serverless_reactive:cyclical:6,0.0,164.8,4,12.0
1788964848.6865938,serverless_reactive:cyclical:6,0.0,164.8,4,12.0
1788964848.8887677,serverless_reactive:cyclical:6,4.9,164.8,4,12.0
1788964849.0908015,serverless_reactive:cyclical:6,4.9,164.8,4,12.0
1788964849.2930534,serverless_reactive:cyclical:6,0.0,164.8,4,12.0
1788964849.4950545,serverless_reactive:cyclical:6,0.0,164.8,4,12.0
1788964849.6981068,serverless_reactive:cyclical:6,0.0,164.8,4,12.0
1788964849.9005873,serverless_reactive:cyclical:6,0.0,164.8,4,12.0
1788964850.1027496,serverless_reactive:cyclical:6,0.0,164.8,4,12.0
1788964850.3050947,serverless_reactive:cyclical:6,0.0,164.8,4,12.0
1788964850.5071826,serverless_reactive:cyclical:6,0.0,164.8,4,12.0
1788964850.7092624,serverless_reactive:cyclical:6,0.0,164.8,4,12.0
1788964850.9112127,serverless_reactive:cyclical:6,0.0,164.8,4,12.0
1788964851.1138139,serverless_reactive:cyclical:6,0.0,164.8,4,12.0
1788964851.3156915,serverless_reactive:cyclical:6,0.0,164.8,4,12.0
1788964851.5180185,serverless_reactive:cyclical:6,19.6,164.81,4,12.0
1788964851.7202213,serverless_reactive:cyclical:6,0.0,164.81,4,12.0
1788964851.9222844,serverless_reactive:cyclical:6,0.0,164.81,4,12.0
1788964852.1244197,serverless_reactive:cyclical:6,0.0,164.81,4,12.0
1788964852.3268285,serverless_reactive:cyclical:6,0.0,164.81,4,12.0
1788964852.5287893,serverless_reactive:cyclical:6,0.0,164.81,4,12.0
1788964852.7307527,serverless_reactive:cyclical:6,0.0,164.81,4,12.0
1788964852.9327025,serverless_reactive:cyclical:6,0.0,164.81,4,12.0
1788964853.1347768,serverless_reactive:cyclical:6,0.0,164.81,4,12.0
1788964853.337045,serverless_reactive:cyclical:6,0.0,164.81,4,12.0
1788964853.5395052,serverless_reactive:cyclical:6,0.0,164.81,4,12.0
1788964853.7415438,serverless_reactive:cyclical:6,0.0,164.81,4,12.0
1788964853.9435513,serverless_reactive:cyclical:6,0.0,164.81,4,12.0
1788964854.146488,serverless_reactive:cyclical:6,0.0,164.81,4,12.0
1788964854.348581,serverless_reactive:cyclical:6,0.0,164.81,4,12.0
1788964854.5506146,serverless_reactive:cyclical:6,0.0,164.81,4,12.0
1788964854.7525747,serverless_reactive:cyclical:6,5.0,164.81,4,12.0
1788964854.9546237,serverless_reactive:cyclical:6,0.0,164.81,4,12.0
1788964855.1575067,serverless_reactive:cyclical:6,0.0,164.81,4,12.0
1788964855.3594906,serverless_reactive:cyclical:6,0.0,164.81,4,12.0
1788964855.56161,serverless_reactive:cyclical:6,0.0,164.81,4,12.0
1788964855.7636337,serverless_reactive:cyclical:6,0.0,164.81,4,12.0
1788964855.965711,serverless_reactive:cyclical:6,0.0,164.81,4,12.0
1788964856.1684172,serverless_reactive:cyclical:6,0.0,164.81,4,12.0
1788964856.3705614,serverless_reactive:cyclical:6,4.9,164.81,4,12.0
1788964856.57271,serverless_reactive:cyclical:6,4.9,164.81,4,12.0
1788964856.7746198,serverless_reactive:cyclical:6,0.0,164.81,4,12.0
1788964856.976611,serverless_reactive:cyclical:6,0.0,164.81,4,12.0
1788964857.1786706,serverless_reactive:cyclical:6,0.0,164.81,4,12.0
1788964857.3808155,serverless_reactive:cyclical:6,4.9,164.81,4,12.0
1788964857.582963,serverless_reactive:cyclical:6,0.0,164.81,4,12.0
1788964857.7848854,serverless_reactive:cyclical:6,0.0,164.81,4,12.0
1788964857.9870203,serverless_reactive:cyclical:6,0.0,164.81,4,12.0
1788964858.190205,serverless_reactive:cyclical:6,4.9,164.81,4,12.0
1788964858.392354,serverless_reactive:cyclical:6,0.0,164.81,4,12.0
1788964858.5944932,serverless_reactive:cyclical:6,0.0,164.81,4,12.0
1788964858.7967792,serverless_reactive:cyclical:6,0.0,164.81,4,12.0
1788964858.9988441,serverless_reactive:cyclical:6,0.0,164.81,4,12.0
1788964859.2008197,serverless_reactive:cyclical:6,0.0,164.81,4,12.0
1788964859.40282,serverless_reactive:cyclical:6,0.0,164.81,4,12.0
1788964859.6048055,serverless_reactive:cyclical:6,0.0,164.81,4,12.0
1788964859.8126185,serverless_reactive:cyclical:6,0.0,164.81,4,12.0
1788964860.017946,serverless_reactive:cyclical:6,0.0,164.81,4,12.0
1788964860.2199879,serverless_reactive:cyclical:6,0.0,164.81,4,12.0
1788964860.4227057,serverless_reactive:cyclical:6,19.6,164.82,4,12.0
1788964860.6248362,serverless_reactive:cyclical:6,0.0,164.82,4,12.0
1788964860.8269558,serverless_reactive:cyclical:6,0.0,164.82,4,12.0
1788964861.0290499,serverless_reactive:cyclical:6,0.0,164.82,4,12.0
1788964861.230959,serverless_reactive:cyclical:6,0.0,164.82,4,12.0
1788964861.4329712,serverless_reactive:cyclical:6,0.0,164.82,4,12.0
1788964861.6347954,serverless_reactive:cyclical:6,0.0,164.82,4,12.0
1788964861.837547,serverless_reactive:cyclical:6,0.0,164.82,4,12.0
1788964862.0394776,serverless_reactive:cyclical:6,0.0,164.82,4,12.0
1788964862.24152,serverless_reactive:cyclical:6,0.0,164.82,4,12.0
1788964862.443701,serverless_reactive:cyclical:6,0.0,164.82,4,12.0
1788964862.6464868,serverless_reactive:cyclical:6,0.0,164.82,4,12.0
1788964862.8485045,serverless_reactive:cyclical:6,0.0,164.82,4,12.0
1788964863.0505688,serverless_reactive:cyclical:6,0.0,164.82,4,12.0
1788964863.2525773,serverless_reactive:cyclical:6,0.0,164.82,4,12.0
1788964863.4545126,serverless_reactive:cyclical:6,0.0,164.82,4,12.0
1788964863.6567264,serverless_reactive:cyclical:6,4.9,164.82,4,12.0
1788964863.858717,serverless_reactive:cyclical:6,0.0,164.82,4,12.0
1788964864.0606678,serverless_reactive:cyclical:6,5.0,164.82,4,12.0
1788964864.2636075,serverless_reactive:cyclical:6,4.9,164.82,4,12.0
1788964864.466653,serverless_reactive:cyclical:6,0.0,164.82,4,12.0
1788964864.668861,serverless_reactive:cyclical:6,0.0,164.82,4,12.0
1788964864.8715138,serverless_reactive:cyclical:6,0.0,164.82,4,12.0
1788964865.0736082,serverless_reactive:cyclical:6,0.0,164.82,4,12.0
1788964865.276352,serverless_reactive:cyclical:6,0.0,164.82,4,12.0
1788964865.478581,serverless_reactive:cyclical:6,0.0,164.82,4,12.0
1788964865.6807313,serverless_reactive:cyclical:6,0.0,164.82,4,12.0
1788964865.8834863,serverless_reactive:cyclical:6,0.0,164.82,4,12.0
1788964866.0875263,serverless_reactive:cyclical:6,0.0,164.82,4,12.0
1788964866.28974,serverless_reactive:cyclical:6,0.0,164.82,4,12.0
1788964866.4920132,serverless_reactive:cyclical:6,0.0,164.82,4,12.0
1788964866.6942236,serverless_reactive:cyclical:6,0.0,164.82,4,12.0
1788964866.8965216,serverless_reactive:cyclical:6,0.0,164.82,4,12.0
1788964867.0984967,serverless_reactive:cyclical:6,0.0,164.82,4,12.0
1788964867.3004737,serverless_reactive:cyclical:6,0.0,164.82,4,12.0
1788964867.5026035,serverless_reactive:cyclical:6,0.0,164.82,4,12.0
1788964867.7049947,serverless_reactive:cyclical:6,0.0,164.82,4,12.0
1788964867.907229,serverless_reactive:cyclical:6,4.9,164.82,4,12.0
1788964868.1095192,serverless_reactive:cyclical:6,0.0,164.82,4,12.0
1788964868.3118894,serverless_reactive:cyclical:6,0.0,164.82,4,12.0
1788964868.5150712,serverless_reactive:cyclical:6,4.9,164.82,4,12.0
1788964868.7176614,serverless_reactive:cyclical:6,0.0,164.82,4,12.0
1788964868.9213736,serverless_reactive:cyclical:6,4.9,164.82,4,12.0
1788964869.1235461,serverless_reactive:cyclical:6,4.9,164.83,4,12.0
1788964869.3257084,serverless_reactive:cyclical:6,0.0,164.83,4,12.0
1788964869.5278192,serverless_reactive:cyclical:6,0.0,164.83,4,12.0
1788964869.730069,serverless_reactive:cyclical:6,4.9,164.83,4,12.0
1788964869.9322975,serverless_reactive:cyclical:6,0.0,164.83,4,12.0
1788964870.1348734,serverless_reactive:cyclical:6,0.0,164.83,4,12.0
1788964870.336905,serverless_reactive:cyclical:6,4.9,164.83,4,12.0
1788964870.5388305,serverless_reactive:cyclical:6,5.0,164.83,4,12.0
1788964870.741048,serverless_reactive:cyclical:6,0.0,164.83,4,12.0
1788964870.9433043,serverless_reactive:cyclical:6,0.0,164.83,4,12.0
1788964871.145631,serverless_reactive:cyclical:6,0.0,164.83,4,12.0
1788964871.3476574,serverless_reactive:cyclical:6,0.0,164.83,4,12.0
1788964871.5499158,serverless_reactive:cyclical:6,0.0,164.83,4,12.0
1788964871.7524676,serverless_reactive:cyclical:6,0.0,164.83,4,12.0
1788964871.9545152,serverless_reactive:cyclical:6,0.0,164.83,4,12.0
1788964872.156793,serverless_reactive:cyclical:6,0.0,164.83,4,12.0
1788964872.3597977,serverless_reactive:cyclical:6,4.9,164.83,4,12.0
1788964872.56175,serverless_reactive:cyclical:6,0.0,164.83,4,12.0
1788964872.7637634,serverless_reactive:cyclical:6,0.0,164.83,4,12.0
1788964872.9660308,serverless_reactive:cyclical:6,0.0,164.83,4,12.0
1788964873.1687937,serverless_reactive:cyclical:6,0.0,164.83,4,12.0
1788964873.3707168,serverless_reactive:cyclical:6,0.0,164.83,4,12.0
1788964873.5728197,serverless_reactive:cyclical:6,0.0,164.83,4,12.0
1788964873.7747009,serverless_reactive:cyclical:6,0.0,164.83,4,12.0
1788964873.9764612,serverless_reactive:cyclical:6,0.0,164.83,4,12.0
1788964874.178454,serverless_reactive:cyclical:6,0.0,164.83,4,12.0
1788964874.3803835,serverless_reactive:cyclical:6,0.0,164.83,4,12.0
1788964874.5823493,serverless_reactive:cyclical:6,0.0,164.83,4,12.0
1788964874.7844143,serverless_reactive:cyclical:6,4.9,164.83,4,12.0
1788964874.9865296,serverless_reactive:cyclical:6,0.0,164.83,4,12.0
1788964875.188548,serverless_reactive:cyclical:6,0.0,164.83,4,12.0
1788964875.3906615,serverless_reactive:cyclical:6,0.0,164.83,4,12.0
1788964875.5927052,serverless_reactive:cyclical:6,0.0,164.83,4,12.0
1788964875.7948031,serverless_reactive:cyclical:6,0.0,164.83,4,12.0
1788964875.996688,serverless_reactive:cyclical:6,5.0,164.83,4,12.0
1788964876.1986423,serverless_reactive:cyclical:6,0.0,164.83,4,12.0
1788964876.400632,serverless_reactive:cyclical:6,0.0,164.83,4,12.0
1788964876.6025426,serverless_reactive:cyclical:6,5.0,164.83,4,12.0
1788964876.80493,serverless_reactive:cyclical:6,0.0,164.83,4,12.0
1788964877.0070655,serverless_reactive:cyclical:6,4.9,164.83,4,12.0
1788964877.2094536,serverless_reactive:cyclical:6,4.9,164.84,4,12.0
1788964878.043196,serverless_reactive:cyclical:7,0.0,36.72,1,12.0
1788964878.244795,serverless_reactive:cyclical:7,0.0,36.72,1,12.0
1788964878.4464912,serverless_reactive:cyclical:7,0.0,36.72,1,12.0
1788964878.6481354,serverless_reactive:cyclical:7,0.0,36.72,1,12.0
1788964878.8497643,serverless_reactive:cyclical:7,0.0,36.72,1,12.0
1788964879.0515594,serverless_reactive:cyclical:7,0.0,36.73,1,12.0
1788964879.2533617,serverless_reactive:cyclical:7,0.0,36.73,1,12.0
1788964879.455044,serverless_reactive:cyclical:7,0.0,36.73,1,12.0
1788964879.65672,serverless_reactive:cyclical:7,0.0,36.73,1,12.0
1788964879.858411,serverless_reactive:cyclical:7,0.0,36.73,1,12.0
1788964880.060162,serverless_reactive:cyclical:7,0.0,36.73,1,12.0
1788964880.2619889,serverless_reactive:cyclical:7,0.0,36.73,1,12.0
1788964880.463786,serverless_reactive:cyclical:7,0.0,36.73,1,12.0
1788964880.665525,serverless_reactive:cyclical:7,0.0,36.73,1,12.0
1788964880.867245,serverless_reactive:cyclical:7,0.0,36.73,1,12.0
1788964881.0688908,serverless_reactive:cyclical:7,0.0,36.73,1,12.0
1788964881.2705784,serverless_reactive:cyclical:7,0.0,36.73,1,12.0
1788964881.4722662,serverless_reactive:cyclical:7,0.0,36.73,1,12.0
1788964881.6740553,serverless_reactive:cyclical:7,0.0,36.73,1,12.0
1788964881.8760011,serverless_reactive:cyclical:7,0.0,36.73,1,12.0
1788964882.0785937,serverless_reactive:cyclical:7,0.0,36.73,1,12.0
1788964882.2802782,serverless_reactive:cyclical:7,0.0,36.73,1,12.0
1788964882.4826455,serverless_reactive:cyclical:7,0.0,36.73,1,12.0
1788964882.6842995,serverless_reactive:cyclical:7,0.0,36.73,1,12.0
1788964882.8867085,serverless_reactive:cyclical:7,0.0,36.73,1,12.0
1788964883.0884225,serverless_reactive:cyclical:7,0.0,36.73,1,12.0
1788964883.290362,serverless_reactive:cyclical:7,0.0,36.73,1,12.0
1788964883.492035,serverless_reactive:cyclical:7,0.0,36.73,1,12.0
1788964883.6937609,serverless_reactive:cyclical:7,0.0,36.73,1,12.0
1788964883.895617,serverless_reactive:cyclical:7,0.0,36.73,1,12.0
1788964884.0977914,serverless_reactive:cyclical:7,0.0,36.73,1,12.0
1788964884.2994223,serverless_reactive:cyclical:7,0.0,36.73,1,12.0
1788964884.501348,serverless_reactive:cyclical:7,0.0,36.73,1,12.0
1788964884.7031844,serverless_reactive:cyclical:7,0.0,36.73,1,12.0
1788964884.905258,serverless_reactive:cyclical:7,0.0,36.73,1,12.0
1788964885.10699,serverless_reactive:cyclical:7,0.0,36.73,1,12.0
1788964885.3087907,serverless_reactive:cyclical:7,0.0,36.73,1,12.0
1788964885.510528,serverless_reactive:cyclical:7,0.0,36.73,1,12.0
1788964885.7132533,serverless_reactive:cyclical:7,0.0,36.73,1,12.0
1788964885.9149978,serverless_reactive:cyclical:7,0.0,36.73,1,12.0
1788964886.1168127,serverless_reactive:cyclical:7,0.0,36.73,1,12.0
1788964886.3191261,serverless_reactive:cyclical:7,0.0,36.73,1,12.0
1788964886.5207403,serverless_reactive:cyclical:7,0.0,36.73,1,12.0
1788964886.722368,serverless_reactive:cyclical:7,0.0,36.73,1,12.0
1788964886.9239028,serverless_reactive:cyclical:7,0.0,36.73,1,12.0
1788964887.1255734,serverless_reactive:cyclical:7,0.0,36.73,1,12.0
1788964887.3272243,serverless_reactive:cyclical:7,0.0,36.73,1,12.0
1788964887.5288405,serverless_reactive:cyclical:7,5.0,36.73,1,12.0
1788964887.7311916,serverless_reactive:cyclical:7,0.0,36.73,1,12.0
1788964887.9347064,serverless_reactive:cyclical:7,9.8,101.24,4,12.0
1788964888.1382177,serverless_reactive:cyclical:7,186.7,138.05,4,12.0
1788964888.3419335,serverless_reactive:cyclical:7,196.4,152.59,4,12.0
1788964888.5446553,serverless_reactive:cyclical:7,118.4,165.07,4,12.0
1788964888.7466063,serverless_reactive:cyclical:7,0.0,165.07,4,12.0
1788964888.9485683,serverless_reactive:cyclical:7,0.0,165.07,4,12.0
1788964889.1504507,serverless_reactive:cyclical:7,0.0,165.07,4,12.0
1788964889.3522882,serverless_reactive:cyclical:7,0.0,165.07,4,12.0
1788964889.5573926,serverless_reactive:cyclical:7,0.0,165.07,4,12.0
1788964889.7592409,serverless_reactive:cyclical:7,0.0,165.07,4,12.0
1788964889.9612985,serverless_reactive:cyclical:7,0.0,165.07,4,12.0
1788964890.1632051,serverless_reactive:cyclical:7,0.0,165.07,4,12.0
1788964890.3659701,serverless_reactive:cyclical:7,0.0,165.07,4,12.0
1788964890.5680032,serverless_reactive:cyclical:7,0.0,165.07,4,12.0
1788964890.769948,serverless_reactive:cyclical:7,0.0,165.07,4,12.0
1788964890.9718857,serverless_reactive:cyclical:7,0.0,165.07,4,12.0
1788964891.174033,serverless_reactive:cyclical:7,4.9,165.07,4,12.0
1788964891.37592,serverless_reactive:cyclical:7,0.0,165.07,4,12.0
1788964891.5786755,serverless_reactive:cyclical:7,0.0,165.07,4,12.0
1788964891.780673,serverless_reactive:cyclical:7,0.0,165.07,4,12.0
1788964891.982589,serverless_reactive:cyclical:7,5.0,165.07,4,12.0
1788964892.1845565,serverless_reactive:cyclical:7,0.0,165.07,4,12.0
1788964892.3865843,serverless_reactive:cyclical:7,0.0,165.07,4,12.0
1788964892.5884616,serverless_reactive:cyclical:7,0.0,165.07,4,12.0
1788964892.790407,serverless_reactive:cyclical:7,0.0,165.07,4,12.0
1788964892.9927177,serverless_reactive:cyclical:7,0.0,165.07,4,12.0
1788964893.194744,serverless_reactive:cyclical:7,0.0,165.07,4,12.0
1788964893.3965878,serverless_reactive:cyclical:7,0.0,165.07,4,12.0
1788964893.598535,serverless_reactive:cyclical:7,0.0,165.07,4,12.0
1788964893.8004432,serverless_reactive:cyclical:7,5.0,165.07,4,12.0
1788964894.00295,serverless_reactive:cyclical:7,0.0,165.07,4,12.0
1788964894.2049832,serverless_reactive:cyclical:7,0.0,165.07,4,12.0
1788964894.408051,serverless_reactive:cyclical:7,0.0,165.07,4,12.0
1788964894.6101534,serverless_reactive:cyclical:7,0.0,165.07,4,12.0
1788964894.8120344,serverless_reactive:cyclical:7,0.0,165.07,4,12.0
1788964895.014111,serverless_reactive:cyclical:7,0.0,165.07,4,12.0
1788964895.2159708,serverless_reactive:cyclical:7,0.0,165.07,4,12.0
1788964895.4182258,serverless_reactive:cyclical:7,0.0,165.07,4,12.0
1788964895.6201477,serverless_reactive:cyclical:7,0.0,165.07,4,12.0
1788964895.8222485,serverless_reactive:cyclical:7,0.0,165.07,4,12.0
1788964896.0252209,serverless_reactive:cyclical:7,4.9,165.07,4,12.0
1788964896.2271352,serverless_reactive:cyclical:7,0.0,165.07,4,12.0
1788964896.428938,serverless_reactive:cyclical:7,0.0,165.07,4,12.0
1788964896.6308408,serverless_reactive:cyclical:7,0.0,165.07,4,12.0
1788964896.8329148,serverless_reactive:cyclical:7,14.7,165.08,4,12.0
1788964897.034815,serverless_reactive:cyclical:7,0.0,165.08,4,12.0
1788964897.236876,serverless_reactive:cyclical:7,0.0,165.08,4,12.0
1788964897.438949,serverless_reactive:cyclical:7,0.0,165.08,4,12.0
1788964897.6408873,serverless_reactive:cyclical:7,0.0,165.08,4,12.0
1788964897.8433676,serverless_reactive:cyclical:7,0.0,165.08,4,12.0
1788964898.0454733,serverless_reactive:cyclical:7,0.0,165.08,4,12.0
1788964898.2478027,serverless_reactive:cyclical:7,0.0,165.08,4,12.0
1788964898.4498332,serverless_reactive:cyclical:7,0.0,165.08,4,12.0
1788964898.6516144,serverless_reactive:cyclical:7,5.0,165.08,4,12.0
1788964898.8534846,serverless_reactive:cyclical:7,0.0,165.08,4,12.0
1788964899.0554018,serverless_reactive:cyclical:7,0.0,165.08,4,12.0
1788964899.2572365,serverless_reactive:cyclical:7,0.0,165.08,4,12.0
1788964899.459663,serverless_reactive:cyclical:7,0.0,165.08,4,12.0
1788964899.6616974,serverless_reactive:cyclical:7,0.0,165.08,4,12.0
1788964899.8646169,serverless_reactive:cyclical:7,4.9,165.08,4,12.0
1788964900.067492,serverless_reactive:cyclical:7,0.0,165.08,4,12.0
1788964900.2694137,serverless_reactive:cyclical:7,5.0,165.08,4,12.0
1788964900.4712985,serverless_reactive:cyclical:7,0.0,165.08,4,12.0
1788964900.6745358,serverless_reactive:cyclical:7,0.0,165.08,4,12.0
1788964900.876378,serverless_reactive:cyclical:7,0.0,165.08,4,12.0
1788964901.0789056,serverless_reactive:cyclical:7,0.0,165.08,4,12.0
1788964901.2808862,serverless_reactive:cyclical:7,0.0,165.08,4,12.0
1788964901.482985,serverless_reactive:cyclical:7,0.0,165.08,4,12.0
1788964901.6848342,serverless_reactive:cyclical:7,5.0,165.08,4,12.0
1788964901.8866673,serverless_reactive:cyclical:7,0.0,165.08,4,12.0
1788964902.0885098,serverless_reactive:cyclical:7,0.0,165.08,4,12.0
1788964902.2903843,serverless_reactive:cyclical:7,0.0,165.08,4,12.0
1788964902.492127,serverless_reactive:cyclical:7,0.0,165.08,4,12.0
1788964902.6940653,serverless_reactive:cyclical:7,0.0,165.08,4,12.0
1788964902.8959382,serverless_reactive:cyclical:7,0.0,165.08,4,12.0
1788964903.0978556,serverless_reactive:cyclical:7,0.0,165.08,4,12.0
1788964903.2996352,serverless_reactive:cyclical:7,0.0,165.08,4,12.0
1788964903.5015998,serverless_reactive:cyclical:7,5.0,165.08,4,12.0
1788964903.7035408,serverless_reactive:cyclical:7,0.0,165.08,4,12.0
1788964903.9055796,serverless_reactive:cyclical:7,0.0,165.08,4,12.0
1788964904.1073856,serverless_reactive:cyclical:7,0.0,165.08,4,12.0
1788964904.309442,serverless_reactive:cyclical:7,0.0,165.08,4,12.0
1788964904.5114079,serverless_reactive:cyclical:7,5.0,165.08,4,12.0
1788964904.7145443,serverless_reactive:cyclical:7,0.0,165.08,4,12.0
1788964904.9164922,serverless_reactive:cyclical:7,0.0,165.08,4,12.0
1788964905.1184256,serverless_reactive:cyclical:7,0.0,165.08,4,12.0
1788964905.320453,serverless_reactive:cyclical:7,0.0,165.08,4,12.0
1788964905.522453,serverless_reactive:cyclical:7,0.0,165.08,4,12.0
1788964905.7242754,serverless_reactive:cyclical:7,0.0,165.08,4,12.0
1788964905.9262578,serverless_reactive:cyclical:7,0.0,165.08,4,12.0
1788964906.128145,serverless_reactive:cyclical:7,0.0,165.08,4,12.0
1788964906.3301425,serverless_reactive:cyclical:7,0.0,165.08,4,12.0
1788964906.532119,serverless_reactive:cyclical:7,5.0,165.08,4,12.0
1788964906.735031,serverless_reactive:cyclical:7,9.8,165.09,4,12.0
1788964906.9368918,serverless_reactive:cyclical:7,5.0,165.09,4,12.0
1788964907.1387873,serverless_reactive:cyclical:7,0.0,165.09,4,12.0
1788964907.3408089,serverless_reactive:cyclical:7,0.0,165.09,4,12.0
1788964907.5426466,serverless_reactive:cyclical:7,0.0,165.09,4,12.0
1788964907.7445161,serverless_reactive:cyclical:7,0.0,165.09,4,12.0
1788964907.9464731,serverless_reactive:cyclical:7,0.0,165.09,4,12.0
1788964908.148353,serverless_reactive:cyclical:7,0.0,165.09,4,12.0
1788964908.3502705,serverless_reactive:cyclical:7,0.0,165.09,4,12.0
1788964908.552171,serverless_reactive:cyclical:7,0.0,165.09,4,12.0
1788964908.7541099,serverless_reactive:cyclical:7,0.0,165.09,4,12.0
1788964908.9559953,serverless_reactive:cyclical:7,0.0,165.09,4,12.0
1788964909.1582146,serverless_reactive:cyclical:7,4.9,165.09,4,12.0
1788964909.3600945,serverless_reactive:cyclical:7,0.0,165.09,4,12.0
1788964909.5628276,serverless_reactive:cyclical:7,0.0,165.09,4,12.0
1788964909.7647154,serverless_reactive:cyclical:7,0.0,165.09,4,12.0
1788964909.966907,serverless_reactive:cyclical:7,0.0,165.09,4,12.0
1788964910.1692274,serverless_reactive:cyclical:7,0.0,165.09,4,12.0
1788964910.3711805,serverless_reactive:cyclical:7,0.0,165.09,4,12.0
1788964910.573006,serverless_reactive:cyclical:7,0.0,165.09,4,12.0
1788964910.7747588,serverless_reactive:cyclical:7,0.0,165.09,4,12.0
1788964910.9766917,serverless_reactive:cyclical:7,5.0,165.09,4,12.0
1788964911.1792536,serverless_reactive:cyclical:7,0.0,165.09,4,12.0
1788964911.3812459,serverless_reactive:cyclical:7,5.0,165.09,4,12.0
1788964911.5831537,serverless_reactive:cyclical:7,0.0,165.09,4,12.0
1788964911.7849503,serverless_reactive:cyclical:7,5.0,165.09,4,12.0
1788964911.9868522,serverless_reactive:cyclical:7,0.0,165.09,4,12.0
1788964912.188996,serverless_reactive:cyclical:7,0.0,165.09,4,12.0
1788964912.3908894,serverless_reactive:cyclical:7,0.0,165.09,4,12.0
1788964912.5933082,serverless_reactive:cyclical:7,0.0,165.09,4,12.0
1788964912.7954063,serverless_reactive:cyclical:7,0.0,165.09,4,12.0
1788964912.997373,serverless_reactive:cyclical:7,0.0,165.09,4,12.0
1788964913.1994812,serverless_reactive:cyclical:7,0.0,165.09,4,12.0
1788964913.4016771,serverless_reactive:cyclical:7,0.0,165.09,4,12.0
1788964913.6044526,serverless_reactive:cyclical:7,0.0,165.09,4,12.0
1788964913.8071785,serverless_reactive:cyclical:7,0.0,165.09,4,12.0
1788964914.0099308,serverless_reactive:cyclical:7,0.0,165.09,4,12.0
1788964914.2118247,serverless_reactive:cyclical:7,0.0,165.09,4,12.0
1788964914.4138331,serverless_reactive:cyclical:7,0.0,165.09,4,12.0
1788964914.6159525,serverless_reactive:cyclical:7,0.0,165.09,4,12.0
1788964914.818483,serverless_reactive:cyclical:7,0.0,165.09,4,12.0
1788964915.0204175,serverless_reactive:cyclical:7,0.0,165.09,4,12.0
1788964915.2223842,serverless_reactive:cyclical:7,0.0,165.09,4,12.0
1788964915.4244967,serverless_reactive:cyclical:7,0.0,165.09,4,12.0
1788964915.626446,serverless_reactive:cyclical:7,9.9,165.09,4,12.0
1788964915.8283312,serverless_reactive:cyclical:7,0.0,165.09,4,12.0
1788964916.0304046,serverless_reactive:cyclical:7,0.0,165.09,4,12.0
1788964916.2327235,serverless_reactive:cyclical:7,0.0,165.09,4,12.0
1788964916.43517,serverless_reactive:cyclical:7,0.0,165.09,4,12.0
1788964916.6372542,serverless_reactive:cyclical:7,10.0,165.1,4,12.0
1788964916.839257,serverless_reactive:cyclical:7,0.0,165.1,4,12.0
1788964917.041322,serverless_reactive:cyclical:7,0.0,165.1,4,12.0
1788964917.243209,serverless_reactive:cyclical:7,0.0,165.1,4,12.0
1788964917.445342,serverless_reactive:cyclical:7,0.0,165.1,4,12.0
1788964917.648422,serverless_reactive:cyclical:7,0.0,165.1,4,12.0
1788964917.8504164,serverless_reactive:cyclical:7,5.0,165.1,4,12.0
1788964918.0522928,serverless_reactive:cyclical:7,0.0,165.1,4,12.0
1788964918.2547746,serverless_reactive:cyclical:7,4.9,165.1,4,12.0
1788964918.4566143,serverless_reactive:cyclical:7,0.0,165.1,4,12.0
1788964918.6587214,serverless_reactive:cyclical:7,0.0,165.1,4,12.0
1788964918.8605788,serverless_reactive:cyclical:7,0.0,165.1,4,12.0
1788964919.06223,serverless_reactive:cyclical:7,0.0,165.1,4,12.0
1788964919.2641454,serverless_reactive:cyclical:7,0.0,165.1,4,12.0
1788964919.4663882,serverless_reactive:cyclical:7,4.9,165.1,4,12.0
1788964919.668502,serverless_reactive:cyclical:7,0.0,165.1,4,12.0
1788964919.8819084,serverless_reactive:cyclical:7,0.0,165.1,4,12.0
1788964920.084114,serverless_reactive:cyclical:7,0.0,165.1,4,12.0
1788964920.286627,serverless_reactive:cyclical:7,0.0,165.1,4,12.0
1788964920.4885972,serverless_reactive:cyclical:7,0.0,165.1,4,12.0
1788964920.690806,serverless_reactive:cyclical:7,0.0,165.1,4,12.0
1788964920.8927324,serverless_reactive:cyclical:7,0.0,165.1,4,12.0
1788964921.094923,serverless_reactive:cyclical:7,0.0,165.1,4,12.0
1788964921.2967894,serverless_reactive:cyclical:7,0.0,165.1,4,12.0
1788964921.4988446,serverless_reactive:cyclical:7,0.0,165.1,4,12.0
1788964921.7007272,serverless_reactive:cyclical:7,0.0,165.1,4,12.0
1788964921.9035895,serverless_reactive:cyclical:7,0.0,165.1,4,12.0
1788964922.1055906,serverless_reactive:cyclical:7,0.0,165.1,4,12.0
1788964922.307818,serverless_reactive:cyclical:7,0.0,165.1,4,12.0
1788964922.5098314,serverless_reactive:cyclical:7,0.0,165.1,4,12.0
1788964922.7116914,serverless_reactive:cyclical:7,10.0,165.1,4,12.0
1788964922.9138405,serverless_reactive:cyclical:7,0.0,165.1,4,12.0
1788964923.115866,serverless_reactive:cyclical:7,0.0,165.1,4,12.0
1788964923.3178394,serverless_reactive:cyclical:7,5.0,165.1,4,12.0
1788964923.5197942,serverless_reactive:cyclical:7,0.0,165.1,4,12.0
1788964923.7218106,serverless_reactive:cyclical:7,0.0,165.1,4,12.0
1788964923.923687,serverless_reactive:cyclical:7,0.0,165.1,4,12.0
1788964924.1258314,serverless_reactive:cyclical:7,0.0,165.1,4,12.0
1788964924.328369,serverless_reactive:cyclical:7,0.0,165.1,4,12.0
1788964924.5305417,serverless_reactive:cyclical:7,4.9,165.1,4,12.0
1788964924.7325513,serverless_reactive:cyclical:7,0.0,165.11,4,12.0
1788964925.6086187,serverless_reactive:cyclical:8,0.0,36.73,1,12.0
1788964925.810279,serverless_reactive:cyclical:8,0.0,36.73,1,12.0
1788964926.012737,serverless_reactive:cyclical:8,0.0,36.73,1,12.0
1788964926.2152376,serverless_reactive:cyclical:8,0.0,36.73,1,12.0
1788964926.4170883,serverless_reactive:cyclical:8,0.0,36.73,1,12.0
1788964926.6191928,serverless_reactive:cyclical:8,0.0,36.73,1,12.0
1788964926.8209786,serverless_reactive:cyclical:8,0.0,36.73,1,12.0
1788964927.0223641,serverless_reactive:cyclical:8,0.0,36.73,1,12.0
1788964927.2242503,serverless_reactive:cyclical:8,0.0,36.73,1,12.0
1788964927.4259791,serverless_reactive:cyclical:8,0.0,36.73,1,12.0
1788964927.6277328,serverless_reactive:cyclical:8,0.0,36.73,1,12.0
1788964927.8295557,serverless_reactive:cyclical:8,0.0,36.73,1,12.0
1788964928.0312955,serverless_reactive:cyclical:8,0.0,36.73,1,12.0
1788964928.2329822,serverless_reactive:cyclical:8,0.0,36.73,1,12.0
1788964928.4346054,serverless_reactive:cyclical:8,0.0,36.73,1,12.0
1788964928.6362433,serverless_reactive:cyclical:8,0.0,36.73,1,12.0
1788964928.838447,serverless_reactive:cyclical:8,0.0,36.73,1,12.0
1788964929.040121,serverless_reactive:cyclical:8,0.0,36.73,1,12.0
1788964929.241865,serverless_reactive:cyclical:8,0.0,36.73,1,12.0
1788964929.4442315,serverless_reactive:cyclical:8,0.0,36.73,1,12.0
1788964929.6465664,serverless_reactive:cyclical:8,0.0,36.73,1,12.0
1788964929.8488438,serverless_reactive:cyclical:8,4.9,36.73,1,12.0
1788964930.0507367,serverless_reactive:cyclical:8,0.0,36.73,1,12.0
1788964930.2523098,serverless_reactive:cyclical:8,0.0,36.73,1,12.0
1788964930.4541142,serverless_reactive:cyclical:8,0.0,36.73,1,12.0
1788964930.6558468,serverless_reactive:cyclical:8,0.0,36.73,1,12.0
1788964930.8578143,serverless_reactive:cyclical:8,0.0,36.73,1,12.0
1788964931.0596302,serverless_reactive:cyclical:8,0.0,36.73,1,12.0
1788964931.2613022,serverless_reactive:cyclical:8,0.0,36.73,1,12.0
1788964931.4630432,serverless_reactive:cyclical:8,0.0,36.73,1,12.0
1788964931.6649115,serverless_reactive:cyclical:8,0.0,36.73,1,12.0
1788964931.8664775,serverless_reactive:cyclical:8,0.0,36.73,1,12.0
1788964932.0684464,serverless_reactive:cyclical:8,0.0,36.73,1,12.0
1788964932.2704427,serverless_reactive:cyclical:8,0.0,36.73,1,12.0
1788964932.4722714,serverless_reactive:cyclical:8,0.0,36.73,1,12.0
1788964932.6744525,serverless_reactive:cyclical:8,0.0,36.73,1,12.0
1788964932.8760452,serverless_reactive:cyclical:8,0.0,36.73,1,12.0
1788964933.077741,serverless_reactive:cyclical:8,0.0,36.73,1,12.0
1788964933.2793608,serverless_reactive:cyclical:8,0.0,36.73,1,12.0
1788964933.480901,serverless_reactive:cyclical:8,0.0,36.73,1,12.0
1788964933.682606,serverless_reactive:cyclical:8,0.0,36.73,1,12.0
1788964933.8843246,serverless_reactive:cyclical:8,0.0,36.73,1,12.0
1788964934.0860426,serverless_reactive:cyclical:8,0.0,36.73,1,12.0
1788964934.2876477,serverless_reactive:cyclical:8,0.0,36.73,1,12.0
1788964934.4944108,serverless_reactive:cyclical:8,4.8,100.44,4,12.0
1788964934.6961167,serverless_reactive:cyclical:8,203.2,139.72,4,12.0
1788964934.897881,serverless_reactive:cyclical:8,193.3,154.08,4,12.0
1788964935.1007402,serverless_reactive:cyclical:8,98.7,164.99,4,12.0
1788964935.3026607,serverless_reactive:cyclical:8,0.0,164.99,4,12.0
1788964935.5045764,serverless_reactive:cyclical:8,0.0,164.99,4,12.0
1788964935.706503,serverless_reactive:cyclical:8,0.0,164.99,4,12.0
1788964935.9087222,serverless_reactive:cyclical:8,0.0,164.99,4,12.0
1788964936.1106818,serverless_reactive:cyclical:8,5.0,164.99,4,12.0
1788964936.3124704,serverless_reactive:cyclical:8,0.0,164.99,4,12.0
1788964936.5153985,serverless_reactive:cyclical:8,0.0,164.99,4,12.0
1788964936.7173903,serverless_reactive:cyclical:8,0.0,164.99,4,12.0
1788964936.9192212,serverless_reactive:cyclical:8,0.0,164.99,4,12.0
1788964937.1212132,serverless_reactive:cyclical:8,0.0,164.99,4,12.0
1788964937.3230386,serverless_reactive:cyclical:8,0.0,164.99,4,12.0
1788964937.52484,serverless_reactive:cyclical:8,5.0,164.99,4,12.0
1788964937.7266452,serverless_reactive:cyclical:8,0.0,164.99,4,12.0
1788964937.928515,serverless_reactive:cyclical:8,0.0,164.99,4,12.0
1788964938.1303718,serverless_reactive:cyclical:8,10.0,164.99,4,12.0
1788964938.3321545,serverless_reactive:cyclical:8,0.0,164.99,4,12.0
1788964938.5343878,serverless_reactive:cyclical:8,0.0,164.99,4,12.0
1788964938.736165,serverless_reactive:cyclical:8,0.0,164.99,4,12.0
1788964938.9380405,serverless_reactive:cyclical:8,0.0,164.99,4,12.0
1788964939.13985,serverless_reactive:cyclical:8,0.0,164.99,4,12.0
1788964939.341861,serverless_reactive:cyclical:8,0.0,164.99,4,12.0
1788964939.5436678,serverless_reactive:cyclical:8,0.0,164.99,4,12.0
1788964939.7456093,serverless_reactive:cyclical:8,0.0,164.99,4,12.0
1788964939.947453,serverless_reactive:cyclical:8,0.0,164.99,4,12.0
1788964940.149389,serverless_reactive:cyclical:8,0.0,164.99,4,12.0
1788964940.3511422,serverless_reactive:cyclical:8,0.0,164.99,4,12.0
1788964940.5528326,serverless_reactive:cyclical:8,0.0,164.99,4,12.0
1788964940.7546544,serverless_reactive:cyclical:8,0.0,164.99,4,12.0
1788964940.9565606,serverless_reactive:cyclical:8,0.0,164.99,4,12.0
1788964941.158547,serverless_reactive:cyclical:8,0.0,164.99,4,12.0
1788964941.3605857,serverless_reactive:cyclical:8,0.0,164.99,4,12.0
1788964941.562506,serverless_reactive:cyclical:8,0.0,164.99,4,12.0
1788964941.7643642,serverless_reactive:cyclical:8,0.0,164.99,4,12.0
1788964941.966282,serverless_reactive:cyclical:8,0.0,164.99,4,12.0
1788964942.1683638,serverless_reactive:cyclical:8,0.0,164.99,4,12.0
1788964942.37087,serverless_reactive:cyclical:8,0.0,164.99,4,12.0
1788964942.5727224,serverless_reactive:cyclical:8,0.0,164.99,4,12.0
1788964942.7746468,serverless_reactive:cyclical:8,0.0,164.99,4,12.0
1788964942.9765913,serverless_reactive:cyclical:8,5.0,164.99,4,12.0
1788964943.178505,serverless_reactive:cyclical:8,0.0,164.99,4,12.0
1788964943.3809237,serverless_reactive:cyclical:8,0.0,164.99,4,12.0
1788964943.5827048,serverless_reactive:cyclical:8,0.0,164.99,4,12.0
1788964943.7844887,serverless_reactive:cyclical:8,0.0,164.99,4,12.0
1788964943.9864993,serverless_reactive:cyclical:8,0.0,164.99,4,12.0
1788964944.1883783,serverless_reactive:cyclical:8,0.0,164.99,4,12.0
1788964944.3903308,serverless_reactive:cyclical:8,0.0,164.99,4,12.0
1788964944.592672,serverless_reactive:cyclical:8,14.7,165.0,4,12.0
1788964944.7944736,serverless_reactive:cyclical:8,0.0,165.0,4,12.0
1788964944.9962277,serverless_reactive:cyclical:8,0.0,165.0,4,12.0
1788964945.1983907,serverless_reactive:cyclical:8,0.0,165.0,4,12.0
1788964945.4002244,serverless_reactive:cyclical:8,0.0,165.0,4,12.0
1788964945.6020088,serverless_reactive:cyclical:8,0.0,165.0,4,12.0
1788964945.8037972,serverless_reactive:cyclical:8,0.0,165.0,4,12.0
1788964946.0068822,serverless_reactive:cyclical:8,0.0,165.0,4,12.0
1788964946.209703,serverless_reactive:cyclical:8,4.9,165.0,4,12.0
1788964946.4115198,serverless_reactive:cyclical:8,0.0,165.0,4,12.0
1788964946.6134605,serverless_reactive:cyclical:8,0.0,165.0,4,12.0
1788964946.815112,serverless_reactive:cyclical:8,0.0,165.0,4,12.0
1788964947.0169182,serverless_reactive:cyclical:8,0.0,165.0,4,12.0
1788964947.2187562,serverless_reactive:cyclical:8,0.0,165.0,4,12.0
1788964947.4206538,serverless_reactive:cyclical:8,0.0,165.0,4,12.0
1788964947.6226668,serverless_reactive:cyclical:8,5.0,165.0,4,12.0
1788964947.8244667,serverless_reactive:cyclical:8,0.0,165.0,4,12.0
1788964948.0263658,serverless_reactive:cyclical:8,0.0,165.0,4,12.0
1788964948.2283921,serverless_reactive:cyclical:8,0.0,165.0,4,12.0
1788964948.4305449,serverless_reactive:cyclical:8,4.9,165.0,4,12.0
1788964948.6324477,serverless_reactive:cyclical:8,5.0,165.0,4,12.0
1788964948.8344107,serverless_reactive:cyclical:8,0.0,165.0,4,12.0
1788964949.0367472,serverless_reactive:cyclical:8,0.0,165.0,4,12.0
1788964949.2389505,serverless_reactive:cyclical:8,0.0,165.0,4,12.0
1788964949.440785,serverless_reactive:cyclical:8,0.0,165.0,4,12.0
1788964949.6427321,serverless_reactive:cyclical:8,0.0,165.0,4,12.0
1788964949.8445592,serverless_reactive:cyclical:8,0.0,165.0,4,12.0
1788964950.0465262,serverless_reactive:cyclical:8,5.0,165.0,4,12.0
1788964950.2483466,serverless_reactive:cyclical:8,0.0,165.0,4,12.0
1788964950.4502394,serverless_reactive:cyclical:8,0.0,165.0,4,12.0
1788964950.652169,serverless_reactive:cyclical:8,0.0,165.0,4,12.0
1788964950.8542366,serverless_reactive:cyclical:8,0.0,165.0,4,12.0
1788964951.056348,serverless_reactive:cyclical:8,0.0,165.0,4,12.0
1788964951.2583034,serverless_reactive:cyclical:8,5.0,165.0,4,12.0
1788964951.460454,serverless_reactive:cyclical:8,0.0,165.0,4,12.0
1788964951.6626954,serverless_reactive:cyclical:8,0.0,165.0,4,12.0
1788964951.8656037,serverless_reactive:cyclical:8,0.0,165.0,4,12.0
1788964952.0674791,serverless_reactive:cyclical:8,0.0,165.0,4,12.0
1788964952.2693665,serverless_reactive:cyclical:8,0.0,165.0,4,12.0
1788964952.47122,serverless_reactive:cyclical:8,0.0,165.0,4,12.0
1788964952.673048,serverless_reactive:cyclical:8,0.0,165.0,4,12.0
1788964952.874997,serverless_reactive:cyclical:8,5.0,165.0,4,12.0
1788964953.076754,serverless_reactive:cyclical:8,0.0,165.0,4,12.0
1788964953.2786808,serverless_reactive:cyclical:8,0.0,165.0,4,12.0
1788964953.4806468,serverless_reactive:cyclical:8,10.0,165.0,4,12.0
1788964953.6825848,serverless_reactive:cyclical:8,0.0,165.0,4,12.0
1788964953.8845472,serverless_reactive:cyclical:8,0.0,165.0,4,12.0
1788964954.087138,serverless_reactive:cyclical:8,0.0,165.0,4,12.0
1788964954.2896907,serverless_reactive:cyclical:8,4.9,165.0,4,12.0
1788964954.4915535,serverless_reactive:cyclical:8,0.0,165.0,4,12.0
1788964954.694095,serverless_reactive:cyclical:8,0.0,165.0,4,12.0
1788964954.896022,serverless_reactive:cyclical:8,0.0,165.0,4,12.0
1788964955.0982504,serverless_reactive:cyclical:8,0.0,165.0,4,12.0
1788964955.3003244,serverless_reactive:cyclical:8,0.0,165.0,4,12.0
1788964955.502319,serverless_reactive:cyclical:8,0.0,165.0,4,12.0
1788964955.7045326,serverless_reactive:cyclical:8,4.9,165.0,4,12.0
1788964955.906632,serverless_reactive:cyclical:8,0.0,165.0,4,12.0
1788964956.1088207,serverless_reactive:cyclical:8,0.0,165.0,4,12.0
1788964956.3106804,serverless_reactive:cyclical:8,0.0,165.0,4,12.0
1788964956.5125287,serverless_reactive:cyclical:8,0.0,165.0,4,12.0
1788964956.7144983,serverless_reactive:cyclical:8,0.0,165.0,4,12.0
1788964956.9165707,serverless_reactive:cyclical:8,0.0,165.0,4,12.0
1788964957.11846,serverless_reactive:cyclical:8,0.0,165.0,4,12.0
1788964957.3205366,serverless_reactive:cyclical:8,0.0,165.0,4,12.0
1788964957.5228925,serverless_reactive:cyclical:8,0.0,165.0,4,12.0
1788964957.7248278,serverless_reactive:cyclical:8,5.0,165.0,4,12.0
1788964957.9266694,serverless_reactive:cyclical:8,0.0,165.0,4,12.0
1788964958.128826,serverless_reactive:cyclical:8,0.0,165.0,4,12.0
1788964958.3308074,serverless_reactive:cyclical:8,0.0,165.0,4,12.0
1788964958.5327995,serverless_reactive:cyclical:8,5.0,165.0,4,12.0
1788964958.7348351,serverless_reactive:cyclical:8,0.0,165.0,4,12.0
1788964958.9367604,serverless_reactive:cyclical:8,0.0,165.0,4,12.0
1788964959.1387377,serverless_reactive:cyclical:8,0.0,165.0,4,12.0
1788964959.3406851,serverless_reactive:cyclical:8,0.0,165.0,4,12.0
1788964959.5428622,serverless_reactive:cyclical:8,0.0,165.0,4,12.0
1788964959.7448149,serverless_reactive:cyclical:8,0.0,165.0,4,12.0
1788964959.9468906,serverless_reactive:cyclical:8,0.0,165.0,4,12.0
1788964960.1487665,serverless_reactive:cyclical:8,0.0,165.0,4,12.0
1788964960.3508062,serverless_reactive:cyclical:8,0.0,165.0,4,12.0
1788964960.5540555,serverless_reactive:cyclical:8,0.0,165.0,4,12.0
1788964960.756178,serverless_reactive:cyclical:8,4.9,165.0,4,12.0
1788964960.9585438,serverless_reactive:cyclical:8,4.9,165.0,4,12.0
1788964961.1615732,serverless_reactive:cyclical:8,4.9,165.0,4,12.0
1788964961.3638651,serverless_reactive:cyclical:8,0.0,165.0,4,12.0
1788964961.5658824,serverless_reactive:cyclical:8,0.0,165.0,4,12.0
1788964961.767718,serverless_reactive:cyclical:8,0.0,165.0,4,12.0
1788964961.9699721,serverless_reactive:cyclical:8,0.0,165.0,4,12.0
1788964962.1719038,serverless_reactive:cyclical:8,0.0,165.0,4,12.0
1788964962.374063,serverless_reactive:cyclical:8,0.0,165.0,4,12.0
1788964962.5761518,serverless_reactive:cyclical:8,9.8,165.02,4,12.0
1788964962.7782068,serverless_reactive:cyclical:8,0.0,165.02,4,12.0
1788964962.9801176,serverless_reactive:cyclical:8,5.0,165.02,4,12.0
1788964963.182415,serverless_reactive:cyclical:8,0.0,165.02,4,12.0
1788964963.384346,serverless_reactive:cyclical:8,0.0,165.02,4,12.0
1788964963.586341,serverless_reactive:cyclical:8,0.0,165.02,4,12.0
1788964963.788246,serverless_reactive:cyclical:8,0.0,165.02,4,12.0
1788964963.9903145,serverless_reactive:cyclical:8,4.9,165.02,4,12.0
1788964964.1922796,serverless_reactive:cyclical:8,0.0,165.02,4,12.0
1788964964.3943043,serverless_reactive:cyclical:8,0.0,165.02,4,12.0
1788964964.5962956,serverless_reactive:cyclical:8,0.0,165.02,4,12.0
1788964964.7983887,serverless_reactive:cyclical:8,0.0,165.02,4,12.0
1788964965.0008268,serverless_reactive:cyclical:8,0.0,165.02,4,12.0
1788964965.202675,serverless_reactive:cyclical:8,0.0,165.02,4,12.0
1788964965.4048588,serverless_reactive:cyclical:8,0.0,165.02,4,12.0
1788964965.6068172,serverless_reactive:cyclical:8,0.0,165.02,4,12.0
1788964965.8087692,serverless_reactive:cyclical:8,0.0,165.02,4,12.0
1788964966.0107014,serverless_reactive:cyclical:8,0.0,165.02,4,12.0
1788964966.2128763,serverless_reactive:cyclical:8,0.0,165.02,4,12.0
1788964966.414742,serverless_reactive:cyclical:8,5.0,165.02,4,12.0
1788964966.6164916,serverless_reactive:cyclical:8,0.0,165.02,4,12.0
1788964966.8183284,serverless_reactive:cyclical:8,0.0,165.02,4,12.0
1788964967.020155,serverless_reactive:cyclical:8,0.0,165.02,4,12.0
1788964967.222253,serverless_reactive:cyclical:8,0.0,165.02,4,12.0
1788964967.4241483,serverless_reactive:cyclical:8,0.0,165.02,4,12.0
1788964967.6263232,serverless_reactive:cyclical:8,0.0,165.02,4,12.0
1788964967.828359,serverless_reactive:cyclical:8,4.9,165.02,4,12.0
1788964968.0313897,serverless_reactive:cyclical:8,0.0,165.02,4,12.0
1788964968.233528,serverless_reactive:cyclical:8,0.0,165.02,4,12.0
1788964968.4354699,serverless_reactive:cyclical:8,0.0,165.02,4,12.0
1788964968.6374931,serverless_reactive:cyclical:8,0.0,165.02,4,12.0
1788964968.839466,serverless_reactive:cyclical:8,0.0,165.02,4,12.0
1788964969.0414321,serverless_reactive:cyclical:8,0.0,165.02,4,12.0
1788964969.243456,serverless_reactive:cyclical:8,5.0,165.02,4,12.0
1788964969.4457066,serverless_reactive:cyclical:8,0.0,165.02,4,12.0
1788964969.6478093,serverless_reactive:cyclical:8,0.0,165.02,4,12.0
1788964969.850299,serverless_reactive:cyclical:8,0.0,165.02,4,12.0
1788964970.0522568,serverless_reactive:cyclical:8,0.0,165.02,4,12.0
1788964970.2543814,serverless_reactive:cyclical:8,0.0,165.02,4,12.0
1788964970.4562278,serverless_reactive:cyclical:8,0.0,165.02,4,12.0
1788964970.6585557,serverless_reactive:cyclical:8,0.0,165.02,4,12.0
1788964970.8606474,serverless_reactive:cyclical:8,0.0,165.02,4,12.0
1788964971.0634434,serverless_reactive:cyclical:8,0.0,165.02,4,12.0
1788964971.265345,serverless_reactive:cyclical:8,0.0,165.02,4,12.0
1788964971.4673624,serverless_reactive:cyclical:8,5.0,165.02,4,12.0
1788964971.6695971,serverless_reactive:cyclical:8,4.9,165.02,4,12.0
1788964972.5054944,serverless_reactive:cyclical:9,0.0,36.63,1,12.0
1788964972.7071483,serverless_reactive:cyclical:9,5.0,36.63,1,12.0
1788964972.908867,serverless_reactive:cyclical:9,0.0,36.63,1,12.0
1788964973.1106021,serverless_reactive:cyclical:9,0.0,36.63,1,12.0
1788964973.312359,serverless_reactive:cyclical:9,0.0,36.63,1,12.0
1788964973.5146258,serverless_reactive:cyclical:9,0.0,36.63,1,12.0
1788964973.7163765,serverless_reactive:cyclical:9,0.0,36.63,1,12.0
1788964973.9181888,serverless_reactive:cyclical:9,0.0,36.63,1,12.0
1788964974.119887,serverless_reactive:cyclical:9,0.0,36.63,1,12.0
1788964974.3219857,serverless_reactive:cyclical:9,0.0,36.63,1,12.0
1788964974.523766,serverless_reactive:cyclical:9,0.0,36.63,1,12.0
1788964974.725715,serverless_reactive:cyclical:9,0.0,36.63,1,12.0
1788964974.928193,serverless_reactive:cyclical:9,0.0,36.63,1,12.0
1788964975.1300812,serverless_reactive:cyclical:9,0.0,36.63,1,12.0
1788964975.3320434,serverless_reactive:cyclical:9,0.0,36.63,1,12.0
1788964975.5338283,serverless_reactive:cyclical:9,0.0,36.63,1,12.0
1788964975.7356036,serverless_reactive:cyclical:9,0.0,36.63,1,12.0
1788964975.9374664,serverless_reactive:cyclical:9,0.0,36.63,1,12.0
1788964976.1395054,serverless_reactive:cyclical:9,0.0,36.63,1,12.0
1788964976.3413525,serverless_reactive:cyclical:9,0.0,36.63,1,12.0
1788964976.5429258,serverless_reactive:cyclical:9,0.0,36.63,1,12.0
1788964976.7445652,serverless_reactive:cyclical:9,0.0,36.63,1,12.0
1788964976.9462435,serverless_reactive:cyclical:9,0.0,36.63,1,12.0
1788964977.147953,serverless_reactive:cyclical:9,0.0,36.63,1,12.0
1788964977.3497958,serverless_reactive:cyclical:9,0.0,36.63,1,12.0
1788964977.5518084,serverless_reactive:cyclical:9,0.0,36.63,1,12.0
1788964977.7544057,serverless_reactive:cyclical:9,0.0,36.63,1,12.0
1788964977.9564662,serverless_reactive:cyclical:9,0.0,36.63,1,12.0
1788964978.1590395,serverless_reactive:cyclical:9,0.0,36.63,1,12.0
1788964978.360792,serverless_reactive:cyclical:9,0.0,36.63,1,12.0
1788964978.562581,serverless_reactive:cyclical:9,0.0,36.63,1,12.0
1788964978.764876,serverless_reactive:cyclical:9,0.0,36.63,1,12.0
1788964978.9667077,serverless_reactive:cyclical:9,0.0,36.63,1,12.0
1788964979.168453,serverless_reactive:cyclical:9,0.0,36.63,1,12.0
1788964979.370227,serverless_reactive:cyclical:9,0.0,36.63,1,12.0
1788964979.571869,serverless_reactive:cyclical:9,0.0,36.63,1,12.0
1788964979.774413,serverless_reactive:cyclical:9,0.0,36.63,1,12.0
1788964979.9767065,serverless_reactive:cyclical:9,0.0,36.63,1,12.0
1788964980.1792169,serverless_reactive:cyclical:9,0.0,36.63,1,12.0
1788964980.3809793,serverless_reactive:cyclical:9,0.0,36.63,1,12.0
1788964980.58277,serverless_reactive:cyclical:9,0.0,36.63,1,12.0
1788964980.7846262,serverless_reactive:cyclical:9,0.0,36.63,1,12.0
1788964980.9867656,serverless_reactive:cyclical:9,0.0,36.63,1,12.0
1788964981.1884232,serverless_reactive:cyclical:9,0.0,36.63,1,12.0
1788964981.3902903,serverless_reactive:cyclical:9,0.0,36.63,1,12.0
1788964981.5921793,serverless_reactive:cyclical:9,0.0,36.63,1,12.0
1788964981.7945275,serverless_reactive:cyclical:9,0.0,36.63,1,12.0
1788964981.9964516,serverless_reactive:cyclical:9,0.0,36.63,1,12.0
1788964982.198253,serverless_reactive:cyclical:9,0.0,36.63,1,12.0
1788964982.4028294,serverless_reactive:cyclical:9,4.9,65.09,4,12.0
1788964982.6046193,serverless_reactive:cyclical:9,193.4,125.59,4,12.0
1788964982.8068194,serverless_reactive:cyclical:9,197.8,151.06,4,12.0
1788964983.0085368,serverless_reactive:cyclical:9,178.5,164.68,4,12.0
1788964983.2118897,serverless_reactive:cyclical:9,4.9,164.83,4,12.0
1788964983.4138954,serverless_reactive:cyclical:9,0.0,164.83,4,12.0
1788964983.6160488,serverless_reactive:cyclical:9,0.0,164.83,4,12.0
1788964983.8180492,serverless_reactive:cyclical:9,0.0,164.83,4,12.0
1788964984.020622,serverless_reactive:cyclical:9,0.0,164.83,4,12.0
1788964984.2227817,serverless_reactive:cyclical:9,0.0,164.83,4,12.0
1788964984.4250183,serverless_reactive:cyclical:9,0.0,164.83,4,12.0
1788964984.627075,serverless_reactive:cyclical:9,0.0,164.83,4,12.0
1788964984.8292775,serverless_reactive:cyclical:9,0.0,164.83,4,12.0
1788964985.031579,serverless_reactive:cyclical:9,0.0,164.83,4,12.0
1788964985.2337513,serverless_reactive:cyclical:9,0.0,164.83,4,12.0
1788964985.435933,serverless_reactive:cyclical:9,0.0,164.83,4,12.0
1788964985.637987,serverless_reactive:cyclical:9,0.0,164.83,4,12.0
1788964985.8399482,serverless_reactive:cyclical:9,5.0,164.83,4,12.0
1788964986.0419233,serverless_reactive:cyclical:9,0.0,164.83,4,12.0
1788964986.2438989,serverless_reactive:cyclical:9,5.0,164.83,4,12.0
1788964986.4467232,serverless_reactive:cyclical:9,0.0,164.83,4,12.0
1788964986.6495843,serverless_reactive:cyclical:9,0.0,164.83,4,12.0
1788964986.8514762,serverless_reactive:cyclical:9,0.0,164.83,4,12.0
1788964987.0543833,serverless_reactive:cyclical:9,0.0,164.83,4,12.0
1788964987.2572603,serverless_reactive:cyclical:9,0.0,164.83,4,12.0
1788964987.4598749,serverless_reactive:cyclical:9,0.0,164.83,4,12.0
1788964987.6626754,serverless_reactive:cyclical:9,0.0,164.83,4,12.0
1788964987.8646119,serverless_reactive:cyclical:9,0.0,164.83,4,12.0
1788964988.0665522,serverless_reactive:cyclical:9,10.0,164.84,4,12.0
1788964988.2685816,serverless_reactive:cyclical:9,0.0,164.84,4,12.0
1788964988.4704733,serverless_reactive:cyclical:9,0.0,164.84,4,12.0
1788964988.6723523,serverless_reactive:cyclical:9,0.0,164.84,4,12.0
1788964988.8742862,serverless_reactive:cyclical:9,0.0,164.84,4,12.0
1788964989.0761259,serverless_reactive:cyclical:9,0.0,164.84,4,12.0
1788964989.2780404,serverless_reactive:cyclical:9,0.0,164.84,4,12.0
1788964989.4808865,serverless_reactive:cyclical:9,0.0,164.84,4,12.0
1788964989.6827953,serverless_reactive:cyclical:9,0.0,164.84,4,12.0
1788964989.8848019,serverless_reactive:cyclical:9,0.0,164.84,4,12.0
1788964990.086817,serverless_reactive:cyclical:9,0.0,164.84,4,12.0
1788964990.288831,serverless_reactive:cyclical:9,0.0,164.84,4,12.0
1788964990.4907978,serverless_reactive:cyclical:9,0.0,164.84,4,12.0
1788964990.6927426,serverless_reactive:cyclical:9,0.0,164.84,4,12.0
1788964990.894798,serverless_reactive:cyclical:9,4.9,164.84,4,12.0
1788964991.0965538,serverless_reactive:cyclical:9,0.0,164.84,4,12.0
1788964991.2986672,serverless_reactive:cyclical:9,14.7,164.86,4,12.0
1788964991.50048,serverless_reactive:cyclical:9,0.0,164.86,4,12.0
1788964991.7025328,serverless_reactive:cyclical:9,0.0,164.86,4,12.0
1788964991.9044828,serverless_reactive:cyclical:9,0.0,164.86,4,12.0
1788964992.106479,serverless_reactive:cyclical:9,0.0,164.86,4,12.0
1788964992.3090596,serverless_reactive:cyclical:9,0.0,164.86,4,12.0
1788964992.511111,serverless_reactive:cyclical:9,0.0,164.86,4,12.0
1788964992.7135296,serverless_reactive:cyclical:9,0.0,164.86,4,12.0
1788964992.9153898,serverless_reactive:cyclical:9,0.0,164.86,4,12.0
1788964993.1174614,serverless_reactive:cyclical:9,0.0,164.86,4,12.0
1788964993.3192704,serverless_reactive:cyclical:9,0.0,164.86,4,12.0
1788964993.5213487,serverless_reactive:cyclical:9,0.0,164.86,4,12.0
1788964993.7237782,serverless_reactive:cyclical:9,4.9,164.86,4,12.0
1788964993.9263377,serverless_reactive:cyclical:9,0.0,164.86,4,12.0
1788964994.1283295,serverless_reactive:cyclical:9,0.0,164.86,4,12.0
1788964994.3302772,serverless_reactive:cyclical:9,0.0,164.86,4,12.0
1788964994.5321186,serverless_reactive:cyclical:9,0.0,164.86,4,12.0
1788964994.7340212,serverless_reactive:cyclical:9,0.0,164.86,4,12.0
1788964994.9359906,serverless_reactive:cyclical:9,0.0,164.86,4,12.0
1788964995.1380057,serverless_reactive:cyclical:9,0.0,164.86,4,12.0
1788964995.3400712,serverless_reactive:cyclical:9,0.0,164.86,4,12.0
1788964995.5420222,serverless_reactive:cyclical:9,0.0,164.86,4,12.0
1788964995.7438788,serverless_reactive:cyclical:9,0.0,164.86,4,12.0
1788964995.9462874,serverless_reactive:cyclical:9,4.9,164.86,4,12.0
1788964996.1482399,serverless_reactive:cyclical:9,10.0,164.86,4,12.0
1788964996.3503373,serverless_reactive:cyclical:9,0.0,164.86,4,12.0
1788964996.5523317,serverless_reactive:cyclical:9,0.0,164.86,4,12.0
1788964996.754318,serverless_reactive:cyclical:9,0.0,164.86,4,12.0
1788964996.9561555,serverless_reactive:cyclical:9,0.0,164.86,4,12.0
1788964997.15889,serverless_reactive:cyclical:9,0.0,164.86,4,12.0
1788964997.3608391,serverless_reactive:cyclical:9,0.0,164.86,4,12.0
1788964997.5632145,serverless_reactive:cyclical:9,0.0,164.86,4,12.0
1788964997.7657452,serverless_reactive:cyclical:9,0.0,164.86,4,12.0
1788964997.9680505,serverless_reactive:cyclical:9,0.0,164.86,4,12.0
1788964998.1699822,serverless_reactive:cyclical:9,5.0,164.86,4,12.0
1788964998.3721159,serverless_reactive:cyclical:9,0.0,164.86,4,12.0
1788964998.574197,serverless_reactive:cyclical:9,0.0,164.86,4,12.0
1788964998.7760613,serverless_reactive:cyclical:9,0.0,164.86,4,12.0
1788964998.9781654,serverless_reactive:cyclical:9,4.9,164.86,4,12.0
1788964999.1802394,serverless_reactive:cyclical:9,0.0,164.86,4,12.0
1788964999.3822453,serverless_reactive:cyclical:9,0.0,164.86,4,12.0
1788964999.5843182,serverless_reactive:cyclical:9,0.0,164.86,4,12.0
1788964999.7867208,serverless_reactive:cyclical:9,0.0,164.86,4,12.0
1788964999.988818,serverless_reactive:cyclical:9,0.0,164.86,4,12.0
1788965000.1906724,serverless_reactive:cyclical:9,15.0,164.86,4,12.0
1788965000.393852,serverless_reactive:cyclical:9,0.0,164.86,4,12.0
1788965000.5956473,serverless_reactive:cyclical:9,0.0,164.86,4,12.0
1788965000.7976468,serverless_reactive:cyclical:9,0.0,164.86,4,12.0
1788965000.9997015,serverless_reactive:cyclical:9,0.0,164.86,4,12.0
1788965001.202574,serverless_reactive:cyclical:9,0.0,164.86,4,12.0
1788965001.4046285,serverless_reactive:cyclical:9,0.0,164.86,4,12.0
1788965001.606596,serverless_reactive:cyclical:9,5.0,164.86,4,12.0
1788965001.808533,serverless_reactive:cyclical:9,0.0,164.86,4,12.0
1788965002.0105267,serverless_reactive:cyclical:9,0.0,164.86,4,12.0
1788965002.21307,serverless_reactive:cyclical:9,0.0,164.86,4,12.0
1788965002.4150443,serverless_reactive:cyclical:9,0.0,164.86,4,12.0
1788965002.6168664,serverless_reactive:cyclical:9,0.0,164.86,4,12.0
1788965002.8187158,serverless_reactive:cyclical:9,0.0,164.86,4,12.0
1788965003.0206544,serverless_reactive:cyclical:9,0.0,164.86,4,12.0
1788965003.2226324,serverless_reactive:cyclical:9,0.0,164.86,4,12.0
1788965003.4245324,serverless_reactive:cyclical:9,0.0,164.86,4,12.0
1788965003.626518,serverless_reactive:cyclical:9,0.0,164.86,4,12.0
1788965003.8285697,serverless_reactive:cyclical:9,9.9,164.86,4,12.0
1788965004.030521,serverless_reactive:cyclical:9,0.0,164.86,4,12.0
1788965004.2325377,serverless_reactive:cyclical:9,0.0,164.86,4,12.0
1788965004.4345858,serverless_reactive:cyclical:9,0.0,164.86,4,12.0
1788965004.6365225,serverless_reactive:cyclical:9,0.0,164.86,4,12.0
1788965004.838472,serverless_reactive:cyclical:9,0.0,164.86,4,12.0
1788965005.0403323,serverless_reactive:cyclical:9,0.0,164.86,4,12.0
1788965005.2423391,serverless_reactive:cyclical:9,0.0,164.86,4,12.0
1788965005.4441655,serverless_reactive:cyclical:9,0.0,164.86,4,12.0
1788965005.6464632,serverless_reactive:cyclical:9,0.0,164.86,4,12.0
1788965005.848302,serverless_reactive:cyclical:9,0.0,164.86,4,12.0
1788965006.0503192,serverless_reactive:cyclical:9,0.0,164.86,4,12.0
1788965006.2523823,serverless_reactive:cyclical:9,0.0,164.86,4,12.0
1788965006.4552336,serverless_reactive:cyclical:9,4.9,164.86,4,12.0
1788965006.6581964,serverless_reactive:cyclical:9,0.0,164.86,4,12.0
1788965006.86004,serverless_reactive:cyclical:9,0.0,164.86,4,12.0
1788965007.0621083,serverless_reactive:cyclical:9,0.0,164.86,4,12.0
1788965007.2640562,serverless_reactive:cyclical:9,0.0,164.86,4,12.0
1788965007.4668026,serverless_reactive:cyclical:9,0.0,164.86,4,12.0
1788965007.6694026,serverless_reactive:cyclical:9,0.0,164.86,4,12.0
1788965007.8715634,serverless_reactive:cyclical:9,0.0,164.86,4,12.0
1788965008.0736597,serverless_reactive:cyclical:9,0.0,164.86,4,12.0
1788965008.2767494,serverless_reactive:cyclical:9,0.0,164.86,4,12.0
1788965008.4787316,serverless_reactive:cyclical:9,0.0,164.86,4,12.0
1788965008.6807652,serverless_reactive:cyclical:9,4.9,164.86,4,12.0
1788965008.884271,serverless_reactive:cyclical:9,9.8,164.87,4,12.0
1788965009.0867755,serverless_reactive:cyclical:9,9.8,164.88,4,12.0
1788965009.2890718,serverless_reactive:cyclical:9,0.0,164.88,4,12.0
1788965009.4918144,serverless_reactive:cyclical:9,0.0,164.88,4,12.0
1788965009.6950724,serverless_reactive:cyclical:9,0.0,164.88,4,12.0
1788965009.9016273,serverless_reactive:cyclical:9,0.0,164.88,4,12.0
1788965010.103535,serverless_reactive:cyclical:9,0.0,164.88,4,12.0
1788965010.305601,serverless_reactive:cyclical:9,0.0,164.88,4,12.0
1788965010.508188,serverless_reactive:cyclical:9,0.0,164.88,4,12.0
1788965010.7111638,serverless_reactive:cyclical:9,0.0,164.88,4,12.0
1788965010.9130409,serverless_reactive:cyclical:9,0.0,164.88,4,12.0
1788965011.114885,serverless_reactive:cyclical:9,5.0,164.88,4,12.0
1788965011.3168855,serverless_reactive:cyclical:9,0.0,164.88,4,12.0
1788965011.5189106,serverless_reactive:cyclical:9,5.0,164.88,4,12.0
1788965011.7207494,serverless_reactive:cyclical:9,0.0,164.88,4,12.0
1788965011.9226358,serverless_reactive:cyclical:9,0.0,164.88,4,12.0
1788965012.1245933,serverless_reactive:cyclical:9,0.0,164.88,4,12.0
1788965012.3268795,serverless_reactive:cyclical:9,0.0,164.88,4,12.0
1788965012.5286663,serverless_reactive:cyclical:9,0.0,164.88,4,12.0
1788965012.7308886,serverless_reactive:cyclical:9,0.0,164.88,4,12.0
1788965012.9335063,serverless_reactive:cyclical:9,0.0,164.88,4,12.0
1788965013.1352956,serverless_reactive:cyclical:9,0.0,164.88,4,12.0
1788965013.3374271,serverless_reactive:cyclical:9,0.0,164.88,4,12.0
1788965013.5396955,serverless_reactive:cyclical:9,0.0,164.88,4,12.0
1788965013.7416341,serverless_reactive:cyclical:9,0.0,164.88,4,12.0
1788965013.9435894,serverless_reactive:cyclical:9,5.0,164.88,4,12.0
1788965014.1457136,serverless_reactive:cyclical:9,4.9,164.88,4,12.0
1788965014.3478153,serverless_reactive:cyclical:9,0.0,164.88,4,12.0
1788965014.5497038,serverless_reactive:cyclical:9,0.0,164.88,4,12.0
1788965014.7524917,serverless_reactive:cyclical:9,0.0,164.88,4,12.0
1788965014.955241,serverless_reactive:cyclical:9,0.0,164.88,4,12.0
1788965015.1575453,serverless_reactive:cyclical:9,0.0,164.88,4,12.0
1788965015.3594747,serverless_reactive:cyclical:9,0.0,164.88,4,12.0
1788965015.5615091,serverless_reactive:cyclical:9,0.0,164.88,4,12.0
1788965015.763871,serverless_reactive:cyclical:9,0.0,164.88,4,12.0
1788965015.9661522,serverless_reactive:cyclical:9,0.0,164.88,4,12.0
1788965016.1685822,serverless_reactive:cyclical:9,0.0,164.88,4,12.0
1788965016.3705928,serverless_reactive:cyclical:9,0.0,164.88,4,12.0
1788965016.5724146,serverless_reactive:cyclical:9,5.0,164.88,4,12.0
1788965016.7743382,serverless_reactive:cyclical:9,0.0,164.88,4,12.0
1788965016.9762478,serverless_reactive:cyclical:9,0.0,164.88,4,12.0
1788965017.1782076,serverless_reactive:cyclical:9,0.0,164.88,4,12.0
1788965017.38012,serverless_reactive:cyclical:9,0.0,164.88,4,12.0
1788965017.5821958,serverless_reactive:cyclical:9,0.0,164.88,4,12.0
1788965017.7841232,serverless_reactive:cyclical:9,0.0,164.88,4,12.0
1788965017.9862275,serverless_reactive:cyclical:9,0.0,164.88,4,12.0
1788965018.1882105,serverless_reactive:cyclical:9,0.0,164.88,4,12.0
1788965019.1959481,serverless_reactive:cyclical:10,0.0,36.64,1,12.0
1788965019.3977969,serverless_reactive:cyclical:10,0.0,36.64,1,12.0
1788965019.5996091,serverless_reactive:cyclical:10,0.0,36.64,1,12.0
1788965019.8014464,serverless_reactive:cyclical:10,0.0,36.64,1,12.0
1788965020.0032966,serverless_reactive:cyclical:10,0.0,36.64,1,12.0
1788965020.2049475,serverless_reactive:cyclical:10,0.0,36.64,1,12.0
1788965020.4066892,serverless_reactive:cyclical:10,0.0,36.64,1,12.0
1788965020.6087475,serverless_reactive:cyclical:10,0.0,36.64,1,12.0
1788965020.810949,serverless_reactive:cyclical:10,0.0,36.64,1,12.0
1788965021.0126138,serverless_reactive:cyclical:10,0.0,36.64,1,12.0
1788965021.2144294,serverless_reactive:cyclical:10,0.0,36.64,1,12.0
1788965021.4162679,serverless_reactive:cyclical:10,0.0,36.64,1,12.0
1788965021.6179605,serverless_reactive:cyclical:10,0.0,36.64,1,12.0
1788965021.8196316,serverless_reactive:cyclical:10,0.0,36.64,1,12.0
1788965022.0213315,serverless_reactive:cyclical:10,0.0,36.64,1,12.0
1788965022.2229853,serverless_reactive:cyclical:10,0.0,36.64,1,12.0
1788965022.4248292,serverless_reactive:cyclical:10,0.0,36.64,1,12.0
1788965022.6265826,serverless_reactive:cyclical:10,0.0,36.64,1,12.0
1788965022.8282726,serverless_reactive:cyclical:10,5.0,36.64,1,12.0
1788965023.030075,serverless_reactive:cyclical:10,0.0,36.64,1,12.0
1788965023.2320147,serverless_reactive:cyclical:10,0.0,36.64,1,12.0
1788965023.4337265,serverless_reactive:cyclical:10,0.0,36.64,1,12.0
1788965023.635774,serverless_reactive:cyclical:10,0.0,36.64,1,12.0
1788965023.837795,serverless_reactive:cyclical:10,0.0,36.64,1,12.0
1788965024.0396063,serverless_reactive:cyclical:10,0.0,36.64,1,12.0
1788965024.2414248,serverless_reactive:cyclical:10,0.0,36.64,1,12.0
1788965024.4437454,serverless_reactive:cyclical:10,0.0,36.64,1,12.0
1788965024.6455288,serverless_reactive:cyclical:10,0.0,36.64,1,12.0
1788965024.8485017,serverless_reactive:cyclical:10,0.0,36.64,1,12.0
1788965025.0504527,serverless_reactive:cyclical:10,0.0,36.64,1,12.0
1788965025.252245,serverless_reactive:cyclical:10,0.0,36.64,1,12.0
1788965025.4540796,serverless_reactive:cyclical:10,0.0,36.64,1,12.0
1788965025.655897,serverless_reactive:cyclical:10,0.0,36.64,1,12.0
1788965025.8578434,serverless_reactive:cyclical:10,0.0,36.64,1,12.0
1788965026.0598025,serverless_reactive:cyclical:10,0.0,36.64,1,12.0
1788965026.2615943,serverless_reactive:cyclical:10,0.0,36.64,1,12.0
1788965026.4632888,serverless_reactive:cyclical:10,0.0,36.64,1,12.0
1788965026.6652188,serverless_reactive:cyclical:10,0.0,36.64,1,12.0
1788965026.8668199,serverless_reactive:cyclical:10,0.0,36.64,1,12.0
1788965027.0686142,serverless_reactive:cyclical:10,0.0,36.64,1,12.0
1788965027.2703717,serverless_reactive:cyclical:10,0.0,36.64,1,12.0
1788965027.4721117,serverless_reactive:cyclical:10,0.0,36.64,1,12.0
1788965027.6739478,serverless_reactive:cyclical:10,0.0,36.64,1,12.0
1788965027.8760624,serverless_reactive:cyclical:10,0.0,36.64,1,12.0
1788965028.07782,serverless_reactive:cyclical:10,0.0,36.64,1,12.0
1788965028.2795317,serverless_reactive:cyclical:10,0.0,36.64,1,12.0
1788965028.4816778,serverless_reactive:cyclical:10,0.0,36.64,1,12.0
1788965028.6910472,serverless_reactive:cyclical:10,9.6,108.82,4,12.0
1788965028.892982,serverless_reactive:cyclical:10,193.2,142.88,4,12.0
1788965029.09475,serverless_reactive:cyclical:10,198.2,154.25,4,12.0
1788965029.2975252,serverless_reactive:cyclical:10,103.6,164.92,4,12.0
1788965029.4995003,serverless_reactive:cyclical:10,0.0,164.92,4,12.0
1788965029.7018359,serverless_reactive:cyclical:10,4.9,164.92,4,12.0
1788965029.9037235,serverless_reactive:cyclical:10,5.0,164.92,4,12.0
1788965030.105748,serverless_reactive:cyclical:10,0.0,164.92,4,12.0
1788965030.3076618,serverless_reactive:cyclical:10,0.0,164.92,4,12.0
1788965030.5098493,serverless_reactive:cyclical:10,0.0,164.92,4,12.0
1788965030.71165,serverless_reactive:cyclical:10,0.0,164.92,4,12.0
1788965030.9136488,serverless_reactive:cyclical:10,0.0,164.92,4,12.0
1788965031.1157694,serverless_reactive:cyclical:10,0.0,164.92,4,12.0
1788965031.3177032,serverless_reactive:cyclical:10,0.0,164.92,4,12.0
1788965031.5194733,serverless_reactive:cyclical:10,0.0,164.92,4,12.0
1788965031.7219048,serverless_reactive:cyclical:10,0.0,164.92,4,12.0
1788965031.9238553,serverless_reactive:cyclical:10,0.0,164.92,4,12.0
1788965032.1257894,serverless_reactive:cyclical:10,0.0,164.92,4,12.0
1788965032.3276947,serverless_reactive:cyclical:10,0.0,164.92,4,12.0
1788965032.5296123,serverless_reactive:cyclical:10,0.0,164.92,4,12.0
1788965032.7314892,serverless_reactive:cyclical:10,0.0,164.92,4,12.0
1788965032.933633,serverless_reactive:cyclical:10,0.0,164.92,4,12.0
1788965033.135508,serverless_reactive:cyclical:10,0.0,164.92,4,12.0
1788965033.3376288,serverless_reactive:cyclical:10,0.0,164.92,4,12.0
1788965033.5395265,serverless_reactive:cyclical:10,5.0,164.92,4,12.0
1788965033.7414863,serverless_reactive:cyclical:10,0.0,164.92,4,12.0
1788965033.943358,serverless_reactive:cyclical:10,5.0,164.92,4,12.0
1788965034.1453269,serverless_reactive:cyclical:10,0.0,164.92,4,12.0
1788965034.3471653,serverless_reactive:cyclical:10,0.0,164.92,4,12.0
1788965034.5489724,serverless_reactive:cyclical:10,0.0,164.92,4,12.0
1788965034.7507763,serverless_reactive:cyclical:10,0.0,164.92,4,12.0
1788965034.9526608,serverless_reactive:cyclical:10,0.0,164.92,4,12.0
1788965035.1546612,serverless_reactive:cyclical:10,5.0,164.92,4,12.0
1788965035.3565001,serverless_reactive:cyclical:10,0.0,164.92,4,12.0
1788965035.5584557,serverless_reactive:cyclical:10,0.0,164.92,4,12.0
1788965035.7607696,serverless_reactive:cyclical:10,4.9,164.92,4,12.0
1788965035.9627817,serverless_reactive:cyclical:10,0.0,164.92,4,12.0
1788965036.164681,serverless_reactive:cyclical:10,0.0,164.92,4,12.0
1788965036.3665667,serverless_reactive:cyclical:10,0.0,164.92,4,12.0
1788965036.568569,serverless_reactive:cyclical:10,0.0,164.92,4,12.0
1788965036.7713017,serverless_reactive:cyclical:10,0.0,164.92,4,12.0
1788965036.9732323,serverless_reactive:cyclical:10,0.0,164.92,4,12.0
1788965037.175458,serverless_reactive:cyclical:10,0.0,164.92,4,12.0
1788965037.3774009,serverless_reactive:cyclical:10,0.0,164.92,4,12.0
1788965037.579619,serverless_reactive:cyclical:10,0.0,164.92,4,12.0
1788965037.7823753,serverless_reactive:cyclical:10,0.0,164.92,4,12.0
1788965037.9849417,serverless_reactive:cyclical:10,0.0,164.92,4,12.0
1788965038.1867378,serverless_reactive:cyclical:10,0.0,164.92,4,12.0
1788965038.3885632,serverless_reactive:cyclical:10,0.0,164.92,4,12.0
1788965038.5905912,serverless_reactive:cyclical:10,0.0,164.92,4,12.0
1788965038.7925208,serverless_reactive:cyclical:10,0.0,164.92,4,12.0
1788965038.9944468,serverless_reactive:cyclical:10,0.0,164.92,4,12.0
1788965039.1966534,serverless_reactive:cyclical:10,19.6,164.93,4,12.0
1788965039.3985636,serverless_reactive:cyclical:10,0.0,164.93,4,12.0
1788965039.6005366,serverless_reactive:cyclical:10,0.0,164.93,4,12.0
1788965039.802449,serverless_reactive:cyclical:10,0.0,164.93,4,12.0
1788965040.004384,serverless_reactive:cyclical:10,0.0,164.93,4,12.0
1788965040.2063131,serverless_reactive:cyclical:10,0.0,164.93,4,12.0
1788965040.4082193,serverless_reactive:cyclical:10,0.0,164.93,4,12.0
1788965040.6102848,serverless_reactive:cyclical:10,0.0,164.93,4,12.0
1788965040.8127108,serverless_reactive:cyclical:10,0.0,164.93,4,12.0
1788965041.0150368,serverless_reactive:cyclical:10,0.0,164.93,4,12.0
1788965041.2169187,serverless_reactive:cyclical:10,0.0,164.93,4,12.0
1788965041.4188588,serverless_reactive:cyclical:10,0.0,164.93,4,12.0
1788965041.620905,serverless_reactive:cyclical:10,0.0,164.93,4,12.0
1788965041.8228846,serverless_reactive:cyclical:10,0.0,164.93,4,12.0
1788965042.0254161,serverless_reactive:cyclical:10,0.0,164.93,4,12.0
1788965042.2273002,serverless_reactive:cyclical:10,5.0,164.93,4,12.0
1788965042.4292035,serverless_reactive:cyclical:10,0.0,164.93,4,12.0
1788965042.6312964,serverless_reactive:cyclical:10,0.0,164.93,4,12.0
1788965042.8332226,serverless_reactive:cyclical:10,0.0,164.93,4,12.0
1788965043.0357177,serverless_reactive:cyclical:10,0.0,164.93,4,12.0
1788965043.238272,serverless_reactive:cyclical:10,0.0,164.93,4,12.0
1788965043.44009,serverless_reactive:cyclical:10,0.0,164.93,4,12.0
1788965043.642079,serverless_reactive:cyclical:10,0.0,164.93,4,12.0
1788965043.8440676,serverless_reactive:cyclical:10,5.0,164.93,4,12.0
1788965044.0459576,serverless_reactive:cyclical:10,0.0,164.93,4,12.0
1788965044.248018,serverless_reactive:cyclical:10,0.0,164.93,4,12.0
1788965044.4499066,serverless_reactive:cyclical:10,0.0,164.93,4,12.0
1788965044.6517432,serverless_reactive:cyclical:10,5.0,164.93,4,12.0
1788965044.8536105,serverless_reactive:cyclical:10,0.0,164.93,4,12.0
1788965045.0554602,serverless_reactive:cyclical:10,0.0,164.93,4,12.0
1788965045.257395,serverless_reactive:cyclical:10,0.0,164.93,4,12.0
1788965045.4592338,serverless_reactive:cyclical:10,0.0,164.93,4,12.0
1788965045.6610603,serverless_reactive:cyclical:10,0.0,164.93,4,12.0
1788965045.8629851,serverless_reactive:cyclical:10,0.0,164.93,4,12.0
1788965046.0655012,serverless_reactive:cyclical:10,0.0,164.93,4,12.0
1788965046.267633,serverless_reactive:cyclical:10,0.0,164.93,4,12.0
1788965046.4695542,serverless_reactive:cyclical:10,0.0,164.93,4,12.0
1788965046.671486,serverless_reactive:cyclical:10,0.0,164.93,4,12.0
1788965046.8733628,serverless_reactive:cyclical:10,0.0,164.93,4,12.0
1788965047.0752108,serverless_reactive:cyclical:10,0.0,164.93,4,12.0
1788965047.2774782,serverless_reactive:cyclical:10,4.9,164.93,4,12.0
1788965047.4794233,serverless_reactive:cyclical:10,5.0,164.93,4,12.0
1788965047.6813161,serverless_reactive:cyclical:10,0.0,164.93,4,12.0
1788965047.8831797,serverless_reactive:cyclical:10,0.0,164.93,4,12.0
1788965048.0850372,serverless_reactive:cyclical:10,0.0,164.93,4,12.0
1788965048.2869532,serverless_reactive:cyclical:10,0.0,164.93,4,12.0
1788965048.4887898,serverless_reactive:cyclical:10,0.0,164.93,4,12.0
1788965048.6910744,serverless_reactive:cyclical:10,4.9,164.95,4,12.0
1788965048.8931842,serverless_reactive:cyclical:10,4.9,164.95,4,12.0
1788965049.0966878,serverless_reactive:cyclical:10,0.0,164.95,4,12.0
1788965049.2986212,serverless_reactive:cyclical:10,0.0,164.95,4,12.0
1788965049.5005453,serverless_reactive:cyclical:10,0.0,164.95,4,12.0
1788965049.7025235,serverless_reactive:cyclical:10,0.0,164.95,4,12.0
1788965049.904494,serverless_reactive:cyclical:10,0.0,164.95,4,12.0
1788965050.1064491,serverless_reactive:cyclical:10,5.0,164.95,4,12.0
1788965050.3082955,serverless_reactive:cyclical:10,0.0,164.95,4,12.0
1788965050.5102248,serverless_reactive:cyclical:10,5.0,164.95,4,12.0
1788965050.712058,serverless_reactive:cyclical:10,0.0,164.95,4,12.0
1788965050.9140952,serverless_reactive:cyclical:10,0.0,164.95,4,12.0
1788965051.1159515,serverless_reactive:cyclical:10,5.0,164.95,4,12.0
1788965051.3178174,serverless_reactive:cyclical:10,0.0,164.95,4,12.0
1788965051.519593,serverless_reactive:cyclical:10,0.0,164.95,4,12.0
1788965051.721524,serverless_reactive:cyclical:10,0.0,164.95,4,12.0
1788965051.9232972,serverless_reactive:cyclical:10,0.0,164.95,4,12.0
1788965052.125219,serverless_reactive:cyclical:10,0.0,164.95,4,12.0
1788965052.3271725,serverless_reactive:cyclical:10,0.0,164.95,4,12.0
1788965052.5290523,serverless_reactive:cyclical:10,0.0,164.95,4,12.0
1788965052.730686,serverless_reactive:cyclical:10,5.0,164.95,4,12.0
1788965052.9325993,serverless_reactive:cyclical:10,0.0,164.95,4,12.0
1788965053.1344936,serverless_reactive:cyclical:10,0.0,164.95,4,12.0
1788965053.3364084,serverless_reactive:cyclical:10,0.0,164.95,4,12.0
1788965053.5383785,serverless_reactive:cyclical:10,0.0,164.95,4,12.0
1788965053.7402442,serverless_reactive:cyclical:10,0.0,164.95,4,12.0
1788965053.9424124,serverless_reactive:cyclical:10,0.0,164.95,4,12.0
1788965054.144382,serverless_reactive:cyclical:10,0.0,164.95,4,12.0
1788965054.3463054,serverless_reactive:cyclical:10,0.0,164.95,4,12.0
1788965054.548368,serverless_reactive:cyclical:10,0.0,164.95,4,12.0
1788965054.7503765,serverless_reactive:cyclical:10,5.0,164.95,4,12.0
1788965054.9522855,serverless_reactive:cyclical:10,0.0,164.95,4,12.0
1788965055.1543746,serverless_reactive:cyclical:10,0.0,164.95,4,12.0
1788965055.3563373,serverless_reactive:cyclical:10,0.0,164.95,4,12.0
1788965055.5582976,serverless_reactive:cyclical:10,0.0,164.95,4,12.0
1788965055.7601461,serverless_reactive:cyclical:10,0.0,164.95,4,12.0
1788965055.9621937,serverless_reactive:cyclical:10,0.0,164.95,4,12.0
1788965056.164121,serverless_reactive:cyclical:10,0.0,164.95,4,12.0
1788965056.3663483,serverless_reactive:cyclical:10,0.0,164.95,4,12.0
1788965056.568299,serverless_reactive:cyclical:10,0.0,164.95,4,12.0
1788965056.7702138,serverless_reactive:cyclical:10,5.0,164.95,4,12.0
1788965056.9723873,serverless_reactive:cyclical:10,9.8,164.96,4,12.0
1788965057.1744266,serverless_reactive:cyclical:10,0.0,164.96,4,12.0
1788965057.3763607,serverless_reactive:cyclical:10,0.0,164.96,4,12.0
1788965057.5784345,serverless_reactive:cyclical:10,0.0,164.96,4,12.0
1788965057.780615,serverless_reactive:cyclical:10,0.0,164.96,4,12.0
1788965057.9829855,serverless_reactive:cyclical:10,0.0,164.96,4,12.0
1788965058.1848643,serverless_reactive:cyclical:10,5.0,164.96,4,12.0
1788965058.3869507,serverless_reactive:cyclical:10,0.0,164.96,4,12.0
1788965058.588916,serverless_reactive:cyclical:10,0.0,164.96,4,12.0
1788965058.7908037,serverless_reactive:cyclical:10,0.0,164.96,4,12.0
1788965058.9926984,serverless_reactive:cyclical:10,0.0,164.96,4,12.0
1788965059.1946514,serverless_reactive:cyclical:10,0.0,164.96,4,12.0
1788965059.3965182,serverless_reactive:cyclical:10,0.0,164.96,4,12.0
1788965059.5983953,serverless_reactive:cyclical:10,0.0,164.96,4,12.0
1788965059.8003783,serverless_reactive:cyclical:10,5.0,164.96,4,12.0
1788965060.002229,serverless_reactive:cyclical:10,0.0,164.96,4,12.0
1788965060.2041209,serverless_reactive:cyclical:10,0.0,164.96,4,12.0
1788965060.4060688,serverless_reactive:cyclical:10,0.0,164.96,4,12.0
1788965060.608047,serverless_reactive:cyclical:10,0.0,164.96,4,12.0
1788965060.8099394,serverless_reactive:cyclical:10,0.0,164.96,4,12.0
1788965061.0120504,serverless_reactive:cyclical:10,4.9,164.96,4,12.0
1788965061.2139657,serverless_reactive:cyclical:10,0.0,164.96,4,12.0
1788965061.416061,serverless_reactive:cyclical:10,0.0,164.96,4,12.0
1788965061.618037,serverless_reactive:cyclical:10,0.0,164.96,4,12.0
1788965061.8200336,serverless_reactive:cyclical:10,0.0,164.96,4,12.0
1788965062.0220747,serverless_reactive:cyclical:10,0.0,164.96,4,12.0
1788965062.2239232,serverless_reactive:cyclical:10,0.0,164.96,4,12.0
1788965062.4271522,serverless_reactive:cyclical:10,0.0,164.96,4,12.0
1788965062.6289895,serverless_reactive:cyclical:10,0.0,164.96,4,12.0
1788965062.830945,serverless_reactive:cyclical:10,0.0,164.96,4,12.0
1788965063.0329905,serverless_reactive:cyclical:10,0.0,164.96,4,12.0
1788965063.2348785,serverless_reactive:cyclical:10,0.0,164.96,4,12.0
1788965063.4370472,serverless_reactive:cyclical:10,0.0,164.96,4,12.0
1788965063.63897,serverless_reactive:cyclical:10,5.0,164.96,4,12.0
1788965063.8409176,serverless_reactive:cyclical:10,0.0,164.96,4,12.0
1788965064.0428143,serverless_reactive:cyclical:10,5.0,164.96,4,12.0
1788965064.2448592,serverless_reactive:cyclical:10,0.0,164.96,4,12.0
1788965064.4470453,serverless_reactive:cyclical:10,0.0,164.96,4,12.0
1788965064.648923,serverless_reactive:cyclical:10,0.0,164.96,4,12.0
1788965064.850926,serverless_reactive:cyclical:10,0.0,164.96,4,12.0
1788965065.0528271,serverless_reactive:cyclical:10,5.0,164.96,4,12.0
1788965065.2548056,serverless_reactive:cyclical:10,0.0,164.96,4,12.0
1788965065.4568117,serverless_reactive:cyclical:10,0.0,164.96,4,12.0
1788965065.6587539,serverless_reactive:cyclical:10,0.0,164.96,4,12.0
1788965065.8608875,serverless_reactive:cyclical:10,0.0,164.96,4,12.0
1788965066.7909102,serverless_reactive:cyclical:11,0.0,36.64,1,12.0
1788965066.99273,serverless_reactive:cyclical:11,0.0,36.64,1,12.0
1788965067.1944559,serverless_reactive:cyclical:11,0.0,36.64,1,12.0
1788965067.3962214,serverless_reactive:cyclical:11,0.0,36.64,1,12.0
1788965067.5982444,serverless_reactive:cyclical:11,0.0,36.64,1,12.0
1788965067.8003469,serverless_reactive:cyclical:11,0.0,36.64,1,12.0
1788965068.0022178,serverless_reactive:cyclical:11,0.0,36.64,1,12.0
1788965068.20536,serverless_reactive:cyclical:11,0.0,36.64,1,12.0
1788965068.4070585,serverless_reactive:cyclical:11,0.0,36.64,1,12.0
1788965068.6092043,serverless_reactive:cyclical:11,0.0,36.64,1,12.0
1788965068.811465,serverless_reactive:cyclical:11,0.0,36.64,1,12.0
1788965069.0131812,serverless_reactive:cyclical:11,5.0,36.64,1,12.0
1788965069.214849,serverless_reactive:cyclical:11,0.0,36.64,1,12.0
1788965069.416548,serverless_reactive:cyclical:11,0.0,36.64,1,12.0
1788965069.6185815,serverless_reactive:cyclical:11,0.0,36.64,1,12.0
1788965069.838458,serverless_reactive:cyclical:11,0.0,36.64,1,12.0
1788965070.0401204,serverless_reactive:cyclical:11,0.0,36.64,1,12.0
1788965070.2418196,serverless_reactive:cyclical:11,0.0,36.64,1,12.0
1788965070.4434986,serverless_reactive:cyclical:11,0.0,36.64,1,12.0
1788965070.645195,serverless_reactive:cyclical:11,0.0,36.64,1,12.0
1788965070.8468752,serverless_reactive:cyclical:11,0.0,36.64,1,12.0
1788965071.0485132,serverless_reactive:cyclical:11,0.0,36.64,1,12.0
1788965071.2502348,serverless_reactive:cyclical:11,0.0,36.64,1,12.0
1788965071.451839,serverless_reactive:cyclical:11,0.0,36.64,1,12.0
1788965071.6535432,serverless_reactive:cyclical:11,0.0,36.64,1,12.0
1788965071.8552804,serverless_reactive:cyclical:11,0.0,36.64,1,12.0
1788965072.0569978,serverless_reactive:cyclical:11,0.0,36.64,1,12.0
1788965072.2584379,serverless_reactive:cyclical:11,0.0,36.64,1,12.0
1788965072.4604752,serverless_reactive:cyclical:11,0.0,36.64,1,12.0
1788965072.6622155,serverless_reactive:cyclical:11,0.0,36.64,1,12.0
1788965072.8639033,serverless_reactive:cyclical:11,0.0,36.64,1,12.0
1788965073.065636,serverless_reactive:cyclical:11,0.0,36.64,1,12.0
1788965073.2673109,serverless_reactive:cyclical:11,0.0,36.64,1,12.0
1788965073.469671,serverless_reactive:cyclical:11,0.0,36.64,1,12.0
1788965073.671321,serverless_reactive:cyclical:11,0.0,36.64,1,12.0
1788965073.8733852,serverless_reactive:cyclical:11,0.0,36.64,1,12.0
1788965074.0750139,serverless_reactive:cyclical:11,0.0,36.64,1,12.0
1788965074.2766705,serverless_reactive:cyclical:11,0.0,36.64,1,12.0
1788965074.4783735,serverless_reactive:cyclical:11,0.0,36.64,1,12.0
1788965074.68001,serverless_reactive:cyclical:11,0.0,36.64,1,12.0
1788965074.8819773,serverless_reactive:cyclical:11,0.0,36.64,1,12.0
1788965075.0837262,serverless_reactive:cyclical:11,0.0,36.64,1,12.0
1788965075.285401,serverless_reactive:cyclical:11,0.0,36.64,1,12.0
1788965075.4870906,serverless_reactive:cyclical:11,0.0,36.64,1,12.0
1788965075.6887214,serverless_reactive:cyclical:11,0.0,36.64,1,12.0
1788965075.8903944,serverless_reactive:cyclical:11,0.0,36.64,1,12.0
1788965076.0920055,serverless_reactive:cyclical:11,0.0,36.64,1,12.0
1788965076.294589,serverless_reactive:cyclical:11,4.9,83.5,4,12.0
1788965076.4962695,serverless_reactive:cyclical:11,198.4,137.22,4,12.0
1788965076.6981566,serverless_reactive:cyclical:11,198.2,153.32,4,12.0
1788965076.900098,serverless_reactive:cyclical:11,104.0,164.79,4,12.0
1788965077.101943,serverless_reactive:cyclical:11,0.0,164.79,4,12.0
1788965077.3038695,serverless_reactive:cyclical:11,5.0,164.79,4,12.0
1788965077.5058553,serverless_reactive:cyclical:11,0.0,164.79,4,12.0
1788965077.7076917,serverless_reactive:cyclical:11,5.0,164.79,4,12.0
1788965077.9096973,serverless_reactive:cyclical:11,5.0,164.79,4,12.0
1788965078.1115935,serverless_reactive:cyclical:11,0.0,164.79,4,12.0
1788965078.313776,serverless_reactive:cyclical:11,0.0,164.79,4,12.0
1788965078.515702,serverless_reactive:cyclical:11,0.0,164.79,4,12.0
1788965078.7178679,serverless_reactive:cyclical:11,0.0,164.79,4,12.0
1788965078.9198596,serverless_reactive:cyclical:11,0.0,164.79,4,12.0
1788965079.1218855,serverless_reactive:cyclical:11,0.0,164.79,4,12.0
1788965079.3238847,serverless_reactive:cyclical:11,0.0,164.79,4,12.0
1788965079.5258186,serverless_reactive:cyclical:11,0.0,164.79,4,12.0
1788965079.7277117,serverless_reactive:cyclical:11,0.0,164.79,4,12.0
1788965079.9297557,serverless_reactive:cyclical:11,0.0,164.79,4,12.0
1788965080.1316836,serverless_reactive:cyclical:11,0.0,164.79,4,12.0
1788965080.3336513,serverless_reactive:cyclical:11,0.0,164.79,4,12.0
1788965080.535535,serverless_reactive:cyclical:11,0.0,164.79,4,12.0
1788965080.7374327,serverless_reactive:cyclical:11,0.0,164.79,4,12.0
1788965080.9392855,serverless_reactive:cyclical:11,0.0,164.79,4,12.0
1788965081.1412644,serverless_reactive:cyclical:11,0.0,164.79,4,12.0
1788965081.3431473,serverless_reactive:cyclical:11,0.0,164.79,4,12.0
1788965081.5450416,serverless_reactive:cyclical:11,0.0,164.79,4,12.0
1788965081.7466424,serverless_reactive:cyclical:11,0.0,164.79,4,12.0
1788965081.9484076,serverless_reactive:cyclical:11,0.0,164.79,4,12.0
1788965082.1505744,serverless_reactive:cyclical:11,4.9,164.79,4,12.0
1788965082.353618,serverless_reactive:cyclical:11,0.0,164.79,4,12.0
1788965082.555627,serverless_reactive:cyclical:11,5.0,164.79,4,12.0
1788965082.757552,serverless_reactive:cyclical:11,5.0,164.79,4,12.0
1788965082.9600496,serverless_reactive:cyclical:11,0.0,164.79,4,12.0
1788965083.1620505,serverless_reactive:cyclical:11,0.0,164.79,4,12.0
1788965083.3639848,serverless_reactive:cyclical:11,0.0,164.79,4,12.0
1788965083.565933,serverless_reactive:cyclical:11,0.0,164.79,4,12.0
1788965083.7677698,serverless_reactive:cyclical:11,0.0,164.79,4,12.0
1788965083.9697113,serverless_reactive:cyclical:11,0.0,164.79,4,12.0
1788965084.1716702,serverless_reactive:cyclical:11,0.0,164.79,4,12.0
1788965084.3735614,serverless_reactive:cyclical:11,0.0,164.79,4,12.0
1788965084.5757356,serverless_reactive:cyclical:11,0.0,164.79,4,12.0
1788965084.777826,serverless_reactive:cyclical:11,0.0,164.79,4,12.0
1788965084.9797816,serverless_reactive:cyclical:11,0.0,164.79,4,12.0
1788965085.181463,serverless_reactive:cyclical:11,0.0,164.8,4,12.0
1788965085.383823,serverless_reactive:cyclical:11,9.8,164.8,4,12.0
1788965085.5857122,serverless_reactive:cyclical:11,0.0,164.8,4,12.0
1788965085.7875881,serverless_reactive:cyclical:11,5.0,164.8,4,12.0
1788965085.9895034,serverless_reactive:cyclical:11,5.0,164.8,4,12.0
1788965086.1913137,serverless_reactive:cyclical:11,0.0,164.8,4,12.0
1788965086.3930888,serverless_reactive:cyclical:11,0.0,164.8,4,12.0
1788965086.5949702,serverless_reactive:cyclical:11,0.0,164.8,4,12.0
1788965086.7967865,serverless_reactive:cyclical:11,0.0,164.8,4,12.0
1788965086.9987736,serverless_reactive:cyclical:11,0.0,164.8,4,12.0
1788965087.200651,serverless_reactive:cyclical:11,0.0,164.8,4,12.0
1788965087.40265,serverless_reactive:cyclical:11,0.0,164.8,4,12.0
1788965087.6051028,serverless_reactive:cyclical:11,0.0,164.8,4,12.0
1788965087.8070178,serverless_reactive:cyclical:11,0.0,164.8,4,12.0
1788965088.0088387,serverless_reactive:cyclical:11,0.0,164.8,4,12.0
1788965088.210656,serverless_reactive:cyclical:11,0.0,164.8,4,12.0
1788965088.4125102,serverless_reactive:cyclical:11,0.0,164.8,4,12.0
1788965088.614508,serverless_reactive:cyclical:11,0.0,164.8,4,12.0
1788965088.8164883,serverless_reactive:cyclical:11,0.0,164.8,4,12.0
1788965089.0185108,serverless_reactive:cyclical:11,0.0,164.8,4,12.0
1788965089.2218778,serverless_reactive:cyclical:11,0.0,164.8,4,12.0
1788965089.423674,serverless_reactive:cyclical:11,0.0,164.8,4,12.0
1788965089.6259587,serverless_reactive:cyclical:11,0.0,164.8,4,12.0
1788965089.8284996,serverless_reactive:cyclical:11,0.0,164.8,4,12.0
1788965090.030761,serverless_reactive:cyclical:11,4.9,164.8,4,12.0
1788965090.2328022,serverless_reactive:cyclical:11,0.0,164.8,4,12.0
1788965090.434675,serverless_reactive:cyclical:11,5.0,164.8,4,12.0
1788965090.6364708,serverless_reactive:cyclical:11,0.0,164.8,4,12.0
1788965090.8383985,serverless_reactive:cyclical:11,5.0,164.8,4,12.0
1788965091.0402384,serverless_reactive:cyclical:11,0.0,164.8,4,12.0
1788965091.2422602,serverless_reactive:cyclical:11,5.0,164.8,4,12.0
1788965091.4450605,serverless_reactive:cyclical:11,0.0,164.8,4,12.0
1788965091.6474414,serverless_reactive:cyclical:11,0.0,164.8,4,12.0
1788965091.8496087,serverless_reactive:cyclical:11,0.0,164.8,4,12.0
1788965092.0515049,serverless_reactive:cyclical:11,0.0,164.8,4,12.0
1788965092.2534564,serverless_reactive:cyclical:11,0.0,164.8,4,12.0
1788965092.4552574,serverless_reactive:cyclical:11,0.0,164.8,4,12.0
1788965092.6574638,serverless_reactive:cyclical:11,0.0,164.8,4,12.0
1788965092.8593998,serverless_reactive:cyclical:11,0.0,164.8,4,12.0
1788965093.0614886,serverless_reactive:cyclical:11,0.0,164.8,4,12.0
1788965093.264101,serverless_reactive:cyclical:11,0.0,164.8,4,12.0
1788965093.4661098,serverless_reactive:cyclical:11,0.0,164.8,4,12.0
1788965093.6681862,serverless_reactive:cyclical:11,0.0,164.8,4,12.0
1788965093.87009,serverless_reactive:cyclical:11,0.0,164.8,4,12.0
1788965094.071932,serverless_reactive:cyclical:11,0.0,164.8,4,12.0
1788965094.2743785,serverless_reactive:cyclical:11,0.0,164.8,4,12.0
1788965094.476232,serverless_reactive:cyclical:11,0.0,164.8,4,12.0
1788965094.6787064,serverless_reactive:cyclical:11,0.0,164.8,4,12.0
1788965094.8803487,serverless_reactive:cyclical:11,10.0,164.81,4,12.0
1788965095.0843298,serverless_reactive:cyclical:11,9.8,164.82,4,12.0
1788965095.2864673,serverless_reactive:cyclical:11,0.0,164.82,4,12.0
1788965095.4884057,serverless_reactive:cyclical:11,0.0,164.82,4,12.0
1788965095.690402,serverless_reactive:cyclical:11,0.0,164.82,4,12.0
1788965095.8922544,serverless_reactive:cyclical:11,0.0,164.82,4,12.0
1788965096.09456,serverless_reactive:cyclical:11,0.0,164.82,4,12.0
1788965096.2964916,serverless_reactive:cyclical:11,0.0,164.82,4,12.0
1788965096.498855,serverless_reactive:cyclical:11,0.0,164.82,4,12.0
1788965096.7007508,serverless_reactive:cyclical:11,0.0,164.82,4,12.0
1788965096.9026759,serverless_reactive:cyclical:11,0.0,164.82,4,12.0
1788965097.1045866,serverless_reactive:cyclical:11,0.0,164.82,4,12.0
1788965097.3066194,serverless_reactive:cyclical:11,0.0,164.82,4,12.0
1788965097.508579,serverless_reactive:cyclical:11,0.0,164.82,4,12.0
1788965097.7123766,serverless_reactive:cyclical:11,4.9,164.82,4,12.0
1788965097.9144688,serverless_reactive:cyclical:11,4.9,164.82,4,12.0
1788965098.1165824,serverless_reactive:cyclical:11,0.0,164.82,4,12.0
1788965098.3186615,serverless_reactive:cyclical:11,0.0,164.82,4,12.0
1788965098.5207398,serverless_reactive:cyclical:11,0.0,164.82,4,12.0
1788965098.723101,serverless_reactive:cyclical:11,4.9,164.82,4,12.0
1788965098.9280655,serverless_reactive:cyclical:11,0.0,164.82,4,12.0
1788965099.131173,serverless_reactive:cyclical:11,0.0,164.82,4,12.0
1788965099.3335013,serverless_reactive:cyclical:11,0.0,164.82,4,12.0
1788965099.535477,serverless_reactive:cyclical:11,0.0,164.82,4,12.0
1788965099.7374387,serverless_reactive:cyclical:11,0.0,164.82,4,12.0
1788965099.9537652,serverless_reactive:cyclical:11,0.0,164.82,4,12.0
1788965100.1559212,serverless_reactive:cyclical:11,0.0,164.82,4,12.0
1788965100.3580382,serverless_reactive:cyclical:11,0.0,164.82,4,12.0
1788965100.5601256,serverless_reactive:cyclical:11,0.0,164.82,4,12.0
1788965100.7621844,serverless_reactive:cyclical:11,0.0,164.82,4,12.0
1788965100.9643712,serverless_reactive:cyclical:11,0.0,164.82,4,12.0
1788965101.166478,serverless_reactive:cyclical:11,0.0,164.82,4,12.0
1788965101.3684232,serverless_reactive:cyclical:11,0.0,164.82,4,12.0
1788965101.5704174,serverless_reactive:cyclical:11,0.0,164.82,4,12.0
1788965101.7724948,serverless_reactive:cyclical:11,0.0,164.82,4,12.0
1788965101.9750545,serverless_reactive:cyclical:11,4.9,164.82,4,12.0
1788965102.1777263,serverless_reactive:cyclical:11,4.9,164.82,4,12.0
1788965102.3797076,serverless_reactive:cyclical:11,0.0,164.82,4,12.0
1788965102.5817187,serverless_reactive:cyclical:11,0.0,164.82,4,12.0
1788965102.783689,serverless_reactive:cyclical:11,0.0,164.82,4,12.0
1788965102.9856188,serverless_reactive:cyclical:11,0.0,164.82,4,12.0
1788965103.187498,serverless_reactive:cyclical:11,0.0,164.82,4,12.0
1788965103.3906095,serverless_reactive:cyclical:11,0.0,164.82,4,12.0
1788965103.594016,serverless_reactive:cyclical:11,4.9,164.82,4,12.0
1788965103.7958984,serverless_reactive:cyclical:11,5.0,164.82,4,12.0
1788965103.9979947,serverless_reactive:cyclical:11,0.0,164.82,4,12.0
1788965104.1998606,serverless_reactive:cyclical:11,0.0,164.82,4,12.0
1788965104.4018378,serverless_reactive:cyclical:11,0.0,164.82,4,12.0
1788965104.603706,serverless_reactive:cyclical:11,0.0,164.82,4,12.0
1788965104.8062835,serverless_reactive:cyclical:11,4.9,164.83,4,12.0
1788965105.008128,serverless_reactive:cyclical:11,0.0,164.83,4,12.0
1788965105.2102816,serverless_reactive:cyclical:11,0.0,164.83,4,12.0
1788965105.4124224,serverless_reactive:cyclical:11,4.9,164.83,4,12.0
1788965105.6143925,serverless_reactive:cyclical:11,0.0,164.83,4,12.0
1788965105.8164172,serverless_reactive:cyclical:11,0.0,164.83,4,12.0
1788965106.0186243,serverless_reactive:cyclical:11,0.0,164.83,4,12.0
1788965106.2208529,serverless_reactive:cyclical:11,0.0,164.83,4,12.0
1788965106.42276,serverless_reactive:cyclical:11,5.0,164.83,4,12.0
1788965106.6248772,serverless_reactive:cyclical:11,0.0,164.83,4,12.0
1788965106.8268633,serverless_reactive:cyclical:11,0.0,164.83,4,12.0
1788965107.0288396,serverless_reactive:cyclical:11,0.0,164.83,4,12.0
1788965107.2307386,serverless_reactive:cyclical:11,5.0,164.83,4,12.0
1788965107.4325635,serverless_reactive:cyclical:11,0.0,164.83,4,12.0
1788965107.6345065,serverless_reactive:cyclical:11,0.0,164.83,4,12.0
1788965107.8363628,serverless_reactive:cyclical:11,0.0,164.83,4,12.0
1788965108.0383127,serverless_reactive:cyclical:11,0.0,164.83,4,12.0
1788965108.240212,serverless_reactive:cyclical:11,0.0,164.83,4,12.0
1788965108.4422338,serverless_reactive:cyclical:11,0.0,164.83,4,12.0
1788965108.6444478,serverless_reactive:cyclical:11,0.0,164.83,4,12.0
1788965108.8464353,serverless_reactive:cyclical:11,0.0,164.83,4,12.0
1788965109.0483594,serverless_reactive:cyclical:11,0.0,164.83,4,12.0
1788965109.2505019,serverless_reactive:cyclical:11,0.0,164.83,4,12.0
1788965109.4525034,serverless_reactive:cyclical:11,0.0,164.83,4,12.0
1788965109.6544118,serverless_reactive:cyclical:11,0.0,164.83,4,12.0
1788965109.8563979,serverless_reactive:cyclical:11,5.0,164.83,4,12.0
1788965110.058524,serverless_reactive:cyclical:11,0.0,164.83,4,12.0
1788965110.2606003,serverless_reactive:cyclical:11,0.0,164.83,4,12.0
1788965110.4628713,serverless_reactive:cyclical:11,0.0,164.83,4,12.0
1788965110.6647542,serverless_reactive:cyclical:11,0.0,164.83,4,12.0
1788965110.8666024,serverless_reactive:cyclical:11,0.0,164.83,4,12.0
1788965111.0684972,serverless_reactive:cyclical:11,0.0,164.83,4,12.0
1788965111.2714348,serverless_reactive:cyclical:11,0.0,164.83,4,12.0
1788965111.4735398,serverless_reactive:cyclical:11,0.0,164.83,4,12.0
1788965111.67534,serverless_reactive:cyclical:11,0.0,164.83,4,12.0
1788965111.877285,serverless_reactive:cyclical:11,0.0,164.83,4,12.0
1788965112.079321,serverless_reactive:cyclical:11,4.9,164.83,4,12.0
1788965112.281229,serverless_reactive:cyclical:11,5.0,164.83,4,12.0
1788965112.4830484,serverless_reactive:cyclical:11,0.0,164.83,4,12.0
1788965112.6852443,serverless_reactive:cyclical:11,0.0,164.83,4,12.0
1788965112.8882756,serverless_reactive:cyclical:11,0.0,164.83,4,12.0
1788965113.0904646,serverless_reactive:cyclical:11,0.0,164.83,4,12.0
1788965113.2928772,serverless_reactive:cyclical:11,0.0,164.83,4,12.0
1788965113.4951108,serverless_reactive:cyclical:11,0.0,164.83,4,12.0
1788965113.6972775,serverless_reactive:cyclical:11,0.0,164.83,4,12.0
1788965113.8992689,serverless_reactive:cyclical:11,0.0,164.83,4,12.0
1788965114.1015117,serverless_reactive:cyclical:11,0.0,164.83,4,12.0
1788965114.3034742,serverless_reactive:cyclical:11,0.0,164.83,4,12.0
1788965115.2812872,serverless_reactive:cyclical:12,0.0,36.59,1,12.0
1788965115.4829996,serverless_reactive:cyclical:12,0.0,36.59,1,12.0
1788965115.6851974,serverless_reactive:cyclical:12,0.0,36.59,1,12.0
1788965115.8868923,serverless_reactive:cyclical:12,0.0,36.59,1,12.0
1788965116.0887253,serverless_reactive:cyclical:12,0.0,36.59,1,12.0
1788965116.2906866,serverless_reactive:cyclical:12,0.0,36.59,1,12.0
1788965116.492648,serverless_reactive:cyclical:12,0.0,36.59,1,12.0
1788965116.6946673,serverless_reactive:cyclical:12,0.0,36.59,1,12.0
1788965116.8967946,serverless_reactive:cyclical:12,0.0,36.59,1,12.0
1788965117.098721,serverless_reactive:cyclical:12,0.0,36.59,1,12.0
1788965117.3006926,serverless_reactive:cyclical:12,0.0,36.59,1,12.0
1788965117.5028946,serverless_reactive:cyclical:12,0.0,36.59,1,12.0
1788965117.704669,serverless_reactive:cyclical:12,0.0,36.59,1,12.0
1788965117.906618,serverless_reactive:cyclical:12,0.0,36.59,1,12.0
1788965118.1085026,serverless_reactive:cyclical:12,0.0,36.59,1,12.0
1788965118.310666,serverless_reactive:cyclical:12,0.0,36.59,1,12.0
1788965118.5124426,serverless_reactive:cyclical:12,0.0,36.59,1,12.0
1788965118.7147117,serverless_reactive:cyclical:12,0.0,36.59,1,12.0
1788965118.9165194,serverless_reactive:cyclical:12,0.0,36.59,1,12.0
1788965119.1184537,serverless_reactive:cyclical:12,0.0,36.59,1,12.0
1788965119.3202655,serverless_reactive:cyclical:12,0.0,36.59,1,12.0
1788965119.522805,serverless_reactive:cyclical:12,0.0,36.59,1,12.0
1788965119.7247481,serverless_reactive:cyclical:12,0.0,36.59,1,12.0
1788965119.927453,serverless_reactive:cyclical:12,0.0,36.59,1,12.0
1788965120.1296568,serverless_reactive:cyclical:12,0.0,36.59,1,12.0
1788965120.3315332,serverless_reactive:cyclical:12,0.0,36.59,1,12.0
1788965120.5335126,serverless_reactive:cyclical:12,0.0,36.59,1,12.0
1788965120.7360249,serverless_reactive:cyclical:12,0.0,36.59,1,12.0
1788965120.9380193,serverless_reactive:cyclical:12,0.0,36.59,1,12.0
1788965121.1397536,serverless_reactive:cyclical:12,0.0,36.59,1,12.0
1788965121.3416278,serverless_reactive:cyclical:12,0.0,36.59,1,12.0
1788965121.543649,serverless_reactive:cyclical:12,0.0,36.59,1,12.0
1788965121.745586,serverless_reactive:cyclical:12,0.0,36.59,1,12.0
1788965121.9477088,serverless_reactive:cyclical:12,0.0,36.59,1,12.0
1788965122.1494532,serverless_reactive:cyclical:12,0.0,36.59,1,12.0
1788965122.3510904,serverless_reactive:cyclical:12,0.0,36.59,1,12.0
1788965122.5527952,serverless_reactive:cyclical:12,0.0,36.59,1,12.0
1788965122.7543893,serverless_reactive:cyclical:12,0.0,36.59,1,12.0
1788965122.9562323,serverless_reactive:cyclical:12,0.0,36.59,1,12.0
1788965123.1579864,serverless_reactive:cyclical:12,5.0,36.59,1,12.0
1788965123.361602,serverless_reactive:cyclical:12,0.0,75.46,4,12.0
1788965123.5667875,serverless_reactive:cyclical:12,199.8,127.35,4,12.0
1788965123.7717683,serverless_reactive:cyclical:12,190.3,150.98,4,12.0
1788965123.9738412,serverless_reactive:cyclical:12,183.0,164.35,4,12.0
1788965124.1773124,serverless_reactive:cyclical:12,0.0,164.63,4,12.0
1788965124.379421,serverless_reactive:cyclical:12,0.0,164.63,4,12.0
1788965124.5822756,serverless_reactive:cyclical:12,0.0,164.63,4,12.0
1788965124.7842286,serverless_reactive:cyclical:12,5.0,164.63,4,12.0
1788965124.9862518,serverless_reactive:cyclical:12,4.9,164.63,4,12.0
1788965125.1883078,serverless_reactive:cyclical:12,0.0,164.63,4,12.0
1788965125.3912916,serverless_reactive:cyclical:12,0.0,164.63,4,12.0
1788965125.5932953,serverless_reactive:cyclical:12,0.0,164.63,4,12.0
1788965125.795214,serverless_reactive:cyclical:12,5.0,164.63,4,12.0
1788965125.9973233,serverless_reactive:cyclical:12,0.0,164.63,4,12.0
1788965126.199327,serverless_reactive:cyclical:12,5.0,164.63,4,12.0
1788965126.4012794,serverless_reactive:cyclical:12,0.0,164.63,4,12.0
1788965126.6033173,serverless_reactive:cyclical:12,0.0,164.63,4,12.0
1788965126.8053703,serverless_reactive:cyclical:12,0.0,164.63,4,12.0
1788965127.007469,serverless_reactive:cyclical:12,0.0,164.63,4,12.0
1788965127.2095728,serverless_reactive:cyclical:12,0.0,164.63,4,12.0
1788965127.4114468,serverless_reactive:cyclical:12,0.0,164.63,4,12.0
1788965127.6145415,serverless_reactive:cyclical:12,0.0,164.63,4,12.0
1788965127.816678,serverless_reactive:cyclical:12,0.0,164.63,4,12.0
1788965128.0187042,serverless_reactive:cyclical:12,0.0,164.63,4,12.0
1788965128.2217705,serverless_reactive:cyclical:12,0.0,164.63,4,12.0
1788965128.4240618,serverless_reactive:cyclical:12,0.0,164.63,4,12.0
1788965128.6268299,serverless_reactive:cyclical:12,0.0,164.63,4,12.0
1788965128.8293993,serverless_reactive:cyclical:12,0.0,164.63,4,12.0
1788965129.0313518,serverless_reactive:cyclical:12,5.0,164.64,4,12.0
1788965129.2335048,serverless_reactive:cyclical:12,0.0,164.64,4,12.0
1788965129.4356382,serverless_reactive:cyclical:12,0.0,164.64,4,12.0
1788965129.637994,serverless_reactive:cyclical:12,0.0,164.64,4,12.0
1788965129.840083,serverless_reactive:cyclical:12,4.9,164.64,4,12.0
1788965130.0421793,serverless_reactive:cyclical:12,0.0,164.64,4,12.0
1788965130.2441049,serverless_reactive:cyclical:12,0.0,164.64,4,12.0
1788965130.4462013,serverless_reactive:cyclical:12,0.0,164.64,4,12.0
1788965130.6486483,serverless_reactive:cyclical:12,0.0,164.64,4,12.0
1788965130.8509884,serverless_reactive:cyclical:12,0.0,164.64,4,12.0
1788965131.0543652,serverless_reactive:cyclical:12,4.9,164.64,4,12.0
1788965131.2564282,serverless_reactive:cyclical:12,0.0,164.64,4,12.0
1788965131.4596827,serverless_reactive:cyclical:12,0.0,164.64,4,12.0
1788965131.6619127,serverless_reactive:cyclical:12,0.0,164.64,4,12.0
1788965131.8641891,serverless_reactive:cyclical:12,0.0,164.64,4,12.0
1788965132.0663743,serverless_reactive:cyclical:12,0.0,164.64,4,12.0
1788965132.268526,serverless_reactive:cyclical:12,0.0,164.64,4,12.0
1788965132.4713004,serverless_reactive:cyclical:12,0.0,164.64,4,12.0
1788965132.6732736,serverless_reactive:cyclical:12,0.0,164.64,4,12.0
1788965132.8752656,serverless_reactive:cyclical:12,0.0,164.64,4,12.0
1788965133.0773175,serverless_reactive:cyclical:12,0.0,164.64,4,12.0
1788965133.2792852,serverless_reactive:cyclical:12,0.0,164.64,4,12.0
1788965133.480955,serverless_reactive:cyclical:12,0.0,164.64,4,12.0
1788965133.6828732,serverless_reactive:cyclical:12,5.0,164.64,4,12.0
1788965133.8846989,serverless_reactive:cyclical:12,0.0,164.64,4,12.0
1788965134.0873575,serverless_reactive:cyclical:12,9.8,164.66,4,12.0
1788965134.2893014,serverless_reactive:cyclical:12,5.0,164.66,4,12.0
1788965134.4911497,serverless_reactive:cyclical:12,0.0,164.66,4,12.0
1788965134.694005,serverless_reactive:cyclical:12,0.0,164.66,4,12.0
1788965134.896334,serverless_reactive:cyclical:12,0.0,164.66,4,12.0
1788965135.098301,serverless_reactive:cyclical:12,0.0,164.66,4,12.0
1788965135.300246,serverless_reactive:cyclical:12,0.0,164.66,4,12.0
1788965135.5025666,serverless_reactive:cyclical:12,0.0,164.66,4,12.0
1788965135.7045372,serverless_reactive:cyclical:12,0.0,164.66,4,12.0
1788965135.9074786,serverless_reactive:cyclical:12,0.0,164.66,4,12.0
1788965136.1095285,serverless_reactive:cyclical:12,4.9,164.66,4,12.0
1788965136.3113976,serverless_reactive:cyclical:12,0.0,164.66,4,12.0
1788965136.5134037,serverless_reactive:cyclical:12,5.0,164.66,4,12.0
1788965136.715453,serverless_reactive:cyclical:12,0.0,164.66,4,12.0
1788965136.9173806,serverless_reactive:cyclical:12,5.0,164.66,4,12.0
1788965137.1193345,serverless_reactive:cyclical:12,0.0,164.66,4,12.0
1788965137.3215356,serverless_reactive:cyclical:12,0.0,164.66,4,12.0
1788965137.5234065,serverless_reactive:cyclical:12,0.0,164.66,4,12.0
1788965137.7254043,serverless_reactive:cyclical:12,0.0,164.66,4,12.0
1788965137.9285035,serverless_reactive:cyclical:12,0.0,164.66,4,12.0
1788965138.1305351,serverless_reactive:cyclical:12,0.0,164.66,4,12.0
1788965138.332503,serverless_reactive:cyclical:12,0.0,164.66,4,12.0
1788965138.5345426,serverless_reactive:cyclical:12,0.0,164.66,4,12.0
1788965138.737258,serverless_reactive:cyclical:12,0.0,164.66,4,12.0
1788965138.9392397,serverless_reactive:cyclical:12,0.0,164.66,4,12.0
1788965139.1415808,serverless_reactive:cyclical:12,4.9,164.66,4,12.0
1788965139.3435266,serverless_reactive:cyclical:12,0.0,164.66,4,12.0
1788965139.5454965,serverless_reactive:cyclical:12,0.0,164.66,4,12.0
1788965139.7474022,serverless_reactive:cyclical:12,0.0,164.66,4,12.0
1788965139.9494495,serverless_reactive:cyclical:12,0.0,164.66,4,12.0
1788965140.1514018,serverless_reactive:cyclical:12,0.0,164.66,4,12.0
1788965140.3533895,serverless_reactive:cyclical:12,0.0,164.66,4,12.0
1788965140.5563123,serverless_reactive:cyclical:12,0.0,164.66,4,12.0
1788965140.7583766,serverless_reactive:cyclical:12,0.0,164.66,4,12.0
1788965140.960551,serverless_reactive:cyclical:12,4.9,164.66,4,12.0
1788965141.1628861,serverless_reactive:cyclical:12,0.0,164.66,4,12.0
1788965141.364879,serverless_reactive:cyclical:12,0.0,164.66,4,12.0
1788965141.566907,serverless_reactive:cyclical:12,0.0,164.66,4,12.0
1788965141.7689242,serverless_reactive:cyclical:12,0.0,164.66,4,12.0
1788965141.970933,serverless_reactive:cyclical:12,5.0,164.66,4,12.0
1788965142.1728811,serverless_reactive:cyclical:12,0.0,164.66,4,12.0
1788965142.3748937,serverless_reactive:cyclical:12,0.0,164.66,4,12.0
1788965142.5769947,serverless_reactive:cyclical:12,0.0,164.66,4,12.0
1788965142.7788785,serverless_reactive:cyclical:12,5.0,164.66,4,12.0
1788965142.9808626,serverless_reactive:cyclical:12,0.0,164.66,4,12.0
1788965143.1828716,serverless_reactive:cyclical:12,0.0,164.66,4,12.0
1788965143.3849251,serverless_reactive:cyclical:12,0.0,164.66,4,12.0
1788965143.5872474,serverless_reactive:cyclical:12,0.0,164.66,4,12.0
1788965143.7892785,serverless_reactive:cyclical:12,4.9,164.66,4,12.0
1788965143.991344,serverless_reactive:cyclical:12,0.0,164.66,4,12.0
1788965144.1935327,serverless_reactive:cyclical:12,0.0,164.66,4,12.0
1788965144.3954835,serverless_reactive:cyclical:12,5.0,164.66,4,12.0
1788965144.597501,serverless_reactive:cyclical:12,0.0,164.66,4,12.0
1788965144.7997603,serverless_reactive:cyclical:12,0.0,164.66,4,12.0
1788965145.0017889,serverless_reactive:cyclical:12,4.9,164.66,4,12.0
1788965145.2038708,serverless_reactive:cyclical:12,0.0,164.66,4,12.0
1788965145.4059913,serverless_reactive:cyclical:12,0.0,164.66,4,12.0
1788965145.6080472,serverless_reactive:cyclical:12,0.0,164.66,4,12.0
1788965145.810179,serverless_reactive:cyclical:12,0.0,164.66,4,12.0
1788965146.0128698,serverless_reactive:cyclical:12,0.0,164.66,4,12.0
1788965146.2150414,serverless_reactive:cyclical:12,0.0,164.66,4,12.0
1788965146.4170973,serverless_reactive:cyclical:12,0.0,164.66,4,12.0
1788965146.619203,serverless_reactive:cyclical:12,0.0,164.66,4,12.0
1788965146.8212898,serverless_reactive:cyclical:12,0.0,164.66,4,12.0
1788965147.0234597,serverless_reactive:cyclical:12,0.0,164.66,4,12.0
1788965147.2255487,serverless_reactive:cyclical:12,0.0,164.66,4,12.0
1788965147.4274106,serverless_reactive:cyclical:12,0.0,164.66,4,12.0
1788965147.6294687,serverless_reactive:cyclical:12,0.0,164.66,4,12.0
1788965147.8314238,serverless_reactive:cyclical:12,0.0,164.66,4,12.0
1788965148.0333998,serverless_reactive:cyclical:12,0.0,164.66,4,12.0
1788965148.235389,serverless_reactive:cyclical:12,0.0,164.66,4,12.0
1788965148.4372883,serverless_reactive:cyclical:12,0.0,164.66,4,12.0
1788965148.6391752,serverless_reactive:cyclical:12,5.0,164.66,4,12.0
1788965148.841082,serverless_reactive:cyclical:12,0.0,164.66,4,12.0
1788965149.043945,serverless_reactive:cyclical:12,0.0,164.66,4,12.0
1788965149.2461064,serverless_reactive:cyclical:12,0.0,164.66,4,12.0
1788965149.447992,serverless_reactive:cyclical:12,0.0,164.66,4,12.0
1788965149.6502101,serverless_reactive:cyclical:12,0.0,164.66,4,12.0
1788965149.852321,serverless_reactive:cyclical:12,9.8,164.66,4,12.0
1788965150.0543883,serverless_reactive:cyclical:12,0.0,164.66,4,12.0
1788965150.2565575,serverless_reactive:cyclical:12,4.9,164.66,4,12.0
1788965150.4587712,serverless_reactive:cyclical:12,0.0,164.66,4,12.0
1788965150.661008,serverless_reactive:cyclical:12,4.9,164.66,4,12.0
1788965150.8634164,serverless_reactive:cyclical:12,0.0,164.66,4,12.0
1788965151.065947,serverless_reactive:cyclical:12,0.0,164.66,4,12.0
1788965151.26801,serverless_reactive:cyclical:12,0.0,164.66,4,12.0
1788965151.4705548,serverless_reactive:cyclical:12,0.0,164.66,4,12.0
1788965151.67273,serverless_reactive:cyclical:12,0.0,164.66,4,12.0
1788965151.8749497,serverless_reactive:cyclical:12,0.0,164.66,4,12.0
1788965152.0776854,serverless_reactive:cyclical:12,9.8,164.68,4,12.0
1788965152.2796602,serverless_reactive:cyclical:12,0.0,164.68,4,12.0
1788965152.481549,serverless_reactive:cyclical:12,0.0,164.68,4,12.0
1788965152.6835282,serverless_reactive:cyclical:12,0.0,164.68,4,12.0
1788965152.8854818,serverless_reactive:cyclical:12,0.0,164.68,4,12.0
1788965153.0879383,serverless_reactive:cyclical:12,0.0,164.68,4,12.0
1788965153.290207,serverless_reactive:cyclical:12,0.0,164.68,4,12.0
1788965153.4921043,serverless_reactive:cyclical:12,0.0,164.68,4,12.0
1788965153.6949005,serverless_reactive:cyclical:12,4.9,164.68,4,12.0
1788965153.8970792,serverless_reactive:cyclical:12,0.0,164.68,4,12.0
1788965154.0990279,serverless_reactive:cyclical:12,0.0,164.68,4,12.0
1788965154.3010576,serverless_reactive:cyclical:12,0.0,164.68,4,12.0
1788965154.5029812,serverless_reactive:cyclical:12,5.0,164.68,4,12.0
1788965154.7055738,serverless_reactive:cyclical:12,0.0,164.68,4,12.0
1788965154.9074452,serverless_reactive:cyclical:12,5.0,164.68,4,12.0
1788965155.109377,serverless_reactive:cyclical:12,0.0,164.68,4,12.0
1788965155.3118153,serverless_reactive:cyclical:12,0.0,164.68,4,12.0
1788965155.5139422,serverless_reactive:cyclical:12,0.0,164.68,4,12.0
1788965155.7159278,serverless_reactive:cyclical:12,5.0,164.68,4,12.0
1788965155.9184313,serverless_reactive:cyclical:12,0.0,164.68,4,12.0
1788965156.1202264,serverless_reactive:cyclical:12,0.0,164.68,4,12.0
1788965156.3229935,serverless_reactive:cyclical:12,0.0,164.68,4,12.0
1788965156.5250173,serverless_reactive:cyclical:12,0.0,164.68,4,12.0
1788965156.726894,serverless_reactive:cyclical:12,0.0,164.68,4,12.0
1788965156.9288619,serverless_reactive:cyclical:12,0.0,164.68,4,12.0
1788965157.1307151,serverless_reactive:cyclical:12,0.0,164.68,4,12.0
1788965157.3328104,serverless_reactive:cyclical:12,0.0,164.68,4,12.0
1788965157.5348408,serverless_reactive:cyclical:12,0.0,164.68,4,12.0
1788965157.7367098,serverless_reactive:cyclical:12,0.0,164.68,4,12.0
1788965157.9386687,serverless_reactive:cyclical:12,0.0,164.68,4,12.0
1788965158.14134,serverless_reactive:cyclical:12,0.0,164.68,4,12.0
1788965158.3431933,serverless_reactive:cyclical:12,0.0,164.68,4,12.0
1788965158.5454395,serverless_reactive:cyclical:12,0.0,164.68,4,12.0
1788965158.7473166,serverless_reactive:cyclical:12,0.0,164.68,4,12.0
1788965158.9494061,serverless_reactive:cyclical:12,0.0,164.68,4,12.0
1788965159.151278,serverless_reactive:cyclical:12,0.0,164.68,4,12.0
1788965159.35321,serverless_reactive:cyclical:12,0.0,164.68,4,12.0
1788965159.5551772,serverless_reactive:cyclical:12,0.0,164.68,4,12.0
1788965159.7603462,serverless_reactive:cyclical:12,4.9,164.68,4,12.0
1788965159.9623668,serverless_reactive:cyclical:12,0.0,164.68,4,12.0
1788965160.1642373,serverless_reactive:cyclical:12,5.0,164.68,4,12.0
1788965160.3661354,serverless_reactive:cyclical:12,10.0,164.68,4,12.0
1788965161.200629,serverless_reactive:cyclical:13,0.0,36.7,1,12.0
1788965161.4023092,serverless_reactive:cyclical:13,0.0,36.7,1,12.0
1788965161.6040292,serverless_reactive:cyclical:13,0.0,36.7,1,12.0
1788965161.806582,serverless_reactive:cyclical:13,0.0,36.7,1,12.0
1788965162.0086927,serverless_reactive:cyclical:13,0.0,36.7,1,12.0
1788965162.2105727,serverless_reactive:cyclical:13,0.0,36.7,1,12.0
1788965162.4123254,serverless_reactive:cyclical:13,0.0,36.7,1,12.0
1788965162.6139598,serverless_reactive:cyclical:13,0.0,36.7,1,12.0
1788965162.8231556,serverless_reactive:cyclical:13,0.0,36.7,1,12.0
1788965163.0281198,serverless_reactive:cyclical:13,0.0,36.7,1,12.0
1788965163.2304695,serverless_reactive:cyclical:13,0.0,36.7,1,12.0
1788965163.4329824,serverless_reactive:cyclical:13,0.0,36.7,1,12.0
1788965163.6346977,serverless_reactive:cyclical:13,0.0,36.7,1,12.0
1788965163.8363702,serverless_reactive:cyclical:13,0.0,36.7,1,12.0
1788965164.0412705,serverless_reactive:cyclical:13,0.0,36.7,1,12.0
1788965164.242961,serverless_reactive:cyclical:13,0.0,36.7,1,12.0
1788965164.4446828,serverless_reactive:cyclical:13,0.0,36.7,1,12.0
1788965164.6464918,serverless_reactive:cyclical:13,0.0,36.7,1,12.0
1788965164.8484879,serverless_reactive:cyclical:13,0.0,36.7,1,12.0
1788965165.050269,serverless_reactive:cyclical:13,0.0,36.7,1,12.0
1788965165.2518568,serverless_reactive:cyclical:13,0.0,36.7,1,12.0
1788965165.4535737,serverless_reactive:cyclical:13,0.0,36.7,1,12.0
1788965165.655485,serverless_reactive:cyclical:13,0.0,36.7,1,12.0
1788965165.8579705,serverless_reactive:cyclical:13,0.0,36.7,1,12.0
1788965166.0607157,serverless_reactive:cyclical:13,0.0,36.7,1,12.0
1788965166.2630258,serverless_reactive:cyclical:13,0.0,36.7,1,12.0
1788965166.465537,serverless_reactive:cyclical:13,0.0,36.7,1,12.0
1788965166.6680942,serverless_reactive:cyclical:13,0.0,36.7,1,12.0
1788965166.8698013,serverless_reactive:cyclical:13,0.0,36.7,1,12.0
1788965167.0714977,serverless_reactive:cyclical:13,0.0,36.7,1,12.0
1788965167.2733264,serverless_reactive:cyclical:13,0.0,36.7,1,12.0
1788965167.4748926,serverless_reactive:cyclical:13,0.0,36.7,1,12.0
1788965167.6764812,serverless_reactive:cyclical:13,0.0,36.7,1,12.0
1788965167.8801818,serverless_reactive:cyclical:13,0.0,36.7,1,12.0
1788965168.0820894,serverless_reactive:cyclical:13,0.0,36.7,1,12.0
1788965168.2841897,serverless_reactive:cyclical:13,4.9,36.7,1,12.0
1788965168.4860015,serverless_reactive:cyclical:13,0.0,36.7,1,12.0
1788965168.6876566,serverless_reactive:cyclical:13,0.0,36.7,1,12.0
1788965168.8893254,serverless_reactive:cyclical:13,0.0,36.7,1,12.0
1788965169.0914285,serverless_reactive:cyclical:13,0.0,36.7,1,12.0
1788965169.2932868,serverless_reactive:cyclical:13,0.0,36.7,1,12.0
1788965169.4951406,serverless_reactive:cyclical:13,0.0,36.7,1,12.0
1788965169.6968625,serverless_reactive:cyclical:13,0.0,36.7,1,12.0
1788965169.8987572,serverless_reactive:cyclical:13,0.0,36.7,1,12.0
1788965170.1009448,serverless_reactive:cyclical:13,4.9,108.45,4,12.0
1788965170.302689,serverless_reactive:cyclical:13,198.4,140.29,4,12.0
1788965170.504749,serverless_reactive:cyclical:13,197.9,157.08,4,12.0
1788965170.707588,serverless_reactive:cyclical:13,73.9,164.83,4,12.0
1788965170.9095652,serverless_reactive:cyclical:13,0.0,164.83,4,12.0
1788965171.111511,serverless_reactive:cyclical:13,0.0,164.83,4,12.0
1788965171.3135028,serverless_reactive:cyclical:13,0.0,164.83,4,12.0
1788965171.5154686,serverless_reactive:cyclical:13,0.0,164.83,4,12.0
1788965171.717562,serverless_reactive:cyclical:13,0.0,164.83,4,12.0
1788965171.9194808,serverless_reactive:cyclical:13,0.0,164.83,4,12.0
1788965172.1215656,serverless_reactive:cyclical:13,4.9,164.83,4,12.0
1788965172.3234737,serverless_reactive:cyclical:13,0.0,164.83,4,12.0
1788965172.5254362,serverless_reactive:cyclical:13,0.0,164.83,4,12.0
1788965172.7274227,serverless_reactive:cyclical:13,0.0,164.83,4,12.0
1788965172.9293597,serverless_reactive:cyclical:13,0.0,164.83,4,12.0
1788965173.1311693,serverless_reactive:cyclical:13,0.0,164.83,4,12.0
1788965173.3330488,serverless_reactive:cyclical:13,0.0,164.83,4,12.0
1788965173.5347555,serverless_reactive:cyclical:13,0.0,164.83,4,12.0
1788965173.7367055,serverless_reactive:cyclical:13,0.0,164.83,4,12.0
1788965173.9386957,serverless_reactive:cyclical:13,0.0,164.83,4,12.0
1788965174.1404896,serverless_reactive:cyclical:13,0.0,164.83,4,12.0
1788965174.34246,serverless_reactive:cyclical:13,0.0,164.83,4,12.0
1788965174.544223,serverless_reactive:cyclical:13,0.0,164.83,4,12.0
1788965174.746057,serverless_reactive:cyclical:13,0.0,164.83,4,12.0
1788965174.9479523,serverless_reactive:cyclical:13,0.0,164.83,4,12.0
1788965175.1498744,serverless_reactive:cyclical:13,5.0,164.83,4,12.0
1788965175.3518245,serverless_reactive:cyclical:13,0.0,164.83,4,12.0
1788965175.5537534,serverless_reactive:cyclical:13,0.0,164.83,4,12.0
1788965175.7557914,serverless_reactive:cyclical:13,0.0,164.84,4,12.0
1788965175.9578483,serverless_reactive:cyclical:13,4.9,164.84,4,12.0
1788965176.1597645,serverless_reactive:cyclical:13,0.0,164.84,4,12.0
1788965176.3620663,serverless_reactive:cyclical:13,4.9,164.84,4,12.0
1788965176.563854,serverless_reactive:cyclical:13,5.0,164.84,4,12.0
1788965176.7657347,serverless_reactive:cyclical:13,0.0,164.84,4,12.0
1788965176.967689,serverless_reactive:cyclical:13,0.0,164.84,4,12.0
1788965177.1696405,serverless_reactive:cyclical:13,0.0,164.84,4,12.0
1788965177.3716593,serverless_reactive:cyclical:13,0.0,164.84,4,12.0
1788965177.5735846,serverless_reactive:cyclical:13,5.0,164.84,4,12.0
1788965177.7753916,serverless_reactive:cyclical:13,0.0,164.84,4,12.0
1788965177.9774604,serverless_reactive:cyclical:13,0.0,164.84,4,12.0
1788965178.1795151,serverless_reactive:cyclical:13,0.0,164.84,4,12.0
1788965178.3815026,serverless_reactive:cyclical:13,0.0,164.84,4,12.0
1788965178.583398,serverless_reactive:cyclical:13,0.0,164.84,4,12.0
1788965178.7853367,serverless_reactive:cyclical:13,0.0,164.84,4,12.0
1788965178.9874668,serverless_reactive:cyclical:13,0.0,164.84,4,12.0
1788965179.1895707,serverless_reactive:cyclical:13,0.0,164.84,4,12.0
1788965179.391441,serverless_reactive:cyclical:13,0.0,164.84,4,12.0
1788965179.594033,serverless_reactive:cyclical:13,14.7,164.85,4,12.0
1788965179.795847,serverless_reactive:cyclical:13,0.0,164.85,4,12.0
1788965179.997933,serverless_reactive:cyclical:13,4.9,164.85,4,12.0
1788965180.1998634,serverless_reactive:cyclical:13,0.0,164.85,4,12.0
1788965180.4017432,serverless_reactive:cyclical:13,0.0,164.85,4,12.0
1788965180.6038077,serverless_reactive:cyclical:13,0.0,164.85,4,12.0
1788965180.8057444,serverless_reactive:cyclical:13,0.0,164.85,4,12.0
1788965181.0076575,serverless_reactive:cyclical:13,0.0,164.85,4,12.0
1788965181.209637,serverless_reactive:cyclical:13,0.0,164.85,4,12.0
1788965181.4116852,serverless_reactive:cyclical:13,0.0,164.85,4,12.0
1788965181.6135736,serverless_reactive:cyclical:13,0.0,164.85,4,12.0
1788965181.8154814,serverless_reactive:cyclical:13,0.0,164.85,4,12.0
1788965182.0175948,serverless_reactive:cyclical:13,0.0,164.85,4,12.0
1788965182.2197092,serverless_reactive:cyclical:13,0.0,164.85,4,12.0
1788965182.4216807,serverless_reactive:cyclical:13,0.0,164.85,4,12.0
1788965182.6235518,serverless_reactive:cyclical:13,0.0,164.85,4,12.0
1788965182.825536,serverless_reactive:cyclical:13,0.0,164.85,4,12.0
1788965183.0274806,serverless_reactive:cyclical:13,0.0,164.85,4,12.0
1788965183.2294924,serverless_reactive:cyclical:13,0.0,164.85,4,12.0
1788965183.4313629,serverless_reactive:cyclical:13,5.0,164.85,4,12.0
1788965183.6333215,serverless_reactive:cyclical:13,0.0,164.85,4,12.0
1788965183.8351688,serverless_reactive:cyclical:13,0.0,164.85,4,12.0
1788965184.0370202,serverless_reactive:cyclical:13,0.0,164.85,4,12.0
1788965184.2388642,serverless_reactive:cyclical:13,0.0,164.85,4,12.0
1788965184.4407377,serverless_reactive:cyclical:13,10.0,164.85,4,12.0
1788965184.6433723,serverless_reactive:cyclical:13,0.0,164.85,4,12.0
1788965184.8454065,serverless_reactive:cyclical:13,0.0,164.85,4,12.0
1788965185.0477176,serverless_reactive:cyclical:13,0.0,164.85,4,12.0
1788965185.2497432,serverless_reactive:cyclical:13,4.9,164.85,4,12.0
1788965185.4517856,serverless_reactive:cyclical:13,0.0,164.85,4,12.0
1788965185.6540098,serverless_reactive:cyclical:13,0.0,164.85,4,12.0
1788965185.8569503,serverless_reactive:cyclical:13,0.0,164.85,4,12.0
1788965186.0592122,serverless_reactive:cyclical:13,0.0,164.85,4,12.0
1788965186.2610643,serverless_reactive:cyclical:13,0.0,164.85,4,12.0
1788965186.463475,serverless_reactive:cyclical:13,0.0,164.85,4,12.0
1788965186.665483,serverless_reactive:cyclical:13,0.0,164.85,4,12.0
1788965186.8673368,serverless_reactive:cyclical:13,0.0,164.85,4,12.0
1788965187.069319,serverless_reactive:cyclical:13,0.0,164.85,4,12.0
1788965187.271379,serverless_reactive:cyclical:13,0.0,164.85,4,12.0
1788965187.4733567,serverless_reactive:cyclical:13,5.0,164.85,4,12.0
1788965187.6755438,serverless_reactive:cyclical:13,0.0,164.85,4,12.0
1788965187.8774822,serverless_reactive:cyclical:13,0.0,164.85,4,12.0
1788965188.080413,serverless_reactive:cyclical:13,0.0,164.85,4,12.0
1788965188.282291,serverless_reactive:cyclical:13,10.0,164.85,4,12.0
1788965188.484329,serverless_reactive:cyclical:13,0.0,164.85,4,12.0
1788965188.6865683,serverless_reactive:cyclical:13,4.9,164.85,4,12.0
1788965188.888476,serverless_reactive:cyclical:13,0.0,164.85,4,12.0
1788965189.090655,serverless_reactive:cyclical:13,0.0,164.85,4,12.0
1788965189.29261,serverless_reactive:cyclical:13,5.0,164.85,4,12.0
1788965189.4948242,serverless_reactive:cyclical:13,0.0,164.85,4,12.0
1788965189.696893,serverless_reactive:cyclical:13,0.0,164.85,4,12.0
1788965189.901694,serverless_reactive:cyclical:13,0.0,164.85,4,12.0
1788965190.1038744,serverless_reactive:cyclical:13,0.0,164.85,4,12.0
1788965190.3059158,serverless_reactive:cyclical:13,0.0,164.85,4,12.0
1788965190.5078688,serverless_reactive:cyclical:13,0.0,164.85,4,12.0
1788965190.7102804,serverless_reactive:cyclical:13,0.0,164.85,4,12.0
1788965190.9125738,serverless_reactive:cyclical:13,0.0,164.85,4,12.0
1788965191.1146028,serverless_reactive:cyclical:13,0.0,164.85,4,12.0
1788965191.3165796,serverless_reactive:cyclical:13,0.0,164.85,4,12.0
1788965191.5186977,serverless_reactive:cyclical:13,0.0,164.85,4,12.0
1788965191.720604,serverless_reactive:cyclical:13,0.0,164.85,4,12.0
1788965191.9226284,serverless_reactive:cyclical:13,4.9,164.85,4,12.0
1788965192.1247032,serverless_reactive:cyclical:13,0.0,164.85,4,12.0
1788965192.326748,serverless_reactive:cyclical:13,0.0,164.85,4,12.0
1788965192.5294547,serverless_reactive:cyclical:13,4.9,164.85,4,12.0
1788965192.731408,serverless_reactive:cyclical:13,0.0,164.85,4,12.0
1788965192.9334173,serverless_reactive:cyclical:13,0.0,164.85,4,12.0
1788965193.1353884,serverless_reactive:cyclical:13,0.0,164.85,4,12.0
1788965193.3385224,serverless_reactive:cyclical:13,0.0,164.85,4,12.0
1788965193.5404606,serverless_reactive:cyclical:13,0.0,164.85,4,12.0
1788965193.7425287,serverless_reactive:cyclical:13,4.9,164.85,4,12.0
1788965193.94456,serverless_reactive:cyclical:13,0.0,164.85,4,12.0
1788965194.146603,serverless_reactive:cyclical:13,0.0,164.85,4,12.0
1788965194.348567,serverless_reactive:cyclical:13,0.0,164.85,4,12.0
1788965194.5509539,serverless_reactive:cyclical:13,0.0,164.85,4,12.0
1788965194.7533069,serverless_reactive:cyclical:13,0.0,164.85,4,12.0
1788965194.9553614,serverless_reactive:cyclical:13,0.0,164.85,4,12.0
1788965195.15749,serverless_reactive:cyclical:13,0.0,164.85,4,12.0
1788965195.3594754,serverless_reactive:cyclical:13,0.0,164.85,4,12.0
1788965195.5617666,serverless_reactive:cyclical:13,0.0,164.85,4,12.0
1788965195.7638524,serverless_reactive:cyclical:13,0.0,164.85,4,12.0
1788965195.9660606,serverless_reactive:cyclical:13,0.0,164.85,4,12.0
1788965196.168094,serverless_reactive:cyclical:13,0.0,164.85,4,12.0
1788965196.3710678,serverless_reactive:cyclical:13,0.0,164.85,4,12.0
1788965196.5732267,serverless_reactive:cyclical:13,0.0,164.85,4,12.0
1788965196.775277,serverless_reactive:cyclical:13,0.0,164.85,4,12.0
1788965196.977398,serverless_reactive:cyclical:13,19.6,164.87,4,12.0
1788965197.1805687,serverless_reactive:cyclical:13,0.0,164.87,4,12.0
1788965197.3827665,serverless_reactive:cyclical:13,0.0,164.87,4,12.0
1788965197.5846937,serverless_reactive:cyclical:13,0.0,164.87,4,12.0
1788965197.78731,serverless_reactive:cyclical:13,0.0,164.87,4,12.0
1788965197.9903398,serverless_reactive:cyclical:13,0.0,164.87,4,12.0
1788965198.1922596,serverless_reactive:cyclical:13,0.0,164.87,4,12.0
1788965198.3943157,serverless_reactive:cyclical:13,0.0,164.87,4,12.0
1788965198.5971892,serverless_reactive:cyclical:13,0.0,164.87,4,12.0
1788965198.7991037,serverless_reactive:cyclical:13,0.0,164.87,4,12.0
1788965199.0019763,serverless_reactive:cyclical:13,4.9,164.87,4,12.0
1788965199.2042215,serverless_reactive:cyclical:13,0.0,164.87,4,12.0
1788965199.4069605,serverless_reactive:cyclical:13,0.0,164.87,4,12.0
1788965199.6088789,serverless_reactive:cyclical:13,0.0,164.87,4,12.0
1788965199.8111722,serverless_reactive:cyclical:13,0.0,164.87,4,12.0
1788965200.013498,serverless_reactive:cyclical:13,0.0,164.87,4,12.0
1788965200.2154477,serverless_reactive:cyclical:13,4.9,164.87,4,12.0
1788965200.4181185,serverless_reactive:cyclical:13,0.0,164.87,4,12.0
1788965200.6204507,serverless_reactive:cyclical:13,0.0,164.87,4,12.0
1788965200.8228912,serverless_reactive:cyclical:13,0.0,164.87,4,12.0
1788965201.0249372,serverless_reactive:cyclical:13,0.0,164.87,4,12.0
1788965201.2267332,serverless_reactive:cyclical:13,0.0,164.87,4,12.0
1788965201.4286222,serverless_reactive:cyclical:13,5.0,164.87,4,12.0
1788965201.6306312,serverless_reactive:cyclical:13,0.0,164.87,4,12.0
1788965201.8332763,serverless_reactive:cyclical:13,0.0,164.87,4,12.0
1788965202.0354476,serverless_reactive:cyclical:13,4.9,164.87,4,12.0
1788965202.2373817,serverless_reactive:cyclical:13,0.0,164.87,4,12.0
1788965202.4396,serverless_reactive:cyclical:13,0.0,164.87,4,12.0
1788965202.6426446,serverless_reactive:cyclical:13,0.0,164.87,4,12.0
1788965202.844535,serverless_reactive:cyclical:13,0.0,164.87,4,12.0
1788965203.0466442,serverless_reactive:cyclical:13,0.0,164.87,4,12.0
1788965203.2486563,serverless_reactive:cyclical:13,0.0,164.87,4,12.0
1788965203.4507294,serverless_reactive:cyclical:13,0.0,164.87,4,12.0
1788965203.6525872,serverless_reactive:cyclical:13,5.0,164.87,4,12.0
1788965203.8545163,serverless_reactive:cyclical:13,0.0,164.87,4,12.0
1788965204.0565343,serverless_reactive:cyclical:13,0.0,164.87,4,12.0
1788965204.2588735,serverless_reactive:cyclical:13,0.0,164.87,4,12.0
1788965204.4608166,serverless_reactive:cyclical:13,0.0,164.87,4,12.0
1788965204.6630168,serverless_reactive:cyclical:13,0.0,164.87,4,12.0
1788965204.8653734,serverless_reactive:cyclical:13,0.0,164.87,4,12.0
1788965205.067766,serverless_reactive:cyclical:13,0.0,164.87,4,12.0
1788965205.2698424,serverless_reactive:cyclical:13,0.0,164.87,4,12.0
1788965205.4717913,serverless_reactive:cyclical:13,0.0,164.87,4,12.0
1788965205.6742616,serverless_reactive:cyclical:13,0.0,164.87,4,12.0
1788965205.8763397,serverless_reactive:cyclical:13,0.0,164.87,4,12.0
1788965206.0785873,serverless_reactive:cyclical:13,0.0,164.87,4,12.0
1788965206.281475,serverless_reactive:cyclical:13,4.9,164.87,4,12.0
1788965207.197726,serverless_reactive:cyclical:14,0.0,36.68,1,12.0
1788965207.399595,serverless_reactive:cyclical:14,0.0,36.68,1,12.0
1788965207.6017683,serverless_reactive:cyclical:14,0.0,36.68,1,12.0
1788965207.8036091,serverless_reactive:cyclical:14,5.0,36.68,1,12.0
1788965208.0057135,serverless_reactive:cyclical:14,0.0,36.68,1,12.0
1788965208.207606,serverless_reactive:cyclical:14,0.0,36.68,1,12.0
1788965208.4104083,serverless_reactive:cyclical:14,0.0,36.68,1,12.0
1788965208.612212,serverless_reactive:cyclical:14,0.0,36.68,1,12.0
1788965208.8141901,serverless_reactive:cyclical:14,0.0,36.68,1,12.0
1788965209.0161,serverless_reactive:cyclical:14,0.0,36.68,1,12.0
1788965209.2179985,serverless_reactive:cyclical:14,0.0,36.68,1,12.0
1788965209.4206004,serverless_reactive:cyclical:14,0.0,36.68,1,12.0
1788965209.6224873,serverless_reactive:cyclical:14,0.0,36.68,1,12.0
1788965209.826712,serverless_reactive:cyclical:14,0.0,36.68,1,12.0
1788965210.028563,serverless_reactive:cyclical:14,0.0,36.68,1,12.0
1788965210.2307303,serverless_reactive:cyclical:14,0.0,36.68,1,12.0
1788965210.432536,serverless_reactive:cyclical:14,0.0,36.68,1,12.0
1788965210.6347,serverless_reactive:cyclical:14,0.0,36.68,1,12.0
1788965210.836667,serverless_reactive:cyclical:14,0.0,36.68,1,12.0
1788965211.0395734,serverless_reactive:cyclical:14,0.0,36.68,1,12.0
1788965211.2421,serverless_reactive:cyclical:14,0.0,36.68,1,12.0
1788965211.444004,serverless_reactive:cyclical:14,0.0,36.68,1,12.0
1788965211.6467571,serverless_reactive:cyclical:14,0.0,36.68,1,12.0
1788965211.8495228,serverless_reactive:cyclical:14,0.0,36.68,1,12.0
1788965212.0512187,serverless_reactive:cyclical:14,0.0,36.68,1,12.0
1788965212.2530987,serverless_reactive:cyclical:14,0.0,36.68,1,12.0
1788965212.4551628,serverless_reactive:cyclical:14,0.0,36.68,1,12.0
1788965212.6571887,serverless_reactive:cyclical:14,0.0,36.68,1,12.0
1788965212.8590696,serverless_reactive:cyclical:14,0.0,36.68,1,12.0
1788965213.0608742,serverless_reactive:cyclical:14,0.0,36.68,1,12.0
1788965213.2627518,serverless_reactive:cyclical:14,0.0,36.68,1,12.0
1788965213.4643886,serverless_reactive:cyclical:14,0.0,36.68,1,12.0
1788965213.666277,serverless_reactive:cyclical:14,0.0,36.68,1,12.0
1788965213.8680158,serverless_reactive:cyclical:14,0.0,36.68,1,12.0
1788965214.0698957,serverless_reactive:cyclical:14,0.0,36.68,1,12.0
1788965214.27165,serverless_reactive:cyclical:14,0.0,36.68,1,12.0
1788965214.4734802,serverless_reactive:cyclical:14,0.0,36.68,1,12.0
1788965214.675054,serverless_reactive:cyclical:14,0.0,36.68,1,12.0
1788965214.8767712,serverless_reactive:cyclical:14,0.0,36.68,1,12.0
1788965215.0786924,serverless_reactive:cyclical:14,0.0,36.68,1,12.0
1788965215.280585,serverless_reactive:cyclical:14,0.0,36.68,1,12.0
1788965215.4824214,serverless_reactive:cyclical:14,0.0,36.68,1,12.0
1788965215.6841996,serverless_reactive:cyclical:14,0.0,36.68,1,12.0
1788965215.8860812,serverless_reactive:cyclical:14,0.0,36.68,1,12.0
1788965216.0878484,serverless_reactive:cyclical:14,0.0,36.68,1,12.0
1788965216.2899418,serverless_reactive:cyclical:14,0.0,36.68,1,12.0
1788965216.491986,serverless_reactive:cyclical:14,0.0,36.68,1,12.0
1788965216.6937597,serverless_reactive:cyclical:14,0.0,36.68,1,12.0
1788965216.8979387,serverless_reactive:cyclical:14,4.9,51.78,4,12.0
1788965217.1028483,serverless_reactive:cyclical:14,190.3,120.6,4,12.0
1788965217.30503,serverless_reactive:cyclical:14,187.8,146.35,4,12.0
1788965217.5073576,serverless_reactive:cyclical:14,182.9,161.95,4,12.0
1788965217.7095659,serverless_reactive:cyclical:14,29.5,164.82,4,12.0
1788965217.9128685,serverless_reactive:cyclical:14,0.0,164.82,4,12.0
1788965218.1150084,serverless_reactive:cyclical:14,0.0,164.82,4,12.0
1788965218.3170803,serverless_reactive:cyclical:14,0.0,164.82,4,12.0
1788965218.5191345,serverless_reactive:cyclical:14,0.0,164.82,4,12.0
1788965218.7212732,serverless_reactive:cyclical:14,0.0,164.82,4,12.0
1788965218.9232945,serverless_reactive:cyclical:14,0.0,164.82,4,12.0
1788965219.125353,serverless_reactive:cyclical:14,0.0,164.82,4,12.0
1788965219.32782,serverless_reactive:cyclical:14,4.9,164.82,4,12.0
1788965219.5306237,serverless_reactive:cyclical:14,0.0,164.82,4,12.0
1788965219.7327285,serverless_reactive:cyclical:14,0.0,164.82,4,12.0
1788965219.9349284,serverless_reactive:cyclical:14,0.0,164.82,4,12.0
1788965220.1372147,serverless_reactive:cyclical:14,0.0,164.82,4,12.0
1788965220.339279,serverless_reactive:cyclical:14,0.0,164.82,4,12.0
1788965220.5415213,serverless_reactive:cyclical:14,4.9,164.82,4,12.0
1788965220.7434742,serverless_reactive:cyclical:14,0.0,164.82,4,12.0
1788965220.9455724,serverless_reactive:cyclical:14,0.0,164.82,4,12.0
1788965221.1476932,serverless_reactive:cyclical:14,0.0,164.82,4,12.0
1788965221.3501067,serverless_reactive:cyclical:14,0.0,164.82,4,12.0
1788965221.5522017,serverless_reactive:cyclical:14,0.0,164.82,4,12.0
1788965221.754269,serverless_reactive:cyclical:14,0.0,164.82,4,12.0
1788965221.9562469,serverless_reactive:cyclical:14,5.0,164.82,4,12.0
1788965222.1583934,serverless_reactive:cyclical:14,0.0,164.82,4,12.0
1788965222.360336,serverless_reactive:cyclical:14,0.0,164.82,4,12.0
1788965222.562297,serverless_reactive:cyclical:14,0.0,164.82,4,12.0
1788965222.7642179,serverless_reactive:cyclical:14,0.0,164.82,4,12.0
1788965222.9662046,serverless_reactive:cyclical:14,0.0,164.82,4,12.0
1788965223.1682003,serverless_reactive:cyclical:14,0.0,164.82,4,12.0
1788965223.3704345,serverless_reactive:cyclical:14,0.0,164.82,4,12.0
1788965223.5724301,serverless_reactive:cyclical:14,0.0,164.82,4,12.0
1788965223.7744431,serverless_reactive:cyclical:14,0.0,164.82,4,12.0
1788965223.9765701,serverless_reactive:cyclical:14,0.0,164.82,4,12.0
1788965224.1788118,serverless_reactive:cyclical:14,0.0,164.82,4,12.0
1788965224.3808186,serverless_reactive:cyclical:14,0.0,164.82,4,12.0
1788965224.5840874,serverless_reactive:cyclical:14,0.0,164.82,4,12.0
1788965224.7862508,serverless_reactive:cyclical:14,4.9,164.82,4,12.0
1788965224.9884953,serverless_reactive:cyclical:14,4.9,164.82,4,12.0
1788965225.1910903,serverless_reactive:cyclical:14,0.0,164.82,4,12.0
1788965225.3930883,serverless_reactive:cyclical:14,4.9,164.82,4,12.0
1788965225.5953195,serverless_reactive:cyclical:14,0.0,164.82,4,12.0
1788965225.7979302,serverless_reactive:cyclical:14,0.0,164.82,4,12.0
1788965226.0001655,serverless_reactive:cyclical:14,9.8,164.84,4,12.0
1788965226.203505,serverless_reactive:cyclical:14,0.0,164.84,4,12.0
1788965226.4068081,serverless_reactive:cyclical:14,0.0,164.84,4,12.0
1788965226.6090996,serverless_reactive:cyclical:14,0.0,164.84,4,12.0
1788965226.8111465,serverless_reactive:cyclical:14,0.0,164.84,4,12.0
1788965227.0132818,serverless_reactive:cyclical:14,4.9,164.84,4,12.0
1788965227.2165923,serverless_reactive:cyclical:14,0.0,164.84,4,12.0
1788965227.4187162,serverless_reactive:cyclical:14,0.0,164.84,4,12.0
1788965227.6207974,serverless_reactive:cyclical:14,4.9,164.84,4,12.0
1788965227.8228905,serverless_reactive:cyclical:14,0.0,164.84,4,12.0
1788965228.0260904,serverless_reactive:cyclical:14,0.0,164.84,4,12.0
1788965228.228293,serverless_reactive:cyclical:14,4.9,164.84,4,12.0
1788965228.430259,serverless_reactive:cyclical:14,0.0,164.84,4,12.0
1788965228.6328423,serverless_reactive:cyclical:14,0.0,164.84,4,12.0
1788965228.8348737,serverless_reactive:cyclical:14,0.0,164.84,4,12.0
1788965229.037264,serverless_reactive:cyclical:14,0.0,164.84,4,12.0
1788965229.239289,serverless_reactive:cyclical:14,0.0,164.84,4,12.0
1788965229.4413414,serverless_reactive:cyclical:14,0.0,164.84,4,12.0
1788965229.643237,serverless_reactive:cyclical:14,0.0,164.84,4,12.0
1788965229.8452945,serverless_reactive:cyclical:14,0.0,164.84,4,12.0
1788965230.0473595,serverless_reactive:cyclical:14,0.0,164.84,4,12.0
1788965230.2508357,serverless_reactive:cyclical:14,0.0,164.84,4,12.0
1788965230.4529214,serverless_reactive:cyclical:14,0.0,164.84,4,12.0
1788965230.6550703,serverless_reactive:cyclical:14,0.0,164.84,4,12.0
1788965230.8574314,serverless_reactive:cyclical:14,0.0,164.84,4,12.0
1788965231.0593958,serverless_reactive:cyclical:14,0.0,164.84,4,12.0
1788965231.261497,serverless_reactive:cyclical:14,0.0,164.84,4,12.0
1788965231.463417,serverless_reactive:cyclical:14,0.0,164.84,4,12.0
1788965231.6657915,serverless_reactive:cyclical:14,0.0,164.84,4,12.0
1788965231.8681512,serverless_reactive:cyclical:14,4.9,164.84,4,12.0
1788965232.0703611,serverless_reactive:cyclical:14,0.0,164.84,4,12.0
1788965232.2725613,serverless_reactive:cyclical:14,0.0,164.84,4,12.0
1788965232.475498,serverless_reactive:cyclical:14,0.0,164.84,4,12.0
1788965232.677677,serverless_reactive:cyclical:14,4.9,164.84,4,12.0
1788965232.8798406,serverless_reactive:cyclical:14,4.9,164.84,4,12.0
1788965233.0819907,serverless_reactive:cyclical:14,0.0,164.84,4,12.0
1788965233.2840135,serverless_reactive:cyclical:14,0.0,164.84,4,12.0
1788965233.4861226,serverless_reactive:cyclical:14,0.0,164.84,4,12.0
1788965233.6880605,serverless_reactive:cyclical:14,0.0,164.84,4,12.0
1788965233.8903463,serverless_reactive:cyclical:14,0.0,164.84,4,12.0
1788965234.0923078,serverless_reactive:cyclical:14,0.0,164.84,4,12.0
1788965234.2943196,serverless_reactive:cyclical:14,0.0,164.84,4,12.0
1788965234.496397,serverless_reactive:cyclical:14,0.0,164.84,4,12.0
1788965234.6984003,serverless_reactive:cyclical:14,0.0,164.84,4,12.0
1788965234.9009795,serverless_reactive:cyclical:14,0.0,164.84,4,12.0
1788965235.102918,serverless_reactive:cyclical:14,5.0,164.84,4,12.0
1788965235.3050575,serverless_reactive:cyclical:14,0.0,164.84,4,12.0
1788965235.5070274,serverless_reactive:cyclical:14,0.0,164.84,4,12.0
1788965235.709423,serverless_reactive:cyclical:14,14.7,164.84,4,12.0
1788965235.911293,serverless_reactive:cyclical:14,0.0,164.84,4,12.0
1788965236.1134079,serverless_reactive:cyclical:14,4.9,164.84,4,12.0
1788965236.3156793,serverless_reactive:cyclical:14,0.0,164.84,4,12.0
1788965236.5176892,serverless_reactive:cyclical:14,0.0,164.84,4,12.0
1788965236.7196748,serverless_reactive:cyclical:14,0.0,164.84,4,12.0
1788965236.9217112,serverless_reactive:cyclical:14,0.0,164.84,4,12.0
1788965237.1237276,serverless_reactive:cyclical:14,0.0,164.84,4,12.0
1788965237.326016,serverless_reactive:cyclical:14,0.0,164.84,4,12.0
1788965237.5280333,serverless_reactive:cyclical:14,0.0,164.84,4,12.0
1788965237.7300234,serverless_reactive:cyclical:14,0.0,164.84,4,12.0
1788965237.9321399,serverless_reactive:cyclical:14,0.0,164.84,4,12.0
1788965238.1342204,serverless_reactive:cyclical:14,0.0,164.84,4,12.0
1788965238.3361704,serverless_reactive:cyclical:14,0.0,164.84,4,12.0
1788965238.538273,serverless_reactive:cyclical:14,0.0,164.84,4,12.0
1788965238.740246,serverless_reactive:cyclical:14,0.0,164.84,4,12.0
1788965238.9422624,serverless_reactive:cyclical:14,0.0,164.84,4,12.0
1788965239.144252,serverless_reactive:cyclical:14,0.0,164.84,4,12.0
1788965239.346331,serverless_reactive:cyclical:14,0.0,164.84,4,12.0
1788965239.5482793,serverless_reactive:cyclical:14,0.0,164.84,4,12.0
1788965239.7502775,serverless_reactive:cyclical:14,0.0,164.84,4,12.0
1788965239.9523208,serverless_reactive:cyclical:14,0.0,164.84,4,12.0
1788965240.154455,serverless_reactive:cyclical:14,4.9,164.84,4,12.0
1788965240.3564553,serverless_reactive:cyclical:14,5.0,164.84,4,12.0
1788965240.5586448,serverless_reactive:cyclical:14,4.9,164.84,4,12.0
1788965240.760714,serverless_reactive:cyclical:14,0.0,164.84,4,12.0
1788965240.9628131,serverless_reactive:cyclical:14,0.0,164.84,4,12.0
1788965241.1648073,serverless_reactive:cyclical:14,0.0,164.84,4,12.0
1788965241.366979,serverless_reactive:cyclical:14,0.0,164.84,4,12.0
1788965241.5691004,serverless_reactive:cyclical:14,0.0,164.84,4,12.0
1788965241.771179,serverless_reactive:cyclical:14,0.0,164.84,4,12.0
1788965241.9732554,serverless_reactive:cyclical:14,0.0,164.84,4,12.0
1788965242.1752284,serverless_reactive:cyclical:14,0.0,164.84,4,12.0
1788965242.3775773,serverless_reactive:cyclical:14,0.0,164.84,4,12.0
1788965242.5796278,serverless_reactive:cyclical:14,0.0,164.84,4,12.0
1788965242.7817514,serverless_reactive:cyclical:14,0.0,164.84,4,12.0
1788965242.9840007,serverless_reactive:cyclical:14,0.0,164.84,4,12.0
1788965243.1860638,serverless_reactive:cyclical:14,0.0,164.84,4,12.0
1788965243.388018,serverless_reactive:cyclical:14,0.0,164.84,4,12.0
1788965243.590085,serverless_reactive:cyclical:14,0.0,164.84,4,12.0
1788965243.7920742,serverless_reactive:cyclical:14,0.0,164.84,4,12.0
1788965243.9941792,serverless_reactive:cyclical:14,0.0,164.84,4,12.0
1788965244.1974769,serverless_reactive:cyclical:14,19.6,164.86,4,12.0
1788965244.3993933,serverless_reactive:cyclical:14,0.0,164.86,4,12.0
1788965244.601412,serverless_reactive:cyclical:14,0.0,164.86,4,12.0
1788965244.8033655,serverless_reactive:cyclical:14,0.0,164.86,4,12.0
1788965245.0054064,serverless_reactive:cyclical:14,0.0,164.86,4,12.0
1788965245.2076714,serverless_reactive:cyclical:14,0.0,164.86,4,12.0
1788965245.4105124,serverless_reactive:cyclical:14,0.0,164.86,4,12.0
1788965245.612582,serverless_reactive:cyclical:14,4.9,164.86,4,12.0
1788965245.8145857,serverless_reactive:cyclical:14,0.0,164.86,4,12.0
1788965246.016638,serverless_reactive:cyclical:14,4.9,164.86,4,12.0
1788965246.2191336,serverless_reactive:cyclical:14,0.0,164.86,4,12.0
1788965246.4210713,serverless_reactive:cyclical:14,0.0,164.86,4,12.0
1788965246.6231885,serverless_reactive:cyclical:14,4.9,164.86,4,12.0
1788965246.8253284,serverless_reactive:cyclical:14,0.0,164.86,4,12.0
1788965247.0272222,serverless_reactive:cyclical:14,0.0,164.86,4,12.0
1788965247.2292867,serverless_reactive:cyclical:14,0.0,164.86,4,12.0
1788965247.431301,serverless_reactive:cyclical:14,5.0,164.86,4,12.0
1788965247.6334178,serverless_reactive:cyclical:14,4.9,164.86,4,12.0
1788965247.8356385,serverless_reactive:cyclical:14,0.0,164.86,4,12.0
1788965248.0377226,serverless_reactive:cyclical:14,0.0,164.86,4,12.0
1788965248.2409995,serverless_reactive:cyclical:14,0.0,164.86,4,12.0
1788965248.4430425,serverless_reactive:cyclical:14,0.0,164.86,4,12.0
1788965248.6450803,serverless_reactive:cyclical:14,0.0,164.86,4,12.0
1788965248.848463,serverless_reactive:cyclical:14,0.0,164.86,4,12.0
1788965249.0516555,serverless_reactive:cyclical:14,0.0,164.86,4,12.0
1788965249.254823,serverless_reactive:cyclical:14,0.0,164.86,4,12.0
1788965249.4580746,serverless_reactive:cyclical:14,0.0,164.86,4,12.0
1788965249.6610003,serverless_reactive:cyclical:14,0.0,164.86,4,12.0
1788965249.8743145,serverless_reactive:cyclical:14,0.0,164.86,4,12.0
1788965250.0769696,serverless_reactive:cyclical:14,0.0,164.86,4,12.0
1788965250.279723,serverless_reactive:cyclical:14,0.0,164.86,4,12.0
1788965250.481844,serverless_reactive:cyclical:14,4.9,164.86,4,12.0
1788965250.6839492,serverless_reactive:cyclical:14,0.0,164.86,4,12.0
1788965250.886467,serverless_reactive:cyclical:14,0.0,164.86,4,12.0
1788965251.0885525,serverless_reactive:cyclical:14,0.0,164.86,4,12.0
1788965251.290702,serverless_reactive:cyclical:14,0.0,164.86,4,12.0
1788965251.4926226,serverless_reactive:cyclical:14,0.0,164.86,4,12.0
1788965251.6946692,serverless_reactive:cyclical:14,4.9,164.86,4,12.0
1788965251.8966718,serverless_reactive:cyclical:14,0.0,164.86,4,12.0
1788965252.098708,serverless_reactive:cyclical:14,0.0,164.86,4,12.0
1788965252.3007176,serverless_reactive:cyclical:14,0.0,164.86,4,12.0
1788965252.5027542,serverless_reactive:cyclical:14,0.0,164.86,4,12.0
1788965252.7047508,serverless_reactive:cyclical:14,0.0,164.86,4,12.0
1788965252.906778,serverless_reactive:cyclical:14,0.0,164.86,4,12.0
1788965253.108815,serverless_reactive:cyclical:14,0.0,164.86,4,12.0
1788965253.3108044,serverless_reactive:cyclical:14,0.0,164.86,4,12.0
1788965253.5141249,serverless_reactive:cyclical:14,9.8,164.86,4,12.0
