t,label,cpu_pct_sum,rss_mb_sum,n_procs
1788951967.4479957,serverless_reactive:cyclical:0,0.0,36.59,1
1788951967.6500115,serverless_reactive:cyclical:0,0.0,36.59,1
1788951967.8521447,serverless_reactive:cyclical:0,0.0,36.59,1
1788951968.0540793,serverless_reactive:cyclical:0,0.0,36.59,1
1788951968.2566886,serverless_reactive:cyclical:0,0.0,36.59,1
1788951968.458652,serverless_reactive:cyclical:0,0.0,36.59,1
1788951968.6611087,serverless_reactive:cyclical:0,0.0,36.59,1
1788951968.8637955,serverless_reactive:cyclical:0,0.0,36.59,1
1788951969.0662155,serverless_reactive:cyclical:0,0.0,36.59,1
1788951969.2682436,serverless_reactive:cyclical:0,0.0,36.59,1
1788951969.4702363,serverless_reactive:cyclical:0,0.0,36.59,1
1788951969.6725385,serverless_reactive:cyclical:0,0.0,36.59,1
1788951969.874474,serverless_reactive:cyclical:0,0.0,36.59,1
1788951970.0764916,serverless_reactive:cyclical:0,0.0,36.59,1
1788951970.278414,serverless_reactive:cyclical:0,0.0,36.59,1
1788951970.4806147,serverless_reactive:cyclical:0,0.0,36.59,1
1788951970.6825871,serverless_reactive:cyclical:0,0.0,36.59,1
1788951970.8846262,serverless_reactive:cyclical:0,0.0,36.59,1
1788951971.0867977,serverless_reactive:cyclical:0,0.0,36.59,1
1788951971.2894218,serverless_reactive:cyclical:0,0.0,36.6,1
1788951971.4916155,serverless_reactive:cyclical:0,0.0,36.6,1
1788951971.6939836,serverless_reactive:cyclical:0,0.0,36.6,1
1788951971.8962831,serverless_reactive:cyclical:0,0.0,36.6,1
1788951972.0985503,serverless_reactive:cyclical:0,0.0,36.6,1
1788951972.3007252,serverless_reactive:cyclical:0,0.0,36.6,1
1788951972.5027907,serverless_reactive:cyclical:0,0.0,36.6,1
1788951972.704924,serverless_reactive:cyclical:0,0.0,36.6,1
1788951972.9071212,serverless_reactive:cyclical:0,0.0,36.6,1
1788951973.1091914,serverless_reactive:cyclical:0,0.0,36.6,1
1788951973.3113668,serverless_reactive:cyclical:0,0.0,36.6,1
1788951973.5134628,serverless_reactive:cyclical:0,0.0,36.6,1
1788951973.7156649,serverless_reactive:cyclical:0,0.0,36.6,1
1788951973.9177103,serverless_reactive:cyclical:0,0.0,36.6,1
1788951974.1199994,serverless_reactive:cyclical:0,0.0,36.6,1
1788951974.322248,serverless_reactive:cyclical:0,0.0,36.6,1
1788951974.524468,serverless_reactive:cyclical:0,0.0,36.6,1
1788951974.7264388,serverless_reactive:cyclical:0,0.0,36.6,1
1788951974.9284494,serverless_reactive:cyclical:0,0.0,36.6,1
1788951975.1308024,serverless_reactive:cyclical:0,0.0,36.6,1
1788951975.3328438,serverless_reactive:cyclical:0,0.0,36.6,1
1788951975.5348384,serverless_reactive:cyclical:0,0.0,36.6,1
1788951975.736861,serverless_reactive:cyclical:0,0.0,36.6,1
1788951975.938838,serverless_reactive:cyclical:0,0.0,36.6,1
1788951976.1408665,serverless_reactive:cyclical:0,0.0,36.6,1
1788951976.3428833,serverless_reactive:cyclical:0,0.0,36.6,1
1788951976.5448358,serverless_reactive:cyclical:0,0.0,36.6,1
1788951976.7468307,serverless_reactive:cyclical:0,0.0,36.6,1
1788951976.9488235,serverless_reactive:cyclical:0,0.0,36.6,1
1788951977.1511571,serverless_reactive:cyclical:0,0.0,36.6,1
1788951977.360418,serverless_reactive:cyclical:0,4.8,65.93,4
1788951977.5650637,serverless_reactive:cyclical:0,190.7,113.2,4
1788951977.771642,serverless_reactive:cyclical:0,200.3,138.91,4
1788951977.9741576,serverless_reactive:cyclical:0,196.0,154.41,4
1788951978.177514,serverless_reactive:cyclical:0,137.7,164.54,4
1788951978.3808162,serverless_reactive:cyclical:0,0.0,164.7,4
1788951978.5829983,serverless_reactive:cyclical:0,0.0,164.7,4
1788951978.785328,serverless_reactive:cyclical:0,4.9,164.7,4
1788951978.9877057,serverless_reactive:cyclical:0,4.9,164.7,4
1788951979.1901867,serverless_reactive:cyclical:0,4.9,164.7,4
1788951979.3925395,serverless_reactive:cyclical:0,0.0,164.7,4
1788951979.5948498,serverless_reactive:cyclical:0,0.0,164.7,4
1788951979.797565,serverless_reactive:cyclical:0,0.0,164.7,4
1788951980.0002606,serverless_reactive:cyclical:0,0.0,164.7,4
1788951980.2026064,serverless_reactive:cyclical:0,0.0,164.7,4
1788951980.4050221,serverless_reactive:cyclical:0,0.0,164.7,4
1788951980.6073275,serverless_reactive:cyclical:0,0.0,164.7,4
1788951980.8096113,serverless_reactive:cyclical:0,0.0,164.7,4
1788951981.012491,serverless_reactive:cyclical:0,0.0,164.7,4
1788951981.2155037,serverless_reactive:cyclical:0,0.0,164.7,4
1788951981.417843,serverless_reactive:cyclical:0,4.9,164.7,4
1788951981.6201475,serverless_reactive:cyclical:0,0.0,164.7,4
1788951981.8224711,serverless_reactive:cyclical:0,0.0,164.7,4
1788951982.0249352,serverless_reactive:cyclical:0,0.0,164.7,4
1788951982.227508,serverless_reactive:cyclical:0,0.0,164.7,4
1788951982.4302418,serverless_reactive:cyclical:0,0.0,164.7,4
1788951982.6328065,serverless_reactive:cyclical:0,0.0,164.7,4
1788951982.835416,serverless_reactive:cyclical:0,0.0,164.7,4
1788951983.0378804,serverless_reactive:cyclical:0,0.0,164.7,4
1788951983.2404876,serverless_reactive:cyclical:0,4.9,164.7,4
1788951983.442853,serverless_reactive:cyclical:0,4.9,164.7,4
1788951983.6453292,serverless_reactive:cyclical:0,0.0,164.7,4
1788951983.8478615,serverless_reactive:cyclical:0,0.0,164.7,4
1788951984.0514898,serverless_reactive:cyclical:0,0.0,164.7,4
1788951984.2546263,serverless_reactive:cyclical:0,0.0,164.7,4
1788951984.4569538,serverless_reactive:cyclical:0,0.0,164.7,4
1788951984.659881,serverless_reactive:cyclical:0,0.0,164.7,4
1788951984.8622916,serverless_reactive:cyclical:0,0.0,164.7,4
1788951985.064814,serverless_reactive:cyclical:0,0.0,164.7,4
1788951985.2673144,serverless_reactive:cyclical:0,0.0,164.7,4
1788951985.4697595,serverless_reactive:cyclical:0,0.0,164.7,4
1788951985.6722863,serverless_reactive:cyclical:0,0.0,164.7,4
1788951985.8746343,serverless_reactive:cyclical:0,0.0,164.7,4
1788951986.077176,serverless_reactive:cyclical:0,0.0,164.7,4
1788951986.279723,serverless_reactive:cyclical:0,4.9,164.77,4
1788951986.4821308,serverless_reactive:cyclical:0,4.9,122.22,3
1788951986.687178,serverless_reactive:cyclical:0,14.7,133.36,4
1788951986.892107,serverless_reactive:cyclical:0,200.1,153.05,4
1788951987.095745,serverless_reactive:cyclical:0,132.5,164.9,4
1788951987.298192,serverless_reactive:cyclical:0,9.8,164.9,4
1788951987.5006886,serverless_reactive:cyclical:0,0.0,164.9,4
1788951987.7033732,serverless_reactive:cyclical:0,0.0,164.9,4
1788951987.9057841,serverless_reactive:cyclical:0,4.9,164.9,4
1788951988.108366,serverless_reactive:cyclical:0,0.0,164.9,4
1788951988.3106747,serverless_reactive:cyclical:0,0.0,164.9,4
1788951988.5132153,serverless_reactive:cyclical:0,0.0,164.9,4
1788951988.71568,serverless_reactive:cyclical:0,0.0,164.9,4
1788951988.9193504,serverless_reactive:cyclical:0,0.0,164.9,4
1788951989.121861,serverless_reactive:cyclical:0,0.0,164.9,4
1788951989.324409,serverless_reactive:cyclical:0,0.0,164.9,4
1788951989.5270221,serverless_reactive:cyclical:0,0.0,164.9,4
1788951989.7293706,serverless_reactive:cyclical:0,0.0,164.9,4
1788951989.932062,serverless_reactive:cyclical:0,0.0,164.9,4
1788951990.1347866,serverless_reactive:cyclical:0,4.9,164.9,4
1788951990.3382006,serverless_reactive:cyclical:0,0.0,164.9,4
1788951990.5434835,serverless_reactive:cyclical:0,0.0,164.9,4
1788951990.7480876,serverless_reactive:cyclical:0,0.0,164.9,4
1788951990.9509037,serverless_reactive:cyclical:0,4.9,164.9,4
1788951991.1533077,serverless_reactive:cyclical:0,0.0,164.9,4
1788951991.3560295,serverless_reactive:cyclical:0,0.0,164.9,4
1788951991.5583963,serverless_reactive:cyclical:0,0.0,164.9,4
1788951991.7609134,serverless_reactive:cyclical:0,0.0,164.9,4
1788951991.963715,serverless_reactive:cyclical:0,0.0,164.9,4
1788951992.1662834,serverless_reactive:cyclical:0,9.8,164.9,4
1788951992.3690317,serverless_reactive:cyclical:0,0.0,164.9,4
1788951992.571718,serverless_reactive:cyclical:0,0.0,164.9,4
1788951992.77417,serverless_reactive:cyclical:0,0.0,164.9,4
1788951992.9767952,serverless_reactive:cyclical:0,0.0,164.9,4
1788951993.1794045,serverless_reactive:cyclical:0,0.0,164.9,4
1788951993.3818827,serverless_reactive:cyclical:0,0.0,164.9,4
1788951993.5866423,serverless_reactive:cyclical:0,0.0,164.9,4
1788951993.7896504,serverless_reactive:cyclical:0,0.0,164.9,4
1788951993.9924123,serverless_reactive:cyclical:0,0.0,164.9,4
1788951994.194959,serverless_reactive:cyclical:0,0.0,164.9,4
1788951994.3981411,serverless_reactive:cyclical:0,0.0,164.9,4
1788951994.600741,serverless_reactive:cyclical:0,0.0,164.9,4
1788951994.8031728,serverless_reactive:cyclical:0,0.0,164.9,4
1788951995.0074658,serverless_reactive:cyclical:0,0.0,164.9,4
1788951995.2101886,serverless_reactive:cyclical:0,0.0,122.32,3
1788951995.4126337,serverless_reactive:cyclical:0,0.0,122.32,3
1788951995.615148,serverless_reactive:cyclical:0,0.0,79.7,2
1788951995.8174088,serverless_reactive:cyclical:0,0.0,37.19,1
1788951996.024787,serverless_reactive:cyclical:0,4.8,73.72,4
1788951996.2269242,serverless_reactive:cyclical:0,202.9,120.29,4
1788951996.4308944,serverless_reactive:cyclical:0,191.1,143.65,4
1788951996.6411626,serverless_reactive:cyclical:0,195.0,154.61,4
1788951996.8438044,serverless_reactive:cyclical:0,123.4,164.96,4
1788951997.0460079,serverless_reactive:cyclical:0,0.0,164.96,4
1788951997.2487276,serverless_reactive:cyclical:0,0.0,164.96,4
1788951997.4517953,serverless_reactive:cyclical:0,0.0,164.96,4
1788951997.654743,serverless_reactive:cyclical:0,4.9,164.96,4
1788951997.8586261,serverless_reactive:cyclical:0,0.0,164.96,4
1788951998.0618608,serverless_reactive:cyclical:0,0.0,164.96,4
1788951998.2643278,serverless_reactive:cyclical:0,0.0,164.96,4
1788951998.4666324,serverless_reactive:cyclical:0,0.0,164.96,4
1788951998.6689115,serverless_reactive:cyclical:0,0.0,164.96,4
1788951998.8721893,serverless_reactive:cyclical:0,0.0,164.96,4
1788951999.074417,serverless_reactive:cyclical:0,0.0,164.96,4
1788951999.2767758,serverless_reactive:cyclical:0,0.0,164.96,4
1788951999.4791257,serverless_reactive:cyclical:0,0.0,164.96,4
1788951999.681373,serverless_reactive:cyclical:0,4.9,164.96,4
1788951999.884553,serverless_reactive:cyclical:0,0.0,164.96,4
1788952000.0874343,serverless_reactive:cyclical:0,0.0,164.96,4
1788952000.2899203,serverless_reactive:cyclical:0,0.0,164.96,4
1788952000.4922488,serverless_reactive:cyclical:0,4.9,164.96,4
1788952000.695771,serverless_reactive:cyclical:0,0.0,164.96,4
1788952000.898996,serverless_reactive:cyclical:0,0.0,164.96,4
1788952001.1017756,serverless_reactive:cyclical:0,0.0,164.96,4
1788952001.304597,serverless_reactive:cyclical:0,0.0,164.96,4
1788952001.5075579,serverless_reactive:cyclical:0,0.0,164.96,4
1788952001.7100453,serverless_reactive:cyclical:0,0.0,164.96,4
1788952001.9124103,serverless_reactive:cyclical:0,0.0,164.96,4
1788952002.114801,serverless_reactive:cyclical:0,0.0,164.96,4
1788952002.3172421,serverless_reactive:cyclical:0,0.0,164.96,4
1788952002.5196028,serverless_reactive:cyclical:0,0.0,164.96,4
1788952002.7218084,serverless_reactive:cyclical:0,0.0,164.96,4
1788952002.9241517,serverless_reactive:cyclical:0,0.0,164.96,4
1788952003.1264048,serverless_reactive:cyclical:0,4.9,164.96,4
1788952003.328862,serverless_reactive:cyclical:0,0.0,164.96,4
1788952003.5310736,serverless_reactive:cyclical:0,0.0,164.96,4
1788952003.7332816,serverless_reactive:cyclical:0,0.0,164.96,4
1788952003.936244,serverless_reactive:cyclical:0,0.0,164.96,4
1788952004.1384702,serverless_reactive:cyclical:0,0.0,164.96,4
1788952004.341268,serverless_reactive:cyclical:0,4.9,164.96,4
1788952004.5436594,serverless_reactive:cyclical:0,4.9,164.96,4
1788952004.7462196,serverless_reactive:cyclical:0,0.0,164.96,4
1788952004.9488046,serverless_reactive:cyclical:0,0.0,164.96,4
1788952005.15129,serverless_reactive:cyclical:0,0.0,122.37,4
1788952005.3577409,serverless_reactive:cyclical:0,0.0,103.55,6
1788952005.564907,serverless_reactive:cyclical:0,198.1,158.07,5
1788952005.7723625,serverless_reactive:cyclical:0,197.7,140.06,4
1788952005.9795566,serverless_reactive:cyclical:0,199.2,152.43,4
1788952006.1835344,serverless_reactive:cyclical:0,141.4,165.01,4
1788952006.3876667,serverless_reactive:cyclical:0,0.0,165.01,4
1788952006.5903094,serverless_reactive:cyclical:0,0.0,165.01,4
1788952006.7926977,serverless_reactive:cyclical:0,0.0,165.01,4
1788952006.9952714,serverless_reactive:cyclical:0,0.0,165.01,4
1788952007.1976578,serverless_reactive:cyclical:0,0.0,165.01,4
1788952007.4000938,serverless_reactive:cyclical:0,0.0,165.01,4
1788952007.6024704,serverless_reactive:cyclical:0,0.0,165.01,4
1788952007.8054519,serverless_reactive:cyclical:0,0.0,165.01,4
1788952008.0095372,serverless_reactive:cyclical:0,0.0,165.01,4
1788952008.2120392,serverless_reactive:cyclical:0,9.8,165.01,4
1788952008.4142046,serverless_reactive:cyclical:0,0.0,165.01,4
1788952008.617179,serverless_reactive:cyclical:0,0.0,165.01,4
1788952008.8196962,serverless_reactive:cyclical:0,0.0,165.01,4
1788952009.022871,serverless_reactive:cyclical:0,0.0,165.01,4
1788952009.2253482,serverless_reactive:cyclical:0,0.0,165.01,4
1788952009.428669,serverless_reactive:cyclical:0,0.0,165.01,4
1788952009.631497,serverless_reactive:cyclical:0,0.0,165.01,4
1788952009.8339033,serverless_reactive:cyclical:0,4.9,165.01,4
1788952010.0376432,serverless_reactive:cyclical:0,0.0,165.01,4
1788952010.240259,serverless_reactive:cyclical:0,0.0,165.01,4
1788952010.4428594,serverless_reactive:cyclical:0,4.9,165.01,4
1788952010.6454957,serverless_reactive:cyclical:0,0.0,165.01,4
1788952010.848042,serverless_reactive:cyclical:0,0.0,165.01,4
1788952011.0505908,serverless_reactive:cyclical:0,0.0,165.01,4
1788952011.2528615,serverless_reactive:cyclical:0,4.9,165.01,4
1788952011.455459,serverless_reactive:cyclical:0,0.0,165.01,4
1788952011.6584983,serverless_reactive:cyclical:0,0.0,165.01,4
1788952011.8611486,serverless_reactive:cyclical:0,0.0,165.01,4
1788952012.0639882,serverless_reactive:cyclical:0,0.0,165.01,4
1788952012.2662983,serverless_reactive:cyclical:0,4.9,165.01,4
1788952012.4686449,serverless_reactive:cyclical:0,4.9,165.01,4
1788952012.670788,serverless_reactive:cyclical:0,0.0,165.01,4
1788952012.8731165,serverless_reactive:cyclical:0,0.0,165.01,4
1788952013.0759895,serverless_reactive:cyclical:0,0.0,165.01,4
1788952013.2788966,serverless_reactive:cyclical:0,0.0,165.01,4
1788952013.4812539,serverless_reactive:cyclical:0,0.0,165.01,4
1788952013.683667,serverless_reactive:cyclical:0,0.0,165.01,4
1788952013.8866084,serverless_reactive:cyclical:0,0.0,165.01,4
1788952014.0893612,serverless_reactive:cyclical:0,0.0,165.01,4
1788952014.292259,serverless_reactive:cyclical:0,0.0,165.01,4
1788952014.4945161,serverless_reactive:cyclical:0,0.0,122.43,3
1788952014.6967523,serverless_reactive:cyclical:0,0.0,122.43,3
1788952014.899139,serverless_reactive:cyclical:0,0.0,79.89,2
1788952015.1012404,serverless_reactive:cyclical:0,0.0,37.31,1
1788952015.3032753,serverless_reactive:cyclical:0,0.0,37.31,1
1788952015.5053606,serverless_reactive:cyclical:0,0.0,37.31,1
1788952015.7084086,serverless_reactive:cyclical:0,0.0,37.31,1
1788952015.9110663,serverless_reactive:cyclical:0,0.0,37.31,1
1788952016.1172585,serverless_reactive:cyclical:0,9.7,102.28,4
1788952016.3236823,serverless_reactive:cyclical:0,193.8,134.7,4
1788952016.5320265,serverless_reactive:cyclical:0,187.2,149.93,4
1788952016.734294,serverless_reactive:cyclical:0,187.9,163.68,4
1788952017.6867807,serverless_reactive:cyclical:1,0.0,36.6,1
1788952017.889178,serverless_reactive:cyclical:1,0.0,36.6,1
1788952018.0917778,serverless_reactive:cyclical:1,0.0,36.6,1
1788952018.2941995,serverless_reactive:cyclical:1,0.0,36.6,1
1788952018.496357,serverless_reactive:cyclical:1,0.0,36.6,1
1788952018.698335,serverless_reactive:cyclical:1,0.0,36.6,1
1788952018.900325,serverless_reactive:cyclical:1,0.0,36.6,1
1788952019.1021936,serverless_reactive:cyclical:1,0.0,36.6,1
1788952019.3042905,serverless_reactive:cyclical:1,0.0,36.6,1
1788952019.5062118,serverless_reactive:cyclical:1,0.0,36.6,1
1788952019.7083857,serverless_reactive:cyclical:1,0.0,36.6,1
1788952019.9102907,serverless_reactive:cyclical:1,0.0,36.6,1
1788952020.1124084,serverless_reactive:cyclical:1,0.0,36.6,1
1788952020.3149736,serverless_reactive:cyclical:1,0.0,36.6,1
1788952020.5169528,serverless_reactive:cyclical:1,0.0,36.6,1
1788952020.719025,serverless_reactive:cyclical:1,0.0,36.6,1
1788952020.9216647,serverless_reactive:cyclical:1,0.0,36.6,1
1788952021.12453,serverless_reactive:cyclical:1,4.9,36.6,1
1788952021.326726,serverless_reactive:cyclical:1,0.0,36.6,1
1788952021.5289028,serverless_reactive:cyclical:1,0.0,36.6,1
1788952021.7308636,serverless_reactive:cyclical:1,0.0,36.6,1
1788952021.9328597,serverless_reactive:cyclical:1,0.0,36.6,1
1788952022.1377032,serverless_reactive:cyclical:1,0.0,36.6,1
1788952022.3399425,serverless_reactive:cyclical:1,0.0,36.6,1
1788952022.5417845,serverless_reactive:cyclical:1,0.0,36.6,1
1788952022.7439,serverless_reactive:cyclical:1,0.0,36.6,1
1788952022.9458935,serverless_reactive:cyclical:1,0.0,36.6,1
1788952023.1516428,serverless_reactive:cyclical:1,0.0,36.6,1
1788952023.3535395,serverless_reactive:cyclical:1,0.0,36.6,1
1788952023.5555387,serverless_reactive:cyclical:1,0.0,36.6,1
1788952023.7575142,serverless_reactive:cyclical:1,0.0,36.6,1
1788952023.9598346,serverless_reactive:cyclical:1,0.0,36.6,1
1788952024.162608,serverless_reactive:cyclical:1,0.0,36.6,1
1788952024.36497,serverless_reactive:cyclical:1,0.0,36.6,1
1788952024.567059,serverless_reactive:cyclical:1,0.0,36.6,1
1788952024.7696476,serverless_reactive:cyclical:1,0.0,36.6,1
1788952024.972578,serverless_reactive:cyclical:1,0.0,36.6,1
1788952025.1746821,serverless_reactive:cyclical:1,0.0,36.6,1
1788952025.3767676,serverless_reactive:cyclical:1,0.0,36.6,1
1788952025.5786903,serverless_reactive:cyclical:1,0.0,36.6,1
1788952025.7806926,serverless_reactive:cyclical:1,0.0,36.6,1
1788952025.9871128,serverless_reactive:cyclical:1,0.0,39.38,2
1788952026.1900556,serverless_reactive:cyclical:1,64.1,108.9,4
1788952026.3966534,serverless_reactive:cyclical:1,198.3,138.27,4
1788952026.5998816,serverless_reactive:cyclical:1,187.0,149.94,4
1788952026.8066666,serverless_reactive:cyclical:1,193.5,164.68,4
1788952027.0093148,serverless_reactive:cyclical:1,4.9,164.69,4
1788952027.2121577,serverless_reactive:cyclical:1,0.0,164.69,4
1788952027.4151192,serverless_reactive:cyclical:1,0.0,164.69,4
1788952027.6175702,serverless_reactive:cyclical:1,0.0,164.69,4
1788952027.8201864,serverless_reactive:cyclical:1,4.9,164.69,4
1788952028.0228143,serverless_reactive:cyclical:1,0.0,164.69,4
1788952028.2260513,serverless_reactive:cyclical:1,0.0,164.69,4
1788952028.4286916,serverless_reactive:cyclical:1,0.0,164.69,4
1788952028.6311522,serverless_reactive:cyclical:1,0.0,164.69,4
1788952028.8335974,serverless_reactive:cyclical:1,0.0,164.69,4
1788952029.0363774,serverless_reactive:cyclical:1,0.0,164.69,4
1788952029.2388299,serverless_reactive:cyclical:1,0.0,164.69,4
1788952029.4412575,serverless_reactive:cyclical:1,0.0,164.69,4
1788952029.643831,serverless_reactive:cyclical:1,4.9,164.69,4
1788952029.846334,serverless_reactive:cyclical:1,4.9,164.69,4
1788952030.0491354,serverless_reactive:cyclical:1,0.0,164.69,4
1788952030.252127,serverless_reactive:cyclical:1,0.0,164.69,4
1788952030.454572,serverless_reactive:cyclical:1,0.0,164.69,4
1788952030.6571794,serverless_reactive:cyclical:1,0.0,164.69,4
1788952030.8598194,serverless_reactive:cyclical:1,0.0,164.69,4
1788952031.062357,serverless_reactive:cyclical:1,0.0,164.69,4
1788952031.2649355,serverless_reactive:cyclical:1,0.0,164.69,4
1788952031.4676914,serverless_reactive:cyclical:1,0.0,164.69,4
1788952031.6714118,serverless_reactive:cyclical:1,0.0,164.69,4
1788952031.8736925,serverless_reactive:cyclical:1,0.0,164.7,4
1788952032.076164,serverless_reactive:cyclical:1,0.0,164.7,4
1788952032.2784872,serverless_reactive:cyclical:1,0.0,164.7,4
1788952032.480921,serverless_reactive:cyclical:1,0.0,164.7,4
1788952032.683467,serverless_reactive:cyclical:1,4.9,164.7,4
1788952032.8860104,serverless_reactive:cyclical:1,4.9,164.7,4
1788952033.0885503,serverless_reactive:cyclical:1,0.0,164.7,4
1788952033.2909408,serverless_reactive:cyclical:1,4.9,164.7,4
1788952033.4933925,serverless_reactive:cyclical:1,0.0,164.7,4
1788952033.6959136,serverless_reactive:cyclical:1,4.9,164.7,4
1788952033.8986132,serverless_reactive:cyclical:1,0.0,164.7,4
1788952034.1012866,serverless_reactive:cyclical:1,0.0,164.7,4
1788952034.3047698,serverless_reactive:cyclical:1,4.9,164.7,4
1788952034.5085006,serverless_reactive:cyclical:1,0.0,164.7,4
1788952034.7114232,serverless_reactive:cyclical:1,0.0,164.7,4
1788952034.9138553,serverless_reactive:cyclical:1,0.0,164.77,4
1788952035.1162663,serverless_reactive:cyclical:1,0.0,122.25,3
1788952035.3185487,serverless_reactive:cyclical:1,0.0,79.71,2
1788952035.5207918,serverless_reactive:cyclical:1,0.0,37.12,1
1788952035.7228699,serverless_reactive:cyclical:1,0.0,37.12,1
1788952035.924876,serverless_reactive:cyclical:1,0.0,37.12,1
1788952036.1269546,serverless_reactive:cyclical:1,0.0,37.12,1
1788952036.3333788,serverless_reactive:cyclical:1,9.7,87.1,4
1788952036.5397737,serverless_reactive:cyclical:1,193.8,129.32,4
1788952036.7453027,serverless_reactive:cyclical:1,199.5,147.63,4
1788952036.952774,serverless_reactive:cyclical:1,202.4,162.23,4
1788952037.156722,serverless_reactive:cyclical:1,34.3,165.11,4
1788952037.3590968,serverless_reactive:cyclical:1,0.0,165.11,4
1788952037.5615308,serverless_reactive:cyclical:1,0.0,165.11,4
1788952037.7643652,serverless_reactive:cyclical:1,0.0,165.11,4
1788952037.9669151,serverless_reactive:cyclical:1,0.0,165.11,4
1788952038.1695318,serverless_reactive:cyclical:1,0.0,165.11,4
1788952038.3720665,serverless_reactive:cyclical:1,0.0,165.11,4
1788952038.5745387,serverless_reactive:cyclical:1,0.0,165.11,4
1788952038.7769575,serverless_reactive:cyclical:1,0.0,165.11,4
1788952038.9794707,serverless_reactive:cyclical:1,0.0,165.11,4
1788952039.1818297,serverless_reactive:cyclical:1,0.0,165.11,4
1788952039.3843322,serverless_reactive:cyclical:1,4.9,165.11,4
1788952039.5868764,serverless_reactive:cyclical:1,0.0,165.11,4
1788952039.78929,serverless_reactive:cyclical:1,0.0,165.11,4
1788952039.9917417,serverless_reactive:cyclical:1,0.0,165.11,4
1788952040.1940858,serverless_reactive:cyclical:1,0.0,165.11,4
1788952040.3965473,serverless_reactive:cyclical:1,0.0,165.11,4
1788952040.5989108,serverless_reactive:cyclical:1,0.0,165.11,4
1788952040.8013902,serverless_reactive:cyclical:1,0.0,165.11,4
1788952041.0042691,serverless_reactive:cyclical:1,0.0,165.11,4
1788952041.2068245,serverless_reactive:cyclical:1,0.0,165.11,4
1788952041.4095628,serverless_reactive:cyclical:1,4.9,165.11,4
1788952041.611966,serverless_reactive:cyclical:1,4.9,165.11,4
1788952041.8143427,serverless_reactive:cyclical:1,0.0,165.11,4
1788952042.0166943,serverless_reactive:cyclical:1,0.0,165.11,4
1788952042.2189775,serverless_reactive:cyclical:1,0.0,165.11,4
1788952042.4216578,serverless_reactive:cyclical:1,0.0,165.11,4
1788952042.6243746,serverless_reactive:cyclical:1,0.0,165.11,4
1788952042.8276708,serverless_reactive:cyclical:1,0.0,165.11,4
1788952043.0315788,serverless_reactive:cyclical:1,0.0,165.11,4
1788952043.2340147,serverless_reactive:cyclical:1,0.0,165.11,4
1788952043.436777,serverless_reactive:cyclical:1,0.0,165.11,4
1788952043.639414,serverless_reactive:cyclical:1,4.9,165.11,4
1788952043.841939,serverless_reactive:cyclical:1,0.0,165.11,4
1788952044.0444446,serverless_reactive:cyclical:1,0.0,165.11,4
1788952044.2471468,serverless_reactive:cyclical:1,4.9,165.11,4
1788952044.4497294,serverless_reactive:cyclical:1,0.0,165.11,4
1788952044.652287,serverless_reactive:cyclical:1,0.0,165.11,4
1788952044.8555605,serverless_reactive:cyclical:1,0.0,165.11,4
1788952045.0578964,serverless_reactive:cyclical:1,0.0,165.11,4
1788952045.2605052,serverless_reactive:cyclical:1,0.0,165.11,4
1788952045.4690232,serverless_reactive:cyclical:1,9.6,184.26,6
1788952045.6754882,serverless_reactive:cyclical:1,195.0,177.04,5
1788952045.8840773,serverless_reactive:cyclical:1,194.5,150.26,4
1788952046.0863307,serverless_reactive:cyclical:1,187.9,161.6,4
1788952046.2907012,serverless_reactive:cyclical:1,39.2,165.27,4
1788952046.4931283,serverless_reactive:cyclical:1,0.0,165.27,4
1788952046.6957173,serverless_reactive:cyclical:1,4.9,165.27,4
1788952046.8982587,serverless_reactive:cyclical:1,0.0,165.27,4
1788952047.1010218,serverless_reactive:cyclical:1,0.0,165.27,4
1788952047.3036196,serverless_reactive:cyclical:1,0.0,165.27,4
1788952047.5061474,serverless_reactive:cyclical:1,0.0,165.27,4
1788952047.7092593,serverless_reactive:cyclical:1,0.0,165.27,4
1788952047.9119484,serverless_reactive:cyclical:1,0.0,165.27,4
1788952048.1143224,serverless_reactive:cyclical:1,0.0,165.27,4
1788952048.3171837,serverless_reactive:cyclical:1,4.9,165.27,4
1788952048.5199442,serverless_reactive:cyclical:1,0.0,165.27,4
1788952048.7225034,serverless_reactive:cyclical:1,0.0,165.27,4
1788952048.9252234,serverless_reactive:cyclical:1,0.0,165.27,4
1788952049.1281145,serverless_reactive:cyclical:1,0.0,165.27,4
1788952049.3305638,serverless_reactive:cyclical:1,0.0,165.27,4
1788952049.5331535,serverless_reactive:cyclical:1,0.0,165.27,4
1788952049.7357433,serverless_reactive:cyclical:1,0.0,165.27,4
1788952049.9382193,serverless_reactive:cyclical:1,0.0,165.27,4
1788952050.1408305,serverless_reactive:cyclical:1,0.0,165.27,4
1788952050.3433647,serverless_reactive:cyclical:1,4.9,165.27,4
1788952050.545799,serverless_reactive:cyclical:1,0.0,165.27,4
1788952050.7484012,serverless_reactive:cyclical:1,0.0,165.27,4
1788952050.9509544,serverless_reactive:cyclical:1,0.0,165.27,4
1788952051.1533258,serverless_reactive:cyclical:1,0.0,165.27,4
1788952051.3562036,serverless_reactive:cyclical:1,0.0,165.27,4
1788952051.5586293,serverless_reactive:cyclical:1,0.0,165.27,4
1788952051.761164,serverless_reactive:cyclical:1,0.0,165.27,4
1788952051.9637048,serverless_reactive:cyclical:1,0.0,165.27,4
1788952052.1661627,serverless_reactive:cyclical:1,4.9,165.27,4
1788952052.3687823,serverless_reactive:cyclical:1,9.8,165.27,4
1788952052.5712976,serverless_reactive:cyclical:1,0.0,165.27,4
1788952052.7737548,serverless_reactive:cyclical:1,0.0,165.27,4
1788952052.9762225,serverless_reactive:cyclical:1,0.0,165.27,4
1788952053.1785085,serverless_reactive:cyclical:1,0.0,165.27,4
1788952053.380823,serverless_reactive:cyclical:1,0.0,165.27,4
1788952053.58311,serverless_reactive:cyclical:1,0.0,165.27,4
1788952053.7852237,serverless_reactive:cyclical:1,0.0,165.27,4
1788952053.987838,serverless_reactive:cyclical:1,0.0,165.27,4
1788952054.1903007,serverless_reactive:cyclical:1,0.0,165.27,4
1788952054.3936746,serverless_reactive:cyclical:1,0.0,165.27,4
1788952054.6005466,serverless_reactive:cyclical:1,4.8,121.3,6
1788952054.8052123,serverless_reactive:cyclical:1,195.5,123.86,5
1788952055.0116448,serverless_reactive:cyclical:1,198.5,144.94,4
1788952055.2145364,serverless_reactive:cyclical:1,192.2,159.03,4
1788952055.4173172,serverless_reactive:cyclical:1,83.8,165.09,4
1788952055.620179,serverless_reactive:cyclical:1,0.0,165.09,4
1788952055.8229365,serverless_reactive:cyclical:1,0.0,165.09,4
1788952056.0253065,serverless_reactive:cyclical:1,0.0,165.09,4
1788952056.2304978,serverless_reactive:cyclical:1,0.0,165.09,4
1788952056.44226,serverless_reactive:cyclical:1,0.0,165.09,4
1788952056.644698,serverless_reactive:cyclical:1,0.0,165.09,4
1788952056.8470643,serverless_reactive:cyclical:1,0.0,165.09,4
1788952057.0493443,serverless_reactive:cyclical:1,0.0,165.09,4
1788952057.2517686,serverless_reactive:cyclical:1,4.9,165.09,4
1788952057.454261,serverless_reactive:cyclical:1,4.9,165.09,4
1788952057.6568758,serverless_reactive:cyclical:1,0.0,165.09,4
1788952057.8605638,serverless_reactive:cyclical:1,0.0,165.09,4
1788952058.0644903,serverless_reactive:cyclical:1,0.0,165.09,4
1788952058.2682545,serverless_reactive:cyclical:1,0.0,165.09,4
1788952058.4718752,serverless_reactive:cyclical:1,0.0,165.09,4
1788952058.6741292,serverless_reactive:cyclical:1,0.0,165.09,4
1788952058.8767023,serverless_reactive:cyclical:1,0.0,165.09,4
1788952059.0796745,serverless_reactive:cyclical:1,0.0,165.09,4
1788952059.2821114,serverless_reactive:cyclical:1,0.0,165.09,4
1788952059.4844308,serverless_reactive:cyclical:1,4.9,165.09,4
1788952059.6878614,serverless_reactive:cyclical:1,0.0,165.09,4
1788952059.890326,serverless_reactive:cyclical:1,0.0,165.09,4
1788952060.0931215,serverless_reactive:cyclical:1,0.0,165.09,4
1788952060.2976604,serverless_reactive:cyclical:1,0.0,165.09,4
1788952060.500376,serverless_reactive:cyclical:1,0.0,165.09,4
1788952060.7027981,serverless_reactive:cyclical:1,0.0,165.09,4
1788952060.9055703,serverless_reactive:cyclical:1,0.0,165.09,4
1788952061.1093223,serverless_reactive:cyclical:1,0.0,165.09,4
1788952061.3133137,serverless_reactive:cyclical:1,0.0,165.09,4
1788952061.5160885,serverless_reactive:cyclical:1,0.0,165.09,4
1788952061.7183564,serverless_reactive:cyclical:1,0.0,165.09,4
1788952061.9208016,serverless_reactive:cyclical:1,14.7,165.09,4
1788952062.124369,serverless_reactive:cyclical:1,0.0,165.09,4
1788952062.3274152,serverless_reactive:cyclical:1,0.0,165.09,4
1788952062.5299666,serverless_reactive:cyclical:1,0.0,165.09,4
1788952062.7328014,serverless_reactive:cyclical:1,0.0,165.09,4
1788952062.9355047,serverless_reactive:cyclical:1,0.0,165.09,4
1788952063.138072,serverless_reactive:cyclical:1,0.0,165.09,4
1788952063.340696,serverless_reactive:cyclical:1,0.0,165.09,4
1788952063.543315,serverless_reactive:cyclical:1,0.0,165.09,4
1788952063.7522278,serverless_reactive:cyclical:1,9.6,154.86,5
1788952063.9544775,serverless_reactive:cyclical:1,192.8,139.45,4
1788952064.1608274,serverless_reactive:cyclical:1,193.8,150.47,4
1788952064.3651397,serverless_reactive:cyclical:1,176.8,164.91,4
1788952065.2095404,serverless_reactive:cyclical:2,0.0,36.68,1
1788952065.4122958,serverless_reactive:cyclical:2,0.0,36.68,1
1788952065.6143851,serverless_reactive:cyclical:2,0.0,36.68,1
1788952065.8163352,serverless_reactive:cyclical:2,0.0,36.68,1
1788952066.018376,serverless_reactive:cyclical:2,0.0,36.68,1
1788952066.2203777,serverless_reactive:cyclical:2,0.0,36.68,1
1788952066.4226494,serverless_reactive:cyclical:2,0.0,36.68,1
1788952066.6248462,serverless_reactive:cyclical:2,0.0,36.68,1
1788952066.8271484,serverless_reactive:cyclical:2,0.0,36.68,1
1788952067.0297658,serverless_reactive:cyclical:2,0.0,36.68,1
1788952067.2329261,serverless_reactive:cyclical:2,0.0,36.68,1
1788952067.434843,serverless_reactive:cyclical:2,0.0,36.68,1
1788952067.637732,serverless_reactive:cyclical:2,0.0,36.68,1
1788952067.8398967,serverless_reactive:cyclical:2,0.0,36.68,1
1788952068.0421593,serverless_reactive:cyclical:2,0.0,36.68,1
1788952068.2445066,serverless_reactive:cyclical:2,0.0,36.68,1
1788952068.4466712,serverless_reactive:cyclical:2,0.0,36.68,1
1788952068.64899,serverless_reactive:cyclical:2,0.0,36.68,1
1788952068.8511753,serverless_reactive:cyclical:2,0.0,36.68,1
1788952069.053491,serverless_reactive:cyclical:2,0.0,36.68,1
1788952069.2560062,serverless_reactive:cyclical:2,0.0,36.68,1
1788952069.4581447,serverless_reactive:cyclical:2,0.0,36.68,1
1788952069.6604316,serverless_reactive:cyclical:2,0.0,36.68,1
1788952069.8624759,serverless_reactive:cyclical:2,0.0,36.68,1
1788952070.0646408,serverless_reactive:cyclical:2,0.0,36.68,1
1788952070.2667363,serverless_reactive:cyclical:2,0.0,36.68,1
1788952070.4689155,serverless_reactive:cyclical:2,0.0,36.68,1
1788952070.6709812,serverless_reactive:cyclical:2,0.0,36.68,1
1788952070.8730893,serverless_reactive:cyclical:2,0.0,36.68,1
1788952071.0751724,serverless_reactive:cyclical:2,0.0,36.68,1
1788952071.277372,serverless_reactive:cyclical:2,0.0,36.68,1
1788952071.4794855,serverless_reactive:cyclical:2,0.0,36.68,1
1788952071.6815712,serverless_reactive:cyclical:2,0.0,36.68,1
1788952071.8837197,serverless_reactive:cyclical:2,0.0,36.68,1
1788952072.0860252,serverless_reactive:cyclical:2,0.0,36.68,1
1788952072.2882729,serverless_reactive:cyclical:2,0.0,36.68,1
1788952072.490262,serverless_reactive:cyclical:2,0.0,36.68,1
1788952072.6926935,serverless_reactive:cyclical:2,0.0,36.68,1
1788952072.8956668,serverless_reactive:cyclical:2,0.0,36.68,1
1788952073.0989106,serverless_reactive:cyclical:2,0.0,36.68,1
1788952073.301907,serverless_reactive:cyclical:2,0.0,36.68,1
1788952073.504181,serverless_reactive:cyclical:2,4.9,36.68,1
1788952073.7067623,serverless_reactive:cyclical:2,0.0,36.68,1
1788952073.9089339,serverless_reactive:cyclical:2,0.0,36.68,1
1788952074.1110146,serverless_reactive:cyclical:2,0.0,36.68,1
1788952074.313165,serverless_reactive:cyclical:2,0.0,36.68,1
1788952074.5153124,serverless_reactive:cyclical:2,0.0,36.68,1
1788952074.7174144,serverless_reactive:cyclical:2,0.0,36.68,1
1788952074.9201918,serverless_reactive:cyclical:2,0.0,37.48,2
1788952075.122752,serverless_reactive:cyclical:2,98.8,110.27,4
1788952075.3292098,serverless_reactive:cyclical:2,198.5,137.07,4
1788952075.5359907,serverless_reactive:cyclical:2,193.4,152.38,4
1788952075.7381647,serverless_reactive:cyclical:2,168.2,164.75,4
1788952075.9406674,serverless_reactive:cyclical:2,0.0,164.75,4
1788952076.1430323,serverless_reactive:cyclical:2,0.0,164.75,4
1788952076.3456004,serverless_reactive:cyclical:2,0.0,164.75,4
1788952076.5483878,serverless_reactive:cyclical:2,0.0,164.75,4
1788952076.7508063,serverless_reactive:cyclical:2,0.0,164.75,4
1788952076.9541886,serverless_reactive:cyclical:2,4.9,164.75,4
1788952077.157536,serverless_reactive:cyclical:2,0.0,164.75,4
1788952077.3599977,serverless_reactive:cyclical:2,0.0,164.75,4
1788952077.5625648,serverless_reactive:cyclical:2,0.0,164.75,4
1788952077.7648468,serverless_reactive:cyclical:2,0.0,164.75,4
1788952077.9670622,serverless_reactive:cyclical:2,0.0,164.75,4
1788952078.1696112,serverless_reactive:cyclical:2,0.0,164.75,4
1788952078.3726444,serverless_reactive:cyclical:2,0.0,164.75,4
1788952078.5749109,serverless_reactive:cyclical:2,0.0,164.75,4
1788952078.7771542,serverless_reactive:cyclical:2,4.9,164.75,4
1788952078.97979,serverless_reactive:cyclical:2,0.0,164.75,4
1788952079.1823819,serverless_reactive:cyclical:2,0.0,164.75,4
1788952079.3848145,serverless_reactive:cyclical:2,4.9,164.75,4
1788952079.5872686,serverless_reactive:cyclical:2,0.0,164.75,4
1788952079.7897637,serverless_reactive:cyclical:2,0.0,164.75,4
1788952079.992191,serverless_reactive:cyclical:2,0.0,164.75,4
1788952080.1945965,serverless_reactive:cyclical:2,0.0,164.75,4
1788952080.397163,serverless_reactive:cyclical:2,0.0,164.75,4
1788952080.599699,serverless_reactive:cyclical:2,0.0,164.75,4
1788952080.8033547,serverless_reactive:cyclical:2,0.0,164.75,4
1788952081.006886,serverless_reactive:cyclical:2,0.0,164.75,4
1788952081.2093842,serverless_reactive:cyclical:2,0.0,164.75,4
1788952081.4122672,serverless_reactive:cyclical:2,4.9,164.75,4
1788952081.614537,serverless_reactive:cyclical:2,0.0,164.75,4
1788952081.817459,serverless_reactive:cyclical:2,0.0,164.75,4
1788952082.0200937,serverless_reactive:cyclical:2,0.0,164.75,4
1788952082.2226493,serverless_reactive:cyclical:2,0.0,164.75,4
1788952082.4251883,serverless_reactive:cyclical:2,0.0,164.75,4
1788952082.628034,serverless_reactive:cyclical:2,0.0,164.75,4
1788952082.8305502,serverless_reactive:cyclical:2,0.0,164.75,4
1788952083.0331326,serverless_reactive:cyclical:2,0.0,164.75,4
1788952083.2376945,serverless_reactive:cyclical:2,4.9,164.75,4
1788952083.4400413,serverless_reactive:cyclical:2,0.0,164.75,4
1788952083.642462,serverless_reactive:cyclical:2,0.0,164.75,4
1788952083.8451092,serverless_reactive:cyclical:2,4.9,164.82,4
1788952084.0474606,serverless_reactive:cyclical:2,0.0,79.72,3
1788952084.2495291,serverless_reactive:cyclical:2,9.9,37.19,2
1788952084.4574065,serverless_reactive:cyclical:2,4.8,107.17,4
1788952084.6638796,serverless_reactive:cyclical:2,188.9,136.41,4
1788952084.8660486,serverless_reactive:cyclical:2,202.7,151.97,4
1788952085.068849,serverless_reactive:cyclical:2,157.9,162.15,4
1788952085.2711275,serverless_reactive:cyclical:2,29.6,165.0,4
1788952085.473417,serverless_reactive:cyclical:2,0.0,165.0,4
1788952085.6762853,serverless_reactive:cyclical:2,0.0,165.0,4
1788952085.8785346,serverless_reactive:cyclical:2,0.0,165.0,4
1788952086.0822127,serverless_reactive:cyclical:2,0.0,165.0,4
1788952086.2851675,serverless_reactive:cyclical:2,0.0,165.0,4
1788952086.4881732,serverless_reactive:cyclical:2,4.9,165.0,4
1788952086.6904492,serverless_reactive:cyclical:2,0.0,165.0,4
1788952086.8928213,serverless_reactive:cyclical:2,0.0,165.0,4
1788952087.0957694,serverless_reactive:cyclical:2,0.0,165.0,4
1788952087.2982633,serverless_reactive:cyclical:2,0.0,165.0,4
1788952087.500697,serverless_reactive:cyclical:2,0.0,165.0,4
1788952087.7033315,serverless_reactive:cyclical:2,0.0,165.0,4
1788952087.9057522,serverless_reactive:cyclical:2,0.0,165.0,4
1788952088.1086466,serverless_reactive:cyclical:2,0.0,165.0,4
1788952088.3109484,serverless_reactive:cyclical:2,0.0,165.0,4
1788952088.513125,serverless_reactive:cyclical:2,4.9,165.0,4
1788952088.7156417,serverless_reactive:cyclical:2,0.0,165.0,4
1788952088.9190683,serverless_reactive:cyclical:2,0.0,165.0,4
1788952089.1215987,serverless_reactive:cyclical:2,0.0,165.0,4
1788952089.3239362,serverless_reactive:cyclical:2,4.9,165.0,4
1788952089.5263815,serverless_reactive:cyclical:2,0.0,165.0,4
1788952089.7293236,serverless_reactive:cyclical:2,0.0,165.0,4
1788952089.9317617,serverless_reactive:cyclical:2,0.0,165.0,4
1788952090.1339638,serverless_reactive:cyclical:2,0.0,165.0,4
1788952090.3371084,serverless_reactive:cyclical:2,0.0,165.0,4
1788952090.5400796,serverless_reactive:cyclical:2,0.0,165.0,4
1788952090.742563,serverless_reactive:cyclical:2,0.0,165.0,4
1788952090.945058,serverless_reactive:cyclical:2,4.9,165.0,4
1788952091.1478224,serverless_reactive:cyclical:2,0.0,165.0,4
1788952091.3506737,serverless_reactive:cyclical:2,0.0,165.0,4
1788952091.5531824,serverless_reactive:cyclical:2,0.0,165.0,4
1788952091.7556908,serverless_reactive:cyclical:2,0.0,165.0,4
1788952091.9583354,serverless_reactive:cyclical:2,0.0,165.0,4
1788952092.1610048,serverless_reactive:cyclical:2,0.0,165.0,4
1788952092.3635366,serverless_reactive:cyclical:2,0.0,165.0,4
1788952092.5660386,serverless_reactive:cyclical:2,0.0,165.0,4
1788952092.7685838,serverless_reactive:cyclical:2,0.0,165.0,4
1788952092.971136,serverless_reactive:cyclical:2,0.0,165.0,4
1788952093.1738641,serverless_reactive:cyclical:2,4.9,165.0,4
1788952093.3765788,serverless_reactive:cyclical:2,0.0,122.43,3
1788952093.5798838,serverless_reactive:cyclical:2,19.6,131.92,4
1788952093.7839477,serverless_reactive:cyclical:2,191.1,153.18,4
1788952093.9863517,serverless_reactive:cyclical:2,148.2,165.05,4
1788952094.1888893,serverless_reactive:cyclical:2,0.0,165.05,4
1788952094.3915,serverless_reactive:cyclical:2,0.0,165.05,4
1788952094.5938613,serverless_reactive:cyclical:2,0.0,165.05,4
1788952094.7963772,serverless_reactive:cyclical:2,0.0,165.05,4
1788952094.9990923,serverless_reactive:cyclical:2,4.9,165.05,4
1788952095.20157,serverless_reactive:cyclical:2,4.9,165.05,4
1788952095.404049,serverless_reactive:cyclical:2,0.0,165.05,4
1788952095.606479,serverless_reactive:cyclical:2,0.0,165.05,4
1788952095.809058,serverless_reactive:cyclical:2,0.0,165.05,4
1788952096.0115297,serverless_reactive:cyclical:2,0.0,165.05,4
1788952096.2138617,serverless_reactive:cyclical:2,0.0,165.05,4
1788952096.4164126,serverless_reactive:cyclical:2,0.0,165.05,4
1788952096.6188598,serverless_reactive:cyclical:2,0.0,165.05,4
1788952096.8213933,serverless_reactive:cyclical:2,0.0,165.05,4
1788952097.023964,serverless_reactive:cyclical:2,0.0,165.05,4
1788952097.226335,serverless_reactive:cyclical:2,0.0,165.05,4
1788952097.4289412,serverless_reactive:cyclical:2,0.0,165.05,4
1788952097.631685,serverless_reactive:cyclical:2,0.0,165.05,4
1788952097.834052,serverless_reactive:cyclical:2,0.0,165.05,4
1788952098.0367038,serverless_reactive:cyclical:2,0.0,165.05,4
1788952098.2396135,serverless_reactive:cyclical:2,4.9,165.05,4
1788952098.4422483,serverless_reactive:cyclical:2,0.0,165.05,4
1788952098.6449003,serverless_reactive:cyclical:2,0.0,165.05,4
1788952098.847709,serverless_reactive:cyclical:2,0.0,165.05,4
1788952099.0501933,serverless_reactive:cyclical:2,0.0,165.05,4
1788952099.2528253,serverless_reactive:cyclical:2,0.0,165.05,4
1788952099.4553478,serverless_reactive:cyclical:2,0.0,165.05,4
1788952099.657794,serverless_reactive:cyclical:2,0.0,165.05,4
1788952099.860465,serverless_reactive:cyclical:2,0.0,165.05,4
1788952100.0631232,serverless_reactive:cyclical:2,0.0,165.05,4
1788952100.2654953,serverless_reactive:cyclical:2,0.0,165.05,4
1788952100.4679072,serverless_reactive:cyclical:2,0.0,165.05,4
1788952100.6703184,serverless_reactive:cyclical:2,4.9,165.05,4
1788952100.872815,serverless_reactive:cyclical:2,0.0,165.05,4
1788952101.075179,serverless_reactive:cyclical:2,4.9,165.05,4
1788952101.277839,serverless_reactive:cyclical:2,0.0,165.05,4
1788952101.480269,serverless_reactive:cyclical:2,0.0,165.05,4
1788952101.6828372,serverless_reactive:cyclical:2,0.0,165.05,4
1788952101.8853304,serverless_reactive:cyclical:2,0.0,122.53,3
1788952102.0881047,serverless_reactive:cyclical:2,0.0,122.53,3
1788952102.290637,serverless_reactive:cyclical:2,9.8,79.97,3
1788952102.4930356,serverless_reactive:cyclical:2,4.9,37.37,1
1788952102.695119,serverless_reactive:cyclical:2,0.0,37.37,1
1788952102.8976076,serverless_reactive:cyclical:2,0.0,37.37,1
1788952103.1005433,serverless_reactive:cyclical:2,0.0,37.37,1
1788952103.302797,serverless_reactive:cyclical:2,0.0,37.37,1
1788952103.5048556,serverless_reactive:cyclical:2,0.0,37.37,1
1788952103.716031,serverless_reactive:cyclical:2,4.7,93.05,4
1788952103.918656,serverless_reactive:cyclical:2,197.4,129.18,4
1788952104.1279113,serverless_reactive:cyclical:2,200.8,147.03,4
1788952104.3349264,serverless_reactive:cyclical:2,193.3,159.83,4
1788952104.537661,serverless_reactive:cyclical:2,64.1,165.24,4
1788952104.7401507,serverless_reactive:cyclical:2,0.0,165.24,4
1788952104.942788,serverless_reactive:cyclical:2,0.0,165.24,4
1788952105.1459148,serverless_reactive:cyclical:2,0.0,165.24,4
1788952105.3485293,serverless_reactive:cyclical:2,4.9,165.24,4
1788952105.551021,serverless_reactive:cyclical:2,4.9,165.24,4
1788952105.7541904,serverless_reactive:cyclical:2,0.0,165.24,4
1788952105.956746,serverless_reactive:cyclical:2,0.0,165.24,4
1788952106.1593637,serverless_reactive:cyclical:2,4.9,165.24,4
1788952106.361914,serverless_reactive:cyclical:2,0.0,165.24,4
1788952106.564699,serverless_reactive:cyclical:2,0.0,165.24,4
1788952106.7670538,serverless_reactive:cyclical:2,0.0,165.24,4
1788952106.9696543,serverless_reactive:cyclical:2,0.0,165.24,4
1788952107.1730092,serverless_reactive:cyclical:2,0.0,165.24,4
1788952107.3757775,serverless_reactive:cyclical:2,4.9,165.24,4
1788952107.5783567,serverless_reactive:cyclical:2,0.0,165.24,4
1788952107.7810686,serverless_reactive:cyclical:2,0.0,165.24,4
1788952107.9837303,serverless_reactive:cyclical:2,0.0,165.24,4
1788952108.1868296,serverless_reactive:cyclical:2,0.0,165.24,4
1788952108.3899589,serverless_reactive:cyclical:2,0.0,165.24,4
1788952108.5931034,serverless_reactive:cyclical:2,0.0,165.24,4
1788952108.7958534,serverless_reactive:cyclical:2,0.0,165.24,4
1788952108.9982529,serverless_reactive:cyclical:2,0.0,165.25,4
1788952109.2007203,serverless_reactive:cyclical:2,0.0,165.25,4
1788952109.4029238,serverless_reactive:cyclical:2,0.0,165.25,4
1788952109.6054428,serverless_reactive:cyclical:2,0.0,165.25,4
1788952109.8077424,serverless_reactive:cyclical:2,9.8,165.25,4
1788952110.010363,serverless_reactive:cyclical:2,0.0,165.25,4
1788952110.2127562,serverless_reactive:cyclical:2,0.0,165.25,4
1788952110.4150186,serverless_reactive:cyclical:2,0.0,165.25,4
1788952110.6176178,serverless_reactive:cyclical:2,4.9,165.25,4
1788952110.821026,serverless_reactive:cyclical:2,0.0,165.25,4
1788952111.023686,serverless_reactive:cyclical:2,0.0,165.25,4
1788952111.2260008,serverless_reactive:cyclical:2,0.0,165.25,4
1788952111.428406,serverless_reactive:cyclical:2,0.0,165.25,4
1788952111.6308517,serverless_reactive:cyclical:2,0.0,165.25,4
1788952111.833609,serverless_reactive:cyclical:2,0.0,165.25,4
1788952112.0365176,serverless_reactive:cyclical:2,0.0,165.25,4
1788952112.2386777,serverless_reactive:cyclical:2,4.9,165.25,4
1788952112.4409735,serverless_reactive:cyclical:2,0.0,165.25,4
1788952112.6438527,serverless_reactive:cyclical:2,0.0,165.25,4
1788952112.8466384,serverless_reactive:cyclical:2,0.0,122.64,3
1788952113.048919,serverless_reactive:cyclical:2,9.8,37.43,2
1788952113.2510872,serverless_reactive:cyclical:2,0.0,37.43,1
1788952113.4529831,serverless_reactive:cyclical:2,0.0,37.43,1
1788952113.6559217,serverless_reactive:cyclical:2,0.0,37.43,1
1788952113.858259,serverless_reactive:cyclical:2,0.0,37.43,1
1788952114.0654259,serverless_reactive:cyclical:2,4.8,107.85,4
1788952114.2681289,serverless_reactive:cyclical:2,197.3,138.24,4
1788952114.470205,serverless_reactive:cyclical:2,197.9,150.21,4
1788952114.6728806,serverless_reactive:cyclical:2,167.8,163.12,4
1788952115.514467,serverless_reactive:cyclical:3,0.0,36.62,1
1788952115.7164524,serverless_reactive:cyclical:3,0.0,36.62,1
1788952115.9185584,serverless_reactive:cyclical:3,0.0,36.62,1
1788952116.120606,serverless_reactive:cyclical:3,0.0,36.62,1
1788952116.3229597,serverless_reactive:cyclical:3,0.0,36.62,1
1788952116.5248468,serverless_reactive:cyclical:3,0.0,36.62,1
1788952116.7267945,serverless_reactive:cyclical:3,0.0,36.62,1
1788952116.929128,serverless_reactive:cyclical:3,0.0,36.62,1
1788952117.1310844,serverless_reactive:cyclical:3,0.0,36.62,1
1788952117.3329782,serverless_reactive:cyclical:3,0.0,36.62,1
1788952117.535159,serverless_reactive:cyclical:3,0.0,36.62,1
1788952117.737336,serverless_reactive:cyclical:3,0.0,36.62,1
1788952117.9397151,serverless_reactive:cyclical:3,0.0,36.62,1
1788952118.1427295,serverless_reactive:cyclical:3,4.9,36.62,1
1788952118.3451242,serverless_reactive:cyclical:3,0.0,36.62,1
1788952118.5470889,serverless_reactive:cyclical:3,0.0,36.62,1
1788952118.7491055,serverless_reactive:cyclical:3,0.0,36.62,1
1788952118.951894,serverless_reactive:cyclical:3,0.0,36.62,1
1788952119.153993,serverless_reactive:cyclical:3,0.0,36.62,1
1788952119.3560243,serverless_reactive:cyclical:3,0.0,36.62,1
1788952119.5580888,serverless_reactive:cyclical:3,0.0,36.62,1
1788952119.7600827,serverless_reactive:cyclical:3,0.0,36.62,1
1788952119.962003,serverless_reactive:cyclical:3,0.0,36.62,1
1788952120.1640325,serverless_reactive:cyclical:3,0.0,36.62,1
1788952120.3660054,serverless_reactive:cyclical:3,0.0,36.62,1
1788952120.5680614,serverless_reactive:cyclical:3,0.0,36.62,1
1788952120.7703185,serverless_reactive:cyclical:3,0.0,36.62,1
1788952120.9733038,serverless_reactive:cyclical:3,0.0,36.62,1
1788952121.1754892,serverless_reactive:cyclical:3,0.0,36.62,1
1788952121.3776414,serverless_reactive:cyclical:3,0.0,36.62,1
1788952121.5797071,serverless_reactive:cyclical:3,0.0,36.62,1
1788952121.7816896,serverless_reactive:cyclical:3,0.0,36.62,1
1788952121.98435,serverless_reactive:cyclical:3,0.0,36.62,1
1788952122.1876984,serverless_reactive:cyclical:3,0.0,36.62,1
1788952122.3901513,serverless_reactive:cyclical:3,0.0,36.62,1
1788952122.5923674,serverless_reactive:cyclical:3,0.0,36.62,1
1788952122.7951877,serverless_reactive:cyclical:3,0.0,36.62,1
1788952122.9986036,serverless_reactive:cyclical:3,0.0,36.62,1
1788952123.2018714,serverless_reactive:cyclical:3,0.0,36.62,1
1788952123.4044893,serverless_reactive:cyclical:3,0.0,36.62,1
1788952123.6066804,serverless_reactive:cyclical:3,0.0,36.62,1
1788952123.8087535,serverless_reactive:cyclical:3,0.0,36.62,1
1788952124.0108914,serverless_reactive:cyclical:3,0.0,36.62,1
1788952124.2136197,serverless_reactive:cyclical:3,0.0,36.62,1
1788952124.4157984,serverless_reactive:cyclical:3,0.0,36.62,1
1788952124.6177335,serverless_reactive:cyclical:3,0.0,36.62,1
1788952124.8254185,serverless_reactive:cyclical:3,4.8,83.77,4
1788952125.0320232,serverless_reactive:cyclical:3,193.6,126.53,4
1788952125.2403345,serverless_reactive:cyclical:3,206.4,143.86,4
1788952125.445627,serverless_reactive:cyclical:3,190.0,158.73,4
1788952125.6481256,serverless_reactive:cyclical:3,103.7,164.86,4
1788952125.8501995,serverless_reactive:cyclical:3,0.0,164.86,4
1788952126.0532162,serverless_reactive:cyclical:3,0.0,164.86,4
1788952126.2559812,serverless_reactive:cyclical:3,4.9,164.86,4
1788952126.4583871,serverless_reactive:cyclical:3,0.0,164.86,4
1788952126.6611512,serverless_reactive:cyclical:3,0.0,164.86,4
1788952126.864181,serverless_reactive:cyclical:3,0.0,164.86,4
1788952127.0664413,serverless_reactive:cyclical:3,0.0,164.86,4
1788952127.268844,serverless_reactive:cyclical:3,0.0,164.86,4
1788952127.4727514,serverless_reactive:cyclical:3,0.0,164.86,4
1788952127.675252,serverless_reactive:cyclical:3,0.0,164.86,4
1788952127.8781419,serverless_reactive:cyclical:3,0.0,164.86,4
1788952128.0807185,serverless_reactive:cyclical:3,0.0,164.86,4
1788952128.283658,serverless_reactive:cyclical:3,0.0,164.86,4
1788952128.4865103,serverless_reactive:cyclical:3,0.0,164.86,4
1788952128.6890213,serverless_reactive:cyclical:3,0.0,164.86,4
1788952128.8915792,serverless_reactive:cyclical:3,0.0,164.86,4
1788952129.0944443,serverless_reactive:cyclical:3,0.0,164.86,4
1788952129.2968085,serverless_reactive:cyclical:3,4.9,164.86,4
1788952129.4991767,serverless_reactive:cyclical:3,0.0,164.86,4
1788952129.7014897,serverless_reactive:cyclical:3,0.0,164.86,4
1788952129.903976,serverless_reactive:cyclical:3,4.9,164.86,4
1788952130.1064065,serverless_reactive:cyclical:3,0.0,164.86,4
1788952130.3087618,serverless_reactive:cyclical:3,0.0,164.86,4
1788952130.5111327,serverless_reactive:cyclical:3,0.0,164.86,4
1788952130.7133942,serverless_reactive:cyclical:3,0.0,164.87,4
1788952130.915903,serverless_reactive:cyclical:3,0.0,164.87,4
1788952131.1181703,serverless_reactive:cyclical:3,0.0,164.87,4
1788952131.3208153,serverless_reactive:cyclical:3,0.0,164.87,4
1788952131.5230558,serverless_reactive:cyclical:3,0.0,164.87,4
1788952131.7251258,serverless_reactive:cyclical:3,0.0,164.87,4
1788952131.9274457,serverless_reactive:cyclical:3,0.0,164.87,4
1788952132.129671,serverless_reactive:cyclical:3,0.0,164.87,4
1788952132.3325016,serverless_reactive:cyclical:3,0.0,164.87,4
1788952132.53475,serverless_reactive:cyclical:3,4.9,164.87,4
1788952132.7370255,serverless_reactive:cyclical:3,0.0,164.87,4
1788952132.939354,serverless_reactive:cyclical:3,0.0,164.87,4
1788952133.142236,serverless_reactive:cyclical:3,0.0,164.87,4
1788952133.344646,serverless_reactive:cyclical:3,0.0,164.87,4
1788952133.5468051,serverless_reactive:cyclical:3,0.0,164.87,4
1788952133.7490497,serverless_reactive:cyclical:3,0.0,164.87,4
1788952133.9513652,serverless_reactive:cyclical:3,4.9,122.35,4
1788952134.1535714,serverless_reactive:cyclical:3,0.0,79.63,2
1788952134.3560917,serverless_reactive:cyclical:3,0.0,37.12,1
1788952134.5584223,serverless_reactive:cyclical:3,0.0,37.12,1
1788952134.7609885,serverless_reactive:cyclical:3,0.0,37.12,1
1788952134.9640307,serverless_reactive:cyclical:3,0.0,37.12,1
1788952135.1669626,serverless_reactive:cyclical:3,4.9,91.46,4
1788952135.373032,serverless_reactive:cyclical:3,194.1,129.54,4
1788952135.579559,serverless_reactive:cyclical:3,198.9,147.02,4
1788952135.781695,serverless_reactive:cyclical:3,197.6,159.3,4
1788952135.9847488,serverless_reactive:cyclical:3,64.1,164.92,4
1788952136.1869047,serverless_reactive:cyclical:3,0.0,164.92,4
1788952136.3895822,serverless_reactive:cyclical:3,0.0,164.92,4
1788952136.592164,serverless_reactive:cyclical:3,0.0,164.92,4
1788952136.7950468,serverless_reactive:cyclical:3,0.0,164.92,4
1788952136.9980633,serverless_reactive:cyclical:3,0.0,164.92,4
1788952137.2004511,serverless_reactive:cyclical:3,0.0,164.92,4
1788952137.4045868,serverless_reactive:cyclical:3,0.0,164.92,4
1788952137.6067924,serverless_reactive:cyclical:3,0.0,164.92,4
1788952137.8091629,serverless_reactive:cyclical:3,0.0,164.92,4
1788952138.01166,serverless_reactive:cyclical:3,4.9,164.92,4
1788952138.213991,serverless_reactive:cyclical:3,4.9,164.92,4
1788952138.417393,serverless_reactive:cyclical:3,0.0,164.92,4
1788952138.6197832,serverless_reactive:cyclical:3,0.0,164.92,4
1788952138.8228803,serverless_reactive:cyclical:3,0.0,164.92,4
1788952139.0254757,serverless_reactive:cyclical:3,0.0,164.92,4
1788952139.2284384,serverless_reactive:cyclical:3,0.0,164.92,4
1788952139.430725,serverless_reactive:cyclical:3,0.0,164.92,4
1788952139.6329725,serverless_reactive:cyclical:3,0.0,164.92,4
1788952139.835334,serverless_reactive:cyclical:3,0.0,164.92,4
1788952140.0376387,serverless_reactive:cyclical:3,4.9,164.92,4
1788952140.2400434,serverless_reactive:cyclical:3,0.0,164.92,4
1788952140.4424262,serverless_reactive:cyclical:3,0.0,164.92,4
1788952140.6449811,serverless_reactive:cyclical:3,0.0,164.92,4
1788952140.8473973,serverless_reactive:cyclical:3,0.0,164.92,4
1788952141.0497713,serverless_reactive:cyclical:3,4.9,164.92,4
1788952141.252287,serverless_reactive:cyclical:3,0.0,164.92,4
1788952141.4545963,serverless_reactive:cyclical:3,0.0,164.92,4
1788952141.657888,serverless_reactive:cyclical:3,0.0,164.92,4
1788952141.8603392,serverless_reactive:cyclical:3,0.0,164.92,4
1788952142.0626533,serverless_reactive:cyclical:3,0.0,164.92,4
1788952142.264919,serverless_reactive:cyclical:3,0.0,164.92,4
1788952142.4671464,serverless_reactive:cyclical:3,0.0,164.92,4
1788952142.6701813,serverless_reactive:cyclical:3,0.0,164.92,4
1788952142.8725154,serverless_reactive:cyclical:3,4.9,164.92,4
1788952143.0748262,serverless_reactive:cyclical:3,0.0,164.92,4
1788952143.2771661,serverless_reactive:cyclical:3,4.9,164.92,4
1788952143.4799383,serverless_reactive:cyclical:3,0.0,164.92,4
1788952143.6822445,serverless_reactive:cyclical:3,0.0,164.92,4
1788952143.8848794,serverless_reactive:cyclical:3,0.0,164.92,4
1788952144.0877519,serverless_reactive:cyclical:3,0.0,164.92,4
1788952144.2906682,serverless_reactive:cyclical:3,0.0,122.36,3
1788952144.4973743,serverless_reactive:cyclical:3,4.8,121.0,5
1788952144.7038047,serverless_reactive:cyclical:3,184.1,127.07,4
1788952144.9059942,serverless_reactive:cyclical:3,192.8,146.18,4
1788952145.1088228,serverless_reactive:cyclical:3,192.2,159.93,4
1788952145.3110404,serverless_reactive:cyclical:3,49.3,164.95,4
1788952145.5134432,serverless_reactive:cyclical:3,0.0,164.95,4
1788952145.7157555,serverless_reactive:cyclical:3,0.0,164.95,4
1788952145.9178889,serverless_reactive:cyclical:3,0.0,164.95,4
1788952146.12013,serverless_reactive:cyclical:3,0.0,164.95,4
1788952146.32261,serverless_reactive:cyclical:3,0.0,164.95,4
1788952146.5249116,serverless_reactive:cyclical:3,0.0,164.95,4
1788952146.7271807,serverless_reactive:cyclical:3,0.0,164.95,4
1788952146.9299345,serverless_reactive:cyclical:3,0.0,164.95,4
1788952147.1322136,serverless_reactive:cyclical:3,0.0,164.95,4
1788952147.3349984,serverless_reactive:cyclical:3,0.0,164.95,4
1788952147.5371604,serverless_reactive:cyclical:3,0.0,164.95,4
1788952147.7396362,serverless_reactive:cyclical:3,0.0,164.95,4
1788952147.9419749,serverless_reactive:cyclical:3,0.0,164.95,4
1788952148.1442592,serverless_reactive:cyclical:3,4.9,164.95,4
1788952148.346516,serverless_reactive:cyclical:3,0.0,164.95,4
1788952148.5488234,serverless_reactive:cyclical:3,0.0,164.95,4
1788952148.7511752,serverless_reactive:cyclical:3,0.0,164.95,4
1788952148.953805,serverless_reactive:cyclical:3,0.0,164.95,4
1788952149.1569877,serverless_reactive:cyclical:3,0.0,164.95,4
1788952149.3594642,serverless_reactive:cyclical:3,0.0,164.95,4
1788952149.561758,serverless_reactive:cyclical:3,4.9,164.95,4
1788952149.7642632,serverless_reactive:cyclical:3,0.0,164.95,4
1788952149.9666007,serverless_reactive:cyclical:3,0.0,164.95,4
1788952150.168847,serverless_reactive:cyclical:3,0.0,164.95,4
1788952150.3711035,serverless_reactive:cyclical:3,0.0,164.95,4
1788952150.573511,serverless_reactive:cyclical:3,0.0,164.95,4
1788952150.7757406,serverless_reactive:cyclical:3,0.0,164.95,4
1788952150.9779115,serverless_reactive:cyclical:3,0.0,164.95,4
1788952151.1804857,serverless_reactive:cyclical:3,0.0,164.95,4
1788952151.3830714,serverless_reactive:cyclical:3,0.0,164.95,4
1788952151.5856097,serverless_reactive:cyclical:3,0.0,164.95,4
1788952151.7880497,serverless_reactive:cyclical:3,0.0,164.95,4
1788952151.9904413,serverless_reactive:cyclical:3,4.9,164.95,4
1788952152.1928923,serverless_reactive:cyclical:3,0.0,164.95,4
1788952152.3953729,serverless_reactive:cyclical:3,0.0,164.95,4
1788952152.5981772,serverless_reactive:cyclical:3,0.0,164.95,4
1788952152.8007622,serverless_reactive:cyclical:3,4.9,164.95,4
1788952153.0035388,serverless_reactive:cyclical:3,0.0,164.95,4
1788952153.2060447,serverless_reactive:cyclical:3,4.9,164.95,4
1788952153.4085803,serverless_reactive:cyclical:3,0.0,164.95,4
1788952153.6110349,serverless_reactive:cyclical:3,4.9,79.82,3
1788952153.8134015,serverless_reactive:cyclical:3,0.0,37.3,1
1788952154.0160174,serverless_reactive:cyclical:3,0.0,37.3,1
1788952154.2188282,serverless_reactive:cyclical:3,4.9,82.94,4
1788952154.4209878,serverless_reactive:cyclical:3,192.8,129.16,4
1788952154.627527,serverless_reactive:cyclical:3,200.1,145.54,4
1788952154.8300815,serverless_reactive:cyclical:3,196.2,157.88,4
1788952155.0328875,serverless_reactive:cyclical:3,78.9,164.96,4
1788952155.2355256,serverless_reactive:cyclical:3,4.9,164.96,4
1788952155.4379478,serverless_reactive:cyclical:3,0.0,164.96,4
1788952155.6407263,serverless_reactive:cyclical:3,0.0,164.96,4
1788952155.8431315,serverless_reactive:cyclical:3,0.0,164.96,4
1788952156.0453017,serverless_reactive:cyclical:3,0.0,164.96,4
1788952156.2478848,serverless_reactive:cyclical:3,0.0,164.96,4
1788952156.4504614,serverless_reactive:cyclical:3,0.0,164.96,4
1788952156.6529517,serverless_reactive:cyclical:3,0.0,164.96,4
1788952156.8560092,serverless_reactive:cyclical:3,0.0,164.96,4
1788952157.0584984,serverless_reactive:cyclical:3,0.0,164.96,4
1788952157.2611587,serverless_reactive:cyclical:3,0.0,164.96,4
1788952157.463761,serverless_reactive:cyclical:3,0.0,164.96,4
1788952157.6662145,serverless_reactive:cyclical:3,0.0,164.96,4
1788952157.8687706,serverless_reactive:cyclical:3,0.0,164.96,4
1788952158.0715349,serverless_reactive:cyclical:3,0.0,164.96,4
1788952158.2739592,serverless_reactive:cyclical:3,0.0,164.96,4
1788952158.4764469,serverless_reactive:cyclical:3,0.0,164.96,4
1788952158.6792827,serverless_reactive:cyclical:3,4.9,164.96,4
1788952158.881784,serverless_reactive:cyclical:3,0.0,164.96,4
1788952159.084301,serverless_reactive:cyclical:3,0.0,164.96,4
1788952159.286713,serverless_reactive:cyclical:3,0.0,164.96,4
1788952159.4890347,serverless_reactive:cyclical:3,0.0,164.96,4
1788952159.6915317,serverless_reactive:cyclical:3,0.0,164.96,4
1788952159.8938656,serverless_reactive:cyclical:3,0.0,164.96,4
1788952160.0962663,serverless_reactive:cyclical:3,4.9,164.96,4
1788952160.298731,serverless_reactive:cyclical:3,0.0,164.96,4
1788952160.501232,serverless_reactive:cyclical:3,0.0,164.96,4
1788952160.7037706,serverless_reactive:cyclical:3,4.9,164.96,4
1788952160.906177,serverless_reactive:cyclical:3,0.0,164.96,4
1788952161.1086457,serverless_reactive:cyclical:3,0.0,164.96,4
1788952161.3109496,serverless_reactive:cyclical:3,0.0,164.96,4
1788952161.5133529,serverless_reactive:cyclical:3,0.0,164.96,4
1788952161.7156959,serverless_reactive:cyclical:3,0.0,164.96,4
1788952161.9180129,serverless_reactive:cyclical:3,0.0,164.96,4
1788952162.1209357,serverless_reactive:cyclical:3,4.9,164.96,4
1788952162.3234427,serverless_reactive:cyclical:3,0.0,164.96,4
1788952162.525993,serverless_reactive:cyclical:3,0.0,164.96,4
1788952162.728444,serverless_reactive:cyclical:3,0.0,164.96,4
1788952162.9309144,serverless_reactive:cyclical:3,0.0,164.96,4
1788952163.1332576,serverless_reactive:cyclical:3,0.0,164.96,4
1788952163.3356805,serverless_reactive:cyclical:3,0.0,122.44,3
1788952163.5443485,serverless_reactive:cyclical:3,14.4,95.88,5
1788952163.7519608,serverless_reactive:cyclical:3,197.4,131.31,4
1788952163.9572654,serverless_reactive:cyclical:3,194.9,148.34,4
1788952164.163753,serverless_reactive:cyclical:3,188.9,161.79,4
1788952165.036778,serverless_reactive:cyclical:4,0.0,36.66,1
1788952165.239586,serverless_reactive:cyclical:4,0.0,36.66,1
1788952165.4420884,serverless_reactive:cyclical:4,0.0,36.66,1
1788952165.644548,serverless_reactive:cyclical:4,0.0,36.66,1
1788952165.8476613,serverless_reactive:cyclical:4,0.0,36.66,1
1788952166.0505855,serverless_reactive:cyclical:4,0.0,36.66,1
1788952166.2528868,serverless_reactive:cyclical:4,0.0,36.66,1
1788952166.4550889,serverless_reactive:cyclical:4,0.0,36.66,1
1788952166.6571696,serverless_reactive:cyclical:4,0.0,36.66,1
1788952166.8593974,serverless_reactive:cyclical:4,0.0,36.66,1
1788952167.061478,serverless_reactive:cyclical:4,0.0,36.66,1
1788952167.2637668,serverless_reactive:cyclical:4,0.0,36.66,1
1788952167.4659607,serverless_reactive:cyclical:4,0.0,36.66,1
1788952167.6687467,serverless_reactive:cyclical:4,0.0,36.66,1
1788952167.8708954,serverless_reactive:cyclical:4,0.0,36.66,1
1788952168.074212,serverless_reactive:cyclical:4,0.0,36.66,1
1788952168.2764895,serverless_reactive:cyclical:4,0.0,36.66,1
1788952168.4786856,serverless_reactive:cyclical:4,0.0,36.66,1
1788952168.6809065,serverless_reactive:cyclical:4,0.0,36.66,1
1788952168.8831742,serverless_reactive:cyclical:4,0.0,36.66,1
1788952169.0852137,serverless_reactive:cyclical:4,0.0,36.66,1
1788952169.2879786,serverless_reactive:cyclical:4,0.0,36.66,1
1788952169.4901106,serverless_reactive:cyclical:4,0.0,36.66,1
1788952169.6923077,serverless_reactive:cyclical:4,0.0,36.66,1
1788952169.8944094,serverless_reactive:cyclical:4,0.0,36.66,1
1788952170.0966084,serverless_reactive:cyclical:4,0.0,36.66,1
1788952170.2986887,serverless_reactive:cyclical:4,0.0,36.66,1
1788952170.5007982,serverless_reactive:cyclical:4,0.0,36.66,1
1788952170.7030652,serverless_reactive:cyclical:4,0.0,36.66,1
1788952170.9053993,serverless_reactive:cyclical:4,0.0,36.66,1
1788952171.1088207,serverless_reactive:cyclical:4,0.0,36.66,1
1788952171.310964,serverless_reactive:cyclical:4,0.0,36.66,1
1788952171.513115,serverless_reactive:cyclical:4,0.0,36.66,1
1788952171.7153208,serverless_reactive:cyclical:4,0.0,36.66,1
1788952171.9176376,serverless_reactive:cyclical:4,0.0,36.66,1
1788952172.1203065,serverless_reactive:cyclical:4,0.0,36.66,1
1788952172.3223703,serverless_reactive:cyclical:4,0.0,36.66,1
1788952172.5245426,serverless_reactive:cyclical:4,0.0,36.66,1
1788952172.7269044,serverless_reactive:cyclical:4,0.0,36.66,1
1788952172.9288723,serverless_reactive:cyclical:4,0.0,36.66,1
1788952173.1320956,serverless_reactive:cyclical:4,0.0,36.66,1
1788952173.336184,serverless_reactive:cyclical:4,0.0,36.66,1
1788952173.5384793,serverless_reactive:cyclical:4,0.0,36.66,1
1788952173.7405841,serverless_reactive:cyclical:4,0.0,36.66,1
1788952173.9476216,serverless_reactive:cyclical:4,231.7,56.66,4
1788952174.1559055,serverless_reactive:cyclical:4,192.0,115.32,4
1788952174.3580377,serverless_reactive:cyclical:4,188.1,140.81,4
1788952174.5602212,serverless_reactive:cyclical:4,192.9,150.89,4
1788952174.7628958,serverless_reactive:cyclical:4,167.7,164.74,4
1788952174.9664762,serverless_reactive:cyclical:4,4.9,164.75,4
1788952175.168871,serverless_reactive:cyclical:4,0.0,164.75,4
1788952175.371133,serverless_reactive:cyclical:4,0.0,164.75,4
1788952175.5733404,serverless_reactive:cyclical:4,0.0,164.75,4
1788952175.7756534,serverless_reactive:cyclical:4,0.0,164.75,4
1788952175.9779634,serverless_reactive:cyclical:4,0.0,164.75,4
1788952176.1812985,serverless_reactive:cyclical:4,0.0,164.75,4
1788952176.3836765,serverless_reactive:cyclical:4,0.0,164.75,4
1788952176.5859745,serverless_reactive:cyclical:4,0.0,164.75,4
1788952176.7882555,serverless_reactive:cyclical:4,0.0,164.75,4
1788952176.990502,serverless_reactive:cyclical:4,0.0,164.75,4
1788952177.1928825,serverless_reactive:cyclical:4,0.0,164.75,4
1788952177.3953319,serverless_reactive:cyclical:4,0.0,164.75,4
1788952177.597641,serverless_reactive:cyclical:4,0.0,164.75,4
1788952177.8004048,serverless_reactive:cyclical:4,4.9,164.75,4
1788952178.0026636,serverless_reactive:cyclical:4,0.0,164.75,4
1788952178.2049377,serverless_reactive:cyclical:4,0.0,164.75,4
1788952178.4074595,serverless_reactive:cyclical:4,0.0,164.75,4
1788952178.609663,serverless_reactive:cyclical:4,0.0,164.75,4
1788952178.8120303,serverless_reactive:cyclical:4,0.0,164.75,4
1788952179.0143318,serverless_reactive:cyclical:4,4.9,164.75,4
1788952179.2166328,serverless_reactive:cyclical:4,4.9,164.75,4
1788952179.4188654,serverless_reactive:cyclical:4,0.0,164.75,4
1788952179.6211207,serverless_reactive:cyclical:4,0.0,164.75,4
1788952179.823562,serverless_reactive:cyclical:4,0.0,164.75,4
1788952180.0258496,serverless_reactive:cyclical:4,0.0,164.75,4
1788952180.2283247,serverless_reactive:cyclical:4,0.0,164.75,4
1788952180.432252,serverless_reactive:cyclical:4,0.0,164.75,4
1788952180.6346095,serverless_reactive:cyclical:4,0.0,164.75,4
1788952180.836917,serverless_reactive:cyclical:4,0.0,164.75,4
1788952181.0396197,serverless_reactive:cyclical:4,0.0,164.75,4
1788952181.2418718,serverless_reactive:cyclical:4,0.0,164.75,4
1788952181.4443326,serverless_reactive:cyclical:4,0.0,164.75,4
1788952181.646684,serverless_reactive:cyclical:4,0.0,164.75,4
1788952181.8490803,serverless_reactive:cyclical:4,0.0,164.75,4
1788952182.0514972,serverless_reactive:cyclical:4,0.0,164.75,4
1788952182.253688,serverless_reactive:cyclical:4,0.0,164.75,4
1788952182.4561827,serverless_reactive:cyclical:4,0.0,164.75,4
1788952182.65879,serverless_reactive:cyclical:4,0.0,164.75,4
1788952182.8611987,serverless_reactive:cyclical:4,4.9,164.84,4
1788952183.064487,serverless_reactive:cyclical:4,0.0,122.29,3
1788952183.2677777,serverless_reactive:cyclical:4,0.0,79.73,2
1788952183.4710858,serverless_reactive:cyclical:4,0.0,37.16,1
1788952183.673995,serverless_reactive:cyclical:4,0.0,37.16,1
1788952183.8762033,serverless_reactive:cyclical:4,0.0,37.16,1
1788952184.0812855,serverless_reactive:cyclical:4,4.9,106.08,4
1788952184.287527,serverless_reactive:cyclical:4,199.0,138.77,4
1788952184.493038,serverless_reactive:cyclical:4,199.4,152.45,4
1788952184.6953335,serverless_reactive:cyclical:4,158.3,164.86,4
1788952184.8983705,serverless_reactive:cyclical:4,4.9,164.98,4
1788952185.101246,serverless_reactive:cyclical:4,0.0,164.98,4
1788952185.3034244,serverless_reactive:cyclical:4,0.0,164.98,4
1788952185.505668,serverless_reactive:cyclical:4,0.0,164.98,4
1788952185.7080953,serverless_reactive:cyclical:4,9.8,164.98,4
1788952185.9103975,serverless_reactive:cyclical:4,0.0,164.98,4
1788952186.1127932,serverless_reactive:cyclical:4,0.0,164.98,4
1788952186.3150868,serverless_reactive:cyclical:4,4.9,164.98,4
1788952186.5172513,serverless_reactive:cyclical:4,0.0,164.98,4
1788952186.7197587,serverless_reactive:cyclical:4,0.0,164.98,4
1788952186.9221437,serverless_reactive:cyclical:4,0.0,164.98,4
1788952187.1247451,serverless_reactive:cyclical:4,0.0,164.98,4
1788952187.3269768,serverless_reactive:cyclical:4,0.0,164.98,4
1788952187.5292747,serverless_reactive:cyclical:4,0.0,164.98,4
1788952187.731819,serverless_reactive:cyclical:4,0.0,164.98,4
1788952187.934099,serverless_reactive:cyclical:4,0.0,164.98,4
1788952188.1364262,serverless_reactive:cyclical:4,0.0,164.98,4
1788952188.338726,serverless_reactive:cyclical:4,4.9,164.98,4
1788952188.5409694,serverless_reactive:cyclical:4,0.0,164.98,4
1788952188.743675,serverless_reactive:cyclical:4,0.0,164.98,4
1788952188.9464333,serverless_reactive:cyclical:4,0.0,164.98,4
1788952189.1486757,serverless_reactive:cyclical:4,0.0,164.98,4
1788952189.3509958,serverless_reactive:cyclical:4,0.0,164.98,4
1788952189.5531518,serverless_reactive:cyclical:4,0.0,164.98,4
1788952189.7554379,serverless_reactive:cyclical:4,0.0,164.98,4
1788952189.9576535,serverless_reactive:cyclical:4,0.0,164.98,4
1788952190.1602893,serverless_reactive:cyclical:4,0.0,164.98,4
1788952190.3626199,serverless_reactive:cyclical:4,0.0,164.98,4
1788952190.5648494,serverless_reactive:cyclical:4,0.0,164.98,4
1788952190.7674747,serverless_reactive:cyclical:4,0.0,164.98,4
1788952190.969767,serverless_reactive:cyclical:4,4.9,164.98,4
1788952191.1721597,serverless_reactive:cyclical:4,0.0,164.98,4
1788952191.3744414,serverless_reactive:cyclical:4,0.0,164.98,4
1788952191.5777535,serverless_reactive:cyclical:4,0.0,164.98,4
1788952191.780235,serverless_reactive:cyclical:4,0.0,164.98,4
1788952191.9824376,serverless_reactive:cyclical:4,4.9,164.98,4
1788952192.1847224,serverless_reactive:cyclical:4,0.0,164.98,4
1788952192.3869085,serverless_reactive:cyclical:4,0.0,164.98,4
1788952192.5896995,serverless_reactive:cyclical:4,0.0,164.98,4
1788952192.7920105,serverless_reactive:cyclical:4,0.0,164.98,4
1788952192.9942229,serverless_reactive:cyclical:4,0.0,164.98,4
1788952193.196539,serverless_reactive:cyclical:4,0.0,79.86,3
1788952193.3986325,serverless_reactive:cyclical:4,4.9,79.86,2
1788952193.6006532,serverless_reactive:cyclical:4,4.9,37.3,1
1788952193.8034744,serverless_reactive:cyclical:4,0.0,37.3,1
1788952194.0054832,serverless_reactive:cyclical:4,0.0,37.3,1
1788952194.2075546,serverless_reactive:cyclical:4,0.0,37.3,1
1788952194.4096422,serverless_reactive:cyclical:4,0.0,37.3,1
1788952194.6165156,serverless_reactive:cyclical:4,0.0,50.45,3
1788952194.8186383,serverless_reactive:cyclical:4,143.5,120.12,4
1788952195.025093,serverless_reactive:cyclical:4,198.5,143.18,4
1788952195.235375,serverless_reactive:cyclical:4,202.8,155.92,4
1788952195.4379423,serverless_reactive:cyclical:4,85.4,165.04,4
1788952195.640265,serverless_reactive:cyclical:4,4.9,165.04,4
1788952195.8423696,serverless_reactive:cyclical:4,0.0,165.04,4
1788952196.0451815,serverless_reactive:cyclical:4,0.0,165.04,4
1788952196.2474399,serverless_reactive:cyclical:4,0.0,165.04,4
1788952196.4496315,serverless_reactive:cyclical:4,4.9,165.04,4
1788952196.6520581,serverless_reactive:cyclical:4,0.0,165.04,4
1788952196.8544385,serverless_reactive:cyclical:4,4.9,165.04,4
1788952197.05683,serverless_reactive:cyclical:4,0.0,165.04,4
1788952197.2590995,serverless_reactive:cyclical:4,0.0,165.04,4
1788952197.4612916,serverless_reactive:cyclical:4,4.9,165.04,4
1788952197.6636815,serverless_reactive:cyclical:4,0.0,165.04,4
1788952197.8659544,serverless_reactive:cyclical:4,0.0,165.04,4
1788952198.0682745,serverless_reactive:cyclical:4,0.0,165.04,4
1788952198.27105,serverless_reactive:cyclical:4,0.0,165.04,4
1788952198.4738302,serverless_reactive:cyclical:4,0.0,165.04,4
1788952198.6761897,serverless_reactive:cyclical:4,0.0,165.04,4
1788952198.8787012,serverless_reactive:cyclical:4,0.0,165.04,4
1788952199.0810287,serverless_reactive:cyclical:4,0.0,165.04,4
1788952199.2837224,serverless_reactive:cyclical:4,0.0,165.04,4
1788952199.485985,serverless_reactive:cyclical:4,0.0,165.04,4
1788952199.6882699,serverless_reactive:cyclical:4,0.0,165.04,4
1788952199.890585,serverless_reactive:cyclical:4,0.0,165.04,4
1788952200.0934536,serverless_reactive:cyclical:4,0.0,165.04,4
1788952200.2957995,serverless_reactive:cyclical:4,0.0,165.04,4
1788952200.4980354,serverless_reactive:cyclical:4,0.0,165.04,4
1788952200.700581,serverless_reactive:cyclical:4,0.0,165.04,4
1788952200.904259,serverless_reactive:cyclical:4,0.0,165.04,4
1788952201.1074686,serverless_reactive:cyclical:4,0.0,165.04,4
1788952201.3096204,serverless_reactive:cyclical:4,4.9,165.04,4
1788952201.5120108,serverless_reactive:cyclical:4,0.0,165.04,4
1788952201.7174866,serverless_reactive:cyclical:4,4.9,165.04,4
1788952201.9204433,serverless_reactive:cyclical:4,0.0,165.04,4
1788952202.1227365,serverless_reactive:cyclical:4,4.9,165.04,4
1788952202.3249454,serverless_reactive:cyclical:4,0.0,165.04,4
1788952202.5273314,serverless_reactive:cyclical:4,0.0,165.04,4
1788952202.729971,serverless_reactive:cyclical:4,0.0,165.04,4
1788952202.932409,serverless_reactive:cyclical:4,0.0,165.04,4
1788952203.1348474,serverless_reactive:cyclical:4,0.0,165.04,4
1788952203.337785,serverless_reactive:cyclical:4,0.0,165.04,4
1788952203.5400417,serverless_reactive:cyclical:4,0.0,165.04,4
1788952203.742319,serverless_reactive:cyclical:4,0.0,122.51,3
1788952203.9454074,serverless_reactive:cyclical:4,4.9,79.96,2
1788952204.1474624,serverless_reactive:cyclical:4,0.0,37.35,1
1788952204.3494878,serverless_reactive:cyclical:4,0.0,37.35,1
1788952204.5606184,serverless_reactive:cyclical:4,4.7,102.82,4
1788952204.7650104,serverless_reactive:cyclical:4,200.6,136.96,4
1788952204.9716275,serverless_reactive:cyclical:4,193.6,154.75,4
1788952205.1735613,serverless_reactive:cyclical:4,138.7,165.07,4
1788952205.376523,serverless_reactive:cyclical:4,0.0,165.07,4
1788952205.5788295,serverless_reactive:cyclical:4,4.9,165.07,4
1788952205.7811553,serverless_reactive:cyclical:4,0.0,165.07,4
1788952205.9836702,serverless_reactive:cyclical:4,0.0,165.07,4
1788952206.185784,serverless_reactive:cyclical:4,0.0,165.07,4
1788952206.3881516,serverless_reactive:cyclical:4,0.0,165.07,4
1788952206.5908668,serverless_reactive:cyclical:4,0.0,165.07,4
1788952206.793053,serverless_reactive:cyclical:4,0.0,165.07,4
1788952206.995476,serverless_reactive:cyclical:4,0.0,165.07,4
1788952207.1975973,serverless_reactive:cyclical:4,0.0,165.07,4
1788952207.400217,serverless_reactive:cyclical:4,0.0,165.07,4
1788952207.6024377,serverless_reactive:cyclical:4,0.0,165.07,4
1788952207.8054955,serverless_reactive:cyclical:4,9.8,165.07,4
1788952208.0086565,serverless_reactive:cyclical:4,0.0,165.07,4
1788952208.2122407,serverless_reactive:cyclical:4,0.0,165.07,4
1788952208.4158723,serverless_reactive:cyclical:4,0.0,165.07,4
1788952208.6190264,serverless_reactive:cyclical:4,0.0,165.07,4
1788952208.8222692,serverless_reactive:cyclical:4,0.0,165.07,4
1788952209.0254984,serverless_reactive:cyclical:4,0.0,165.07,4
1788952209.2286172,serverless_reactive:cyclical:4,0.0,165.07,4
1788952209.430915,serverless_reactive:cyclical:4,0.0,165.07,4
1788952209.6334467,serverless_reactive:cyclical:4,0.0,165.07,4
1788952209.8359632,serverless_reactive:cyclical:4,0.0,165.07,4
1788952210.038329,serverless_reactive:cyclical:4,0.0,165.07,4
1788952210.2406535,serverless_reactive:cyclical:4,4.9,165.07,4
1788952210.4430292,serverless_reactive:cyclical:4,0.0,165.07,4
1788952210.645333,serverless_reactive:cyclical:4,0.0,165.07,4
1788952210.8483174,serverless_reactive:cyclical:4,4.9,165.07,4
1788952211.0505626,serverless_reactive:cyclical:4,0.0,165.07,4
1788952211.2530346,serverless_reactive:cyclical:4,0.0,165.07,4
1788952211.4559329,serverless_reactive:cyclical:4,0.0,165.07,4
1788952211.6582856,serverless_reactive:cyclical:4,0.0,165.07,4
1788952211.8608575,serverless_reactive:cyclical:4,0.0,165.07,4
1788952212.063383,serverless_reactive:cyclical:4,0.0,165.07,4
1788952212.2661085,serverless_reactive:cyclical:4,0.0,165.07,4
1788952212.4684966,serverless_reactive:cyclical:4,0.0,165.07,4
1788952212.6711216,serverless_reactive:cyclical:4,0.0,165.07,4
1788952212.8734083,serverless_reactive:cyclical:4,4.9,165.07,4
1788952213.0758476,serverless_reactive:cyclical:4,0.0,165.07,4
1788952213.2781742,serverless_reactive:cyclical:4,0.0,165.07,4
1788952213.4820094,serverless_reactive:cyclical:4,4.9,122.52,3
1788952213.6843574,serverless_reactive:cyclical:4,0.0,79.99,2
1788952213.8876,serverless_reactive:cyclical:4,0.0,37.37,1
1788952214.089833,serverless_reactive:cyclical:4,0.0,37.37,1
1788952214.2961211,serverless_reactive:cyclical:4,9.7,92.86,4
1788952214.5062597,serverless_reactive:cyclical:4,199.9,129.7,4
1788952214.7128613,serverless_reactive:cyclical:4,184.0,147.3,4
1788952214.9150164,serverless_reactive:cyclical:4,207.7,160.66,4
1788952215.808172,serverless_reactive:cyclical:5,0.0,36.63,1
1788952216.0101748,serverless_reactive:cyclical:5,0.0,36.63,1
1788952216.2123282,serverless_reactive:cyclical:5,0.0,36.63,1
1788952216.4144125,serverless_reactive:cyclical:5,0.0,36.63,1
1788952216.6165843,serverless_reactive:cyclical:5,0.0,36.63,1
1788952216.8186333,serverless_reactive:cyclical:5,0.0,36.63,1
1788952217.0207093,serverless_reactive:cyclical:5,0.0,36.63,1
1788952217.2229154,serverless_reactive:cyclical:5,0.0,36.63,1
1788952217.424926,serverless_reactive:cyclical:5,0.0,36.63,1
1788952217.6270044,serverless_reactive:cyclical:5,4.9,36.63,1
1788952217.8291056,serverless_reactive:cyclical:5,0.0,36.63,1
1788952218.0312731,serverless_reactive:cyclical:5,0.0,36.63,1
1788952218.2332797,serverless_reactive:cyclical:5,0.0,36.63,1
1788952218.4355981,serverless_reactive:cyclical:5,0.0,36.63,1
1788952218.6377006,serverless_reactive:cyclical:5,0.0,36.63,1
1788952218.8399892,serverless_reactive:cyclical:5,0.0,36.63,1
1788952219.04267,serverless_reactive:cyclical:5,0.0,36.63,1
1788952219.245079,serverless_reactive:cyclical:5,0.0,36.63,1
1788952219.4471548,serverless_reactive:cyclical:5,0.0,36.63,1
1788952219.6493928,serverless_reactive:cyclical:5,0.0,36.63,1
1788952219.8517842,serverless_reactive:cyclical:5,0.0,36.63,1
1788952220.0541737,serverless_reactive:cyclical:5,0.0,36.63,1
1788952220.2565784,serverless_reactive:cyclical:5,0.0,36.63,1
1788952220.45875,serverless_reactive:cyclical:5,0.0,36.63,1
1788952220.6609693,serverless_reactive:cyclical:5,0.0,36.63,1
1788952220.8633769,serverless_reactive:cyclical:5,0.0,36.63,1
1788952221.0656452,serverless_reactive:cyclical:5,0.0,36.63,1
1788952221.2680218,serverless_reactive:cyclical:5,0.0,36.63,1
1788952221.4705951,serverless_reactive:cyclical:5,0.0,36.63,1
1788952221.6728396,serverless_reactive:cyclical:5,0.0,36.63,1
1788952221.8750558,serverless_reactive:cyclical:5,0.0,36.63,1
1788952222.0771492,serverless_reactive:cyclical:5,0.0,36.63,1
1788952222.2794254,serverless_reactive:cyclical:5,0.0,36.63,1
1788952222.481617,serverless_reactive:cyclical:5,0.0,36.63,1
1788952222.6838195,serverless_reactive:cyclical:5,0.0,36.63,1
1788952222.886022,serverless_reactive:cyclical:5,0.0,36.63,1
1788952223.0882833,serverless_reactive:cyclical:5,0.0,36.63,1
1788952223.2903962,serverless_reactive:cyclical:5,0.0,36.63,1
1788952223.4926355,serverless_reactive:cyclical:5,0.0,36.63,1
1788952223.695035,serverless_reactive:cyclical:5,0.0,36.63,1
1788952223.8985357,serverless_reactive:cyclical:5,0.0,36.63,1
1788952224.1007662,serverless_reactive:cyclical:5,0.0,36.63,1
1788952224.3029888,serverless_reactive:cyclical:5,0.0,36.63,1
1788952224.5052607,serverless_reactive:cyclical:5,0.0,36.63,1
1788952224.7077549,serverless_reactive:cyclical:5,0.0,36.63,1
1788952224.9101207,serverless_reactive:cyclical:5,0.0,36.63,1
1788952225.112756,serverless_reactive:cyclical:5,0.0,36.63,1
1788952225.3149354,serverless_reactive:cyclical:5,0.0,36.63,1
1788952225.517711,serverless_reactive:cyclical:5,0.0,36.63,1
1788952225.7244532,serverless_reactive:cyclical:5,9.7,62.0,4
1788952225.9293525,serverless_reactive:cyclical:5,195.2,112.28,4
1788952226.1400166,serverless_reactive:cyclical:5,199.4,138.41,4
1788952226.3461375,serverless_reactive:cyclical:5,189.2,148.89,4
1788952226.5535727,serverless_reactive:cyclical:5,202.5,163.04,4
1788952226.7569716,serverless_reactive:cyclical:5,34.4,164.67,4
1788952226.9595525,serverless_reactive:cyclical:5,9.8,164.67,4
1788952227.1620896,serverless_reactive:cyclical:5,0.0,164.67,4
1788952227.3647053,serverless_reactive:cyclical:5,0.0,164.67,4
1788952227.5692475,serverless_reactive:cyclical:5,0.0,164.67,4
1788952227.771931,serverless_reactive:cyclical:5,0.0,164.67,4
1788952227.9745963,serverless_reactive:cyclical:5,0.0,164.67,4
1788952228.178722,serverless_reactive:cyclical:5,0.0,164.67,4
1788952228.382212,serverless_reactive:cyclical:5,0.0,164.67,4
1788952228.5861576,serverless_reactive:cyclical:5,0.0,164.67,4
1788952228.7893784,serverless_reactive:cyclical:5,0.0,164.67,4
1788952228.9919496,serverless_reactive:cyclical:5,0.0,164.67,4
1788952229.1944494,serverless_reactive:cyclical:5,0.0,164.67,4
1788952229.3968663,serverless_reactive:cyclical:5,0.0,164.67,4
1788952229.599464,serverless_reactive:cyclical:5,0.0,164.67,4
1788952229.8020236,serverless_reactive:cyclical:5,0.0,164.67,4
1788952230.0047154,serverless_reactive:cyclical:5,0.0,164.67,4
1788952230.207486,serverless_reactive:cyclical:5,0.0,164.67,4
1788952230.4103904,serverless_reactive:cyclical:5,0.0,164.67,4
1788952230.6130593,serverless_reactive:cyclical:5,4.9,164.67,4
1788952230.8165386,serverless_reactive:cyclical:5,0.0,164.67,4
1788952231.0198095,serverless_reactive:cyclical:5,0.0,164.67,4
1788952231.2238739,serverless_reactive:cyclical:5,0.0,164.67,4
1788952231.4263709,serverless_reactive:cyclical:5,0.0,164.67,4
1788952231.6303837,serverless_reactive:cyclical:5,0.0,164.67,4
1788952231.833882,serverless_reactive:cyclical:5,4.9,164.67,4
1788952232.0373044,serverless_reactive:cyclical:5,4.9,164.67,4
1788952232.241056,serverless_reactive:cyclical:5,0.0,164.67,4
1788952232.4445853,serverless_reactive:cyclical:5,0.0,164.67,4
1788952232.646975,serverless_reactive:cyclical:5,0.0,164.67,4
1788952232.8495739,serverless_reactive:cyclical:5,0.0,164.67,4
1788952233.052215,serverless_reactive:cyclical:5,0.0,164.67,4
1788952233.254693,serverless_reactive:cyclical:5,0.0,164.67,4
1788952233.45744,serverless_reactive:cyclical:5,0.0,164.67,4
1788952233.6605673,serverless_reactive:cyclical:5,4.9,164.67,4
1788952233.863332,serverless_reactive:cyclical:5,0.0,164.67,4
1788952234.0658412,serverless_reactive:cyclical:5,0.0,164.67,4
1788952234.2698562,serverless_reactive:cyclical:5,0.0,164.67,4
1788952234.4724689,serverless_reactive:cyclical:5,0.0,164.67,4
1788952234.6755114,serverless_reactive:cyclical:5,0.0,164.67,4
1788952234.8780556,serverless_reactive:cyclical:5,4.9,164.73,4
1788952235.0809774,serverless_reactive:cyclical:5,0.0,122.21,3
1788952235.2835803,serverless_reactive:cyclical:5,4.9,79.65,2
1788952235.4857993,serverless_reactive:cyclical:5,0.0,37.13,1
1788952235.688197,serverless_reactive:cyclical:5,0.0,37.13,1
1788952235.8933878,serverless_reactive:cyclical:5,0.0,63.92,4
1788952236.0971296,serverless_reactive:cyclical:5,191.4,118.58,4
1788952236.3011184,serverless_reactive:cyclical:5,186.2,142.02,4
1788952236.5071518,serverless_reactive:cyclical:5,199.0,154.42,4
1788952236.7101781,serverless_reactive:cyclical:5,138.0,165.11,4
1788952236.912527,serverless_reactive:cyclical:5,0.0,165.11,4
1788952237.1158476,serverless_reactive:cyclical:5,0.0,165.11,4
1788952237.3182697,serverless_reactive:cyclical:5,0.0,165.11,4
1788952237.5215466,serverless_reactive:cyclical:5,0.0,165.11,4
1788952237.7240162,serverless_reactive:cyclical:5,0.0,165.11,4
1788952237.9264314,serverless_reactive:cyclical:5,0.0,165.11,4
1788952238.1291444,serverless_reactive:cyclical:5,0.0,165.11,4
1788952238.3315074,serverless_reactive:cyclical:5,0.0,165.11,4
1788952238.536051,serverless_reactive:cyclical:5,0.0,165.11,4
1788952238.739698,serverless_reactive:cyclical:5,0.0,165.11,4
1788952238.942367,serverless_reactive:cyclical:5,0.0,165.11,4
1788952239.1447165,serverless_reactive:cyclical:5,0.0,165.11,4
1788952239.347149,serverless_reactive:cyclical:5,4.9,165.11,4
1788952239.549459,serverless_reactive:cyclical:5,0.0,165.11,4
1788952239.7521203,serverless_reactive:cyclical:5,0.0,165.11,4
1788952239.9558372,serverless_reactive:cyclical:5,4.9,165.11,4
1788952240.1586597,serverless_reactive:cyclical:5,0.0,165.11,4
1788952240.3609924,serverless_reactive:cyclical:5,4.9,165.11,4
1788952240.563975,serverless_reactive:cyclical:5,0.0,165.11,4
1788952240.7661283,serverless_reactive:cyclical:5,4.9,165.11,4
1788952240.9688308,serverless_reactive:cyclical:5,0.0,165.11,4
1788952241.171537,serverless_reactive:cyclical:5,0.0,165.11,4
1788952241.3739913,serverless_reactive:cyclical:5,0.0,165.11,4
1788952241.5763838,serverless_reactive:cyclical:5,0.0,165.11,4
1788952241.7787323,serverless_reactive:cyclical:5,0.0,165.11,4
1788952241.9810443,serverless_reactive:cyclical:5,0.0,165.11,4
1788952242.183636,serverless_reactive:cyclical:5,0.0,165.11,4
1788952242.3859832,serverless_reactive:cyclical:5,0.0,165.11,4
1788952242.5883167,serverless_reactive:cyclical:5,0.0,165.11,4
1788952242.7907927,serverless_reactive:cyclical:5,0.0,165.11,4
1788952242.993392,serverless_reactive:cyclical:5,0.0,165.11,4
1788952243.195893,serverless_reactive:cyclical:5,0.0,165.11,4
1788952243.3990679,serverless_reactive:cyclical:5,0.0,165.11,4
1788952243.6013541,serverless_reactive:cyclical:5,0.0,165.11,4
1788952243.8040094,serverless_reactive:cyclical:5,0.0,165.11,4
1788952244.0080295,serverless_reactive:cyclical:5,0.0,165.11,4
1788952244.2103343,serverless_reactive:cyclical:5,0.0,165.11,4
1788952244.4127493,serverless_reactive:cyclical:5,4.9,165.11,4
1788952244.6160064,serverless_reactive:cyclical:5,0.0,165.11,4
1788952244.8196907,serverless_reactive:cyclical:5,0.0,165.11,4
1788952245.0256147,serverless_reactive:cyclical:5,4.9,212.16,7
1788952245.229435,serverless_reactive:cyclical:5,196.3,170.4,6
1788952245.433117,serverless_reactive:cyclical:5,191.5,189.68,5
1788952245.6354985,serverless_reactive:cyclical:5,192.7,159.74,4
1788952245.8378973,serverless_reactive:cyclical:5,59.3,165.07,4
1788952246.0404243,serverless_reactive:cyclical:5,0.0,165.07,4
1788952246.243416,serverless_reactive:cyclical:5,0.0,165.07,4
1788952246.4457254,serverless_reactive:cyclical:5,0.0,165.07,4
1788952246.648766,serverless_reactive:cyclical:5,0.0,165.07,4
1788952246.8517025,serverless_reactive:cyclical:5,0.0,165.07,4
1788952247.0543375,serverless_reactive:cyclical:5,4.9,165.07,4
1788952247.2566535,serverless_reactive:cyclical:5,0.0,165.07,4
1788952247.4595346,serverless_reactive:cyclical:5,0.0,165.07,4
1788952247.6620324,serverless_reactive:cyclical:5,0.0,165.07,4
1788952247.86446,serverless_reactive:cyclical:5,0.0,165.07,4
1788952248.066871,serverless_reactive:cyclical:5,4.9,165.07,4
1788952248.2691834,serverless_reactive:cyclical:5,0.0,165.07,4
1788952248.471586,serverless_reactive:cyclical:5,0.0,165.07,4
1788952248.674158,serverless_reactive:cyclical:5,0.0,165.07,4
1788952248.8774247,serverless_reactive:cyclical:5,0.0,165.07,4
1788952249.0797622,serverless_reactive:cyclical:5,0.0,165.07,4
1788952249.2821946,serverless_reactive:cyclical:5,0.0,165.07,4
1788952249.4844935,serverless_reactive:cyclical:5,0.0,165.07,4
1788952249.6868858,serverless_reactive:cyclical:5,0.0,165.07,4
1788952249.8894215,serverless_reactive:cyclical:5,0.0,165.07,4
1788952250.091924,serverless_reactive:cyclical:5,0.0,165.07,4
1788952250.296012,serverless_reactive:cyclical:5,0.0,165.07,4
1788952250.4985397,serverless_reactive:cyclical:5,4.9,165.07,4
1788952250.7016392,serverless_reactive:cyclical:5,0.0,165.07,4
1788952250.9044065,serverless_reactive:cyclical:5,0.0,165.07,4
1788952251.106991,serverless_reactive:cyclical:5,0.0,165.07,4
1788952251.3096063,serverless_reactive:cyclical:5,0.0,165.07,4
1788952251.512192,serverless_reactive:cyclical:5,0.0,165.07,4
1788952251.7145395,serverless_reactive:cyclical:5,4.9,165.07,4
1788952251.917117,serverless_reactive:cyclical:5,0.0,165.07,4
1788952252.1198437,serverless_reactive:cyclical:5,0.0,165.07,4
1788952252.3222501,serverless_reactive:cyclical:5,0.0,165.07,4
1788952252.5252433,serverless_reactive:cyclical:5,0.0,165.07,4
1788952252.7278044,serverless_reactive:cyclical:5,4.9,165.07,4
1788952252.9304607,serverless_reactive:cyclical:5,0.0,165.07,4
1788952253.1330264,serverless_reactive:cyclical:5,0.0,165.07,4
1788952253.3354707,serverless_reactive:cyclical:5,0.0,165.07,4
1788952253.53789,serverless_reactive:cyclical:5,0.0,165.07,4
1788952253.7412324,serverless_reactive:cyclical:5,0.0,165.07,4
1788952253.9436474,serverless_reactive:cyclical:5,0.0,122.53,4
1788952254.145948,serverless_reactive:cyclical:5,4.9,79.88,2
1788952254.3481236,serverless_reactive:cyclical:5,0.0,37.32,1
1788952254.5503845,serverless_reactive:cyclical:5,0.0,37.32,1
1788952254.7527363,serverless_reactive:cyclical:5,0.0,37.32,1
1788952254.9575262,serverless_reactive:cyclical:5,9.8,86.05,4
1788952255.1691191,serverless_reactive:cyclical:5,189.0,131.94,4
1788952255.371776,serverless_reactive:cyclical:5,197.4,148.79,4
1788952255.5799646,serverless_reactive:cyclical:5,187.3,162.16,4
1788952255.78353,serverless_reactive:cyclical:5,34.4,165.27,4
1788952255.985994,serverless_reactive:cyclical:5,4.9,165.27,4
1788952256.188507,serverless_reactive:cyclical:5,0.0,165.27,4
1788952256.391047,serverless_reactive:cyclical:5,0.0,165.27,4
1788952256.593562,serverless_reactive:cyclical:5,0.0,165.27,4
1788952256.796114,serverless_reactive:cyclical:5,0.0,165.27,4
1788952256.998539,serverless_reactive:cyclical:5,0.0,165.27,4
1788952257.2010489,serverless_reactive:cyclical:5,0.0,165.27,4
1788952257.4037461,serverless_reactive:cyclical:5,4.9,165.27,4
1788952257.6069694,serverless_reactive:cyclical:5,0.0,165.27,4
1788952257.8093872,serverless_reactive:cyclical:5,0.0,165.27,4
1788952258.0118556,serverless_reactive:cyclical:5,0.0,165.27,4
1788952258.2146256,serverless_reactive:cyclical:5,0.0,165.27,4
1788952258.4171233,serverless_reactive:cyclical:5,0.0,165.27,4
1788952258.619571,serverless_reactive:cyclical:5,0.0,165.27,4
1788952258.8219466,serverless_reactive:cyclical:5,0.0,165.27,4
1788952259.0245328,serverless_reactive:cyclical:5,0.0,165.27,4
1788952259.2271008,serverless_reactive:cyclical:5,4.9,165.27,4
1788952259.429678,serverless_reactive:cyclical:5,4.9,165.27,4
1788952259.6323748,serverless_reactive:cyclical:5,0.0,165.27,4
1788952259.8347702,serverless_reactive:cyclical:5,0.0,165.27,4
1788952260.0374613,serverless_reactive:cyclical:5,0.0,165.27,4
1788952260.2400103,serverless_reactive:cyclical:5,0.0,165.27,4
1788952260.4428327,serverless_reactive:cyclical:5,0.0,165.27,4
1788952260.6461136,serverless_reactive:cyclical:5,0.0,165.27,4
1788952260.8496997,serverless_reactive:cyclical:5,0.0,165.27,4
1788952261.0526075,serverless_reactive:cyclical:5,0.0,165.27,4
1788952261.2554388,serverless_reactive:cyclical:5,0.0,165.27,4
1788952261.4582417,serverless_reactive:cyclical:5,0.0,165.27,4
1788952261.6607697,serverless_reactive:cyclical:5,4.9,165.27,4
1788952261.8638415,serverless_reactive:cyclical:5,0.0,165.27,4
1788952262.0676613,serverless_reactive:cyclical:5,0.0,165.27,4
1788952262.2708886,serverless_reactive:cyclical:5,4.9,165.27,4
1788952262.473369,serverless_reactive:cyclical:5,0.0,165.27,4
1788952262.676453,serverless_reactive:cyclical:5,0.0,165.27,4
1788952262.8789778,serverless_reactive:cyclical:5,0.0,165.27,4
1788952263.0814455,serverless_reactive:cyclical:5,0.0,165.27,4
1788952263.2893274,serverless_reactive:cyclical:5,0.0,165.27,4
1788952263.4920511,serverless_reactive:cyclical:5,4.9,165.27,4
1788952263.6944368,serverless_reactive:cyclical:5,0.0,165.27,4
1788952263.8972046,serverless_reactive:cyclical:5,0.0,165.27,4
1788952264.1055,serverless_reactive:cyclical:5,9.6,159.02,7
1788952264.316264,serverless_reactive:cyclical:5,199.2,164.5,6
1788952264.5186512,serverless_reactive:cyclical:5,177.9,142.53,5
1788952264.7253041,serverless_reactive:cyclical:5,203.3,154.19,4
1788952264.9288752,serverless_reactive:cyclical:5,142.5,163.85,4
1788952265.7922585,serverless_reactive:cyclical:0,0.0,36.59,1
1788952265.995459,serverless_reactive:cyclical:0,0.0,36.59,1
1788952266.1976135,serverless_reactive:cyclical:0,0.0,36.59,1
1788952266.3999362,serverless_reactive:cyclical:0,0.0,36.59,1
1788952266.6020951,serverless_reactive:cyclical:0,0.0,36.59,1
1788952266.8044965,serverless_reactive:cyclical:0,0.0,36.59,1
1788952267.008135,serverless_reactive:cyclical:0,0.0,36.59,1
1788952267.210363,serverless_reactive:cyclical:0,0.0,36.59,1
1788952267.4124382,serverless_reactive:cyclical:0,0.0,36.59,1
1788952267.6143618,serverless_reactive:cyclical:0,0.0,36.59,1
1788952267.8168135,serverless_reactive:cyclical:0,0.0,36.59,1
1788952268.0190935,serverless_reactive:cyclical:0,0.0,36.59,1
1788952268.2220552,serverless_reactive:cyclical:0,0.0,36.59,1
1788952268.4251413,serverless_reactive:cyclical:0,0.0,36.59,1
1788952268.6273103,serverless_reactive:cyclical:0,0.0,36.59,1
1788952268.8305438,serverless_reactive:cyclical:0,0.0,36.59,1
1788952269.0328386,serverless_reactive:cyclical:0,0.0,36.59,1
1788952269.2351136,serverless_reactive:cyclical:0,0.0,36.59,1
1788952269.4371781,serverless_reactive:cyclical:0,0.0,36.59,1
1788952269.6397336,serverless_reactive:cyclical:0,0.0,36.6,1
1788952269.8420234,serverless_reactive:cyclical:0,0.0,36.6,1
1788952270.0443344,serverless_reactive:cyclical:0,0.0,36.6,1
1788952270.2466092,serverless_reactive:cyclical:0,0.0,36.6,1
1788952270.448937,serverless_reactive:cyclical:0,0.0,36.6,1
1788952270.651591,serverless_reactive:cyclical:0,0.0,36.6,1
1788952270.8536906,serverless_reactive:cyclical:0,4.9,36.6,1
1788952271.0559936,serverless_reactive:cyclical:0,0.0,36.6,1
1788952271.258041,serverless_reactive:cyclical:0,0.0,36.6,1
1788952271.460963,serverless_reactive:cyclical:0,0.0,36.6,1
1788952271.6631367,serverless_reactive:cyclical:0,0.0,36.6,1
1788952271.865273,serverless_reactive:cyclical:0,0.0,36.6,1
1788952272.0679328,serverless_reactive:cyclical:0,0.0,36.6,1
1788952272.270001,serverless_reactive:cyclical:0,0.0,36.6,1
1788952272.4722297,serverless_reactive:cyclical:0,0.0,36.6,1
1788952272.674347,serverless_reactive:cyclical:0,0.0,36.6,1
1788952272.8765383,serverless_reactive:cyclical:0,0.0,36.6,1
1788952273.0786042,serverless_reactive:cyclical:0,0.0,36.6,1
1788952273.2807403,serverless_reactive:cyclical:0,0.0,36.6,1
1788952273.4829113,serverless_reactive:cyclical:0,0.0,36.6,1
1788952273.6852345,serverless_reactive:cyclical:0,0.0,36.6,1
1788952273.8878703,serverless_reactive:cyclical:0,0.0,36.6,1
1788952274.0901704,serverless_reactive:cyclical:0,0.0,36.6,1
1788952274.2924063,serverless_reactive:cyclical:0,0.0,36.6,1
1788952274.4964902,serverless_reactive:cyclical:0,0.0,36.6,1
1788952274.7003407,serverless_reactive:cyclical:0,0.0,36.6,1
1788952274.9030707,serverless_reactive:cyclical:0,0.0,36.6,1
1788952275.1052551,serverless_reactive:cyclical:0,0.0,36.6,1
1788952275.3088002,serverless_reactive:cyclical:0,0.0,36.6,1
1788952275.51093,serverless_reactive:cyclical:0,0.0,36.6,1
1788952275.7205274,serverless_reactive:cyclical:0,4.8,72.43,4
1788952275.9227371,serverless_reactive:cyclical:0,192.9,121.3,4
1788952276.1279652,serverless_reactive:cyclical:0,204.7,146.53,4
1788952276.3358471,serverless_reactive:cyclical:0,192.4,157.91,4
1788952276.538844,serverless_reactive:cyclical:0,73.9,164.76,4
1788952276.74124,serverless_reactive:cyclical:0,0.0,164.76,4
1788952276.9437096,serverless_reactive:cyclical:0,0.0,164.76,4
1788952277.1461234,serverless_reactive:cyclical:0,0.0,164.76,4
1788952277.3486154,serverless_reactive:cyclical:0,0.0,164.76,4
1788952277.5509405,serverless_reactive:cyclical:0,0.0,164.76,4
1788952277.754229,serverless_reactive:cyclical:0,0.0,164.76,4
1788952277.9576626,serverless_reactive:cyclical:0,0.0,164.76,4
1788952278.1612606,serverless_reactive:cyclical:0,4.9,164.76,4
1788952278.364917,serverless_reactive:cyclical:0,0.0,164.76,4
1788952278.568395,serverless_reactive:cyclical:0,0.0,164.76,4
1788952278.7708418,serverless_reactive:cyclical:0,0.0,164.76,4
1788952278.9741824,serverless_reactive:cyclical:0,0.0,164.76,4
1788952279.1768978,serverless_reactive:cyclical:0,0.0,164.76,4
1788952279.380415,serverless_reactive:cyclical:0,4.9,164.76,4
1788952279.582826,serverless_reactive:cyclical:0,0.0,164.76,4
1788952279.7852943,serverless_reactive:cyclical:0,0.0,164.76,4
1788952279.987778,serverless_reactive:cyclical:0,0.0,164.76,4
1788952280.1905136,serverless_reactive:cyclical:0,4.9,164.76,4
1788952280.392957,serverless_reactive:cyclical:0,0.0,164.76,4
1788952280.5954254,serverless_reactive:cyclical:0,4.9,164.76,4
1788952280.7978606,serverless_reactive:cyclical:0,0.0,164.76,4
1788952281.0001757,serverless_reactive:cyclical:0,0.0,164.76,4
1788952281.2023995,serverless_reactive:cyclical:0,0.0,164.76,4
1788952281.4047496,serverless_reactive:cyclical:0,0.0,164.76,4
1788952281.607715,serverless_reactive:cyclical:0,0.0,164.76,4
1788952281.810393,serverless_reactive:cyclical:0,0.0,164.76,4
1788952282.0126915,serverless_reactive:cyclical:0,0.0,164.76,4
1788952282.2149634,serverless_reactive:cyclical:0,0.0,164.76,4
1788952282.4171169,serverless_reactive:cyclical:0,4.9,164.76,4
1788952282.6194706,serverless_reactive:cyclical:0,0.0,164.76,4
1788952282.8218086,serverless_reactive:cyclical:0,0.0,164.76,4
1788952283.0243204,serverless_reactive:cyclical:0,0.0,164.76,4
1788952283.226641,serverless_reactive:cyclical:0,0.0,164.76,4
1788952283.4297028,serverless_reactive:cyclical:0,0.0,164.76,4
1788952283.6321285,serverless_reactive:cyclical:0,0.0,164.76,4
1788952283.834323,serverless_reactive:cyclical:0,0.0,164.76,4
1788952284.037218,serverless_reactive:cyclical:0,0.0,164.76,4
1788952284.2395473,serverless_reactive:cyclical:0,0.0,164.76,4
1788952284.4416952,serverless_reactive:cyclical:0,0.0,164.76,4
1788952284.6440635,serverless_reactive:cyclical:0,0.0,164.76,4
1788952284.8467937,serverless_reactive:cyclical:0,9.8,164.77,4
1788952285.0490942,serverless_reactive:cyclical:0,9.8,164.77,4
1788952285.2515037,serverless_reactive:cyclical:0,0.0,164.77,4
1788952285.4538667,serverless_reactive:cyclical:0,0.0,164.77,4
1788952285.6566517,serverless_reactive:cyclical:0,0.0,164.77,4
1788952285.859749,serverless_reactive:cyclical:0,0.0,164.77,4
1788952286.0619662,serverless_reactive:cyclical:0,0.0,164.77,4
1788952286.2642753,serverless_reactive:cyclical:0,0.0,164.77,4
1788952286.4666014,serverless_reactive:cyclical:0,0.0,164.77,4
1788952286.670682,serverless_reactive:cyclical:0,0.0,164.77,4
1788952286.8730962,serverless_reactive:cyclical:0,0.0,164.77,4
1788952287.0770206,serverless_reactive:cyclical:0,0.0,164.77,4
1788952287.2794013,serverless_reactive:cyclical:0,0.0,164.77,4
1788952287.4823177,serverless_reactive:cyclical:0,4.9,164.77,4
1788952287.685385,serverless_reactive:cyclical:0,0.0,164.77,4
1788952287.888146,serverless_reactive:cyclical:0,0.0,164.77,4
1788952288.0914054,serverless_reactive:cyclical:0,0.0,164.77,4
1788952288.293722,serverless_reactive:cyclical:0,0.0,164.77,4
1788952288.495932,serverless_reactive:cyclical:0,0.0,164.77,4
1788952288.6987371,serverless_reactive:cyclical:0,0.0,164.77,4
1788952288.9010477,serverless_reactive:cyclical:0,4.9,164.77,4
1788952289.1034284,serverless_reactive:cyclical:0,4.9,164.77,4
1788952289.3056712,serverless_reactive:cyclical:0,0.0,164.77,4
1788952289.5079744,serverless_reactive:cyclical:0,9.8,164.77,4
1788952289.7102616,serverless_reactive:cyclical:0,0.0,164.77,4
1788952289.9141684,serverless_reactive:cyclical:0,0.0,164.77,4
1788952290.1174662,serverless_reactive:cyclical:0,0.0,164.77,4
1788952290.3198586,serverless_reactive:cyclical:0,0.0,164.77,4
1788952290.5222273,serverless_reactive:cyclical:0,0.0,164.77,4
1788952290.7247565,serverless_reactive:cyclical:0,0.0,164.77,4
1788952290.9271226,serverless_reactive:cyclical:0,0.0,164.77,4
1788952291.1301632,serverless_reactive:cyclical:0,0.0,164.77,4
1788952291.3325756,serverless_reactive:cyclical:0,0.0,164.77,4
1788952291.5348508,serverless_reactive:cyclical:0,0.0,164.77,4
1788952291.737229,serverless_reactive:cyclical:0,4.9,164.77,4
1788952291.9396324,serverless_reactive:cyclical:0,0.0,164.77,4
1788952292.1419835,serverless_reactive:cyclical:0,0.0,164.77,4
1788952292.3443918,serverless_reactive:cyclical:0,0.0,164.77,4
1788952292.546965,serverless_reactive:cyclical:0,0.0,164.77,4
1788952292.7493675,serverless_reactive:cyclical:0,0.0,164.77,4
1788952292.9520667,serverless_reactive:cyclical:0,0.0,164.77,4
1788952293.1549292,serverless_reactive:cyclical:0,0.0,164.77,4
1788952293.3573413,serverless_reactive:cyclical:0,0.0,164.77,4
1788952293.56019,serverless_reactive:cyclical:0,0.0,164.77,4
1788952293.7624962,serverless_reactive:cyclical:0,0.0,164.77,4
1788952293.9653127,serverless_reactive:cyclical:0,19.6,164.77,4
1788952294.16777,serverless_reactive:cyclical:0,0.0,164.77,4
1788952294.3703947,serverless_reactive:cyclical:0,0.0,164.77,4
1788952294.5728786,serverless_reactive:cyclical:0,0.0,164.77,4
1788952294.7753468,serverless_reactive:cyclical:0,0.0,164.77,4
1788952294.977681,serverless_reactive:cyclical:0,0.0,164.77,4
1788952295.1801722,serverless_reactive:cyclical:0,0.0,164.77,4
1788952295.3824716,serverless_reactive:cyclical:0,9.8,164.77,4
1788952295.584838,serverless_reactive:cyclical:0,0.0,164.77,4
1788952295.787179,serverless_reactive:cyclical:0,0.0,164.77,4
1788952295.9911497,serverless_reactive:cyclical:0,0.0,164.77,4
1788952296.1936748,serverless_reactive:cyclical:0,4.9,164.77,4
1788952296.3961535,serverless_reactive:cyclical:0,0.0,164.77,4
1788952296.5985398,serverless_reactive:cyclical:0,0.0,164.77,4
1788952296.8013263,serverless_reactive:cyclical:0,0.0,164.77,4
1788952297.0041077,serverless_reactive:cyclical:0,0.0,164.77,4
1788952297.2069979,serverless_reactive:cyclical:0,0.0,164.77,4
1788952297.4095972,serverless_reactive:cyclical:0,0.0,164.77,4
1788952297.612038,serverless_reactive:cyclical:0,0.0,164.77,4
1788952297.8144915,serverless_reactive:cyclical:0,0.0,164.77,4
1788952298.017037,serverless_reactive:cyclical:0,0.0,164.77,4
1788952298.2196894,serverless_reactive:cyclical:0,0.0,164.77,4
1788952298.4219904,serverless_reactive:cyclical:0,0.0,164.77,4
1788952298.6245842,serverless_reactive:cyclical:0,0.0,164.77,4
1788952298.8271565,serverless_reactive:cyclical:0,0.0,164.77,4
1788952299.0310314,serverless_reactive:cyclical:0,4.9,164.77,4
1788952299.2334242,serverless_reactive:cyclical:0,0.0,164.77,4
1788952299.4360056,serverless_reactive:cyclical:0,0.0,164.77,4
1788952299.638857,serverless_reactive:cyclical:0,0.0,164.77,4
1788952299.8419971,serverless_reactive:cyclical:0,0.0,164.77,4
1788952300.0445406,serverless_reactive:cyclical:0,0.0,164.77,4
1788952300.247047,serverless_reactive:cyclical:0,4.9,164.77,4
1788952300.4493222,serverless_reactive:cyclical:0,4.9,164.77,4
1788952300.6518188,serverless_reactive:cyclical:0,0.0,164.77,4
1788952300.8542035,serverless_reactive:cyclical:0,0.0,164.77,4
1788952301.0567274,serverless_reactive:cyclical:0,0.0,164.77,4
1788952301.259186,serverless_reactive:cyclical:0,0.0,164.77,4
1788952301.4615762,serverless_reactive:cyclical:0,0.0,164.77,4
1788952301.6643279,serverless_reactive:cyclical:0,0.0,164.77,4
1788952301.866827,serverless_reactive:cyclical:0,0.0,164.77,4
1788952302.0692587,serverless_reactive:cyclical:0,0.0,164.77,4
1788952302.2717123,serverless_reactive:cyclical:0,0.0,164.77,4
1788952302.4741452,serverless_reactive:cyclical:0,14.7,164.79,4
1788952302.6774104,serverless_reactive:cyclical:0,0.0,164.79,4
1788952302.8800552,serverless_reactive:cyclical:0,0.0,164.79,4
1788952303.0824473,serverless_reactive:cyclical:0,4.9,164.79,4
1788952303.2850258,serverless_reactive:cyclical:0,0.0,164.79,4
1788952303.4877996,serverless_reactive:cyclical:0,0.0,164.79,4
1788952303.6910431,serverless_reactive:cyclical:0,0.0,164.79,4
1788952303.8933845,serverless_reactive:cyclical:0,0.0,164.79,4
1788952304.0958226,serverless_reactive:cyclical:0,0.0,164.79,4
1788952304.2995043,serverless_reactive:cyclical:0,0.0,164.79,4
1788952304.502973,serverless_reactive:cyclical:0,0.0,164.79,4
1788952304.7055964,serverless_reactive:cyclical:0,0.0,164.79,4
1788952304.908154,serverless_reactive:cyclical:0,0.0,164.79,4
1788952305.110735,serverless_reactive:cyclical:0,4.9,164.79,4
1788952305.3136942,serverless_reactive:cyclical:0,0.0,164.79,4
1788952305.5162644,serverless_reactive:cyclical:0,0.0,164.79,4
1788952305.7189136,serverless_reactive:cyclical:0,0.0,164.79,4
1788952305.9216087,serverless_reactive:cyclical:0,0.0,164.79,4
1788952306.1241276,serverless_reactive:cyclical:0,0.0,164.79,4
1788952306.3264606,serverless_reactive:cyclical:0,0.0,164.79,4
1788952306.5292768,serverless_reactive:cyclical:0,0.0,164.79,4
1788952306.732065,serverless_reactive:cyclical:0,0.0,164.79,4
1788952306.9345784,serverless_reactive:cyclical:0,0.0,164.79,4
1788952307.137552,serverless_reactive:cyclical:0,0.0,164.79,4
1788952307.340228,serverless_reactive:cyclical:0,0.0,164.79,4
1788952307.5427015,serverless_reactive:cyclical:0,4.9,164.79,4
1788952307.745535,serverless_reactive:cyclical:0,0.0,164.79,4
1788952307.9480307,serverless_reactive:cyclical:0,4.9,164.79,4
1788952308.1503808,serverless_reactive:cyclical:0,0.0,164.79,4
1788952308.3530002,serverless_reactive:cyclical:0,0.0,164.79,4
1788952308.5555496,serverless_reactive:cyclical:0,0.0,164.79,4
1788952308.7580223,serverless_reactive:cyclical:0,4.9,164.79,4
1788952308.9608467,serverless_reactive:cyclical:0,0.0,164.79,4
1788952309.1633775,serverless_reactive:cyclical:0,0.0,164.79,4
1788952309.3668072,serverless_reactive:cyclical:0,0.0,164.79,4
1788952309.5694475,serverless_reactive:cyclical:0,0.0,164.79,4
1788952309.772151,serverless_reactive:cyclical:0,0.0,164.79,4
1788952309.975169,serverless_reactive:cyclical:0,0.0,164.79,4
1788952310.1779401,serverless_reactive:cyclical:0,0.0,164.79,4
1788952310.3807611,serverless_reactive:cyclical:0,0.0,164.79,4
1788952310.5836382,serverless_reactive:cyclical:0,0.0,164.79,4
1788952310.786287,serverless_reactive:cyclical:0,0.0,164.79,4
1788952310.9889886,serverless_reactive:cyclical:0,4.9,164.79,4
1788952311.1918833,serverless_reactive:cyclical:0,0.0,164.79,4
1788952311.3945441,serverless_reactive:cyclical:0,0.0,164.79,4
1788952311.5975966,serverless_reactive:cyclical:0,0.0,164.79,4
1788952311.8011916,serverless_reactive:cyclical:0,0.0,164.79,4
1788952312.0036314,serverless_reactive:cyclical:0,0.0,164.79,4
1788952312.2086408,serverless_reactive:cyclical:0,9.8,164.79,4
1788952313.0507157,serverless_reactive:cyclical:1,0.0,36.68,1
1788952313.2531056,serverless_reactive:cyclical:1,0.0,36.68,1
1788952313.4553244,serverless_reactive:cyclical:1,0.0,36.68,1
1788952313.657383,serverless_reactive:cyclical:1,0.0,36.68,1
1788952313.8596556,serverless_reactive:cyclical:1,0.0,36.68,1
1788952314.0618277,serverless_reactive:cyclical:1,0.0,36.68,1
1788952314.2639184,serverless_reactive:cyclical:1,4.9,36.68,1
1788952314.4659603,serverless_reactive:cyclical:1,0.0,36.68,1
1788952314.668263,serverless_reactive:cyclical:1,0.0,36.68,1
1788952314.8702986,serverless_reactive:cyclical:1,0.0,36.68,1
1788952315.0729284,serverless_reactive:cyclical:1,0.0,36.68,1
1788952315.2752876,serverless_reactive:cyclical:1,0.0,36.68,1
1788952315.4774818,serverless_reactive:cyclical:1,0.0,36.68,1
1788952315.6798801,serverless_reactive:cyclical:1,0.0,36.68,1
1788952315.8833644,serverless_reactive:cyclical:1,0.0,36.68,1
1788952316.0853684,serverless_reactive:cyclical:1,0.0,36.68,1
1788952316.2885604,serverless_reactive:cyclical:1,0.0,36.68,1
1788952316.4905117,serverless_reactive:cyclical:1,0.0,36.68,1
1788952316.692633,serverless_reactive:cyclical:1,0.0,36.68,1
1788952316.8949463,serverless_reactive:cyclical:1,0.0,36.68,1
1788952317.096984,serverless_reactive:cyclical:1,0.0,36.68,1
1788952317.3001318,serverless_reactive:cyclical:1,0.0,36.68,1
1788952317.5020428,serverless_reactive:cyclical:1,0.0,36.68,1
1788952317.7043872,serverless_reactive:cyclical:1,0.0,36.68,1
1788952317.9063175,serverless_reactive:cyclical:1,0.0,36.68,1
1788952318.108372,serverless_reactive:cyclical:1,0.0,36.68,1
1788952318.3107932,serverless_reactive:cyclical:1,0.0,36.68,1
1788952318.5140944,serverless_reactive:cyclical:1,0.0,36.68,1
1788952318.7162905,serverless_reactive:cyclical:1,0.0,36.68,1
1788952318.91824,serverless_reactive:cyclical:1,0.0,36.68,1
1788952319.1202617,serverless_reactive:cyclical:1,0.0,36.68,1
1788952319.322224,serverless_reactive:cyclical:1,0.0,36.68,1
1788952319.524233,serverless_reactive:cyclical:1,0.0,36.68,1
1788952319.726332,serverless_reactive:cyclical:1,0.0,36.68,1
1788952319.9282904,serverless_reactive:cyclical:1,0.0,36.68,1
1788952320.1306157,serverless_reactive:cyclical:1,0.0,36.68,1
1788952320.3326008,serverless_reactive:cyclical:1,0.0,36.68,1
1788952320.5346339,serverless_reactive:cyclical:1,0.0,36.68,1
1788952320.736761,serverless_reactive:cyclical:1,0.0,36.68,1
1788952320.9388125,serverless_reactive:cyclical:1,0.0,36.68,1
1788952321.1408825,serverless_reactive:cyclical:1,0.0,36.68,1
1788952321.3471475,serverless_reactive:cyclical:1,4.8,36.8,1
1788952321.5533092,serverless_reactive:cyclical:1,9.7,115.78,4
1788952321.757185,serverless_reactive:cyclical:1,191.2,140.59,4
1788952321.9634533,serverless_reactive:cyclical:1,204.9,155.61,4
1788952322.1664817,serverless_reactive:cyclical:1,121.4,164.7,4
1788952322.3702734,serverless_reactive:cyclical:1,4.9,164.86,4
1788952322.5727124,serverless_reactive:cyclical:1,0.0,164.86,4
1788952322.775036,serverless_reactive:cyclical:1,0.0,164.86,4
1788952322.977796,serverless_reactive:cyclical:1,0.0,164.86,4
1788952323.1803615,serverless_reactive:cyclical:1,0.0,164.86,4
1788952323.383095,serverless_reactive:cyclical:1,0.0,164.86,4
1788952323.585369,serverless_reactive:cyclical:1,0.0,164.86,4
1788952323.7877939,serverless_reactive:cyclical:1,0.0,164.86,4
1788952323.9900954,serverless_reactive:cyclical:1,0.0,164.86,4
1788952324.2233963,serverless_reactive:cyclical:1,0.0,164.86,4
1788952324.4256954,serverless_reactive:cyclical:1,0.0,164.86,4
1788952324.6278946,serverless_reactive:cyclical:1,0.0,164.86,4
1788952324.830048,serverless_reactive:cyclical:1,0.0,164.86,4
1788952325.0324492,serverless_reactive:cyclical:1,0.0,164.86,4
1788952325.2366216,serverless_reactive:cyclical:1,0.0,164.86,4
1788952325.4389277,serverless_reactive:cyclical:1,0.0,164.86,4
1788952325.6412194,serverless_reactive:cyclical:1,0.0,164.86,4
1788952325.8436182,serverless_reactive:cyclical:1,9.8,164.86,4
1788952326.045874,serverless_reactive:cyclical:1,4.9,164.86,4
1788952326.2482321,serverless_reactive:cyclical:1,0.0,164.86,4
1788952326.450508,serverless_reactive:cyclical:1,0.0,164.86,4
1788952326.6533628,serverless_reactive:cyclical:1,0.0,164.86,4
1788952326.8679156,serverless_reactive:cyclical:1,0.0,164.86,4
1788952327.0708094,serverless_reactive:cyclical:1,0.0,164.86,4
1788952327.2730033,serverless_reactive:cyclical:1,0.0,164.86,4
1788952327.4751012,serverless_reactive:cyclical:1,0.0,164.86,4
1788952327.6773744,serverless_reactive:cyclical:1,0.0,164.86,4
1788952327.8797317,serverless_reactive:cyclical:1,0.0,164.86,4
1788952328.0819075,serverless_reactive:cyclical:1,0.0,164.86,4
1788952328.2841785,serverless_reactive:cyclical:1,0.0,164.86,4
1788952328.48674,serverless_reactive:cyclical:1,0.0,164.86,4
1788952328.6892262,serverless_reactive:cyclical:1,0.0,164.86,4
1788952328.8925574,serverless_reactive:cyclical:1,0.0,164.86,4
1788952329.09505,serverless_reactive:cyclical:1,4.9,164.86,4
1788952329.2974253,serverless_reactive:cyclical:1,4.9,164.86,4
1788952329.499823,serverless_reactive:cyclical:1,0.0,164.86,4
1788952329.7020276,serverless_reactive:cyclical:1,0.0,164.86,4
1788952329.9051077,serverless_reactive:cyclical:1,0.0,164.86,4
1788952330.1074982,serverless_reactive:cyclical:1,0.0,164.86,4
1788952330.3097963,serverless_reactive:cyclical:1,0.0,164.86,4
1788952330.5120888,serverless_reactive:cyclical:1,4.9,164.86,4
1788952330.7144194,serverless_reactive:cyclical:1,0.0,164.86,4
1788952330.9167433,serverless_reactive:cyclical:1,0.0,164.86,4
1788952331.119847,serverless_reactive:cyclical:1,0.0,164.86,4
1788952331.3221061,serverless_reactive:cyclical:1,4.9,164.86,4
1788952331.524674,serverless_reactive:cyclical:1,0.0,164.86,4
1788952331.7273927,serverless_reactive:cyclical:1,9.8,164.87,4
1788952331.92967,serverless_reactive:cyclical:1,0.0,164.87,4
1788952332.1320977,serverless_reactive:cyclical:1,0.0,164.87,4
1788952332.3344586,serverless_reactive:cyclical:1,0.0,164.87,4
1788952332.5368078,serverless_reactive:cyclical:1,0.0,164.87,4
1788952332.7391725,serverless_reactive:cyclical:1,0.0,164.87,4
1788952332.9421592,serverless_reactive:cyclical:1,0.0,164.87,4
1788952333.1445696,serverless_reactive:cyclical:1,4.9,164.87,4
1788952333.3467617,serverless_reactive:cyclical:1,0.0,164.87,4
1788952333.5490854,serverless_reactive:cyclical:1,0.0,164.87,4
1788952333.7518668,serverless_reactive:cyclical:1,4.9,164.87,4
1788952333.9541702,serverless_reactive:cyclical:1,0.0,164.87,4
1788952334.156522,serverless_reactive:cyclical:1,0.0,164.87,4
1788952334.3590012,serverless_reactive:cyclical:1,0.0,164.87,4
1788952334.5612411,serverless_reactive:cyclical:1,0.0,164.87,4
1788952334.76347,serverless_reactive:cyclical:1,0.0,164.87,4
1788952334.965641,serverless_reactive:cyclical:1,0.0,164.87,4
1788952335.1684332,serverless_reactive:cyclical:1,0.0,164.87,4
1788952335.3707113,serverless_reactive:cyclical:1,0.0,164.87,4
1788952335.5729754,serverless_reactive:cyclical:1,0.0,164.87,4
1788952335.7753465,serverless_reactive:cyclical:1,0.0,164.87,4
1788952335.9776332,serverless_reactive:cyclical:1,0.0,164.87,4
1788952336.1799605,serverless_reactive:cyclical:1,0.0,164.87,4
1788952336.3822381,serverless_reactive:cyclical:1,0.0,164.87,4
1788952336.5846736,serverless_reactive:cyclical:1,0.0,164.87,4
1788952336.7869985,serverless_reactive:cyclical:1,0.0,164.87,4
1788952336.989218,serverless_reactive:cyclical:1,0.0,164.87,4
1788952337.1916769,serverless_reactive:cyclical:1,4.9,164.87,4
1788952337.3939617,serverless_reactive:cyclical:1,0.0,164.87,4
1788952337.5962813,serverless_reactive:cyclical:1,0.0,164.87,4
1788952337.7986825,serverless_reactive:cyclical:1,0.0,164.87,4
1788952338.0009003,serverless_reactive:cyclical:1,0.0,164.87,4
1788952338.2031832,serverless_reactive:cyclical:1,0.0,164.87,4
1788952338.405601,serverless_reactive:cyclical:1,0.0,164.87,4
1788952338.6080513,serverless_reactive:cyclical:1,0.0,164.87,4
1788952338.8103411,serverless_reactive:cyclical:1,4.9,164.87,4
1788952339.0131688,serverless_reactive:cyclical:1,0.0,164.87,4
1788952339.2155733,serverless_reactive:cyclical:1,0.0,164.87,4
1788952339.4181254,serverless_reactive:cyclical:1,0.0,164.87,4
1788952339.6205873,serverless_reactive:cyclical:1,4.9,164.87,4
1788952339.8231015,serverless_reactive:cyclical:1,0.0,164.87,4
1788952340.0253978,serverless_reactive:cyclical:1,9.8,164.87,4
1788952340.228007,serverless_reactive:cyclical:1,0.0,164.87,4
1788952340.4302208,serverless_reactive:cyclical:1,0.0,164.87,4
1788952340.6326568,serverless_reactive:cyclical:1,0.0,164.87,4
1788952340.834949,serverless_reactive:cyclical:1,4.9,164.87,4
1788952341.0373895,serverless_reactive:cyclical:1,0.0,164.87,4
1788952341.2404232,serverless_reactive:cyclical:1,0.0,164.87,4
1788952341.4428713,serverless_reactive:cyclical:1,0.0,164.87,4
1788952341.6451302,serverless_reactive:cyclical:1,0.0,164.87,4
1788952341.8476224,serverless_reactive:cyclical:1,0.0,164.87,4
1788952342.049958,serverless_reactive:cyclical:1,0.0,164.87,4
1788952342.2525737,serverless_reactive:cyclical:1,0.0,164.87,4
1788952342.4549057,serverless_reactive:cyclical:1,0.0,164.87,4
1788952342.6572657,serverless_reactive:cyclical:1,4.9,164.87,4
1788952342.8598006,serverless_reactive:cyclical:1,4.9,164.87,4
1788952343.062194,serverless_reactive:cyclical:1,0.0,164.87,4
1788952343.2646224,serverless_reactive:cyclical:1,0.0,164.87,4
1788952343.4669216,serverless_reactive:cyclical:1,0.0,164.87,4
1788952343.669421,serverless_reactive:cyclical:1,0.0,164.87,4
1788952343.8719492,serverless_reactive:cyclical:1,0.0,164.87,4
1788952344.0742493,serverless_reactive:cyclical:1,0.0,164.87,4
1788952344.2769713,serverless_reactive:cyclical:1,0.0,164.87,4
1788952344.4795988,serverless_reactive:cyclical:1,0.0,164.87,4
1788952344.6819448,serverless_reactive:cyclical:1,0.0,164.87,4
1788952344.8844957,serverless_reactive:cyclical:1,0.0,164.87,4
1788952345.0868301,serverless_reactive:cyclical:1,0.0,164.87,4
1788952345.289627,serverless_reactive:cyclical:1,0.0,164.87,4
1788952345.492117,serverless_reactive:cyclical:1,0.0,164.87,4
1788952345.6946342,serverless_reactive:cyclical:1,9.8,164.87,4
1788952345.8972135,serverless_reactive:cyclical:1,0.0,164.87,4
1788952346.0996573,serverless_reactive:cyclical:1,0.0,164.87,4
1788952346.3020897,serverless_reactive:cyclical:1,0.0,164.87,4
1788952346.5046062,serverless_reactive:cyclical:1,0.0,164.87,4
1788952346.7074952,serverless_reactive:cyclical:1,0.0,164.87,4
1788952346.9098947,serverless_reactive:cyclical:1,0.0,164.87,4
1788952347.1134822,serverless_reactive:cyclical:1,0.0,164.87,4
1788952347.316685,serverless_reactive:cyclical:1,0.0,164.87,4
1788952347.5191264,serverless_reactive:cyclical:1,0.0,164.87,4
1788952347.7233412,serverless_reactive:cyclical:1,0.0,164.87,4
1788952347.9258409,serverless_reactive:cyclical:1,0.0,164.87,4
1788952348.1285796,serverless_reactive:cyclical:1,4.9,164.87,4
1788952348.3342726,serverless_reactive:cyclical:1,0.0,164.88,4
1788952348.5375617,serverless_reactive:cyclical:1,14.7,164.89,4
1788952348.7400796,serverless_reactive:cyclical:1,0.0,164.89,4
1788952348.942441,serverless_reactive:cyclical:1,0.0,164.89,4
1788952349.145039,serverless_reactive:cyclical:1,0.0,164.89,4
1788952349.3475308,serverless_reactive:cyclical:1,0.0,164.89,4
1788952349.5498955,serverless_reactive:cyclical:1,0.0,164.89,4
1788952349.7524793,serverless_reactive:cyclical:1,0.0,164.89,4
1788952349.9550333,serverless_reactive:cyclical:1,0.0,164.89,4
1788952350.157919,serverless_reactive:cyclical:1,0.0,164.89,4
1788952350.360454,serverless_reactive:cyclical:1,0.0,164.89,4
1788952350.5627627,serverless_reactive:cyclical:1,4.9,164.89,4
1788952350.765398,serverless_reactive:cyclical:1,0.0,164.89,4
1788952350.9684007,serverless_reactive:cyclical:1,0.0,164.89,4
1788952351.1707988,serverless_reactive:cyclical:1,0.0,164.89,4
1788952351.3738341,serverless_reactive:cyclical:1,0.0,164.89,4
1788952351.576201,serverless_reactive:cyclical:1,0.0,164.89,4
1788952351.7784986,serverless_reactive:cyclical:1,0.0,164.89,4
1788952351.98091,serverless_reactive:cyclical:1,0.0,164.89,4
1788952352.1831188,serverless_reactive:cyclical:1,4.9,164.89,4
1788952352.3856058,serverless_reactive:cyclical:1,4.9,164.89,4
1788952352.5882263,serverless_reactive:cyclical:1,0.0,164.89,4
1788952352.790524,serverless_reactive:cyclical:1,0.0,164.89,4
1788952352.992994,serverless_reactive:cyclical:1,4.9,164.89,4
1788952353.2060146,serverless_reactive:cyclical:1,0.0,164.89,4
1788952353.4082267,serverless_reactive:cyclical:1,0.0,164.89,4
1788952353.6105258,serverless_reactive:cyclical:1,0.0,164.89,4
1788952353.813036,serverless_reactive:cyclical:1,0.0,164.89,4
1788952354.0158236,serverless_reactive:cyclical:1,0.0,164.89,4
1788952354.2179768,serverless_reactive:cyclical:1,0.0,164.89,4
1788952354.420177,serverless_reactive:cyclical:1,0.0,164.89,4
1788952354.6224144,serverless_reactive:cyclical:1,0.0,164.89,4
1788952354.8246536,serverless_reactive:cyclical:1,0.0,164.89,4
1788952355.0268288,serverless_reactive:cyclical:1,0.0,164.89,4
1788952355.2291183,serverless_reactive:cyclical:1,0.0,164.89,4
1788952355.4319582,serverless_reactive:cyclical:1,0.0,164.89,4
1788952355.6346748,serverless_reactive:cyclical:1,0.0,164.89,4
1788952355.837083,serverless_reactive:cyclical:1,0.0,164.89,4
1788952356.039633,serverless_reactive:cyclical:1,4.9,164.89,4
1788952356.2426674,serverless_reactive:cyclical:1,0.0,164.89,4
1788952356.4451554,serverless_reactive:cyclical:1,0.0,164.89,4
1788952357.4556978,serverless_reactive:cyclical:2,0.0,36.67,1
1788952357.6579192,serverless_reactive:cyclical:2,0.0,36.67,1
1788952357.8601873,serverless_reactive:cyclical:2,0.0,36.67,1
1788952358.0623355,serverless_reactive:cyclical:2,0.0,36.67,1
1788952358.2648187,serverless_reactive:cyclical:2,0.0,36.67,1
1788952358.4666755,serverless_reactive:cyclical:2,0.0,36.67,1
1788952358.669079,serverless_reactive:cyclical:2,0.0,36.67,1
1788952358.8711445,serverless_reactive:cyclical:2,0.0,36.67,1
1788952359.0732634,serverless_reactive:cyclical:2,0.0,36.67,1
1788952359.2753053,serverless_reactive:cyclical:2,0.0,36.67,1
1788952359.4771879,serverless_reactive:cyclical:2,0.0,36.67,1
1788952359.6791184,serverless_reactive:cyclical:2,0.0,36.67,1
1788952359.8810976,serverless_reactive:cyclical:2,0.0,36.67,1
1788952360.0830858,serverless_reactive:cyclical:2,0.0,36.67,1
1788952360.285015,serverless_reactive:cyclical:2,0.0,36.67,1
1788952360.487317,serverless_reactive:cyclical:2,0.0,36.67,1
1788952360.68932,serverless_reactive:cyclical:2,0.0,36.67,1
1788952360.891557,serverless_reactive:cyclical:2,0.0,36.67,1
1788952361.093719,serverless_reactive:cyclical:2,0.0,36.67,1
1788952361.295874,serverless_reactive:cyclical:2,0.0,36.67,1
1788952361.498673,serverless_reactive:cyclical:2,0.0,36.67,1
1788952361.7007623,serverless_reactive:cyclical:2,4.9,36.67,1
1788952361.9027717,serverless_reactive:cyclical:2,0.0,36.67,1
1788952362.104788,serverless_reactive:cyclical:2,0.0,36.67,1
1788952362.3068197,serverless_reactive:cyclical:2,0.0,36.67,1
1788952362.5087879,serverless_reactive:cyclical:2,0.0,36.67,1
1788952362.710752,serverless_reactive:cyclical:2,0.0,36.67,1
1788952362.9126763,serverless_reactive:cyclical:2,0.0,36.67,1
1788952363.1148894,serverless_reactive:cyclical:2,0.0,36.67,1
1788952363.3167925,serverless_reactive:cyclical:2,0.0,36.67,1
1788952363.5187097,serverless_reactive:cyclical:2,0.0,36.67,1
1788952363.7208247,serverless_reactive:cyclical:2,0.0,36.67,1
1788952363.9227324,serverless_reactive:cyclical:2,0.0,36.67,1
1788952364.1247163,serverless_reactive:cyclical:2,0.0,36.67,1
1788952364.3266377,serverless_reactive:cyclical:2,0.0,36.67,1
1788952364.5286384,serverless_reactive:cyclical:2,0.0,36.67,1
1788952364.7306852,serverless_reactive:cyclical:2,0.0,36.67,1
1788952364.932756,serverless_reactive:cyclical:2,0.0,36.67,1
1788952365.13486,serverless_reactive:cyclical:2,0.0,36.67,1
1788952365.3367906,serverless_reactive:cyclical:2,0.0,36.67,1
1788952365.5387104,serverless_reactive:cyclical:2,0.0,36.67,1
1788952365.7411609,serverless_reactive:cyclical:2,0.0,36.67,1
1788952365.943056,serverless_reactive:cyclical:2,0.0,36.67,1
1788952366.1452653,serverless_reactive:cyclical:2,0.0,36.67,1
1788952366.3471348,serverless_reactive:cyclical:2,0.0,36.67,1
1788952366.5490305,serverless_reactive:cyclical:2,0.0,36.67,1
1788952366.7509544,serverless_reactive:cyclical:2,0.0,36.67,1
1788952366.9529924,serverless_reactive:cyclical:2,0.0,36.67,1
1788952367.154926,serverless_reactive:cyclical:2,0.0,36.67,1
1788952367.3656874,serverless_reactive:cyclical:2,9.5,112.82,4
1788952367.5679772,serverless_reactive:cyclical:2,202.6,139.61,4
1788952367.773231,serverless_reactive:cyclical:2,185.1,154.36,4
1788952367.975716,serverless_reactive:cyclical:2,128.4,164.88,4
1788952368.177968,serverless_reactive:cyclical:2,0.0,164.88,4
1788952368.3801594,serverless_reactive:cyclical:2,0.0,164.88,4
1788952368.5824857,serverless_reactive:cyclical:2,4.9,164.88,4
1788952368.7848387,serverless_reactive:cyclical:2,0.0,164.88,4
1788952368.9871612,serverless_reactive:cyclical:2,0.0,164.88,4
1788952369.1894743,serverless_reactive:cyclical:2,4.9,164.88,4
1788952369.3924985,serverless_reactive:cyclical:2,0.0,164.88,4
1788952369.594815,serverless_reactive:cyclical:2,0.0,164.88,4
1788952369.7972262,serverless_reactive:cyclical:2,0.0,164.88,4
1788952369.999582,serverless_reactive:cyclical:2,0.0,164.88,4
1788952370.201786,serverless_reactive:cyclical:2,0.0,164.88,4
1788952370.404723,serverless_reactive:cyclical:2,0.0,164.88,4
1788952370.6069105,serverless_reactive:cyclical:2,0.0,164.88,4
1788952370.809281,serverless_reactive:cyclical:2,0.0,164.88,4
1788952371.011837,serverless_reactive:cyclical:2,0.0,164.88,4
1788952371.2139568,serverless_reactive:cyclical:2,0.0,164.88,4
1788952371.4164226,serverless_reactive:cyclical:2,0.0,164.88,4
1788952371.6186361,serverless_reactive:cyclical:2,0.0,164.88,4
1788952371.8211424,serverless_reactive:cyclical:2,0.0,164.88,4
1788952372.023609,serverless_reactive:cyclical:2,0.0,164.88,4
1788952372.2261462,serverless_reactive:cyclical:2,0.0,164.88,4
1788952372.428509,serverless_reactive:cyclical:2,0.0,164.88,4
1788952372.6306825,serverless_reactive:cyclical:2,0.0,164.88,4
1788952372.8329618,serverless_reactive:cyclical:2,0.0,164.88,4
1788952373.0351748,serverless_reactive:cyclical:2,4.9,164.88,4
1788952373.237562,serverless_reactive:cyclical:2,0.0,164.88,4
1788952373.439841,serverless_reactive:cyclical:2,0.0,164.88,4
1788952373.642124,serverless_reactive:cyclical:2,0.0,164.88,4
1788952373.8446856,serverless_reactive:cyclical:2,4.9,164.88,4
1788952374.0476832,serverless_reactive:cyclical:2,0.0,164.88,4
1788952374.2507343,serverless_reactive:cyclical:2,0.0,164.88,4
1788952374.4530385,serverless_reactive:cyclical:2,0.0,164.88,4
1788952374.655377,serverless_reactive:cyclical:2,4.9,164.88,4
1788952374.8578327,serverless_reactive:cyclical:2,0.0,164.88,4
1788952375.060521,serverless_reactive:cyclical:2,0.0,164.88,4
1788952375.2630606,serverless_reactive:cyclical:2,0.0,164.88,4
1788952375.465679,serverless_reactive:cyclical:2,0.0,164.88,4
1788952375.6681876,serverless_reactive:cyclical:2,0.0,164.88,4
1788952375.87136,serverless_reactive:cyclical:2,0.0,164.88,4
1788952376.0735815,serverless_reactive:cyclical:2,0.0,164.88,4
1788952376.276011,serverless_reactive:cyclical:2,0.0,164.88,4
1788952376.4787505,serverless_reactive:cyclical:2,0.0,164.88,4
1788952376.6815174,serverless_reactive:cyclical:2,19.6,164.9,4
1788952376.883878,serverless_reactive:cyclical:2,0.0,164.9,4
1788952377.0860786,serverless_reactive:cyclical:2,0.0,164.9,4
1788952377.2884295,serverless_reactive:cyclical:2,0.0,164.9,4
1788952377.4916236,serverless_reactive:cyclical:2,0.0,164.9,4
1788952377.695172,serverless_reactive:cyclical:2,0.0,164.9,4
1788952377.8977034,serverless_reactive:cyclical:2,0.0,164.9,4
1788952378.100486,serverless_reactive:cyclical:2,0.0,164.9,4
1788952378.3028142,serverless_reactive:cyclical:2,0.0,164.9,4
1788952378.5051,serverless_reactive:cyclical:2,4.9,164.9,4
1788952378.707423,serverless_reactive:cyclical:2,0.0,164.9,4
1788952378.9096599,serverless_reactive:cyclical:2,0.0,164.9,4
1788952379.1132002,serverless_reactive:cyclical:2,0.0,164.9,4
1788952379.3155425,serverless_reactive:cyclical:2,0.0,164.9,4
1788952379.517676,serverless_reactive:cyclical:2,4.9,164.9,4
1788952379.7199018,serverless_reactive:cyclical:2,0.0,164.9,4
1788952379.9222977,serverless_reactive:cyclical:2,0.0,164.9,4
1788952380.124644,serverless_reactive:cyclical:2,0.0,164.9,4
1788952380.3269339,serverless_reactive:cyclical:2,0.0,164.9,4
1788952380.5294478,serverless_reactive:cyclical:2,0.0,164.9,4
1788952380.7317543,serverless_reactive:cyclical:2,0.0,164.9,4
1788952380.933964,serverless_reactive:cyclical:2,0.0,164.9,4
1788952381.136302,serverless_reactive:cyclical:2,0.0,164.9,4
1788952381.338617,serverless_reactive:cyclical:2,0.0,164.9,4
1788952381.5408776,serverless_reactive:cyclical:2,4.9,164.9,4
1788952381.7430313,serverless_reactive:cyclical:2,0.0,164.9,4
1788952381.945215,serverless_reactive:cyclical:2,0.0,164.9,4
1788952382.1476555,serverless_reactive:cyclical:2,0.0,164.9,4
1788952382.3499005,serverless_reactive:cyclical:2,0.0,164.9,4
1788952382.5521913,serverless_reactive:cyclical:2,0.0,164.9,4
1788952382.7545109,serverless_reactive:cyclical:2,0.0,164.9,4
1788952382.9569106,serverless_reactive:cyclical:2,0.0,164.9,4
1788952383.1593163,serverless_reactive:cyclical:2,0.0,164.9,4
1788952383.3617263,serverless_reactive:cyclical:2,0.0,164.9,4
1788952383.5645914,serverless_reactive:cyclical:2,0.0,164.9,4
1788952383.7670274,serverless_reactive:cyclical:2,4.9,164.9,4
1788952383.969324,serverless_reactive:cyclical:2,4.9,164.9,4
1788952384.1717296,serverless_reactive:cyclical:2,0.0,164.9,4
1788952384.374846,serverless_reactive:cyclical:2,0.0,164.9,4
1788952384.5779707,serverless_reactive:cyclical:2,0.0,164.9,4
1788952384.7802627,serverless_reactive:cyclical:2,0.0,164.9,4
1788952384.9829648,serverless_reactive:cyclical:2,14.7,164.91,4
1788952385.1863878,serverless_reactive:cyclical:2,0.0,164.91,4
1788952385.3889282,serverless_reactive:cyclical:2,0.0,164.91,4
1788952385.5915146,serverless_reactive:cyclical:2,0.0,164.91,4
1788952385.793826,serverless_reactive:cyclical:2,0.0,164.91,4
1788952385.9962473,serverless_reactive:cyclical:2,4.9,164.91,4
1788952386.1987572,serverless_reactive:cyclical:2,0.0,164.91,4
1788952386.4014938,serverless_reactive:cyclical:2,0.0,164.91,4
1788952386.6053655,serverless_reactive:cyclical:2,0.0,164.91,4
1788952386.8086758,serverless_reactive:cyclical:2,0.0,164.91,4
1788952387.0112896,serverless_reactive:cyclical:2,0.0,164.91,4
1788952387.2138305,serverless_reactive:cyclical:2,4.9,164.91,4
1788952387.4164262,serverless_reactive:cyclical:2,4.9,164.91,4
1788952387.6195188,serverless_reactive:cyclical:2,0.0,164.91,4
1788952387.822037,serverless_reactive:cyclical:2,0.0,164.91,4
1788952388.0245495,serverless_reactive:cyclical:2,0.0,164.91,4
1788952388.2270103,serverless_reactive:cyclical:2,0.0,164.91,4
1788952388.4294775,serverless_reactive:cyclical:2,0.0,164.91,4
1788952388.6320655,serverless_reactive:cyclical:2,0.0,164.91,4
1788952388.8346314,serverless_reactive:cyclical:2,4.9,164.91,4
1788952389.0371358,serverless_reactive:cyclical:2,4.9,164.91,4
1788952389.2397056,serverless_reactive:cyclical:2,0.0,164.91,4
1788952389.4421554,serverless_reactive:cyclical:2,0.0,164.91,4
1788952389.6451714,serverless_reactive:cyclical:2,0.0,164.91,4
1788952389.847932,serverless_reactive:cyclical:2,0.0,164.91,4
1788952390.051414,serverless_reactive:cyclical:2,0.0,164.91,4
1788952390.254306,serverless_reactive:cyclical:2,0.0,164.91,4
1788952390.4568167,serverless_reactive:cyclical:2,0.0,164.91,4
1788952390.6598976,serverless_reactive:cyclical:2,0.0,164.91,4
1788952390.8622851,serverless_reactive:cyclical:2,0.0,164.91,4
1788952391.0649529,serverless_reactive:cyclical:2,0.0,164.91,4
1788952391.267502,serverless_reactive:cyclical:2,0.0,164.91,4
1788952391.469878,serverless_reactive:cyclical:2,0.0,164.91,4
1788952391.6726928,serverless_reactive:cyclical:2,0.0,164.91,4
1788952391.875871,serverless_reactive:cyclical:2,4.9,164.91,4
1788952392.0791528,serverless_reactive:cyclical:2,0.0,164.91,4
1788952392.2824426,serverless_reactive:cyclical:2,4.9,164.91,4
1788952392.484948,serverless_reactive:cyclical:2,0.0,164.91,4
1788952392.6878724,serverless_reactive:cyclical:2,0.0,164.91,4
1788952392.8903701,serverless_reactive:cyclical:2,0.0,164.91,4
1788952393.0929854,serverless_reactive:cyclical:2,0.0,164.91,4
1788952393.2956648,serverless_reactive:cyclical:2,0.0,164.91,4
1788952393.4982631,serverless_reactive:cyclical:2,4.9,164.91,4
1788952393.7008097,serverless_reactive:cyclical:2,0.0,164.91,4
1788952393.9034266,serverless_reactive:cyclical:2,0.0,164.91,4
1788952394.1058984,serverless_reactive:cyclical:2,0.0,164.91,4
1788952394.3083093,serverless_reactive:cyclical:2,0.0,164.91,4
1788952394.5107882,serverless_reactive:cyclical:2,0.0,164.91,4
1788952394.713579,serverless_reactive:cyclical:2,24.6,164.92,4
1788952394.9170218,serverless_reactive:cyclical:2,4.9,164.92,4
1788952395.1200564,serverless_reactive:cyclical:2,0.0,164.92,4
1788952395.3226228,serverless_reactive:cyclical:2,0.0,164.92,4
1788952395.5251184,serverless_reactive:cyclical:2,0.0,164.92,4
1788952395.727708,serverless_reactive:cyclical:2,0.0,164.92,4
1788952395.9310381,serverless_reactive:cyclical:2,0.0,164.92,4
1788952396.1336038,serverless_reactive:cyclical:2,0.0,164.92,4
1788952396.3361454,serverless_reactive:cyclical:2,0.0,164.92,4
1788952396.5386386,serverless_reactive:cyclical:2,0.0,164.92,4
1788952396.7411458,serverless_reactive:cyclical:2,0.0,164.92,4
1788952396.9437716,serverless_reactive:cyclical:2,0.0,164.92,4
1788952397.1462994,serverless_reactive:cyclical:2,9.8,164.92,4
1788952397.3496675,serverless_reactive:cyclical:2,0.0,164.92,4
1788952397.5521765,serverless_reactive:cyclical:2,0.0,164.92,4
1788952397.7552564,serverless_reactive:cyclical:2,0.0,164.92,4
1788952397.958164,serverless_reactive:cyclical:2,0.0,164.92,4
1788952398.1611788,serverless_reactive:cyclical:2,0.0,164.92,4
1788952398.3637502,serverless_reactive:cyclical:2,0.0,164.92,4
1788952398.5664,serverless_reactive:cyclical:2,0.0,164.92,4
1788952398.7690039,serverless_reactive:cyclical:2,0.0,164.92,4
1788952398.9729853,serverless_reactive:cyclical:2,0.0,164.92,4
1788952399.175647,serverless_reactive:cyclical:2,0.0,164.92,4
1788952399.3780718,serverless_reactive:cyclical:2,0.0,164.92,4
1788952399.5808494,serverless_reactive:cyclical:2,4.9,164.92,4
1788952399.7834275,serverless_reactive:cyclical:2,0.0,164.92,4
1788952399.9861834,serverless_reactive:cyclical:2,0.0,164.92,4
1788952400.1891754,serverless_reactive:cyclical:2,0.0,164.92,4
1788952400.391758,serverless_reactive:cyclical:2,0.0,164.92,4
1788952400.5942872,serverless_reactive:cyclical:2,0.0,164.92,4
1788952400.797473,serverless_reactive:cyclical:2,0.0,164.92,4
1788952401.0005488,serverless_reactive:cyclical:2,0.0,164.92,4
1788952401.2029781,serverless_reactive:cyclical:2,0.0,164.92,4
1788952401.4053986,serverless_reactive:cyclical:2,0.0,164.92,4
1788952401.608014,serverless_reactive:cyclical:2,0.0,164.92,4
1788952401.810898,serverless_reactive:cyclical:2,9.8,164.92,4
1788952402.0133095,serverless_reactive:cyclical:2,0.0,164.92,4
1788952402.2159538,serverless_reactive:cyclical:2,0.0,164.92,4
1788952402.4191704,serverless_reactive:cyclical:2,4.9,164.92,4
1788952402.6217432,serverless_reactive:cyclical:2,0.0,164.92,4
1788952402.824292,serverless_reactive:cyclical:2,0.0,164.92,4
1788952403.026853,serverless_reactive:cyclical:2,0.0,164.92,4
1788952403.2292323,serverless_reactive:cyclical:2,0.0,164.92,4
1788952403.431898,serverless_reactive:cyclical:2,0.0,164.92,4
1788952403.6343558,serverless_reactive:cyclical:2,0.0,164.92,4
1788952403.8368895,serverless_reactive:cyclical:2,0.0,164.92,4
1788952404.0394814,serverless_reactive:cyclical:2,0.0,164.92,4
1788952404.9871194,serverless_reactive:cyclical:3,0.0,36.61,1
1788952405.189106,serverless_reactive:cyclical:3,0.0,36.61,1
1788952405.3912694,serverless_reactive:cyclical:3,0.0,36.61,1
1788952405.5943203,serverless_reactive:cyclical:3,0.0,36.61,1
1788952405.7964692,serverless_reactive:cyclical:3,0.0,36.61,1
1788952405.99857,serverless_reactive:cyclical:3,0.0,36.61,1
1788952406.200835,serverless_reactive:cyclical:3,0.0,36.61,1
1788952406.4029791,serverless_reactive:cyclical:3,0.0,36.61,1
1788952406.6052191,serverless_reactive:cyclical:3,0.0,36.61,1
1788952406.808238,serverless_reactive:cyclical:3,0.0,36.61,1
1788952407.0105844,serverless_reactive:cyclical:3,0.0,36.62,1
1788952407.2134104,serverless_reactive:cyclical:3,0.0,36.62,1
1788952407.4163768,serverless_reactive:cyclical:3,0.0,36.62,1
1788952407.6186671,serverless_reactive:cyclical:3,0.0,36.62,1
1788952407.8209753,serverless_reactive:cyclical:3,0.0,36.62,1
1788952408.0230908,serverless_reactive:cyclical:3,0.0,36.62,1
1788952408.2252777,serverless_reactive:cyclical:3,0.0,36.62,1
1788952408.4274914,serverless_reactive:cyclical:3,0.0,36.62,1
1788952408.6296225,serverless_reactive:cyclical:3,0.0,36.62,1
1788952408.832074,serverless_reactive:cyclical:3,0.0,36.62,1
1788952409.0345054,serverless_reactive:cyclical:3,0.0,36.62,1
1788952409.2369215,serverless_reactive:cyclical:3,0.0,36.62,1
1788952409.439033,serverless_reactive:cyclical:3,0.0,36.62,1
1788952409.6415648,serverless_reactive:cyclical:3,0.0,36.62,1
1788952409.8439887,serverless_reactive:cyclical:3,0.0,36.62,1
1788952410.0461624,serverless_reactive:cyclical:3,0.0,36.62,1
1788952410.2485769,serverless_reactive:cyclical:3,0.0,36.62,1
1788952410.4506855,serverless_reactive:cyclical:3,0.0,36.62,1
1788952410.6530824,serverless_reactive:cyclical:3,0.0,36.62,1
1788952410.8556023,serverless_reactive:cyclical:3,0.0,36.62,1
1788952411.05853,serverless_reactive:cyclical:3,0.0,36.62,1
1788952411.2607281,serverless_reactive:cyclical:3,0.0,36.62,1
1788952411.4627779,serverless_reactive:cyclical:3,0.0,36.62,1
1788952411.6650288,serverless_reactive:cyclical:3,0.0,36.62,1
1788952411.868183,serverless_reactive:cyclical:3,0.0,36.62,1
1788952412.0702188,serverless_reactive:cyclical:3,0.0,36.62,1
1788952412.272296,serverless_reactive:cyclical:3,0.0,36.62,1
1788952412.4743078,serverless_reactive:cyclical:3,0.0,36.62,1
1788952412.6764622,serverless_reactive:cyclical:3,0.0,36.62,1
1788952412.8784604,serverless_reactive:cyclical:3,0.0,36.62,1
1788952413.0809252,serverless_reactive:cyclical:3,0.0,36.62,1
1788952413.282849,serverless_reactive:cyclical:3,0.0,36.62,1
1788952413.4847965,serverless_reactive:cyclical:3,0.0,36.62,1
1788952413.6868477,serverless_reactive:cyclical:3,0.0,36.62,1
1788952413.8890603,serverless_reactive:cyclical:3,0.0,36.62,1
1788952414.0910673,serverless_reactive:cyclical:3,0.0,36.62,1
1788952414.297476,serverless_reactive:cyclical:3,4.8,87.27,4
1788952414.5088117,serverless_reactive:cyclical:3,203.6,131.37,4
1788952414.7126124,serverless_reactive:cyclical:3,191.4,147.6,4
1788952414.9149334,serverless_reactive:cyclical:3,197.8,158.98,4
1788952415.117847,serverless_reactive:cyclical:3,64.0,164.88,4
1788952415.3201869,serverless_reactive:cyclical:3,0.0,164.88,4
1788952415.523613,serverless_reactive:cyclical:3,0.0,164.88,4
1788952415.726348,serverless_reactive:cyclical:3,4.9,164.88,4
1788952415.92869,serverless_reactive:cyclical:3,0.0,164.88,4
1788952416.131062,serverless_reactive:cyclical:3,0.0,164.88,4
1788952416.333469,serverless_reactive:cyclical:3,4.9,164.88,4
1788952416.5357394,serverless_reactive:cyclical:3,0.0,164.88,4
1788952416.73835,serverless_reactive:cyclical:3,0.0,164.88,4
1788952416.9406793,serverless_reactive:cyclical:3,0.0,164.88,4
1788952417.1431055,serverless_reactive:cyclical:3,4.9,164.88,4
1788952417.3454888,serverless_reactive:cyclical:3,0.0,164.88,4
1788952417.5488975,serverless_reactive:cyclical:3,0.0,164.88,4
1788952417.7513256,serverless_reactive:cyclical:3,0.0,164.88,4
1788952417.9535766,serverless_reactive:cyclical:3,0.0,164.88,4
1788952418.1559784,serverless_reactive:cyclical:3,4.9,164.88,4
1788952418.3585982,serverless_reactive:cyclical:3,0.0,164.88,4
1788952418.5611317,serverless_reactive:cyclical:3,0.0,164.88,4
1788952418.7635126,serverless_reactive:cyclical:3,0.0,164.88,4
1788952418.9670084,serverless_reactive:cyclical:3,0.0,164.88,4
1788952419.1703987,serverless_reactive:cyclical:3,0.0,164.88,4
1788952419.3741748,serverless_reactive:cyclical:3,0.0,164.88,4
1788952419.5780365,serverless_reactive:cyclical:3,0.0,164.88,4
1788952419.7817655,serverless_reactive:cyclical:3,0.0,164.88,4
1788952419.9861193,serverless_reactive:cyclical:3,0.0,164.88,4
1788952420.188711,serverless_reactive:cyclical:3,4.9,164.88,4
1788952420.392289,serverless_reactive:cyclical:3,0.0,164.88,4
1788952420.5959437,serverless_reactive:cyclical:3,0.0,164.88,4
1788952420.79871,serverless_reactive:cyclical:3,4.9,164.88,4
1788952421.0013485,serverless_reactive:cyclical:3,0.0,164.88,4
1788952421.2037568,serverless_reactive:cyclical:3,0.0,164.88,4
1788952421.4062152,serverless_reactive:cyclical:3,0.0,164.88,4
1788952421.608796,serverless_reactive:cyclical:3,0.0,164.88,4
1788952421.8113563,serverless_reactive:cyclical:3,0.0,164.88,4
1788952422.013793,serverless_reactive:cyclical:3,0.0,164.88,4
1788952422.2162657,serverless_reactive:cyclical:3,0.0,164.88,4
1788952422.419165,serverless_reactive:cyclical:3,0.0,164.88,4
1788952422.6217842,serverless_reactive:cyclical:3,0.0,164.88,4
1788952422.8247025,serverless_reactive:cyclical:3,0.0,164.88,4
1788952423.0276773,serverless_reactive:cyclical:3,4.9,164.88,4
1788952423.2300642,serverless_reactive:cyclical:3,0.0,164.88,4
1788952423.432595,serverless_reactive:cyclical:3,0.0,164.88,4
1788952423.634839,serverless_reactive:cyclical:3,0.0,164.88,4
1788952423.8377428,serverless_reactive:cyclical:3,0.0,164.88,4
1788952424.0408301,serverless_reactive:cyclical:3,0.0,164.88,4
1788952424.2431126,serverless_reactive:cyclical:3,0.0,164.88,4
1788952424.445461,serverless_reactive:cyclical:3,0.0,164.88,4
1788952424.6477964,serverless_reactive:cyclical:3,24.6,164.89,4
1788952424.85161,serverless_reactive:cyclical:3,0.0,164.89,4
1788952425.0539458,serverless_reactive:cyclical:3,0.0,164.89,4
1788952425.257909,serverless_reactive:cyclical:3,0.0,164.89,4
1788952425.461761,serverless_reactive:cyclical:3,0.0,164.89,4
1788952425.6645117,serverless_reactive:cyclical:3,4.9,164.89,4
1788952425.8668053,serverless_reactive:cyclical:3,0.0,164.89,4
1788952426.069304,serverless_reactive:cyclical:3,0.0,164.89,4
1788952426.271804,serverless_reactive:cyclical:3,0.0,164.89,4
1788952426.4742694,serverless_reactive:cyclical:3,0.0,164.89,4
1788952426.6773987,serverless_reactive:cyclical:3,0.0,164.89,4
1788952426.879911,serverless_reactive:cyclical:3,0.0,164.89,4
1788952427.08293,serverless_reactive:cyclical:3,0.0,164.89,4
1788952427.2856758,serverless_reactive:cyclical:3,0.0,164.89,4
1788952427.4882028,serverless_reactive:cyclical:3,4.9,164.89,4
1788952427.6909187,serverless_reactive:cyclical:3,0.0,164.89,4
1788952427.8938012,serverless_reactive:cyclical:3,0.0,164.89,4
1788952428.0966303,serverless_reactive:cyclical:3,0.0,164.89,4
1788952428.2987828,serverless_reactive:cyclical:3,0.0,164.89,4
1788952428.5012083,serverless_reactive:cyclical:3,4.9,164.89,4
1788952428.703726,serverless_reactive:cyclical:3,0.0,164.89,4
1788952428.9067464,serverless_reactive:cyclical:3,0.0,164.89,4
1788952429.1093225,serverless_reactive:cyclical:3,0.0,164.89,4
1788952429.3119843,serverless_reactive:cyclical:3,4.9,164.89,4
1788952429.5170295,serverless_reactive:cyclical:3,0.0,164.89,4
1788952429.719487,serverless_reactive:cyclical:3,0.0,164.89,4
1788952429.9219728,serverless_reactive:cyclical:3,0.0,164.89,4
1788952430.1249106,serverless_reactive:cyclical:3,0.0,164.89,4
1788952430.3273237,serverless_reactive:cyclical:3,0.0,164.89,4
1788952430.5297885,serverless_reactive:cyclical:3,0.0,164.89,4
1788952430.73213,serverless_reactive:cyclical:3,0.0,164.89,4
1788952430.9349885,serverless_reactive:cyclical:3,0.0,164.89,4
1788952431.1373065,serverless_reactive:cyclical:3,0.0,164.89,4
1788952431.3395462,serverless_reactive:cyclical:3,0.0,164.89,4
1788952431.5461483,serverless_reactive:cyclical:3,0.0,164.89,4
1788952431.7484808,serverless_reactive:cyclical:3,0.0,164.89,4
1788952431.9509358,serverless_reactive:cyclical:3,0.0,164.89,4
1788952432.1535158,serverless_reactive:cyclical:3,4.9,164.89,4
1788952432.3558612,serverless_reactive:cyclical:3,0.0,164.89,4
1788952432.5589993,serverless_reactive:cyclical:3,0.0,164.89,4
1788952432.761268,serverless_reactive:cyclical:3,0.0,164.89,4
1788952432.9636817,serverless_reactive:cyclical:3,0.0,164.89,4
1788952433.166282,serverless_reactive:cyclical:3,19.7,164.89,4
1788952433.3690524,serverless_reactive:cyclical:3,0.0,164.89,4
1788952433.5716567,serverless_reactive:cyclical:3,0.0,164.89,4
1788952433.7741053,serverless_reactive:cyclical:3,0.0,164.89,4
1788952433.977407,serverless_reactive:cyclical:3,0.0,164.89,4
1788952434.1798253,serverless_reactive:cyclical:3,4.9,164.89,4
1788952434.3823504,serverless_reactive:cyclical:3,0.0,164.89,4
1788952434.5851426,serverless_reactive:cyclical:3,0.0,164.89,4
1788952434.7888176,serverless_reactive:cyclical:3,4.9,164.89,4
1788952434.9911451,serverless_reactive:cyclical:3,0.0,164.89,4
1788952435.194005,serverless_reactive:cyclical:3,0.0,164.89,4
1788952435.3966246,serverless_reactive:cyclical:3,0.0,164.89,4
1788952435.599263,serverless_reactive:cyclical:3,0.0,164.89,4
1788952435.8020296,serverless_reactive:cyclical:3,0.0,164.89,4
1788952436.0046306,serverless_reactive:cyclical:3,4.9,164.89,4
1788952436.2071533,serverless_reactive:cyclical:3,0.0,164.89,4
1788952436.4096746,serverless_reactive:cyclical:3,0.0,164.89,4
1788952436.6120195,serverless_reactive:cyclical:3,0.0,164.89,4
1788952436.8145819,serverless_reactive:cyclical:3,0.0,164.89,4
1788952437.0178792,serverless_reactive:cyclical:3,0.0,164.89,4
1788952437.2203171,serverless_reactive:cyclical:3,0.0,164.89,4
1788952437.422783,serverless_reactive:cyclical:3,0.0,164.89,4
1788952437.6252067,serverless_reactive:cyclical:3,0.0,164.89,4
1788952437.8276703,serverless_reactive:cyclical:3,0.0,164.89,4
1788952438.029983,serverless_reactive:cyclical:3,0.0,164.89,4
1788952438.2334936,serverless_reactive:cyclical:3,0.0,164.89,4
1788952438.4360054,serverless_reactive:cyclical:3,0.0,164.89,4
1788952438.6397698,serverless_reactive:cyclical:3,0.0,164.89,4
1788952438.842579,serverless_reactive:cyclical:3,0.0,164.89,4
1788952439.0450413,serverless_reactive:cyclical:3,0.0,164.89,4
1788952439.2476227,serverless_reactive:cyclical:3,4.9,164.89,4
1788952439.450019,serverless_reactive:cyclical:3,4.9,164.89,4
1788952439.652465,serverless_reactive:cyclical:3,0.0,164.89,4
1788952439.8547788,serverless_reactive:cyclical:3,0.0,164.89,4
1788952440.057209,serverless_reactive:cyclical:3,0.0,164.89,4
1788952440.2596772,serverless_reactive:cyclical:3,0.0,164.89,4
1788952440.4621608,serverless_reactive:cyclical:3,0.0,164.89,4
1788952440.6646402,serverless_reactive:cyclical:3,4.9,164.89,4
1788952440.8683515,serverless_reactive:cyclical:3,0.0,164.89,4
1788952441.072361,serverless_reactive:cyclical:3,0.0,164.89,4
1788952441.2754338,serverless_reactive:cyclical:3,0.0,164.89,4
1788952441.47779,serverless_reactive:cyclical:3,0.0,164.89,4
1788952441.6807911,serverless_reactive:cyclical:3,0.0,164.89,4
1788952441.8876529,serverless_reactive:cyclical:3,0.0,164.89,4
1788952442.0901494,serverless_reactive:cyclical:3,4.9,164.9,4
1788952442.293687,serverless_reactive:cyclical:3,19.6,164.91,4
1788952442.4964452,serverless_reactive:cyclical:3,0.0,164.91,4
1788952442.6990528,serverless_reactive:cyclical:3,0.0,164.91,4
1788952442.9016137,serverless_reactive:cyclical:3,0.0,164.91,4
1788952443.1056414,serverless_reactive:cyclical:3,0.0,164.91,4
1788952443.3546462,serverless_reactive:cyclical:3,0.0,164.91,4
1788952443.5572991,serverless_reactive:cyclical:3,0.0,164.91,4
1788952443.7597208,serverless_reactive:cyclical:3,0.0,164.91,4
1788952443.962084,serverless_reactive:cyclical:3,0.0,164.91,4
1788952444.16539,serverless_reactive:cyclical:3,0.0,164.91,4
1788952444.3680103,serverless_reactive:cyclical:3,0.0,164.91,4
1788952444.57049,serverless_reactive:cyclical:3,0.0,164.91,4
1788952444.773915,serverless_reactive:cyclical:3,0.0,164.91,4
1788952444.9764426,serverless_reactive:cyclical:3,0.0,164.91,4
1788952445.1793904,serverless_reactive:cyclical:3,0.0,164.91,4
1788952445.3819158,serverless_reactive:cyclical:3,4.9,164.91,4
1788952445.585411,serverless_reactive:cyclical:3,0.0,164.91,4
1788952445.7880492,serverless_reactive:cyclical:3,0.0,164.91,4
1788952445.9904432,serverless_reactive:cyclical:3,0.0,164.91,4
1788952446.1933842,serverless_reactive:cyclical:3,0.0,164.91,4
1788952446.3958552,serverless_reactive:cyclical:3,0.0,164.91,4
1788952446.598547,serverless_reactive:cyclical:3,0.0,164.91,4
1788952446.800865,serverless_reactive:cyclical:3,0.0,164.91,4
1788952447.0033324,serverless_reactive:cyclical:3,0.0,164.91,4
1788952447.2059639,serverless_reactive:cyclical:3,9.8,164.91,4
1788952447.4082375,serverless_reactive:cyclical:3,0.0,164.91,4
1788952447.6107428,serverless_reactive:cyclical:3,0.0,164.91,4
1788952447.813162,serverless_reactive:cyclical:3,0.0,164.91,4
1788952448.0154495,serverless_reactive:cyclical:3,0.0,164.91,4
1788952448.217782,serverless_reactive:cyclical:3,0.0,164.91,4
1788952448.4200497,serverless_reactive:cyclical:3,0.0,164.91,4
1788952448.6222305,serverless_reactive:cyclical:3,0.0,164.91,4
1788952448.8246183,serverless_reactive:cyclical:3,0.0,164.91,4
1788952449.0268805,serverless_reactive:cyclical:3,0.0,164.91,4
1788952449.2290926,serverless_reactive:cyclical:3,0.0,164.91,4
1788952449.4317594,serverless_reactive:cyclical:3,0.0,164.91,4
1788952449.6340227,serverless_reactive:cyclical:3,0.0,164.91,4
1788952449.8365226,serverless_reactive:cyclical:3,0.0,164.91,4
1788952450.0391207,serverless_reactive:cyclical:3,0.0,164.91,4
1788952450.241681,serverless_reactive:cyclical:3,4.9,164.91,4
1788952450.4441853,serverless_reactive:cyclical:3,4.9,164.91,4
1788952450.6473906,serverless_reactive:cyclical:3,4.9,164.91,4
1788952451.5053706,serverless_reactive:cyclical:4,0.0,36.62,1
1788952451.7075672,serverless_reactive:cyclical:4,0.0,36.62,1
1788952451.9103446,serverless_reactive:cyclical:4,0.0,36.62,1
1788952452.112871,serverless_reactive:cyclical:4,0.0,36.62,1
1788952452.3151622,serverless_reactive:cyclical:4,0.0,36.62,1
1788952452.5174031,serverless_reactive:cyclical:4,0.0,36.62,1
1788952452.7199044,serverless_reactive:cyclical:4,0.0,36.62,1
1788952452.9224818,serverless_reactive:cyclical:4,0.0,36.62,1
1788952453.124937,serverless_reactive:cyclical:4,4.9,36.62,1
1788952453.3273528,serverless_reactive:cyclical:4,0.0,36.62,1
1788952453.5302906,serverless_reactive:cyclical:4,0.0,36.62,1
1788952453.7324991,serverless_reactive:cyclical:4,0.0,36.62,1
1788952453.9345412,serverless_reactive:cyclical:4,0.0,36.62,1
1788952454.1367776,serverless_reactive:cyclical:4,0.0,36.62,1
1788952454.3387787,serverless_reactive:cyclical:4,0.0,36.62,1
1788952454.5406942,serverless_reactive:cyclical:4,0.0,36.62,1
1788952454.7426562,serverless_reactive:cyclical:4,0.0,36.62,1
1788952454.944646,serverless_reactive:cyclical:4,0.0,36.62,1
1788952455.1468349,serverless_reactive:cyclical:4,0.0,36.62,1
1788952455.3494718,serverless_reactive:cyclical:4,0.0,36.62,1
1788952455.55155,serverless_reactive:cyclical:4,0.0,36.62,1
1788952455.753471,serverless_reactive:cyclical:4,0.0,36.62,1
1788952455.9560049,serverless_reactive:cyclical:4,0.0,36.62,1
1788952456.1586668,serverless_reactive:cyclical:4,0.0,36.62,1
1788952456.3607783,serverless_reactive:cyclical:4,0.0,36.62,1
1788952456.5626802,serverless_reactive:cyclical:4,0.0,36.62,1
1788952456.7646143,serverless_reactive:cyclical:4,0.0,36.62,1
1788952456.9664075,serverless_reactive:cyclical:4,0.0,36.62,1
1788952457.1683965,serverless_reactive:cyclical:4,0.0,36.62,1
1788952457.3715453,serverless_reactive:cyclical:4,0.0,36.62,1
1788952457.573675,serverless_reactive:cyclical:4,0.0,36.62,1
1788952457.7762468,serverless_reactive:cyclical:4,0.0,36.62,1
1788952457.9781396,serverless_reactive:cyclical:4,0.0,36.62,1
1788952458.1810048,serverless_reactive:cyclical:4,0.0,36.62,1
1788952458.382952,serverless_reactive:cyclical:4,0.0,36.62,1
1788952458.5849104,serverless_reactive:cyclical:4,0.0,36.62,1
1788952458.7868934,serverless_reactive:cyclical:4,0.0,36.62,1
1788952458.9893813,serverless_reactive:cyclical:4,0.0,36.62,1
1788952459.1915095,serverless_reactive:cyclical:4,0.0,36.62,1
1788952459.3934438,serverless_reactive:cyclical:4,0.0,36.62,1
1788952459.595424,serverless_reactive:cyclical:4,0.0,36.62,1
1788952459.7973664,serverless_reactive:cyclical:4,0.0,36.62,1
1788952459.999322,serverless_reactive:cyclical:4,0.0,36.62,1
1788952460.2012017,serverless_reactive:cyclical:4,0.0,36.62,1
1788952460.4091806,serverless_reactive:cyclical:4,4.8,52.85,4
1788952460.6120512,serverless_reactive:cyclical:4,197.2,117.01,4
1788952460.8170316,serverless_reactive:cyclical:4,190.3,145.59,4
1788952461.0190628,serverless_reactive:cyclical:4,187.9,155.61,4
1788952461.2214258,serverless_reactive:cyclical:4,103.7,164.66,4
1788952461.423639,serverless_reactive:cyclical:4,0.0,164.66,4
1788952461.6262057,serverless_reactive:cyclical:4,9.8,164.66,4
1788952461.8286169,serverless_reactive:cyclical:4,0.0,164.66,4
1788952462.0308986,serverless_reactive:cyclical:4,4.9,164.66,4
1788952462.2332537,serverless_reactive:cyclical:4,0.0,164.66,4
1788952462.4360352,serverless_reactive:cyclical:4,0.0,164.66,4
1788952462.6387608,serverless_reactive:cyclical:4,0.0,164.66,4
1788952462.8416944,serverless_reactive:cyclical:4,0.0,164.66,4
1788952463.0444493,serverless_reactive:cyclical:4,0.0,164.66,4
1788952463.2475226,serverless_reactive:cyclical:4,0.0,164.66,4
1788952463.4501076,serverless_reactive:cyclical:4,0.0,164.66,4
1788952463.655654,serverless_reactive:cyclical:4,0.0,164.66,4
1788952463.8582513,serverless_reactive:cyclical:4,0.0,164.66,4
1788952464.0617216,serverless_reactive:cyclical:4,0.0,164.66,4
1788952464.2658966,serverless_reactive:cyclical:4,0.0,164.66,4
1788952464.4682326,serverless_reactive:cyclical:4,0.0,164.66,4
1788952464.6708388,serverless_reactive:cyclical:4,0.0,164.66,4
1788952464.8737762,serverless_reactive:cyclical:4,0.0,164.66,4
1788952465.0762239,serverless_reactive:cyclical:4,0.0,164.66,4
1788952465.279719,serverless_reactive:cyclical:4,0.0,164.66,4
1788952465.4823034,serverless_reactive:cyclical:4,0.0,164.66,4
1788952465.6851914,serverless_reactive:cyclical:4,0.0,164.66,4
1788952465.887907,serverless_reactive:cyclical:4,0.0,164.66,4
1788952466.0903642,serverless_reactive:cyclical:4,0.0,164.66,4
1788952466.2928858,serverless_reactive:cyclical:4,9.8,164.66,4
1788952466.4958262,serverless_reactive:cyclical:4,4.9,164.66,4
1788952466.6982534,serverless_reactive:cyclical:4,0.0,164.66,4
1788952466.9009635,serverless_reactive:cyclical:4,0.0,164.66,4
1788952467.1035476,serverless_reactive:cyclical:4,0.0,164.66,4
1788952467.3058598,serverless_reactive:cyclical:4,0.0,164.66,4
1788952467.509648,serverless_reactive:cyclical:4,0.0,164.66,4
1788952467.7125592,serverless_reactive:cyclical:4,0.0,164.66,4
1788952467.91626,serverless_reactive:cyclical:4,0.0,164.66,4
1788952468.1199768,serverless_reactive:cyclical:4,0.0,164.66,4
1788952468.3229542,serverless_reactive:cyclical:4,0.0,164.66,4
1788952468.5295634,serverless_reactive:cyclical:4,0.0,164.66,4
1788952468.73247,serverless_reactive:cyclical:4,0.0,164.66,4
1788952468.9363112,serverless_reactive:cyclical:4,0.0,164.66,4
1788952469.1387496,serverless_reactive:cyclical:4,0.0,164.66,4
1788952469.3424246,serverless_reactive:cyclical:4,0.0,164.66,4
1788952469.5464365,serverless_reactive:cyclical:4,0.0,164.66,4
1788952469.7499778,serverless_reactive:cyclical:4,4.9,164.66,4
1788952469.9525263,serverless_reactive:cyclical:4,0.0,164.66,4
1788952470.1549394,serverless_reactive:cyclical:4,0.0,164.66,4
1788952470.3581562,serverless_reactive:cyclical:4,24.5,164.68,4
1788952470.5615263,serverless_reactive:cyclical:4,0.0,164.68,4
1788952470.7649758,serverless_reactive:cyclical:4,0.0,164.68,4
1788952470.9690347,serverless_reactive:cyclical:4,0.0,164.68,4
1788952471.1724038,serverless_reactive:cyclical:4,0.0,164.68,4
1788952471.3755195,serverless_reactive:cyclical:4,4.9,164.68,4
1788952471.5785275,serverless_reactive:cyclical:4,0.0,164.68,4
1788952471.7818284,serverless_reactive:cyclical:4,0.0,164.68,4
1788952471.9844084,serverless_reactive:cyclical:4,0.0,164.68,4
1788952472.187559,serverless_reactive:cyclical:4,0.0,164.68,4
1788952472.3901768,serverless_reactive:cyclical:4,0.0,164.68,4
1788952472.5925171,serverless_reactive:cyclical:4,0.0,164.68,4
1788952472.7949011,serverless_reactive:cyclical:4,0.0,164.68,4
1788952472.9977376,serverless_reactive:cyclical:4,0.0,164.68,4
1788952473.200976,serverless_reactive:cyclical:4,4.9,164.68,4
1788952473.403441,serverless_reactive:cyclical:4,0.0,164.68,4
1788952473.6057408,serverless_reactive:cyclical:4,4.9,164.68,4
1788952473.8082473,serverless_reactive:cyclical:4,0.0,164.68,4
1788952474.0105443,serverless_reactive:cyclical:4,0.0,164.68,4
1788952474.2138386,serverless_reactive:cyclical:4,0.0,164.68,4
1788952474.4164417,serverless_reactive:cyclical:4,0.0,164.68,4
1788952474.6200979,serverless_reactive:cyclical:4,0.0,164.68,4
1788952474.8223827,serverless_reactive:cyclical:4,0.0,164.68,4
1788952475.0252693,serverless_reactive:cyclical:4,0.0,164.68,4
1788952475.2278264,serverless_reactive:cyclical:4,0.0,164.68,4
1788952475.4307017,serverless_reactive:cyclical:4,0.0,164.68,4
1788952475.6331453,serverless_reactive:cyclical:4,4.9,164.68,4
1788952475.8354928,serverless_reactive:cyclical:4,0.0,164.68,4
1788952476.037895,serverless_reactive:cyclical:4,4.9,164.68,4
1788952476.2402806,serverless_reactive:cyclical:4,0.0,164.68,4
1788952476.4428287,serverless_reactive:cyclical:4,0.0,164.68,4
1788952476.645246,serverless_reactive:cyclical:4,0.0,164.68,4
1788952476.8475678,serverless_reactive:cyclical:4,0.0,164.68,4
1788952477.0497909,serverless_reactive:cyclical:4,0.0,164.68,4
1788952477.2521324,serverless_reactive:cyclical:4,0.0,164.68,4
1788952477.4558342,serverless_reactive:cyclical:4,0.0,164.68,4
1788952477.6583276,serverless_reactive:cyclical:4,0.0,164.68,4
1788952477.860774,serverless_reactive:cyclical:4,0.0,164.68,4
1788952478.0630255,serverless_reactive:cyclical:4,4.9,164.68,4
1788952478.2655807,serverless_reactive:cyclical:4,0.0,164.68,4
1788952478.4679687,serverless_reactive:cyclical:4,0.0,164.68,4
1788952478.670783,serverless_reactive:cyclical:4,4.9,164.68,4
1788952478.8735995,serverless_reactive:cyclical:4,0.0,164.68,4
1788952479.0761108,serverless_reactive:cyclical:4,0.0,164.68,4
1788952479.2788508,serverless_reactive:cyclical:4,0.0,164.68,4
1788952479.4810383,serverless_reactive:cyclical:4,0.0,164.68,4
1788952479.683442,serverless_reactive:cyclical:4,0.0,164.68,4
1788952479.8864312,serverless_reactive:cyclical:4,0.0,164.68,4
1788952480.0894663,serverless_reactive:cyclical:4,0.0,164.68,4
1788952480.2950237,serverless_reactive:cyclical:4,14.7,164.69,4
1788952480.497639,serverless_reactive:cyclical:4,0.0,164.69,4
1788952480.700019,serverless_reactive:cyclical:4,0.0,164.69,4
1788952480.9027333,serverless_reactive:cyclical:4,0.0,164.69,4
1788952481.105136,serverless_reactive:cyclical:4,0.0,164.69,4
1788952481.3074794,serverless_reactive:cyclical:4,0.0,164.69,4
1788952481.509918,serverless_reactive:cyclical:4,0.0,164.69,4
1788952481.7123902,serverless_reactive:cyclical:4,0.0,164.69,4
1788952481.9149215,serverless_reactive:cyclical:4,0.0,164.69,4
1788952482.1177554,serverless_reactive:cyclical:4,0.0,164.69,4
1788952482.3201818,serverless_reactive:cyclical:4,4.9,164.69,4
1788952482.5235536,serverless_reactive:cyclical:4,0.0,164.69,4
1788952482.7258286,serverless_reactive:cyclical:4,4.9,164.69,4
1788952482.9290266,serverless_reactive:cyclical:4,4.9,164.69,4
1788952483.1328852,serverless_reactive:cyclical:4,0.0,164.69,4
1788952483.3354645,serverless_reactive:cyclical:4,0.0,164.69,4
1788952483.5391421,serverless_reactive:cyclical:4,0.0,164.69,4
1788952483.7415564,serverless_reactive:cyclical:4,0.0,164.69,4
1788952483.944005,serverless_reactive:cyclical:4,0.0,164.69,4
1788952484.1464505,serverless_reactive:cyclical:4,0.0,164.69,4
1788952484.3502667,serverless_reactive:cyclical:4,4.9,164.69,4
1788952484.552762,serverless_reactive:cyclical:4,0.0,164.69,4
1788952484.7555072,serverless_reactive:cyclical:4,0.0,164.69,4
1788952484.958148,serverless_reactive:cyclical:4,0.0,164.69,4
1788952485.1610124,serverless_reactive:cyclical:4,0.0,164.69,4
1788952485.3636842,serverless_reactive:cyclical:4,0.0,164.69,4
1788952485.5665941,serverless_reactive:cyclical:4,4.9,164.69,4
1788952485.7700908,serverless_reactive:cyclical:4,0.0,164.69,4
1788952485.9727142,serverless_reactive:cyclical:4,0.0,164.69,4
1788952486.1754572,serverless_reactive:cyclical:4,0.0,164.69,4
1788952486.3786874,serverless_reactive:cyclical:4,0.0,164.69,4
1788952486.5814292,serverless_reactive:cyclical:4,0.0,164.69,4
1788952486.7842052,serverless_reactive:cyclical:4,0.0,164.69,4
1788952486.9868286,serverless_reactive:cyclical:4,0.0,164.69,4
1788952487.189525,serverless_reactive:cyclical:4,4.9,164.69,4
1788952487.3931713,serverless_reactive:cyclical:4,0.0,164.69,4
1788952487.5957882,serverless_reactive:cyclical:4,0.0,164.69,4
1788952487.7982297,serverless_reactive:cyclical:4,4.9,164.69,4
1788952488.0008826,serverless_reactive:cyclical:4,0.0,164.69,4
1788952488.2036874,serverless_reactive:cyclical:4,0.0,164.69,4
1788952488.4062176,serverless_reactive:cyclical:4,0.0,164.69,4
1788952488.6091633,serverless_reactive:cyclical:4,4.9,164.69,4
1788952488.8118243,serverless_reactive:cyclical:4,0.0,164.69,4
1788952489.0144792,serverless_reactive:cyclical:4,0.0,164.69,4
1788952489.21715,serverless_reactive:cyclical:4,0.0,164.69,4
1788952489.4197712,serverless_reactive:cyclical:4,9.8,164.7,4
1788952489.6226268,serverless_reactive:cyclical:4,0.0,164.7,4
1788952489.825159,serverless_reactive:cyclical:4,4.9,164.7,4
1788952490.0276537,serverless_reactive:cyclical:4,0.0,164.7,4
1788952490.2300677,serverless_reactive:cyclical:4,0.0,164.7,4
1788952490.43268,serverless_reactive:cyclical:4,4.9,164.7,4
1788952490.636936,serverless_reactive:cyclical:4,0.0,164.7,4
1788952490.8396378,serverless_reactive:cyclical:4,0.0,164.7,4
1788952491.0429618,serverless_reactive:cyclical:4,0.0,164.7,4
1788952491.2456806,serverless_reactive:cyclical:4,0.0,164.7,4
1788952491.4483225,serverless_reactive:cyclical:4,0.0,164.7,4
1788952491.6508648,serverless_reactive:cyclical:4,0.0,164.7,4
1788952491.8542886,serverless_reactive:cyclical:4,0.0,164.7,4
1788952492.0569158,serverless_reactive:cyclical:4,0.0,164.7,4
1788952492.2596426,serverless_reactive:cyclical:4,0.0,164.7,4
1788952492.4619331,serverless_reactive:cyclical:4,0.0,164.7,4
1788952492.6644642,serverless_reactive:cyclical:4,0.0,164.7,4
1788952492.8672774,serverless_reactive:cyclical:4,0.0,164.7,4
1788952493.069776,serverless_reactive:cyclical:4,0.0,164.7,4
1788952493.272169,serverless_reactive:cyclical:4,0.0,164.7,4
1788952493.4751272,serverless_reactive:cyclical:4,0.0,164.7,4
1788952493.6777074,serverless_reactive:cyclical:4,0.0,164.7,4
1788952493.880221,serverless_reactive:cyclical:4,4.9,164.7,4
1788952494.082739,serverless_reactive:cyclical:4,0.0,164.7,4
1788952494.2853532,serverless_reactive:cyclical:4,0.0,164.7,4
1788952494.4878252,serverless_reactive:cyclical:4,9.8,164.7,4
1788952494.6901662,serverless_reactive:cyclical:4,0.0,164.7,4
1788952494.892708,serverless_reactive:cyclical:4,0.0,164.7,4
1788952495.0951555,serverless_reactive:cyclical:4,0.0,164.7,4
1788952495.29775,serverless_reactive:cyclical:4,0.0,164.7,4
1788952495.500405,serverless_reactive:cyclical:4,0.0,164.7,4
1788952495.7033262,serverless_reactive:cyclical:4,0.0,164.7,4
1788952495.9057317,serverless_reactive:cyclical:4,0.0,164.7,4
1788952496.1081853,serverless_reactive:cyclical:4,0.0,164.7,4
1788952496.3123274,serverless_reactive:cyclical:4,0.0,164.7,4
1788952496.5152695,serverless_reactive:cyclical:4,0.0,164.7,4
1788952496.717906,serverless_reactive:cyclical:4,4.9,164.7,4
1788952496.920437,serverless_reactive:cyclical:4,0.0,164.7,4
1788952497.122888,serverless_reactive:cyclical:4,0.0,164.7,4
1788952497.325336,serverless_reactive:cyclical:4,0.0,164.7,4
1788952497.5278842,serverless_reactive:cyclical:4,0.0,164.7,4
1788952497.7304947,serverless_reactive:cyclical:4,0.0,164.7,4
1788952497.933184,serverless_reactive:cyclical:4,0.0,164.7,4
1788952498.135824,serverless_reactive:cyclical:4,0.0,164.7,4
1788952498.338424,serverless_reactive:cyclical:4,0.0,164.7,4
1788952499.3066797,serverless_reactive:cyclical:5,0.0,36.58,1
1788952499.5089734,serverless_reactive:cyclical:5,0.0,36.58,1
1788952499.711304,serverless_reactive:cyclical:5,0.0,36.58,1
1788952499.9134386,serverless_reactive:cyclical:5,0.0,36.58,1
1788952500.1156795,serverless_reactive:cyclical:5,4.9,36.58,1
1788952500.3178391,serverless_reactive:cyclical:5,0.0,36.58,1
1788952500.5203123,serverless_reactive:cyclical:5,0.0,36.58,1
1788952500.7224908,serverless_reactive:cyclical:5,0.0,36.58,1
1788952500.9246483,serverless_reactive:cyclical:5,0.0,36.58,1
1788952501.1274216,serverless_reactive:cyclical:5,0.0,36.58,1
1788952501.3294902,serverless_reactive:cyclical:5,0.0,36.58,1
1788952501.5318136,serverless_reactive:cyclical:5,0.0,36.58,1
1788952501.734027,serverless_reactive:cyclical:5,0.0,36.58,1
1788952501.9369805,serverless_reactive:cyclical:5,0.0,36.58,1
1788952502.139285,serverless_reactive:cyclical:5,0.0,36.58,1
1788952502.3417656,serverless_reactive:cyclical:5,0.0,36.58,1
1788952502.5440187,serverless_reactive:cyclical:5,0.0,36.58,1
1788952502.7461636,serverless_reactive:cyclical:5,0.0,36.58,1
1788952502.948264,serverless_reactive:cyclical:5,0.0,36.58,1
1788952503.1504185,serverless_reactive:cyclical:5,0.0,36.58,1
1788952503.3528016,serverless_reactive:cyclical:5,0.0,36.58,1
1788952503.555129,serverless_reactive:cyclical:5,0.0,36.58,1
1788952503.7576487,serverless_reactive:cyclical:5,0.0,36.58,1
1788952503.959753,serverless_reactive:cyclical:5,0.0,36.58,1
1788952504.1617858,serverless_reactive:cyclical:5,0.0,36.58,1
1788952504.3637965,serverless_reactive:cyclical:5,0.0,36.58,1
1788952504.565728,serverless_reactive:cyclical:5,0.0,36.58,1
1788952504.7692337,serverless_reactive:cyclical:5,0.0,36.58,1
1788952504.9714277,serverless_reactive:cyclical:5,0.0,36.58,1
1788952505.1734211,serverless_reactive:cyclical:5,0.0,36.58,1
1788952505.375416,serverless_reactive:cyclical:5,0.0,36.58,1
1788952505.5773015,serverless_reactive:cyclical:5,0.0,36.58,1
1788952505.7796493,serverless_reactive:cyclical:5,0.0,36.58,1
1788952505.9817643,serverless_reactive:cyclical:5,0.0,36.58,1
1788952506.1841865,serverless_reactive:cyclical:5,0.0,36.58,1
1788952506.3861284,serverless_reactive:cyclical:5,0.0,36.58,1
1788952506.5881574,serverless_reactive:cyclical:5,0.0,36.58,1
1788952506.7900925,serverless_reactive:cyclical:5,0.0,36.58,1
1788952506.9924831,serverless_reactive:cyclical:5,0.0,36.58,1
1788952507.1946063,serverless_reactive:cyclical:5,0.0,36.58,1
1788952507.3977265,serverless_reactive:cyclical:5,0.0,36.58,1
1788952507.6000764,serverless_reactive:cyclical:5,0.0,36.58,1
1788952507.8023329,serverless_reactive:cyclical:5,0.0,36.58,1
1788952508.0049028,serverless_reactive:cyclical:5,0.0,36.58,1
1788952508.207346,serverless_reactive:cyclical:5,0.0,36.58,1
1788952508.4099185,serverless_reactive:cyclical:5,0.0,36.58,1
1788952508.612073,serverless_reactive:cyclical:5,0.0,36.58,1
1788952508.8142283,serverless_reactive:cyclical:5,0.0,36.58,1
1788952509.0165174,serverless_reactive:cyclical:5,0.0,36.58,1
1788952509.2244368,serverless_reactive:cyclical:5,9.6,62.71,4
1788952509.4292324,serverless_reactive:cyclical:5,190.4,121.06,4
1788952509.6356585,serverless_reactive:cyclical:5,198.6,144.82,4
1788952509.8413908,serverless_reactive:cyclical:5,199.3,154.82,4
1788952510.0439513,serverless_reactive:cyclical:5,118.5,164.82,4
1788952510.246506,serverless_reactive:cyclical:5,0.0,164.82,4
1788952510.4492743,serverless_reactive:cyclical:5,0.0,164.82,4
1788952510.652201,serverless_reactive:cyclical:5,0.0,164.82,4
1788952510.8546734,serverless_reactive:cyclical:5,0.0,164.82,4
1788952511.0571237,serverless_reactive:cyclical:5,0.0,164.82,4
1788952511.260406,serverless_reactive:cyclical:5,0.0,164.82,4
1788952511.4630737,serverless_reactive:cyclical:5,0.0,164.82,4
1788952511.6665788,serverless_reactive:cyclical:5,0.0,164.82,4
1788952511.8695374,serverless_reactive:cyclical:5,0.0,164.82,4
1788952512.0737388,serverless_reactive:cyclical:5,0.0,164.82,4
1788952512.2763326,serverless_reactive:cyclical:5,4.9,164.82,4
1788952512.479123,serverless_reactive:cyclical:5,4.9,164.82,4
1788952512.682562,serverless_reactive:cyclical:5,0.0,164.82,4
1788952512.8851929,serverless_reactive:cyclical:5,4.9,164.82,4
1788952513.08843,serverless_reactive:cyclical:5,0.0,164.82,4
1788952513.2907963,serverless_reactive:cyclical:5,0.0,164.82,4
1788952513.4932733,serverless_reactive:cyclical:5,0.0,164.82,4
1788952513.6957922,serverless_reactive:cyclical:5,0.0,164.82,4
1788952513.898147,serverless_reactive:cyclical:5,0.0,164.82,4
1788952514.1008809,serverless_reactive:cyclical:5,0.0,164.82,4
1788952514.3034277,serverless_reactive:cyclical:5,0.0,164.82,4
1788952514.5070708,serverless_reactive:cyclical:5,0.0,164.82,4
1788952514.7093906,serverless_reactive:cyclical:5,0.0,164.82,4
1788952514.9120767,serverless_reactive:cyclical:5,0.0,164.82,4
1788952515.1145005,serverless_reactive:cyclical:5,0.0,164.82,4
1788952515.3170354,serverless_reactive:cyclical:5,0.0,164.82,4
1788952515.5196567,serverless_reactive:cyclical:5,0.0,164.82,4
1788952515.7220664,serverless_reactive:cyclical:5,0.0,164.82,4
1788952515.9249089,serverless_reactive:cyclical:5,0.0,164.82,4
1788952516.1273854,serverless_reactive:cyclical:5,0.0,164.82,4
1788952516.3299978,serverless_reactive:cyclical:5,0.0,164.82,4
1788952516.532595,serverless_reactive:cyclical:5,4.9,164.82,4
1788952516.7351437,serverless_reactive:cyclical:5,0.0,164.82,4
1788952516.9376726,serverless_reactive:cyclical:5,0.0,164.82,4
1788952517.1402283,serverless_reactive:cyclical:5,0.0,164.82,4
1788952517.3426776,serverless_reactive:cyclical:5,9.8,164.82,4
1788952517.545209,serverless_reactive:cyclical:5,4.9,164.82,4
1788952517.7478473,serverless_reactive:cyclical:5,0.0,164.82,4
1788952517.9516118,serverless_reactive:cyclical:5,0.0,164.82,4
1788952518.155053,serverless_reactive:cyclical:5,0.0,164.82,4
1788952518.3578007,serverless_reactive:cyclical:5,0.0,164.82,4
1788952518.5603666,serverless_reactive:cyclical:5,0.0,164.82,4
1788952518.7631004,serverless_reactive:cyclical:5,0.0,164.82,4
1788952518.9654572,serverless_reactive:cyclical:5,0.0,164.82,4
1788952519.168038,serverless_reactive:cyclical:5,0.0,164.82,4
1788952519.3718998,serverless_reactive:cyclical:5,9.8,164.82,4
1788952519.5742226,serverless_reactive:cyclical:5,0.0,164.82,4
1788952519.7770665,serverless_reactive:cyclical:5,4.9,164.82,4
1788952519.9796135,serverless_reactive:cyclical:5,0.0,164.82,4
1788952520.1823554,serverless_reactive:cyclical:5,0.0,164.82,4
1788952520.386438,serverless_reactive:cyclical:5,0.0,164.82,4
1788952520.5890982,serverless_reactive:cyclical:5,0.0,164.82,4
1788952520.7916293,serverless_reactive:cyclical:5,4.9,164.82,4
1788952520.993934,serverless_reactive:cyclical:5,0.0,164.82,4
1788952521.1963928,serverless_reactive:cyclical:5,0.0,164.82,4
1788952521.3987598,serverless_reactive:cyclical:5,0.0,164.82,4
1788952521.6013772,serverless_reactive:cyclical:5,0.0,164.82,4
1788952521.8038216,serverless_reactive:cyclical:5,0.0,164.82,4
1788952522.0063055,serverless_reactive:cyclical:5,0.0,164.82,4
1788952522.2092164,serverless_reactive:cyclical:5,0.0,164.82,4
1788952522.411829,serverless_reactive:cyclical:5,0.0,164.82,4
1788952522.6143706,serverless_reactive:cyclical:5,0.0,164.82,4
1788952522.817193,serverless_reactive:cyclical:5,0.0,164.82,4
1788952523.0203424,serverless_reactive:cyclical:5,0.0,164.82,4
1788952523.22293,serverless_reactive:cyclical:5,0.0,164.82,4
1788952523.4254901,serverless_reactive:cyclical:5,4.9,164.82,4
1788952523.6279612,serverless_reactive:cyclical:5,0.0,164.82,4
1788952523.8304207,serverless_reactive:cyclical:5,0.0,164.82,4
1788952524.032784,serverless_reactive:cyclical:5,0.0,164.82,4
1788952524.2353203,serverless_reactive:cyclical:5,0.0,164.82,4
1788952524.4382386,serverless_reactive:cyclical:5,4.9,164.82,4
1788952524.6407256,serverless_reactive:cyclical:5,0.0,164.82,4
1788952524.8431332,serverless_reactive:cyclical:5,0.0,164.82,4
1788952525.045422,serverless_reactive:cyclical:5,0.0,164.82,4
1788952525.2482097,serverless_reactive:cyclical:5,4.9,164.82,4
1788952525.4506829,serverless_reactive:cyclical:5,0.0,164.82,4
1788952525.653366,serverless_reactive:cyclical:5,0.0,164.82,4
1788952525.8560207,serverless_reactive:cyclical:5,0.0,164.82,4
1788952526.058376,serverless_reactive:cyclical:5,4.9,164.82,4
1788952526.260981,serverless_reactive:cyclical:5,0.0,164.82,4
1788952526.4635139,serverless_reactive:cyclical:5,0.0,164.82,4
1788952526.6660225,serverless_reactive:cyclical:5,0.0,164.82,4
1788952526.8685186,serverless_reactive:cyclical:5,0.0,164.82,4
1788952527.0721087,serverless_reactive:cyclical:5,0.0,164.82,4
1788952527.2747016,serverless_reactive:cyclical:5,0.0,164.82,4
1788952527.4772122,serverless_reactive:cyclical:5,0.0,164.82,4
1788952527.6801376,serverless_reactive:cyclical:5,19.7,164.84,4
1788952527.8825984,serverless_reactive:cyclical:5,0.0,164.84,4
1788952528.0851467,serverless_reactive:cyclical:5,4.9,164.84,4
1788952528.2879238,serverless_reactive:cyclical:5,0.0,164.84,4
1788952528.4903414,serverless_reactive:cyclical:5,0.0,164.84,4
1788952528.692989,serverless_reactive:cyclical:5,0.0,164.84,4
1788952528.8955672,serverless_reactive:cyclical:5,0.0,164.84,4
1788952529.0979867,serverless_reactive:cyclical:5,0.0,164.84,4
1788952529.3005304,serverless_reactive:cyclical:5,0.0,164.84,4
1788952529.5030222,serverless_reactive:cyclical:5,0.0,164.84,4
1788952529.7051895,serverless_reactive:cyclical:5,0.0,164.84,4
1788952529.9076722,serverless_reactive:cyclical:5,0.0,164.84,4
1788952530.1102617,serverless_reactive:cyclical:5,4.9,164.84,4
1788952530.3127587,serverless_reactive:cyclical:5,0.0,164.84,4
1788952530.5151112,serverless_reactive:cyclical:5,0.0,164.84,4
1788952530.717837,serverless_reactive:cyclical:5,0.0,164.84,4
1788952530.9204075,serverless_reactive:cyclical:5,0.0,164.84,4
1788952531.122854,serverless_reactive:cyclical:5,0.0,164.84,4
1788952531.326876,serverless_reactive:cyclical:5,4.9,164.84,4
1788952531.5293534,serverless_reactive:cyclical:5,0.0,164.84,4
1788952531.7318065,serverless_reactive:cyclical:5,0.0,164.84,4
1788952531.9347048,serverless_reactive:cyclical:5,0.0,164.84,4
1788952532.1374726,serverless_reactive:cyclical:5,4.9,164.84,4
1788952532.339957,serverless_reactive:cyclical:5,0.0,164.84,4
1788952532.5424206,serverless_reactive:cyclical:5,0.0,164.84,4
1788952532.745023,serverless_reactive:cyclical:5,0.0,164.84,4
1788952532.9475758,serverless_reactive:cyclical:5,0.0,164.84,4
1788952533.1499767,serverless_reactive:cyclical:5,0.0,164.84,4
1788952533.3525813,serverless_reactive:cyclical:5,0.0,164.84,4
1788952533.5549893,serverless_reactive:cyclical:5,0.0,164.84,4
1788952533.7583342,serverless_reactive:cyclical:5,0.0,164.84,4
1788952533.9608767,serverless_reactive:cyclical:5,0.0,164.84,4
1788952534.1634314,serverless_reactive:cyclical:5,0.0,164.84,4
1788952534.3657267,serverless_reactive:cyclical:5,0.0,164.84,4
1788952534.5681512,serverless_reactive:cyclical:5,0.0,164.84,4
1788952534.770598,serverless_reactive:cyclical:5,0.0,164.84,4
1788952534.973335,serverless_reactive:cyclical:5,4.9,164.84,4
1788952535.1758318,serverless_reactive:cyclical:5,0.0,164.84,4
1788952535.3781202,serverless_reactive:cyclical:5,0.0,164.84,4
1788952535.5805738,serverless_reactive:cyclical:5,0.0,164.84,4
1788952535.7828496,serverless_reactive:cyclical:5,4.9,164.84,4
1788952535.9851768,serverless_reactive:cyclical:5,0.0,164.84,4
1788952536.1876585,serverless_reactive:cyclical:5,0.0,164.84,4
1788952536.390152,serverless_reactive:cyclical:5,0.0,164.84,4
1788952536.5928018,serverless_reactive:cyclical:5,0.0,164.84,4
1788952536.7961564,serverless_reactive:cyclical:5,9.8,164.85,4
1788952536.998563,serverless_reactive:cyclical:5,0.0,164.85,4
1788952537.201952,serverless_reactive:cyclical:5,0.0,164.85,4
1788952537.4045148,serverless_reactive:cyclical:5,0.0,164.85,4
1788952537.6069555,serverless_reactive:cyclical:5,0.0,164.85,4
1788952537.809797,serverless_reactive:cyclical:5,0.0,164.85,4
1788952538.012242,serverless_reactive:cyclical:5,0.0,164.85,4
1788952538.2146146,serverless_reactive:cyclical:5,0.0,164.85,4
1788952538.4171011,serverless_reactive:cyclical:5,0.0,164.85,4
1788952538.6195693,serverless_reactive:cyclical:5,4.9,164.85,4
1788952538.8222487,serverless_reactive:cyclical:5,0.0,164.85,4
1788952539.025257,serverless_reactive:cyclical:5,4.9,164.85,4
1788952539.227779,serverless_reactive:cyclical:5,9.8,164.85,4
1788952539.4302573,serverless_reactive:cyclical:5,0.0,164.85,4
1788952539.6339724,serverless_reactive:cyclical:5,0.0,164.85,4
1788952539.8365233,serverless_reactive:cyclical:5,0.0,164.85,4
1788952540.0389786,serverless_reactive:cyclical:5,0.0,164.85,4
1788952540.242761,serverless_reactive:cyclical:5,0.0,164.85,4
1788952540.445398,serverless_reactive:cyclical:5,0.0,164.85,4
1788952540.6480446,serverless_reactive:cyclical:5,0.0,164.85,4
1788952540.8507326,serverless_reactive:cyclical:5,0.0,164.85,4
1788952541.0536866,serverless_reactive:cyclical:5,0.0,164.85,4
1788952541.2562816,serverless_reactive:cyclical:5,0.0,164.85,4
1788952541.4587145,serverless_reactive:cyclical:5,0.0,164.85,4
1788952541.661451,serverless_reactive:cyclical:5,0.0,164.85,4
1788952541.864405,serverless_reactive:cyclical:5,0.0,164.85,4
1788952542.0679545,serverless_reactive:cyclical:5,0.0,164.85,4
1788952542.2708154,serverless_reactive:cyclical:5,0.0,164.85,4
1788952542.473364,serverless_reactive:cyclical:5,0.0,164.85,4
1788952542.6763034,serverless_reactive:cyclical:5,4.9,164.85,4
1788952542.8790061,serverless_reactive:cyclical:5,0.0,164.85,4
1788952543.082299,serverless_reactive:cyclical:5,0.0,164.85,4
1788952543.2858968,serverless_reactive:cyclical:5,0.0,164.85,4
1788952543.488515,serverless_reactive:cyclical:5,0.0,164.85,4
1788952543.6915443,serverless_reactive:cyclical:5,0.0,164.85,4
1788952543.8946667,serverless_reactive:cyclical:5,4.9,164.85,4
1788952544.0977776,serverless_reactive:cyclical:5,4.9,164.85,4
1788952544.301018,serverless_reactive:cyclical:5,0.0,164.85,4
1788952544.5038788,serverless_reactive:cyclical:5,0.0,164.85,4
1788952544.707399,serverless_reactive:cyclical:5,0.0,164.85,4
1788952544.9100773,serverless_reactive:cyclical:5,0.0,164.85,4
1788952545.1166184,serverless_reactive:cyclical:5,4.8,164.85,4
1788952545.9904385,serverless_reactive:cyclical:0,0.0,36.7,1
1788952546.1927142,serverless_reactive:cyclical:0,0.0,36.7,1
1788952546.3962235,serverless_reactive:cyclical:0,0.0,36.7,1
1788952546.5995915,serverless_reactive:cyclical:0,4.9,36.71,1
1788952546.8026767,serverless_reactive:cyclical:0,0.0,36.71,1
1788952547.0049636,serverless_reactive:cyclical:0,0.0,36.71,1
1788952547.2071407,serverless_reactive:cyclical:0,0.0,36.71,1
1788952547.4095387,serverless_reactive:cyclical:0,0.0,36.71,1
1788952547.6119456,serverless_reactive:cyclical:0,0.0,36.71,1
1788952547.8143659,serverless_reactive:cyclical:0,0.0,36.71,1
1788952548.0165668,serverless_reactive:cyclical:0,0.0,36.71,1
1788952548.2188048,serverless_reactive:cyclical:0,0.0,36.71,1
1788952548.4213316,serverless_reactive:cyclical:0,0.0,36.71,1
1788952548.6237478,serverless_reactive:cyclical:0,0.0,36.71,1
1788952548.825987,serverless_reactive:cyclical:0,0.0,36.71,1
1788952549.0282745,serverless_reactive:cyclical:0,0.0,36.71,1
1788952549.2304628,serverless_reactive:cyclical:0,0.0,36.71,1
1788952549.432693,serverless_reactive:cyclical:0,0.0,36.71,1
1788952549.6348245,serverless_reactive:cyclical:0,0.0,36.71,1
1788952549.837745,serverless_reactive:cyclical:0,0.0,36.71,1
1788952550.0400372,serverless_reactive:cyclical:0,0.0,36.71,1
1788952550.2422369,serverless_reactive:cyclical:0,0.0,36.71,1
1788952550.444451,serverless_reactive:cyclical:0,0.0,36.71,1
1788952550.6465757,serverless_reactive:cyclical:0,0.0,36.71,1
1788952550.8488228,serverless_reactive:cyclical:0,0.0,36.71,1
1788952551.051121,serverless_reactive:cyclical:0,0.0,36.71,1
1788952551.2535064,serverless_reactive:cyclical:0,0.0,36.71,1
1788952551.4556715,serverless_reactive:cyclical:0,0.0,36.71,1
1788952551.6578588,serverless_reactive:cyclical:0,0.0,36.71,1
1788952551.8603594,serverless_reactive:cyclical:0,0.0,36.71,1
1788952552.0624218,serverless_reactive:cyclical:0,0.0,36.71,1
1788952552.265161,serverless_reactive:cyclical:0,0.0,36.71,1
1788952552.4680057,serverless_reactive:cyclical:0,0.0,36.71,1
1788952552.6702392,serverless_reactive:cyclical:0,0.0,36.71,1
1788952552.8724687,serverless_reactive:cyclical:0,0.0,36.71,1
1788952553.0746562,serverless_reactive:cyclical:0,0.0,36.71,1
1788952553.2768548,serverless_reactive:cyclical:0,0.0,36.71,1
1788952553.4790466,serverless_reactive:cyclical:0,0.0,36.71,1
1788952553.6820793,serverless_reactive:cyclical:0,0.0,36.71,1
1788952553.8844156,serverless_reactive:cyclical:0,0.0,36.71,1
1788952554.0871675,serverless_reactive:cyclical:0,0.0,36.71,1
1788952554.2895708,serverless_reactive:cyclical:0,0.0,36.71,1
1788952554.492238,serverless_reactive:cyclical:0,0.0,36.71,1
1788952554.6948059,serverless_reactive:cyclical:0,0.0,36.71,1
1788952554.8970218,serverless_reactive:cyclical:0,0.0,36.71,1
1788952555.099637,serverless_reactive:cyclical:0,0.0,36.71,1
1788952555.3019407,serverless_reactive:cyclical:0,0.0,36.71,1
1788952555.5041876,serverless_reactive:cyclical:0,0.0,36.71,1
1788952555.7067392,serverless_reactive:cyclical:0,0.0,36.71,1
1788952555.913389,serverless_reactive:cyclical:0,9.7,70.58,4
1788952556.1198363,serverless_reactive:cyclical:0,198.6,120.64,4
1788952556.3253925,serverless_reactive:cyclical:0,194.7,145.24,4
1788952556.531852,serverless_reactive:cyclical:0,198.6,154.41,4
1788952556.734327,serverless_reactive:cyclical:0,118.5,164.91,4
1788952556.9369166,serverless_reactive:cyclical:0,0.0,164.91,4
1788952557.1393776,serverless_reactive:cyclical:0,0.0,164.91,4
1788952557.3418698,serverless_reactive:cyclical:0,0.0,164.91,4
1788952557.5446754,serverless_reactive:cyclical:0,0.0,164.91,4
1788952557.7471292,serverless_reactive:cyclical:0,0.0,164.91,4
1788952557.949501,serverless_reactive:cyclical:0,4.9,164.91,4
1788952558.1520166,serverless_reactive:cyclical:0,0.0,164.91,4
1788952558.3544686,serverless_reactive:cyclical:0,0.0,164.91,4
1788952558.5578809,serverless_reactive:cyclical:0,0.0,164.91,4
1788952558.7620208,serverless_reactive:cyclical:0,0.0,164.91,4
1788952558.9650545,serverless_reactive:cyclical:0,0.0,164.91,4
1788952559.1679268,serverless_reactive:cyclical:0,0.0,164.91,4
1788952559.3708532,serverless_reactive:cyclical:0,0.0,164.91,4
1788952559.5737529,serverless_reactive:cyclical:0,0.0,164.91,4
1788952559.7761555,serverless_reactive:cyclical:0,0.0,164.91,4
1788952559.9785383,serverless_reactive:cyclical:0,4.9,164.91,4
1788952560.1809063,serverless_reactive:cyclical:0,0.0,164.91,4
1788952560.38327,serverless_reactive:cyclical:0,0.0,164.91,4
1788952560.5856445,serverless_reactive:cyclical:0,0.0,164.91,4
1788952560.7881281,serverless_reactive:cyclical:0,4.9,164.91,4
1788952560.9906373,serverless_reactive:cyclical:0,0.0,164.91,4
1788952561.1931002,serverless_reactive:cyclical:0,4.9,164.91,4
1788952561.3955395,serverless_reactive:cyclical:0,0.0,164.91,4
1788952561.597873,serverless_reactive:cyclical:0,0.0,164.91,4
1788952561.8003566,serverless_reactive:cyclical:0,0.0,164.91,4
1788952562.0029678,serverless_reactive:cyclical:0,0.0,164.91,4
1788952562.2053623,serverless_reactive:cyclical:0,0.0,164.91,4
1788952562.407884,serverless_reactive:cyclical:0,0.0,164.91,4
1788952562.6104867,serverless_reactive:cyclical:0,4.9,164.91,4
1788952562.8130674,serverless_reactive:cyclical:0,0.0,164.91,4
1788952563.0155778,serverless_reactive:cyclical:0,0.0,164.91,4
1788952563.2182279,serverless_reactive:cyclical:0,0.0,164.91,4
1788952563.4207203,serverless_reactive:cyclical:0,0.0,164.91,4
1788952563.623079,serverless_reactive:cyclical:0,0.0,164.91,4
1788952563.825616,serverless_reactive:cyclical:0,0.0,164.91,4
1788952564.0285208,serverless_reactive:cyclical:0,0.0,164.91,4
1788952564.2310057,serverless_reactive:cyclical:0,0.0,164.91,4
1788952564.433498,serverless_reactive:cyclical:0,0.0,164.91,4
1788952564.6361043,serverless_reactive:cyclical:0,0.0,164.91,4
1788952564.8385763,serverless_reactive:cyclical:0,4.9,164.91,4
1788952565.0419316,serverless_reactive:cyclical:0,0.0,164.91,4
1788952565.2448769,serverless_reactive:cyclical:0,14.7,164.91,4
1788952565.4471083,serverless_reactive:cyclical:0,0.0,164.91,4
1788952565.649452,serverless_reactive:cyclical:0,0.0,164.91,4
1788952565.852888,serverless_reactive:cyclical:0,0.0,164.91,4
1788952566.055646,serverless_reactive:cyclical:0,0.0,164.91,4
1788952566.258025,serverless_reactive:cyclical:0,0.0,164.91,4
1788952566.4605875,serverless_reactive:cyclical:0,0.0,164.91,4
1788952566.6631026,serverless_reactive:cyclical:0,0.0,164.91,4
1788952566.8654134,serverless_reactive:cyclical:0,4.9,164.91,4
1788952567.0678992,serverless_reactive:cyclical:0,0.0,164.91,4
1788952567.2702687,serverless_reactive:cyclical:0,0.0,164.91,4
1788952567.4741335,serverless_reactive:cyclical:0,0.0,164.91,4
1788952567.6765516,serverless_reactive:cyclical:0,0.0,164.91,4
1788952567.8788562,serverless_reactive:cyclical:0,0.0,164.91,4
1788952568.0812457,serverless_reactive:cyclical:0,0.0,164.91,4
1788952568.283741,serverless_reactive:cyclical:0,0.0,164.91,4
1788952568.4861443,serverless_reactive:cyclical:0,9.9,164.91,4
1788952568.6886215,serverless_reactive:cyclical:0,0.0,164.91,4
1788952568.8912838,serverless_reactive:cyclical:0,4.9,164.91,4
1788952569.0936785,serverless_reactive:cyclical:0,0.0,164.91,4
1788952569.2961226,serverless_reactive:cyclical:0,0.0,164.91,4
1788952569.4984775,serverless_reactive:cyclical:0,0.0,164.91,4
1788952569.7009544,serverless_reactive:cyclical:0,0.0,164.91,4
1788952569.9034228,serverless_reactive:cyclical:0,0.0,164.91,4
1788952570.1079667,serverless_reactive:cyclical:0,4.9,164.91,4
1788952570.3103263,serverless_reactive:cyclical:0,0.0,164.91,4
1788952570.5138865,serverless_reactive:cyclical:0,0.0,164.91,4
1788952570.716481,serverless_reactive:cyclical:0,0.0,164.91,4
1788952570.9188366,serverless_reactive:cyclical:0,0.0,164.91,4
1788952571.1220486,serverless_reactive:cyclical:0,0.0,164.91,4
1788952571.3248236,serverless_reactive:cyclical:0,0.0,164.91,4
1788952571.5274308,serverless_reactive:cyclical:0,0.0,164.91,4
1788952571.7298086,serverless_reactive:cyclical:0,4.9,164.91,4
1788952571.9322617,serverless_reactive:cyclical:0,0.0,164.91,4
1788952572.1344895,serverless_reactive:cyclical:0,0.0,164.91,4
1788952572.3374858,serverless_reactive:cyclical:0,4.9,164.91,4
1788952572.5400932,serverless_reactive:cyclical:0,0.0,164.91,4
1788952572.7423782,serverless_reactive:cyclical:0,0.0,164.91,4
1788952572.9448016,serverless_reactive:cyclical:0,0.0,164.91,4
1788952573.1470652,serverless_reactive:cyclical:0,0.0,164.91,4
1788952573.3495884,serverless_reactive:cyclical:0,0.0,164.91,4
1788952573.5520005,serverless_reactive:cyclical:0,4.9,164.91,4
1788952573.7543206,serverless_reactive:cyclical:0,4.9,164.91,4
1788952573.9568172,serverless_reactive:cyclical:0,0.0,164.91,4
1788952574.1598558,serverless_reactive:cyclical:0,4.9,164.93,4
1788952574.3622632,serverless_reactive:cyclical:0,0.0,164.93,4
1788952574.5648236,serverless_reactive:cyclical:0,0.0,164.93,4
1788952574.7670965,serverless_reactive:cyclical:0,0.0,164.93,4
1788952574.9695218,serverless_reactive:cyclical:0,0.0,164.93,4
1788952575.1727867,serverless_reactive:cyclical:0,4.9,164.93,4
1788952575.3755972,serverless_reactive:cyclical:0,0.0,164.93,4
1788952575.5779393,serverless_reactive:cyclical:0,0.0,164.93,4
1788952575.7805166,serverless_reactive:cyclical:0,0.0,164.93,4
1788952575.9830394,serverless_reactive:cyclical:0,4.9,164.93,4
1788952576.185742,serverless_reactive:cyclical:0,4.9,164.93,4
1788952576.3881598,serverless_reactive:cyclical:0,0.0,164.93,4
1788952576.5910704,serverless_reactive:cyclical:0,0.0,164.93,4
1788952576.7937493,serverless_reactive:cyclical:0,0.0,164.93,4
1788952576.9962192,serverless_reactive:cyclical:0,0.0,164.93,4
1788952577.1985428,serverless_reactive:cyclical:0,0.0,164.93,4
1788952577.40141,serverless_reactive:cyclical:0,4.9,164.93,4
1788952577.6040194,serverless_reactive:cyclical:0,0.0,164.93,4
1788952577.8064983,serverless_reactive:cyclical:0,0.0,164.93,4
1788952578.010013,serverless_reactive:cyclical:0,0.0,164.93,4
1788952578.2124894,serverless_reactive:cyclical:0,0.0,164.93,4
1788952578.4147859,serverless_reactive:cyclical:0,0.0,164.93,4
1788952578.6185,serverless_reactive:cyclical:0,0.0,164.93,4
1788952578.8216317,serverless_reactive:cyclical:0,0.0,164.93,4
1788952579.0247087,serverless_reactive:cyclical:0,0.0,164.93,4
1788952579.2270517,serverless_reactive:cyclical:0,0.0,164.93,4
1788952579.4293778,serverless_reactive:cyclical:0,0.0,164.93,4
1788952579.632438,serverless_reactive:cyclical:0,0.0,164.93,4
1788952579.8352892,serverless_reactive:cyclical:0,0.0,164.93,4
1788952580.0393162,serverless_reactive:cyclical:0,0.0,164.93,4
1788952580.2430224,serverless_reactive:cyclical:0,0.0,164.93,4
1788952580.4464538,serverless_reactive:cyclical:0,4.9,164.93,4
1788952580.6504326,serverless_reactive:cyclical:0,4.9,164.93,4
1788952580.8543077,serverless_reactive:cyclical:0,4.9,164.93,4
1788952581.056837,serverless_reactive:cyclical:0,0.0,164.93,4
1788952581.2593234,serverless_reactive:cyclical:0,0.0,164.93,4
1788952581.4615607,serverless_reactive:cyclical:0,0.0,164.93,4
1788952581.6640146,serverless_reactive:cyclical:0,0.0,164.93,4
1788952581.866331,serverless_reactive:cyclical:0,0.0,164.93,4
1788952582.0688818,serverless_reactive:cyclical:0,0.0,164.93,4
1788952582.2713127,serverless_reactive:cyclical:0,0.0,164.93,4
1788952582.473664,serverless_reactive:cyclical:0,0.0,164.93,4
1788952582.6768947,serverless_reactive:cyclical:0,14.7,164.94,4
1788952582.8795855,serverless_reactive:cyclical:0,0.0,164.94,4
1788952583.0831335,serverless_reactive:cyclical:0,0.0,164.94,4
1788952583.286,serverless_reactive:cyclical:0,0.0,164.94,4
1788952583.4889994,serverless_reactive:cyclical:0,0.0,164.94,4
1788952583.6918213,serverless_reactive:cyclical:0,0.0,164.94,4
1788952583.896234,serverless_reactive:cyclical:0,4.9,164.94,4
1788952584.0991633,serverless_reactive:cyclical:0,0.0,164.94,4
1788952584.301849,serverless_reactive:cyclical:0,0.0,164.94,4
1788952584.5043385,serverless_reactive:cyclical:0,4.9,164.94,4
1788952584.7069833,serverless_reactive:cyclical:0,4.9,164.94,4
1788952584.909439,serverless_reactive:cyclical:0,0.0,164.94,4
1788952585.1121192,serverless_reactive:cyclical:0,0.0,164.94,4
1788952585.3145406,serverless_reactive:cyclical:0,0.0,164.94,4
1788952585.5172803,serverless_reactive:cyclical:0,0.0,164.94,4
1788952585.7200346,serverless_reactive:cyclical:0,0.0,164.94,4
1788952585.9226823,serverless_reactive:cyclical:0,0.0,164.94,4
1788952586.1252015,serverless_reactive:cyclical:0,0.0,164.94,4
1788952586.3276985,serverless_reactive:cyclical:0,0.0,164.94,4
1788952586.5302196,serverless_reactive:cyclical:0,0.0,164.94,4
1788952586.7327607,serverless_reactive:cyclical:0,0.0,164.94,4
1788952586.9362156,serverless_reactive:cyclical:0,0.0,164.94,4
1788952587.1389916,serverless_reactive:cyclical:0,0.0,164.94,4
1788952587.3413801,serverless_reactive:cyclical:0,0.0,164.94,4
1788952587.5441608,serverless_reactive:cyclical:0,0.0,164.94,4
1788952587.746669,serverless_reactive:cyclical:0,4.9,164.94,4
1788952587.9492688,serverless_reactive:cyclical:0,0.0,164.94,4
1788952588.1525846,serverless_reactive:cyclical:0,0.0,164.94,4
1788952588.354864,serverless_reactive:cyclical:0,4.9,164.94,4
1788952588.557158,serverless_reactive:cyclical:0,0.0,164.94,4
1788952588.7599435,serverless_reactive:cyclical:0,0.0,164.94,4
1788952588.9625378,serverless_reactive:cyclical:0,0.0,164.94,4
1788952589.1649284,serverless_reactive:cyclical:0,4.9,164.94,4
1788952589.3673716,serverless_reactive:cyclical:0,0.0,164.94,4
1788952589.5701265,serverless_reactive:cyclical:0,0.0,164.94,4
1788952589.7726932,serverless_reactive:cyclical:0,0.0,164.94,4
1788952589.975459,serverless_reactive:cyclical:0,0.0,164.94,4
1788952590.1778128,serverless_reactive:cyclical:0,0.0,164.94,4
1788952590.3803256,serverless_reactive:cyclical:0,0.0,164.94,4
1788952590.582973,serverless_reactive:cyclical:0,0.0,164.94,4
1788952590.7855053,serverless_reactive:cyclical:0,0.0,164.94,4
1788952590.9884305,serverless_reactive:cyclical:0,0.0,164.94,4
1788952591.1909363,serverless_reactive:cyclical:0,0.0,164.94,4
1788952591.3935316,serverless_reactive:cyclical:0,0.0,164.94,4
1788952591.5963278,serverless_reactive:cyclical:0,0.0,164.94,4
1788952591.7987392,serverless_reactive:cyclical:0,0.0,164.94,4
1788952592.0012405,serverless_reactive:cyclical:0,0.0,164.94,4
1788952592.2039137,serverless_reactive:cyclical:0,0.0,164.94,4
1788952592.406239,serverless_reactive:cyclical:0,0.0,164.94,4
1788952593.3978703,serverless_reactive:cyclical:1,0.0,36.65,1
1788952593.6007605,serverless_reactive:cyclical:1,0.0,36.65,1
1788952593.80288,serverless_reactive:cyclical:1,0.0,36.65,1
1788952594.0051274,serverless_reactive:cyclical:1,0.0,36.65,1
1788952594.2082512,serverless_reactive:cyclical:1,0.0,36.65,1
1788952594.4104917,serverless_reactive:cyclical:1,0.0,36.65,1
1788952594.6126707,serverless_reactive:cyclical:1,0.0,36.65,1
1788952594.8147256,serverless_reactive:cyclical:1,0.0,36.65,1
1788952595.0170896,serverless_reactive:cyclical:1,0.0,36.65,1
1788952595.2201364,serverless_reactive:cyclical:1,0.0,36.65,1
1788952595.4223187,serverless_reactive:cyclical:1,0.0,36.65,1
1788952595.6245556,serverless_reactive:cyclical:1,0.0,36.65,1
1788952595.8265972,serverless_reactive:cyclical:1,0.0,36.65,1
1788952596.0288424,serverless_reactive:cyclical:1,0.0,36.65,1
1788952596.2309315,serverless_reactive:cyclical:1,0.0,36.65,1
1788952596.4330778,serverless_reactive:cyclical:1,0.0,36.65,1
1788952596.6352654,serverless_reactive:cyclical:1,0.0,36.65,1
1788952596.8373606,serverless_reactive:cyclical:1,0.0,36.65,1
1788952597.0396338,serverless_reactive:cyclical:1,0.0,36.65,1
1788952597.2415926,serverless_reactive:cyclical:1,5.0,36.65,1
1788952597.443963,serverless_reactive:cyclical:1,0.0,36.65,1
1788952597.6460257,serverless_reactive:cyclical:1,0.0,36.65,1
1788952597.8483036,serverless_reactive:cyclical:1,0.0,36.65,1
1788952598.0504355,serverless_reactive:cyclical:1,0.0,36.65,1
1788952598.252509,serverless_reactive:cyclical:1,0.0,36.65,1
1788952598.4545772,serverless_reactive:cyclical:1,0.0,36.65,1
1788952598.6569538,serverless_reactive:cyclical:1,0.0,36.65,1
1788952598.8590238,serverless_reactive:cyclical:1,0.0,36.65,1
1788952599.0613482,serverless_reactive:cyclical:1,0.0,36.65,1
1788952599.26362,serverless_reactive:cyclical:1,0.0,36.65,1
1788952599.4658105,serverless_reactive:cyclical:1,0.0,36.65,1
1788952599.6684735,serverless_reactive:cyclical:1,0.0,36.65,1
1788952599.8707023,serverless_reactive:cyclical:1,0.0,36.65,1
1788952600.0729265,serverless_reactive:cyclical:1,0.0,36.65,1
1788952600.275083,serverless_reactive:cyclical:1,0.0,36.65,1
1788952600.4772708,serverless_reactive:cyclical:1,0.0,36.65,1
1788952600.6797526,serverless_reactive:cyclical:1,0.0,36.65,1
1788952600.881972,serverless_reactive:cyclical:1,0.0,36.65,1
1788952601.0842884,serverless_reactive:cyclical:1,0.0,36.65,1
1788952601.2864666,serverless_reactive:cyclical:1,0.0,36.65,1
1788952601.4897127,serverless_reactive:cyclical:1,0.0,36.65,1
1788952601.6941457,serverless_reactive:cyclical:1,0.0,36.77,1
1788952601.901458,serverless_reactive:cyclical:1,9.7,109.91,4
1788952602.1121585,serverless_reactive:cyclical:1,208.8,139.16,4
1788952602.3144379,serverless_reactive:cyclical:1,187.8,151.18,4
1788952602.5171318,serverless_reactive:cyclical:1,158.0,162.52,4
1788952602.7202492,serverless_reactive:cyclical:1,19.7,164.86,4
1788952602.922923,serverless_reactive:cyclical:1,0.0,164.86,4
1788952603.1257555,serverless_reactive:cyclical:1,0.0,164.86,4
1788952603.328824,serverless_reactive:cyclical:1,0.0,164.86,4
1788952603.531129,serverless_reactive:cyclical:1,4.9,164.86,4
1788952603.7338789,serverless_reactive:cyclical:1,0.0,164.86,4
1788952603.9366055,serverless_reactive:cyclical:1,0.0,164.86,4
1788952604.139286,serverless_reactive:cyclical:1,0.0,164.86,4
1788952604.3416557,serverless_reactive:cyclical:1,4.9,164.86,4
1788952604.543993,serverless_reactive:cyclical:1,0.0,164.86,4
1788952604.7485359,serverless_reactive:cyclical:1,0.0,164.86,4
1788952604.9509213,serverless_reactive:cyclical:1,4.9,164.86,4
1788952605.1530993,serverless_reactive:cyclical:1,0.0,164.86,4
1788952605.3557103,serverless_reactive:cyclical:1,0.0,164.86,4
1788952605.5585034,serverless_reactive:cyclical:1,0.0,164.86,4
1788952605.7613907,serverless_reactive:cyclical:1,0.0,164.86,4
1788952605.964605,serverless_reactive:cyclical:1,0.0,164.86,4
1788952606.1675856,serverless_reactive:cyclical:1,0.0,164.86,4
1788952606.3705993,serverless_reactive:cyclical:1,0.0,164.86,4
1788952606.5733843,serverless_reactive:cyclical:1,0.0,164.86,4
1788952606.7759433,serverless_reactive:cyclical:1,0.0,164.86,4
1788952606.9784725,serverless_reactive:cyclical:1,0.0,164.86,4
1788952607.1811893,serverless_reactive:cyclical:1,0.0,164.86,4
1788952607.3840406,serverless_reactive:cyclical:1,0.0,164.86,4
1788952607.5875144,serverless_reactive:cyclical:1,9.8,164.87,4
1788952607.7904444,serverless_reactive:cyclical:1,0.0,164.87,4
1788952607.9931598,serverless_reactive:cyclical:1,0.0,164.87,4
1788952608.1960776,serverless_reactive:cyclical:1,0.0,164.87,4
1788952608.398592,serverless_reactive:cyclical:1,0.0,164.87,4
1788952608.6011422,serverless_reactive:cyclical:1,0.0,164.87,4
1788952608.8039,serverless_reactive:cyclical:1,0.0,164.87,4
1788952609.0067875,serverless_reactive:cyclical:1,0.0,164.87,4
1788952609.2100797,serverless_reactive:cyclical:1,0.0,164.87,4
1788952609.413102,serverless_reactive:cyclical:1,4.9,164.87,4
1788952609.6156497,serverless_reactive:cyclical:1,0.0,164.87,4
1788952609.8181443,serverless_reactive:cyclical:1,0.0,164.87,4
1788952610.022103,serverless_reactive:cyclical:1,0.0,164.87,4
1788952610.2247143,serverless_reactive:cyclical:1,0.0,164.87,4
1788952610.4275522,serverless_reactive:cyclical:1,0.0,164.87,4
1788952610.6300895,serverless_reactive:cyclical:1,0.0,164.87,4
1788952610.8329003,serverless_reactive:cyclical:1,0.0,164.87,4
1788952611.0357404,serverless_reactive:cyclical:1,0.0,164.87,4
1788952611.238178,serverless_reactive:cyclical:1,0.0,164.87,4
1788952611.4408839,serverless_reactive:cyclical:1,0.0,164.87,4
1788952611.6437497,serverless_reactive:cyclical:1,0.0,164.87,4
1788952611.8465352,serverless_reactive:cyclical:1,0.0,164.87,4
1788952612.049387,serverless_reactive:cyclical:1,19.6,164.88,4
1788952612.252213,serverless_reactive:cyclical:1,0.0,164.88,4
1788952612.456384,serverless_reactive:cyclical:1,0.0,164.88,4
1788952612.6594238,serverless_reactive:cyclical:1,0.0,164.88,4
1788952612.8618684,serverless_reactive:cyclical:1,0.0,164.88,4
1788952613.0646372,serverless_reactive:cyclical:1,4.9,164.88,4
1788952613.267382,serverless_reactive:cyclical:1,0.0,164.88,4
1788952613.4697673,serverless_reactive:cyclical:1,4.9,164.88,4
1788952613.672362,serverless_reactive:cyclical:1,0.0,164.88,4
1788952613.8749778,serverless_reactive:cyclical:1,0.0,164.88,4
1788952614.0773964,serverless_reactive:cyclical:1,0.0,164.88,4
1788952614.280907,serverless_reactive:cyclical:1,4.9,164.88,4
1788952614.4836798,serverless_reactive:cyclical:1,0.0,164.88,4
1788952614.6863146,serverless_reactive:cyclical:1,0.0,164.88,4
1788952614.8889272,serverless_reactive:cyclical:1,0.0,164.88,4
1788952615.0914524,serverless_reactive:cyclical:1,0.0,164.88,4
1788952615.2956371,serverless_reactive:cyclical:1,0.0,164.88,4
1788952615.4996943,serverless_reactive:cyclical:1,0.0,164.88,4
1788952615.703144,serverless_reactive:cyclical:1,4.9,164.88,4
1788952615.906181,serverless_reactive:cyclical:1,0.0,164.88,4
1788952616.1092155,serverless_reactive:cyclical:1,0.0,164.88,4
1788952616.3116164,serverless_reactive:cyclical:1,0.0,164.88,4
1788952616.5139985,serverless_reactive:cyclical:1,0.0,164.88,4
1788952616.7163992,serverless_reactive:cyclical:1,0.0,164.88,4
1788952616.9187624,serverless_reactive:cyclical:1,0.0,164.88,4
1788952617.1211152,serverless_reactive:cyclical:1,0.0,164.88,4
1788952617.3236177,serverless_reactive:cyclical:1,0.0,164.88,4
1788952617.5259197,serverless_reactive:cyclical:1,0.0,164.88,4
1788952617.728403,serverless_reactive:cyclical:1,0.0,164.88,4
1788952617.9305782,serverless_reactive:cyclical:1,0.0,164.88,4
1788952618.1333237,serverless_reactive:cyclical:1,9.8,164.88,4
1788952618.335876,serverless_reactive:cyclical:1,0.0,164.88,4
1788952618.5383062,serverless_reactive:cyclical:1,0.0,164.88,4
1788952618.741952,serverless_reactive:cyclical:1,4.9,164.88,4
1788952618.9445906,serverless_reactive:cyclical:1,0.0,164.88,4
1788952619.1470017,serverless_reactive:cyclical:1,0.0,164.88,4
1788952619.349438,serverless_reactive:cyclical:1,0.0,164.88,4
1788952619.5518668,serverless_reactive:cyclical:1,0.0,164.88,4
1788952619.7547376,serverless_reactive:cyclical:1,0.0,164.88,4
1788952619.9572842,serverless_reactive:cyclical:1,0.0,164.88,4
1788952620.1596608,serverless_reactive:cyclical:1,0.0,164.88,4
1788952620.3625522,serverless_reactive:cyclical:1,14.8,164.88,4
1788952620.5650716,serverless_reactive:cyclical:1,0.0,164.88,4
1788952620.7673707,serverless_reactive:cyclical:1,4.9,164.88,4
1788952620.9700859,serverless_reactive:cyclical:1,0.0,164.88,4
1788952621.172528,serverless_reactive:cyclical:1,0.0,164.88,4
1788952621.376206,serverless_reactive:cyclical:1,0.0,164.88,4
1788952621.5801477,serverless_reactive:cyclical:1,4.9,164.88,4
1788952621.7825274,serverless_reactive:cyclical:1,0.0,164.88,4
1788952621.9851525,serverless_reactive:cyclical:1,0.0,164.88,4
1788952622.1876035,serverless_reactive:cyclical:1,4.9,164.88,4
1788952622.3914077,serverless_reactive:cyclical:1,4.9,164.88,4
1788952622.5937917,serverless_reactive:cyclical:1,0.0,164.88,4
1788952622.7964835,serverless_reactive:cyclical:1,0.0,164.88,4
1788952622.9991486,serverless_reactive:cyclical:1,0.0,164.88,4
1788952623.2017236,serverless_reactive:cyclical:1,0.0,164.88,4
1788952623.4042256,serverless_reactive:cyclical:1,0.0,164.88,4
1788952623.6066597,serverless_reactive:cyclical:1,0.0,164.88,4
1788952623.8092372,serverless_reactive:cyclical:1,0.0,164.88,4
1788952624.0122614,serverless_reactive:cyclical:1,0.0,164.88,4
1788952624.214634,serverless_reactive:cyclical:1,0.0,164.88,4
1788952624.4172268,serverless_reactive:cyclical:1,0.0,164.88,4
1788952624.619651,serverless_reactive:cyclical:1,0.0,164.88,4
1788952624.8220398,serverless_reactive:cyclical:1,0.0,164.88,4
1788952625.0246403,serverless_reactive:cyclical:1,0.0,164.88,4
1788952625.2271297,serverless_reactive:cyclical:1,0.0,164.88,4
1788952625.4295678,serverless_reactive:cyclical:1,0.0,164.88,4
1788952625.631811,serverless_reactive:cyclical:1,0.0,164.88,4
1788952625.8340528,serverless_reactive:cyclical:1,0.0,164.88,4
1788952626.036381,serverless_reactive:cyclical:1,0.0,164.88,4
1788952626.23863,serverless_reactive:cyclical:1,9.8,164.88,4
1788952626.4409404,serverless_reactive:cyclical:1,0.0,164.88,4
1788952626.6430817,serverless_reactive:cyclical:1,0.0,164.88,4
1788952626.84543,serverless_reactive:cyclical:1,4.9,164.88,4
1788952627.0481944,serverless_reactive:cyclical:1,0.0,164.88,4
1788952627.2506588,serverless_reactive:cyclical:1,0.0,164.88,4
1788952627.4529798,serverless_reactive:cyclical:1,4.9,164.88,4
1788952627.6555314,serverless_reactive:cyclical:1,0.0,164.88,4
1788952627.857748,serverless_reactive:cyclical:1,0.0,164.88,4
1788952628.0600455,serverless_reactive:cyclical:1,0.0,164.88,4
1788952628.262703,serverless_reactive:cyclical:1,0.0,164.88,4
1788952628.4651656,serverless_reactive:cyclical:1,0.0,164.88,4
1788952628.667526,serverless_reactive:cyclical:1,0.0,164.88,4
1788952628.8703582,serverless_reactive:cyclical:1,14.7,164.89,4
1788952629.0727308,serverless_reactive:cyclical:1,0.0,164.89,4
1788952629.2750611,serverless_reactive:cyclical:1,0.0,164.89,4
1788952629.4774761,serverless_reactive:cyclical:1,0.0,164.89,4
1788952629.6798122,serverless_reactive:cyclical:1,0.0,164.89,4
1788952629.8820565,serverless_reactive:cyclical:1,0.0,164.89,4
1788952630.0844152,serverless_reactive:cyclical:1,4.9,164.89,4
1788952630.2867625,serverless_reactive:cyclical:1,0.0,164.89,4
1788952630.4894917,serverless_reactive:cyclical:1,0.0,164.89,4
1788952630.6919124,serverless_reactive:cyclical:1,0.0,164.89,4
1788952630.8941464,serverless_reactive:cyclical:1,0.0,164.89,4
1788952631.0964334,serverless_reactive:cyclical:1,0.0,164.89,4
1788952631.298647,serverless_reactive:cyclical:1,0.0,164.89,4
1788952631.5014372,serverless_reactive:cyclical:1,0.0,164.89,4
1788952631.703832,serverless_reactive:cyclical:1,0.0,164.89,4
1788952631.9062393,serverless_reactive:cyclical:1,0.0,164.89,4
1788952632.1089134,serverless_reactive:cyclical:1,0.0,164.89,4
1788952632.3114343,serverless_reactive:cyclical:1,0.0,164.89,4
1788952632.5140731,serverless_reactive:cyclical:1,0.0,164.89,4
1788952632.7166796,serverless_reactive:cyclical:1,4.9,164.89,4
1788952632.9190004,serverless_reactive:cyclical:1,0.0,164.89,4
1788952633.1216295,serverless_reactive:cyclical:1,0.0,164.89,4
1788952633.324121,serverless_reactive:cyclical:1,0.0,164.89,4
1788952633.5263066,serverless_reactive:cyclical:1,4.9,164.89,4
1788952633.7285438,serverless_reactive:cyclical:1,0.0,164.89,4
1788952633.931082,serverless_reactive:cyclical:1,0.0,164.89,4
1788952634.1334977,serverless_reactive:cyclical:1,0.0,164.89,4
1788952634.3358133,serverless_reactive:cyclical:1,0.0,164.89,4
1788952634.537927,serverless_reactive:cyclical:1,0.0,164.89,4
1788952634.7402794,serverless_reactive:cyclical:1,0.0,164.89,4
1788952634.9424732,serverless_reactive:cyclical:1,0.0,164.89,4
1788952635.1451895,serverless_reactive:cyclical:1,0.0,164.89,4
1788952635.3477814,serverless_reactive:cyclical:1,4.9,164.89,4
1788952635.5502326,serverless_reactive:cyclical:1,0.0,164.89,4
1788952635.7526126,serverless_reactive:cyclical:1,0.0,164.89,4
1788952635.9552946,serverless_reactive:cyclical:1,0.0,164.89,4
1788952636.1581461,serverless_reactive:cyclical:1,0.0,164.89,4
1788952636.360461,serverless_reactive:cyclical:1,0.0,164.89,4
1788952636.5627005,serverless_reactive:cyclical:1,0.0,164.89,4
1788952636.7651422,serverless_reactive:cyclical:1,4.9,164.89,4
1788952636.9676857,serverless_reactive:cyclical:1,4.9,164.9,4
1788952637.8371363,serverless_reactive:cyclical:2,0.0,36.63,1
1788952638.0391018,serverless_reactive:cyclical:2,0.0,36.63,1
1788952638.2411356,serverless_reactive:cyclical:2,0.0,36.63,1
1788952638.44325,serverless_reactive:cyclical:2,0.0,36.63,1
1788952638.6457536,serverless_reactive:cyclical:2,0.0,36.63,1
1788952638.8478298,serverless_reactive:cyclical:2,0.0,36.63,1
1788952639.0497675,serverless_reactive:cyclical:2,0.0,36.63,1
1788952639.2519934,serverless_reactive:cyclical:2,0.0,36.63,1
1788952639.4539983,serverless_reactive:cyclical:2,0.0,36.63,1
1788952639.6568663,serverless_reactive:cyclical:2,0.0,36.63,1
1788952639.8596978,serverless_reactive:cyclical:2,0.0,36.63,1
1788952640.0625246,serverless_reactive:cyclical:2,0.0,36.63,1
1788952640.2653484,serverless_reactive:cyclical:2,0.0,36.63,1
1788952640.4674542,serverless_reactive:cyclical:2,0.0,36.63,1
1788952640.6693447,serverless_reactive:cyclical:2,0.0,36.63,1
1788952640.8715765,serverless_reactive:cyclical:2,0.0,36.63,1
1788952641.074039,serverless_reactive:cyclical:2,0.0,36.63,1
1788952641.276235,serverless_reactive:cyclical:2,0.0,36.63,1
1788952641.4781063,serverless_reactive:cyclical:2,0.0,36.63,1
1788952641.6801598,serverless_reactive:cyclical:2,0.0,36.63,1
1788952641.8822248,serverless_reactive:cyclical:2,4.9,36.63,1
1788952642.0841894,serverless_reactive:cyclical:2,0.0,36.63,1
1788952642.2863293,serverless_reactive:cyclical:2,0.0,36.63,1
1788952642.4892046,serverless_reactive:cyclical:2,0.0,36.63,1
1788952642.6914861,serverless_reactive:cyclical:2,0.0,36.63,1
1788952642.893561,serverless_reactive:cyclical:2,0.0,36.63,1
1788952643.0956945,serverless_reactive:cyclical:2,0.0,36.63,1
1788952643.2980423,serverless_reactive:cyclical:2,0.0,36.63,1
1788952643.5000272,serverless_reactive:cyclical:2,0.0,36.63,1
1788952643.702485,serverless_reactive:cyclical:2,0.0,36.63,1
1788952643.904629,serverless_reactive:cyclical:2,0.0,36.63,1
1788952644.1069894,serverless_reactive:cyclical:2,0.0,36.63,1
1788952644.3092208,serverless_reactive:cyclical:2,0.0,36.63,1
1788952644.5115645,serverless_reactive:cyclical:2,0.0,36.63,1
1788952644.7136216,serverless_reactive:cyclical:2,0.0,36.63,1
1788952644.9158518,serverless_reactive:cyclical:2,0.0,36.63,1
1788952645.1180382,serverless_reactive:cyclical:2,0.0,36.63,1
1788952645.3215084,serverless_reactive:cyclical:2,0.0,36.63,1
1788952645.524455,serverless_reactive:cyclical:2,0.0,36.63,1
1788952645.7269406,serverless_reactive:cyclical:2,0.0,36.63,1
1788952645.9290986,serverless_reactive:cyclical:2,0.0,36.63,1
1788952646.1310308,serverless_reactive:cyclical:2,0.0,36.63,1
1788952646.3327804,serverless_reactive:cyclical:2,0.0,36.63,1
1788952646.534708,serverless_reactive:cyclical:2,0.0,36.63,1
1788952646.7367568,serverless_reactive:cyclical:2,0.0,36.63,1
1788952646.9396198,serverless_reactive:cyclical:2,0.0,36.63,1
1788952647.141829,serverless_reactive:cyclical:2,0.0,36.63,1
1788952647.3444507,serverless_reactive:cyclical:2,0.0,36.63,1
1788952647.5494418,serverless_reactive:cyclical:2,4.9,37.81,2
1788952647.7560256,serverless_reactive:cyclical:2,58.1,108.19,4
1788952647.9612887,serverless_reactive:cyclical:2,194.8,136.99,4
1788952648.1694846,serverless_reactive:cyclical:2,201.7,151.76,4
1788952648.3732433,serverless_reactive:cyclical:2,176.7,164.01,4
1788952648.577646,serverless_reactive:cyclical:2,9.8,164.72,4
1788952648.7799516,serverless_reactive:cyclical:2,0.0,164.72,4
1788952648.9822936,serverless_reactive:cyclical:2,0.0,164.72,4
1788952649.1848865,serverless_reactive:cyclical:2,0.0,164.72,4
1788952649.3874688,serverless_reactive:cyclical:2,4.9,164.72,4
1788952649.5898879,serverless_reactive:cyclical:2,0.0,164.72,4
1788952649.7923367,serverless_reactive:cyclical:2,0.0,164.72,4
1788952649.9946318,serverless_reactive:cyclical:2,4.9,164.72,4
1788952650.1969619,serverless_reactive:cyclical:2,0.0,164.72,4
1788952650.3994777,serverless_reactive:cyclical:2,0.0,164.72,4
1788952650.6018188,serverless_reactive:cyclical:2,0.0,164.72,4
1788952650.8045166,serverless_reactive:cyclical:2,0.0,164.72,4
1788952651.01092,serverless_reactive:cyclical:2,4.8,164.72,4
1788952651.213209,serverless_reactive:cyclical:2,0.0,164.72,4
1788952651.4156528,serverless_reactive:cyclical:2,4.9,164.72,4
1788952651.6180484,serverless_reactive:cyclical:2,0.0,164.72,4
1788952651.8209925,serverless_reactive:cyclical:2,0.0,164.72,4
1788952652.0236063,serverless_reactive:cyclical:2,4.9,164.72,4
1788952652.2261317,serverless_reactive:cyclical:2,0.0,164.72,4
1788952652.428803,serverless_reactive:cyclical:2,0.0,164.72,4
1788952652.6318579,serverless_reactive:cyclical:2,0.0,164.72,4
1788952652.8342352,serverless_reactive:cyclical:2,0.0,164.72,4
1788952653.0365624,serverless_reactive:cyclical:2,0.0,164.72,4
1788952653.2388344,serverless_reactive:cyclical:2,0.0,164.72,4
1788952653.4413624,serverless_reactive:cyclical:2,0.0,164.72,4
1788952653.6438963,serverless_reactive:cyclical:2,0.0,164.72,4
1788952653.846279,serverless_reactive:cyclical:2,0.0,164.72,4
1788952654.049283,serverless_reactive:cyclical:2,0.0,164.72,4
1788952654.2517068,serverless_reactive:cyclical:2,0.0,164.72,4
1788952654.4539955,serverless_reactive:cyclical:2,4.9,164.72,4
1788952654.6563535,serverless_reactive:cyclical:2,0.0,164.72,4
1788952654.8586524,serverless_reactive:cyclical:2,0.0,164.72,4
1788952655.0609803,serverless_reactive:cyclical:2,0.0,164.72,4
1788952655.2636414,serverless_reactive:cyclical:2,0.0,164.72,4
1788952655.4659035,serverless_reactive:cyclical:2,0.0,164.72,4
1788952655.6686165,serverless_reactive:cyclical:2,0.0,164.72,4
1788952655.870879,serverless_reactive:cyclical:2,0.0,164.72,4
1788952656.0731475,serverless_reactive:cyclical:2,0.0,164.72,4
1788952656.2754438,serverless_reactive:cyclical:2,0.0,164.72,4
1788952656.4780984,serverless_reactive:cyclical:2,0.0,164.72,4
1788952656.6806042,serverless_reactive:cyclical:2,0.0,164.72,4
1788952656.8831213,serverless_reactive:cyclical:2,4.9,164.72,4
1788952657.0862114,serverless_reactive:cyclical:2,19.6,164.74,4
1788952657.2886152,serverless_reactive:cyclical:2,0.0,164.74,4
1788952657.4909186,serverless_reactive:cyclical:2,0.0,164.74,4
1788952657.6937113,serverless_reactive:cyclical:2,4.9,164.74,4
1788952657.897221,serverless_reactive:cyclical:2,0.0,164.74,4
1788952658.0995169,serverless_reactive:cyclical:2,0.0,164.74,4
1788952658.3017216,serverless_reactive:cyclical:2,0.0,164.74,4
1788952658.5049362,serverless_reactive:cyclical:2,0.0,164.74,4
1788952658.7078052,serverless_reactive:cyclical:2,0.0,164.74,4
1788952658.9106681,serverless_reactive:cyclical:2,0.0,164.74,4
1788952659.113962,serverless_reactive:cyclical:2,0.0,164.74,4
1788952659.316663,serverless_reactive:cyclical:2,0.0,164.74,4
1788952659.518895,serverless_reactive:cyclical:2,0.0,164.74,4
1788952659.7214797,serverless_reactive:cyclical:2,4.9,164.74,4
1788952659.923787,serverless_reactive:cyclical:2,0.0,164.74,4
1788952660.1259198,serverless_reactive:cyclical:2,0.0,164.74,4
1788952660.3282096,serverless_reactive:cyclical:2,0.0,164.74,4
1788952660.5312746,serverless_reactive:cyclical:2,0.0,164.74,4
1788952660.733685,serverless_reactive:cyclical:2,0.0,164.74,4
1788952660.9363074,serverless_reactive:cyclical:2,0.0,164.74,4
1788952661.1393335,serverless_reactive:cyclical:2,0.0,164.74,4
1788952661.3435848,serverless_reactive:cyclical:2,0.0,164.74,4
1788952661.5458608,serverless_reactive:cyclical:2,4.9,164.74,4
1788952661.7482855,serverless_reactive:cyclical:2,0.0,164.74,4
1788952661.950522,serverless_reactive:cyclical:2,4.9,164.74,4
1788952662.1528811,serverless_reactive:cyclical:2,0.0,164.74,4
1788952662.3553004,serverless_reactive:cyclical:2,0.0,164.74,4
1788952662.5576603,serverless_reactive:cyclical:2,0.0,164.74,4
1788952662.7601166,serverless_reactive:cyclical:2,0.0,164.74,4
1788952662.9623857,serverless_reactive:cyclical:2,0.0,164.74,4
1788952663.1649008,serverless_reactive:cyclical:2,4.9,164.74,4
1788952663.3671548,serverless_reactive:cyclical:2,0.0,164.74,4
1788952663.5695577,serverless_reactive:cyclical:2,0.0,164.74,4
1788952663.771873,serverless_reactive:cyclical:2,0.0,164.74,4
1788952663.9751866,serverless_reactive:cyclical:2,0.0,164.74,4
1788952664.1774938,serverless_reactive:cyclical:2,0.0,164.74,4
1788952664.3798113,serverless_reactive:cyclical:2,0.0,164.74,4
1788952664.5821962,serverless_reactive:cyclical:2,0.0,164.74,4
1788952664.7846458,serverless_reactive:cyclical:2,0.0,164.74,4
1788952664.9868567,serverless_reactive:cyclical:2,0.0,164.74,4
1788952665.1891556,serverless_reactive:cyclical:2,4.9,164.74,4
1788952665.3910904,serverless_reactive:cyclical:2,15.0,164.75,4
1788952665.5933616,serverless_reactive:cyclical:2,0.0,164.75,4
1788952665.795602,serverless_reactive:cyclical:2,0.0,164.75,4
1788952665.998426,serverless_reactive:cyclical:2,0.0,164.75,4
1788952666.2012475,serverless_reactive:cyclical:2,0.0,164.75,4
1788952666.4035637,serverless_reactive:cyclical:2,0.0,164.75,4
1788952666.605888,serverless_reactive:cyclical:2,0.0,164.75,4
1788952666.8082473,serverless_reactive:cyclical:2,0.0,164.75,4
1788952667.0108523,serverless_reactive:cyclical:2,0.0,164.75,4
1788952667.2131925,serverless_reactive:cyclical:2,0.0,164.75,4
1788952667.415544,serverless_reactive:cyclical:2,4.9,164.75,4
1788952667.6183288,serverless_reactive:cyclical:2,0.0,164.75,4
1788952667.8211362,serverless_reactive:cyclical:2,0.0,164.75,4
1788952668.0242393,serverless_reactive:cyclical:2,0.0,164.75,4
1788952668.2266126,serverless_reactive:cyclical:2,0.0,164.75,4
1788952668.428867,serverless_reactive:cyclical:2,0.0,164.75,4
1788952668.6311028,serverless_reactive:cyclical:2,0.0,164.75,4
1788952668.8337762,serverless_reactive:cyclical:2,0.0,164.75,4
1788952669.036162,serverless_reactive:cyclical:2,0.0,164.75,4
1788952669.238346,serverless_reactive:cyclical:2,0.0,164.75,4
1788952669.440754,serverless_reactive:cyclical:2,0.0,164.75,4
1788952669.6430454,serverless_reactive:cyclical:2,0.0,164.75,4
1788952669.8452525,serverless_reactive:cyclical:2,4.9,164.75,4
1788952670.048268,serverless_reactive:cyclical:2,0.0,164.75,4
1788952670.2504685,serverless_reactive:cyclical:2,0.0,164.75,4
1788952670.4527645,serverless_reactive:cyclical:2,0.0,164.75,4
1788952670.6549435,serverless_reactive:cyclical:2,4.9,164.75,4
1788952670.8578863,serverless_reactive:cyclical:2,0.0,164.75,4
1788952671.0602274,serverless_reactive:cyclical:2,4.9,164.75,4
1788952671.2624373,serverless_reactive:cyclical:2,0.0,164.75,4
1788952671.4651606,serverless_reactive:cyclical:2,0.0,164.75,4
1788952671.6678257,serverless_reactive:cyclical:2,0.0,164.75,4
1788952671.869945,serverless_reactive:cyclical:2,0.0,164.75,4
1788952672.0721254,serverless_reactive:cyclical:2,0.0,164.75,4
1788952672.2742324,serverless_reactive:cyclical:2,0.0,164.75,4
1788952672.4766383,serverless_reactive:cyclical:2,0.0,164.75,4
1788952672.678737,serverless_reactive:cyclical:2,0.0,164.75,4
1788952672.8809097,serverless_reactive:cyclical:2,0.0,164.75,4
1788952673.0830882,serverless_reactive:cyclical:2,0.0,164.75,4
1788952673.2853494,serverless_reactive:cyclical:2,0.0,164.75,4
1788952673.4877257,serverless_reactive:cyclical:2,9.9,164.75,4
1788952673.6899223,serverless_reactive:cyclical:2,0.0,164.75,4
1788952673.8924596,serverless_reactive:cyclical:2,0.0,164.75,4
1788952674.0948813,serverless_reactive:cyclical:2,0.0,164.75,4
1788952674.2970765,serverless_reactive:cyclical:2,0.0,164.75,4
1788952674.4994736,serverless_reactive:cyclical:2,0.0,164.75,4
1788952674.7017221,serverless_reactive:cyclical:2,0.0,164.75,4
1788952674.9044867,serverless_reactive:cyclical:2,4.9,164.75,4
1788952675.107665,serverless_reactive:cyclical:2,4.9,164.77,4
1788952675.3105593,serverless_reactive:cyclical:2,4.9,164.77,4
1788952675.512887,serverless_reactive:cyclical:2,0.0,164.77,4
1788952675.7153213,serverless_reactive:cyclical:2,0.0,164.77,4
1788952675.91751,serverless_reactive:cyclical:2,0.0,164.77,4
1788952676.1198099,serverless_reactive:cyclical:2,0.0,164.77,4
1788952676.3220608,serverless_reactive:cyclical:2,0.0,164.77,4
1788952676.5253386,serverless_reactive:cyclical:2,0.0,164.77,4
1788952676.727828,serverless_reactive:cyclical:2,0.0,164.77,4
1788952676.9302478,serverless_reactive:cyclical:2,0.0,164.77,4
1788952677.132702,serverless_reactive:cyclical:2,0.0,164.77,4
1788952677.335375,serverless_reactive:cyclical:2,0.0,164.77,4
1788952677.5375779,serverless_reactive:cyclical:2,0.0,164.77,4
1788952677.740368,serverless_reactive:cyclical:2,4.9,164.77,4
1788952677.9426196,serverless_reactive:cyclical:2,0.0,164.77,4
1788952678.1450746,serverless_reactive:cyclical:2,0.0,164.77,4
1788952678.348108,serverless_reactive:cyclical:2,4.9,164.77,4
1788952678.5504098,serverless_reactive:cyclical:2,0.0,164.77,4
1788952678.752767,serverless_reactive:cyclical:2,0.0,164.77,4
1788952678.9550974,serverless_reactive:cyclical:2,0.0,164.77,4
1788952679.1573358,serverless_reactive:cyclical:2,0.0,164.77,4
1788952679.3597727,serverless_reactive:cyclical:2,0.0,164.77,4
1788952679.5625741,serverless_reactive:cyclical:2,0.0,164.77,4
1788952679.7648563,serverless_reactive:cyclical:2,0.0,164.77,4
1788952679.9679384,serverless_reactive:cyclical:2,4.9,164.77,4
1788952680.1701913,serverless_reactive:cyclical:2,0.0,164.77,4
1788952680.372627,serverless_reactive:cyclical:2,0.0,164.77,4
1788952680.5754085,serverless_reactive:cyclical:2,0.0,164.77,4
1788952680.7776058,serverless_reactive:cyclical:2,0.0,164.77,4
1788952680.9811776,serverless_reactive:cyclical:2,4.9,164.77,4
1788952681.1838315,serverless_reactive:cyclical:2,0.0,164.77,4
1788952681.386297,serverless_reactive:cyclical:2,0.0,164.77,4
1788952681.5889823,serverless_reactive:cyclical:2,0.0,164.77,4
1788952681.7914815,serverless_reactive:cyclical:2,0.0,164.77,4
1788952681.9938798,serverless_reactive:cyclical:2,0.0,164.77,4
1788952682.1971035,serverless_reactive:cyclical:2,0.0,164.77,4
1788952682.3996382,serverless_reactive:cyclical:2,0.0,164.77,4
1788952682.6021295,serverless_reactive:cyclical:2,0.0,164.77,4
1788952682.8070955,serverless_reactive:cyclical:2,0.0,164.77,4
1788952683.0104122,serverless_reactive:cyclical:2,0.0,164.77,4
1788952683.2129374,serverless_reactive:cyclical:2,0.0,164.77,4
1788952683.4163663,serverless_reactive:cyclical:2,4.9,164.77,4
1788952683.6186554,serverless_reactive:cyclical:2,0.0,164.77,4
1788952683.8211088,serverless_reactive:cyclical:2,0.0,164.77,4
1788952684.0238152,serverless_reactive:cyclical:2,0.0,164.77,4
1788952684.2261875,serverless_reactive:cyclical:2,4.9,164.77,4
1788952684.4285653,serverless_reactive:cyclical:2,0.0,164.77,4
1788952684.6325474,serverless_reactive:cyclical:2,9.8,164.77,4
1788952685.4556687,serverless_reactive:cyclical:3,0.0,36.66,1
1788952685.6576436,serverless_reactive:cyclical:3,0.0,36.66,1
1788952685.8597586,serverless_reactive:cyclical:3,0.0,36.66,1
1788952686.0618222,serverless_reactive:cyclical:3,0.0,36.66,1
1788952686.2645059,serverless_reactive:cyclical:3,0.0,36.66,1
1788952686.4663877,serverless_reactive:cyclical:3,0.0,36.66,1
1788952686.66834,serverless_reactive:cyclical:3,0.0,36.66,1
1788952686.870491,serverless_reactive:cyclical:3,0.0,36.66,1
1788952687.072593,serverless_reactive:cyclical:3,0.0,36.66,1
1788952687.2745333,serverless_reactive:cyclical:3,0.0,36.66,1
1788952687.4765203,serverless_reactive:cyclical:3,0.0,36.66,1
1788952687.6784632,serverless_reactive:cyclical:3,0.0,36.66,1
1788952687.8804402,serverless_reactive:cyclical:3,0.0,36.66,1
1788952688.0824146,serverless_reactive:cyclical:3,0.0,36.66,1
1788952688.2853448,serverless_reactive:cyclical:3,0.0,36.66,1
1788952688.4874737,serverless_reactive:cyclical:3,0.0,36.66,1
1788952688.6899858,serverless_reactive:cyclical:3,0.0,36.66,1
1788952688.8919463,serverless_reactive:cyclical:3,0.0,36.66,1
1788952689.0939226,serverless_reactive:cyclical:3,0.0,36.66,1
1788952689.2960062,serverless_reactive:cyclical:3,0.0,36.66,1
1788952689.4980142,serverless_reactive:cyclical:3,0.0,36.66,1
1788952689.7001212,serverless_reactive:cyclical:3,0.0,36.66,1
1788952689.9022036,serverless_reactive:cyclical:3,0.0,36.66,1
1788952690.1046827,serverless_reactive:cyclical:3,0.0,36.66,1
1788952690.306691,serverless_reactive:cyclical:3,0.0,36.66,1
1788952690.5087516,serverless_reactive:cyclical:3,0.0,36.66,1
1788952690.7107785,serverless_reactive:cyclical:3,0.0,36.66,1
1788952690.91276,serverless_reactive:cyclical:3,0.0,36.66,1
1788952691.1155424,serverless_reactive:cyclical:3,0.0,36.66,1
1788952691.317604,serverless_reactive:cyclical:3,0.0,36.66,1
1788952691.5196593,serverless_reactive:cyclical:3,0.0,36.66,1
1788952691.7218156,serverless_reactive:cyclical:3,0.0,36.66,1
1788952691.923783,serverless_reactive:cyclical:3,0.0,36.66,1
1788952692.1258006,serverless_reactive:cyclical:3,0.0,36.66,1
1788952692.3279693,serverless_reactive:cyclical:3,0.0,36.66,1
1788952692.5301998,serverless_reactive:cyclical:3,0.0,36.66,1
1788952692.7322862,serverless_reactive:cyclical:3,0.0,36.66,1
1788952692.934571,serverless_reactive:cyclical:3,0.0,36.66,1
1788952693.136533,serverless_reactive:cyclical:3,0.0,36.66,1
1788952693.33843,serverless_reactive:cyclical:3,5.0,36.66,1
1788952693.540413,serverless_reactive:cyclical:3,0.0,36.66,1
1788952693.74248,serverless_reactive:cyclical:3,0.0,36.66,1
1788952693.9445271,serverless_reactive:cyclical:3,0.0,36.66,1
1788952694.1468732,serverless_reactive:cyclical:3,0.0,36.66,1
1788952694.3488672,serverless_reactive:cyclical:3,0.0,36.66,1
1788952694.551031,serverless_reactive:cyclical:3,0.0,36.66,1
1788952694.7571754,serverless_reactive:cyclical:3,9.7,81.45,4
1788952694.9634655,serverless_reactive:cyclical:3,195.7,129.42,4
1788952695.1655338,serverless_reactive:cyclical:3,196.0,147.39,4
1788952695.3678465,serverless_reactive:cyclical:3,197.8,160.32,4
1788952695.5704238,serverless_reactive:cyclical:3,44.4,164.86,4
1788952695.7727194,serverless_reactive:cyclical:3,0.0,164.86,4
1788952695.97624,serverless_reactive:cyclical:3,0.0,164.86,4
1788952696.1784308,serverless_reactive:cyclical:3,0.0,164.86,4
1788952696.3807485,serverless_reactive:cyclical:3,4.9,164.86,4
1788952696.5831127,serverless_reactive:cyclical:3,0.0,164.86,4
1788952696.785359,serverless_reactive:cyclical:3,0.0,164.86,4
1788952696.9878073,serverless_reactive:cyclical:3,0.0,164.86,4
1788952697.1907508,serverless_reactive:cyclical:3,4.9,164.86,4
1788952697.3931417,serverless_reactive:cyclical:3,9.8,164.86,4
1788952697.5961223,serverless_reactive:cyclical:3,0.0,164.86,4
1788952697.7985237,serverless_reactive:cyclical:3,0.0,164.86,4
1788952698.0011287,serverless_reactive:cyclical:3,0.0,164.86,4
1788952698.2034595,serverless_reactive:cyclical:3,0.0,164.86,4
1788952698.4057992,serverless_reactive:cyclical:3,0.0,164.86,4
1788952698.6082656,serverless_reactive:cyclical:3,0.0,164.86,4
1788952698.8111103,serverless_reactive:cyclical:3,0.0,164.86,4
1788952699.0138023,serverless_reactive:cyclical:3,0.0,164.86,4
1788952699.2162259,serverless_reactive:cyclical:3,0.0,164.86,4
1788952699.4186106,serverless_reactive:cyclical:3,0.0,164.86,4
1788952699.6211243,serverless_reactive:cyclical:3,0.0,164.86,4
1788952699.8237214,serverless_reactive:cyclical:3,0.0,164.86,4
1788952700.026028,serverless_reactive:cyclical:3,4.9,164.86,4
1788952700.2284715,serverless_reactive:cyclical:3,0.0,164.86,4
1788952700.4306412,serverless_reactive:cyclical:3,0.0,164.86,4
1788952700.633816,serverless_reactive:cyclical:3,0.0,164.86,4
1788952700.8360877,serverless_reactive:cyclical:3,0.0,164.86,4
1788952701.038327,serverless_reactive:cyclical:3,0.0,164.86,4
1788952701.2413762,serverless_reactive:cyclical:3,0.0,164.86,4
1788952701.4440255,serverless_reactive:cyclical:3,0.0,164.86,4
1788952701.6468222,serverless_reactive:cyclical:3,0.0,164.86,4
1788952701.849035,serverless_reactive:cyclical:3,0.0,164.86,4
1788952702.0518887,serverless_reactive:cyclical:3,0.0,164.86,4
1788952702.2546546,serverless_reactive:cyclical:3,4.9,164.86,4
1788952702.4572103,serverless_reactive:cyclical:3,0.0,164.86,4
1788952702.6596158,serverless_reactive:cyclical:3,0.0,164.86,4
1788952702.8618534,serverless_reactive:cyclical:3,0.0,164.86,4
1788952703.064293,serverless_reactive:cyclical:3,0.0,164.86,4
1788952703.26679,serverless_reactive:cyclical:3,0.0,164.86,4
1788952703.4690995,serverless_reactive:cyclical:3,0.0,164.86,4
1788952703.6714675,serverless_reactive:cyclical:3,0.0,164.86,4
1788952703.8736897,serverless_reactive:cyclical:3,0.0,164.86,4
1788952704.0760052,serverless_reactive:cyclical:3,0.0,164.86,4
1788952704.2782815,serverless_reactive:cyclical:3,0.0,164.86,4
1788952704.4806526,serverless_reactive:cyclical:3,0.0,164.86,4
1788952704.6829016,serverless_reactive:cyclical:3,0.0,164.86,4
1788952704.8852205,serverless_reactive:cyclical:3,0.0,164.86,4
1788952705.0893605,serverless_reactive:cyclical:3,29.4,164.88,4
1788952705.2917993,serverless_reactive:cyclical:3,0.0,164.88,4
1788952705.494223,serverless_reactive:cyclical:3,0.0,164.88,4
1788952705.696695,serverless_reactive:cyclical:3,0.0,164.88,4
1788952705.8990643,serverless_reactive:cyclical:3,0.0,164.88,4
1788952706.1017866,serverless_reactive:cyclical:3,0.0,164.88,4
1788952706.3044086,serverless_reactive:cyclical:3,4.9,164.88,4
1788952706.506717,serverless_reactive:cyclical:3,0.0,164.88,4
1788952706.70991,serverless_reactive:cyclical:3,0.0,164.88,4
1788952706.9122782,serverless_reactive:cyclical:3,0.0,164.88,4
1788952707.1145556,serverless_reactive:cyclical:3,0.0,164.88,4
1788952707.317017,serverless_reactive:cyclical:3,0.0,164.88,4
1788952707.5195596,serverless_reactive:cyclical:3,0.0,164.88,4
1788952707.7217877,serverless_reactive:cyclical:3,0.0,164.88,4
1788952707.924167,serverless_reactive:cyclical:3,0.0,164.88,4
1788952708.1277142,serverless_reactive:cyclical:3,0.0,164.88,4
1788952708.3299873,serverless_reactive:cyclical:3,0.0,164.88,4
1788952708.532333,serverless_reactive:cyclical:3,0.0,164.88,4
1788952708.7364414,serverless_reactive:cyclical:3,0.0,164.88,4
1788952708.938882,serverless_reactive:cyclical:3,4.9,164.88,4
1788952709.1412134,serverless_reactive:cyclical:3,0.0,164.88,4
1788952709.3437939,serverless_reactive:cyclical:3,0.0,164.88,4
1788952709.5461316,serverless_reactive:cyclical:3,0.0,164.88,4
1788952709.7484598,serverless_reactive:cyclical:3,4.9,164.88,4
1788952709.9507422,serverless_reactive:cyclical:3,0.0,164.88,4
1788952710.153064,serverless_reactive:cyclical:3,0.0,164.88,4
1788952710.355467,serverless_reactive:cyclical:3,0.0,164.88,4
1788952710.5577295,serverless_reactive:cyclical:3,0.0,164.88,4
1788952710.7601776,serverless_reactive:cyclical:3,0.0,164.88,4
1788952710.962454,serverless_reactive:cyclical:3,4.9,164.88,4
1788952711.1648717,serverless_reactive:cyclical:3,4.9,164.88,4
1788952711.3671243,serverless_reactive:cyclical:3,0.0,164.88,4
1788952711.5693831,serverless_reactive:cyclical:3,0.0,164.88,4
1788952711.7762158,serverless_reactive:cyclical:3,0.0,164.88,4
1788952711.9786768,serverless_reactive:cyclical:3,4.9,164.88,4
1788952712.181019,serverless_reactive:cyclical:3,0.0,164.88,4
1788952712.3833091,serverless_reactive:cyclical:3,0.0,164.88,4
1788952712.5855439,serverless_reactive:cyclical:3,0.0,164.88,4
1788952712.7877994,serverless_reactive:cyclical:3,0.0,164.88,4
1788952712.9900374,serverless_reactive:cyclical:3,0.0,164.88,4
1788952713.1998818,serverless_reactive:cyclical:3,0.0,164.88,4
1788952713.4021425,serverless_reactive:cyclical:3,0.0,164.88,4
1788952713.6057932,serverless_reactive:cyclical:3,19.6,164.88,4
1788952713.8089514,serverless_reactive:cyclical:3,0.0,164.88,4
1788952714.0114775,serverless_reactive:cyclical:3,0.0,164.88,4
1788952714.2136934,serverless_reactive:cyclical:3,0.0,164.88,4
1788952714.4160073,serverless_reactive:cyclical:3,0.0,164.88,4
1788952714.6181228,serverless_reactive:cyclical:3,0.0,164.88,4
1788952714.8203807,serverless_reactive:cyclical:3,0.0,164.88,4
1788952715.0228925,serverless_reactive:cyclical:3,0.0,164.88,4
1788952715.2253907,serverless_reactive:cyclical:3,0.0,164.88,4
1788952715.4277856,serverless_reactive:cyclical:3,0.0,164.88,4
1788952715.6304579,serverless_reactive:cyclical:3,0.0,164.88,4
1788952715.8328798,serverless_reactive:cyclical:3,0.0,164.88,4
1788952716.0354967,serverless_reactive:cyclical:3,0.0,164.88,4
1788952716.2378614,serverless_reactive:cyclical:3,0.0,164.88,4
1788952716.4409971,serverless_reactive:cyclical:3,0.0,164.88,4
1788952716.6436257,serverless_reactive:cyclical:3,0.0,164.88,4
1788952716.8463032,serverless_reactive:cyclical:3,0.0,164.88,4
1788952717.0488756,serverless_reactive:cyclical:3,0.0,164.88,4
1788952717.2513826,serverless_reactive:cyclical:3,4.9,164.88,4
1788952717.453568,serverless_reactive:cyclical:3,0.0,164.88,4
1788952717.6559348,serverless_reactive:cyclical:3,0.0,164.88,4
1788952717.858125,serverless_reactive:cyclical:3,0.0,164.88,4
1788952718.060704,serverless_reactive:cyclical:3,0.0,164.88,4
1788952718.2629154,serverless_reactive:cyclical:3,4.9,164.88,4
1788952718.465321,serverless_reactive:cyclical:3,0.0,164.88,4
1788952718.6677682,serverless_reactive:cyclical:3,4.9,164.88,4
1788952718.8705158,serverless_reactive:cyclical:3,0.0,164.88,4
1788952719.072989,serverless_reactive:cyclical:3,0.0,164.88,4
1788952719.2754252,serverless_reactive:cyclical:3,0.0,164.88,4
1788952719.4784298,serverless_reactive:cyclical:3,0.0,164.88,4
1788952719.681373,serverless_reactive:cyclical:3,0.0,164.88,4
1788952719.8836865,serverless_reactive:cyclical:3,0.0,164.88,4
1788952720.086015,serverless_reactive:cyclical:3,0.0,164.88,4
1788952720.288338,serverless_reactive:cyclical:3,0.0,164.88,4
1788952720.4910202,serverless_reactive:cyclical:3,0.0,164.88,4
1788952720.693334,serverless_reactive:cyclical:3,0.0,164.88,4
1788952720.895828,serverless_reactive:cyclical:3,0.0,164.88,4
1788952721.0982287,serverless_reactive:cyclical:3,0.0,164.88,4
1788952721.3011003,serverless_reactive:cyclical:3,0.0,164.88,4
1788952721.5033953,serverless_reactive:cyclical:3,0.0,164.88,4
1788952721.7056198,serverless_reactive:cyclical:3,0.0,164.88,4
1788952721.9080148,serverless_reactive:cyclical:3,0.0,164.88,4
1788952722.1103244,serverless_reactive:cyclical:3,0.0,164.88,4
1788952722.3131127,serverless_reactive:cyclical:3,0.0,164.88,4
1788952722.5159264,serverless_reactive:cyclical:3,4.9,164.89,4
1788952722.7182958,serverless_reactive:cyclical:3,14.7,164.89,4
1788952722.9206717,serverless_reactive:cyclical:3,0.0,164.89,4
1788952723.1228788,serverless_reactive:cyclical:3,0.0,164.89,4
1788952723.3251169,serverless_reactive:cyclical:3,0.0,164.89,4
1788952723.5273755,serverless_reactive:cyclical:3,0.0,164.89,4
1788952723.729649,serverless_reactive:cyclical:3,0.0,164.89,4
1788952723.9319339,serverless_reactive:cyclical:3,0.0,164.89,4
1788952724.1343982,serverless_reactive:cyclical:3,0.0,164.89,4
1788952724.3367496,serverless_reactive:cyclical:3,0.0,164.89,4
1788952724.5391688,serverless_reactive:cyclical:3,0.0,164.89,4
1788952724.741731,serverless_reactive:cyclical:3,0.0,164.89,4
1788952724.9439628,serverless_reactive:cyclical:3,0.0,164.89,4
1788952725.1468349,serverless_reactive:cyclical:3,0.0,164.89,4
1788952725.3490624,serverless_reactive:cyclical:3,0.0,164.89,4
1788952725.5529413,serverless_reactive:cyclical:3,0.0,164.89,4
1788952725.7551775,serverless_reactive:cyclical:3,4.9,164.89,4
1788952725.9573607,serverless_reactive:cyclical:3,0.0,164.89,4
1788952726.1597962,serverless_reactive:cyclical:3,4.9,164.89,4
1788952726.3620234,serverless_reactive:cyclical:3,0.0,164.89,4
1788952726.5647342,serverless_reactive:cyclical:3,0.0,164.89,4
1788952726.7679908,serverless_reactive:cyclical:3,0.0,164.89,4
1788952726.9717934,serverless_reactive:cyclical:3,0.0,164.89,4
1788952727.1740468,serverless_reactive:cyclical:3,0.0,164.89,4
1788952727.3766246,serverless_reactive:cyclical:3,0.0,164.89,4
1788952727.5789223,serverless_reactive:cyclical:3,0.0,164.89,4
1788952727.7822895,serverless_reactive:cyclical:3,0.0,164.89,4
1788952727.9846923,serverless_reactive:cyclical:3,0.0,164.89,4
1788952728.1869087,serverless_reactive:cyclical:3,0.0,164.89,4
1788952728.3891275,serverless_reactive:cyclical:3,4.9,164.89,4
1788952728.5914848,serverless_reactive:cyclical:3,0.0,164.89,4
1788952728.7938144,serverless_reactive:cyclical:3,0.0,164.89,4
1788952728.9960537,serverless_reactive:cyclical:3,4.9,164.89,4
1788952729.198257,serverless_reactive:cyclical:3,0.0,164.89,4
1788952729.4006279,serverless_reactive:cyclical:3,0.0,164.89,4
1788952729.6036665,serverless_reactive:cyclical:3,0.0,164.89,4
1788952729.805925,serverless_reactive:cyclical:3,0.0,164.89,4
1788952730.0080805,serverless_reactive:cyclical:3,0.0,164.89,4
1788952730.2103841,serverless_reactive:cyclical:3,0.0,164.89,4
1788952730.412747,serverless_reactive:cyclical:3,0.0,164.89,4
1788952730.6150153,serverless_reactive:cyclical:3,0.0,164.89,4
1788952730.8176455,serverless_reactive:cyclical:3,0.0,164.89,4
1788952731.0202823,serverless_reactive:cyclical:3,0.0,164.89,4
1788952731.9355333,serverless_reactive:cyclical:4,0.0,36.59,1
1788952732.1376457,serverless_reactive:cyclical:4,0.0,36.59,1
1788952732.3400443,serverless_reactive:cyclical:4,0.0,36.59,1
1788952732.5419858,serverless_reactive:cyclical:4,0.0,36.59,1
1788952732.7441177,serverless_reactive:cyclical:4,0.0,36.59,1
1788952732.9460797,serverless_reactive:cyclical:4,0.0,36.59,1
1788952733.1480987,serverless_reactive:cyclical:4,0.0,36.59,1
1788952733.350218,serverless_reactive:cyclical:4,0.0,36.59,1
1788952733.5522895,serverless_reactive:cyclical:4,0.0,36.59,1
1788952733.7542946,serverless_reactive:cyclical:4,0.0,36.59,1
1788952733.9565086,serverless_reactive:cyclical:4,0.0,36.59,1
1788952734.1585093,serverless_reactive:cyclical:4,0.0,36.59,1
1788952734.3605947,serverless_reactive:cyclical:4,0.0,36.59,1
1788952734.5627413,serverless_reactive:cyclical:4,0.0,36.59,1
1788952734.7647078,serverless_reactive:cyclical:4,0.0,36.59,1
1788952734.9668152,serverless_reactive:cyclical:4,0.0,36.59,1
1788952735.1688387,serverless_reactive:cyclical:4,0.0,36.59,1
1788952735.3708062,serverless_reactive:cyclical:4,0.0,36.59,1
1788952735.5731523,serverless_reactive:cyclical:4,0.0,36.59,1
1788952735.7750468,serverless_reactive:cyclical:4,0.0,36.6,1
1788952735.9770577,serverless_reactive:cyclical:4,0.0,36.6,1
1788952736.1795187,serverless_reactive:cyclical:4,0.0,36.6,1
1788952736.381504,serverless_reactive:cyclical:4,0.0,36.6,1
1788952736.5835407,serverless_reactive:cyclical:4,0.0,36.6,1
1788952736.78547,serverless_reactive:cyclical:4,0.0,36.6,1
1788952736.987648,serverless_reactive:cyclical:4,0.0,36.6,1
1788952737.1895304,serverless_reactive:cyclical:4,0.0,36.6,1
1788952737.3924336,serverless_reactive:cyclical:4,0.0,36.6,1
1788952737.5948002,serverless_reactive:cyclical:4,0.0,36.6,1
1788952737.7976189,serverless_reactive:cyclical:4,0.0,36.6,1
1788952737.9997013,serverless_reactive:cyclical:4,0.0,36.6,1
1788952738.2016594,serverless_reactive:cyclical:4,0.0,36.6,1
1788952738.4036095,serverless_reactive:cyclical:4,0.0,36.6,1
1788952738.6056144,serverless_reactive:cyclical:4,0.0,36.6,1
1788952738.8077986,serverless_reactive:cyclical:4,0.0,36.6,1
1788952739.0098076,serverless_reactive:cyclical:4,5.0,36.6,1
1788952739.2117589,serverless_reactive:cyclical:4,0.0,36.6,1
1788952739.4140444,serverless_reactive:cyclical:4,0.0,36.6,1
1788952739.6160603,serverless_reactive:cyclical:4,0.0,36.6,1
1788952739.818071,serverless_reactive:cyclical:4,0.0,36.6,1
1788952740.0200903,serverless_reactive:cyclical:4,0.0,36.6,1
1788952740.2222397,serverless_reactive:cyclical:4,0.0,36.6,1
1788952740.4244182,serverless_reactive:cyclical:4,0.0,36.6,1
1788952740.6264043,serverless_reactive:cyclical:4,0.0,36.6,1
1788952740.8295503,serverless_reactive:cyclical:4,0.0,37.3,2
1788952741.0332026,serverless_reactive:cyclical:4,63.8,112.24,4
1788952741.2360392,serverless_reactive:cyclical:4,197.3,142.24,4
1788952741.439004,serverless_reactive:cyclical:4,197.1,151.97,4
1788952741.6423182,serverless_reactive:cyclical:4,137.8,164.66,4
1788952741.8454611,serverless_reactive:cyclical:4,0.0,164.66,4
1788952742.0479312,serverless_reactive:cyclical:4,0.0,164.66,4
1788952742.250144,serverless_reactive:cyclical:4,9.8,164.66,4
1788952742.4526508,serverless_reactive:cyclical:4,4.9,164.66,4
1788952742.655672,serverless_reactive:cyclical:4,0.0,164.66,4
1788952742.857986,serverless_reactive:cyclical:4,0.0,164.66,4
1788952743.0602536,serverless_reactive:cyclical:4,0.0,164.66,4
1788952743.2626345,serverless_reactive:cyclical:4,0.0,164.66,4
1788952743.4648502,serverless_reactive:cyclical:4,0.0,164.66,4
1788952743.6670125,serverless_reactive:cyclical:4,0.0,164.66,4
1788952743.8691404,serverless_reactive:cyclical:4,0.0,164.66,4
1788952744.071472,serverless_reactive:cyclical:4,0.0,164.66,4
1788952744.2736616,serverless_reactive:cyclical:4,0.0,164.66,4
1788952744.4758217,serverless_reactive:cyclical:4,0.0,164.66,4
1788952744.677992,serverless_reactive:cyclical:4,0.0,164.66,4
1788952744.8803277,serverless_reactive:cyclical:4,0.0,164.66,4
1788952745.0824559,serverless_reactive:cyclical:4,0.0,164.66,4
1788952745.2846642,serverless_reactive:cyclical:4,0.0,164.66,4
1788952745.4868371,serverless_reactive:cyclical:4,4.9,164.66,4
1788952745.6899009,serverless_reactive:cyclical:4,0.0,164.66,4
1788952745.8922124,serverless_reactive:cyclical:4,0.0,164.66,4
1788952746.094353,serverless_reactive:cyclical:4,0.0,164.66,4
1788952746.2966511,serverless_reactive:cyclical:4,0.0,164.66,4
1788952746.498857,serverless_reactive:cyclical:4,0.0,164.66,4
1788952746.7012713,serverless_reactive:cyclical:4,0.0,164.66,4
1788952746.9036038,serverless_reactive:cyclical:4,0.0,164.66,4
1788952747.1061966,serverless_reactive:cyclical:4,4.9,164.66,4
1788952747.3087018,serverless_reactive:cyclical:4,0.0,164.66,4
1788952747.5111382,serverless_reactive:cyclical:4,0.0,164.66,4
1788952747.7135236,serverless_reactive:cyclical:4,0.0,164.66,4
1788952747.9158967,serverless_reactive:cyclical:4,4.9,164.66,4
1788952748.118139,serverless_reactive:cyclical:4,0.0,164.66,4
1788952748.3204675,serverless_reactive:cyclical:4,0.0,164.66,4
1788952748.52267,serverless_reactive:cyclical:4,0.0,164.66,4
1788952748.7252142,serverless_reactive:cyclical:4,0.0,164.66,4
1788952748.9291961,serverless_reactive:cyclical:4,0.0,164.66,4
1788952749.1314912,serverless_reactive:cyclical:4,0.0,164.66,4
1788952749.333943,serverless_reactive:cyclical:4,0.0,164.66,4
1788952749.536285,serverless_reactive:cyclical:4,0.0,164.66,4
1788952749.73892,serverless_reactive:cyclical:4,0.0,164.66,4
1788952749.9411306,serverless_reactive:cyclical:4,0.0,164.66,4
1788952750.1434386,serverless_reactive:cyclical:4,0.0,164.66,4
1788952750.3456073,serverless_reactive:cyclical:4,0.0,164.66,4
1788952750.5480528,serverless_reactive:cyclical:4,0.0,164.66,4
1788952750.7513463,serverless_reactive:cyclical:4,0.0,164.66,4
1788952750.954413,serverless_reactive:cyclical:4,19.6,164.67,4
1788952751.1570406,serverless_reactive:cyclical:4,0.0,164.67,4
1788952751.3595042,serverless_reactive:cyclical:4,0.0,164.67,4
1788952751.561822,serverless_reactive:cyclical:4,0.0,164.67,4
1788952751.765733,serverless_reactive:cyclical:4,0.0,164.67,4
1788952751.968253,serverless_reactive:cyclical:4,0.0,164.67,4
1788952752.1705363,serverless_reactive:cyclical:4,0.0,164.67,4
1788952752.372952,serverless_reactive:cyclical:4,0.0,164.67,4
1788952752.575555,serverless_reactive:cyclical:4,0.0,164.67,4
1788952752.7780008,serverless_reactive:cyclical:4,0.0,164.67,4
1788952752.9806004,serverless_reactive:cyclical:4,0.0,164.67,4
1788952753.1830294,serverless_reactive:cyclical:4,0.0,164.67,4
1788952753.385382,serverless_reactive:cyclical:4,0.0,164.67,4
1788952753.5878375,serverless_reactive:cyclical:4,0.0,164.67,4
1788952753.7902758,serverless_reactive:cyclical:4,0.0,164.67,4
1788952753.992856,serverless_reactive:cyclical:4,4.9,164.67,4
1788952754.195546,serverless_reactive:cyclical:4,0.0,164.67,4
1788952754.3979092,serverless_reactive:cyclical:4,0.0,164.67,4
1788952754.6007528,serverless_reactive:cyclical:4,0.0,164.67,4
1788952754.8035893,serverless_reactive:cyclical:4,9.8,164.67,4
1788952755.0061135,serverless_reactive:cyclical:4,0.0,164.67,4
1788952755.20868,serverless_reactive:cyclical:4,0.0,164.67,4
1788952755.411147,serverless_reactive:cyclical:4,0.0,164.67,4
1788952755.6136646,serverless_reactive:cyclical:4,4.9,164.67,4
1788952755.816485,serverless_reactive:cyclical:4,4.9,164.67,4
1788952756.019617,serverless_reactive:cyclical:4,0.0,164.67,4
1788952756.223165,serverless_reactive:cyclical:4,0.0,164.67,4
1788952756.4269652,serverless_reactive:cyclical:4,0.0,164.67,4
1788952756.6307771,serverless_reactive:cyclical:4,0.0,164.67,4
1788952756.8335154,serverless_reactive:cyclical:4,0.0,164.67,4
1788952757.0367558,serverless_reactive:cyclical:4,0.0,164.67,4
1788952757.2391496,serverless_reactive:cyclical:4,0.0,164.67,4
1788952757.4416053,serverless_reactive:cyclical:4,0.0,164.67,4
1788952757.644568,serverless_reactive:cyclical:4,0.0,164.67,4
1788952757.8469317,serverless_reactive:cyclical:4,0.0,164.67,4
1788952758.0494976,serverless_reactive:cyclical:4,0.0,164.67,4
1788952758.2533822,serverless_reactive:cyclical:4,0.0,164.67,4
1788952758.4561179,serverless_reactive:cyclical:4,0.0,164.67,4
1788952758.6585476,serverless_reactive:cyclical:4,0.0,164.67,4
1788952758.8610303,serverless_reactive:cyclical:4,0.0,164.67,4
1788952759.0635953,serverless_reactive:cyclical:4,0.0,164.67,4
1788952759.266131,serverless_reactive:cyclical:4,4.9,164.67,4
1788952759.4686415,serverless_reactive:cyclical:4,0.0,164.67,4
1788952759.6714823,serverless_reactive:cyclical:4,0.0,164.67,4
1788952759.873969,serverless_reactive:cyclical:4,4.9,164.67,4
1788952760.0764914,serverless_reactive:cyclical:4,0.0,164.67,4
1788952760.2790358,serverless_reactive:cyclical:4,0.0,164.67,4
1788952760.4833322,serverless_reactive:cyclical:4,0.0,164.67,4
1788952760.685753,serverless_reactive:cyclical:4,0.0,164.67,4
1788952760.8891628,serverless_reactive:cyclical:4,24.5,164.68,4
1788952761.0924354,serverless_reactive:cyclical:4,0.0,164.68,4
1788952761.2948096,serverless_reactive:cyclical:4,0.0,164.68,4
1788952761.4975014,serverless_reactive:cyclical:4,0.0,164.68,4
1788952761.7004566,serverless_reactive:cyclical:4,0.0,164.68,4
1788952761.9028296,serverless_reactive:cyclical:4,0.0,164.68,4
1788952762.1051307,serverless_reactive:cyclical:4,4.9,164.68,4
1788952762.307454,serverless_reactive:cyclical:4,0.0,164.68,4
1788952762.510001,serverless_reactive:cyclical:4,0.0,164.68,4
1788952762.7125108,serverless_reactive:cyclical:4,0.0,164.68,4
1788952762.9149113,serverless_reactive:cyclical:4,0.0,164.68,4
1788952763.1174314,serverless_reactive:cyclical:4,0.0,164.68,4
1788952763.3211927,serverless_reactive:cyclical:4,0.0,164.68,4
1788952763.523545,serverless_reactive:cyclical:4,0.0,164.68,4
1788952763.7261794,serverless_reactive:cyclical:4,0.0,164.68,4
1788952763.928512,serverless_reactive:cyclical:4,4.9,164.68,4
1788952764.1307912,serverless_reactive:cyclical:4,0.0,164.68,4
1788952764.3334556,serverless_reactive:cyclical:4,0.0,164.68,4
1788952764.535803,serverless_reactive:cyclical:4,0.0,164.68,4
1788952764.7382257,serverless_reactive:cyclical:4,0.0,164.68,4
1788952764.9409008,serverless_reactive:cyclical:4,0.0,164.68,4
1788952765.1432753,serverless_reactive:cyclical:4,0.0,164.68,4
1788952765.3457596,serverless_reactive:cyclical:4,0.0,164.68,4
1788952765.5480485,serverless_reactive:cyclical:4,0.0,164.68,4
1788952765.7503462,serverless_reactive:cyclical:4,0.0,164.68,4
1788952765.9534101,serverless_reactive:cyclical:4,4.9,164.68,4
1788952766.1569192,serverless_reactive:cyclical:4,0.0,164.68,4
1788952766.3606544,serverless_reactive:cyclical:4,0.0,164.68,4
1788952766.5628564,serverless_reactive:cyclical:4,0.0,164.68,4
1788952766.7663853,serverless_reactive:cyclical:4,0.0,164.68,4
1788952766.9701543,serverless_reactive:cyclical:4,4.9,164.68,4
1788952767.1727777,serverless_reactive:cyclical:4,0.0,164.68,4
1788952767.375055,serverless_reactive:cyclical:4,0.0,164.68,4
1788952767.5777817,serverless_reactive:cyclical:4,0.0,164.68,4
1788952767.7808182,serverless_reactive:cyclical:4,0.0,164.68,4
1788952767.9833765,serverless_reactive:cyclical:4,0.0,164.68,4
1788952768.1859198,serverless_reactive:cyclical:4,0.0,164.68,4
1788952768.3887496,serverless_reactive:cyclical:4,0.0,164.68,4
1788952768.5911636,serverless_reactive:cyclical:4,0.0,164.68,4
1788952768.7940724,serverless_reactive:cyclical:4,0.0,164.68,4
1788952768.9964507,serverless_reactive:cyclical:4,0.0,164.68,4
1788952769.1990292,serverless_reactive:cyclical:4,0.0,164.68,4
1788952769.4021587,serverless_reactive:cyclical:4,0.0,164.68,4
1788952769.6046355,serverless_reactive:cyclical:4,0.0,164.68,4
1788952769.8069243,serverless_reactive:cyclical:4,0.0,164.68,4
1788952770.010461,serverless_reactive:cyclical:4,19.6,164.7,4
1788952770.21441,serverless_reactive:cyclical:4,0.0,164.7,4
1788952770.4169023,serverless_reactive:cyclical:4,0.0,164.7,4
1788952770.619467,serverless_reactive:cyclical:4,0.0,164.7,4
1788952770.822475,serverless_reactive:cyclical:4,0.0,164.7,4
1788952771.0265808,serverless_reactive:cyclical:4,0.0,164.7,4
1788952771.2288446,serverless_reactive:cyclical:4,0.0,164.7,4
1788952771.4318266,serverless_reactive:cyclical:4,0.0,164.7,4
1788952771.6339703,serverless_reactive:cyclical:4,4.9,164.7,4
1788952771.8365204,serverless_reactive:cyclical:4,0.0,164.7,4
1788952772.039658,serverless_reactive:cyclical:4,4.9,164.7,4
1788952772.242132,serverless_reactive:cyclical:4,0.0,164.7,4
1788952772.4446304,serverless_reactive:cyclical:4,0.0,164.7,4
1788952772.6468766,serverless_reactive:cyclical:4,0.0,164.7,4
1788952772.8492146,serverless_reactive:cyclical:4,4.9,164.7,4
1788952773.051578,serverless_reactive:cyclical:4,0.0,164.7,4
1788952773.255174,serverless_reactive:cyclical:4,0.0,164.7,4
1788952773.4587395,serverless_reactive:cyclical:4,0.0,164.7,4
1788952773.6611543,serverless_reactive:cyclical:4,0.0,164.7,4
1788952773.8643963,serverless_reactive:cyclical:4,0.0,164.7,4
1788952774.0666916,serverless_reactive:cyclical:4,0.0,164.7,4
1788952774.2690065,serverless_reactive:cyclical:4,4.9,164.7,4
1788952774.4713206,serverless_reactive:cyclical:4,0.0,164.7,4
1788952774.673784,serverless_reactive:cyclical:4,0.0,164.7,4
1788952774.8761003,serverless_reactive:cyclical:4,0.0,164.7,4
1788952775.0787187,serverless_reactive:cyclical:4,0.0,164.7,4
1788952775.2810411,serverless_reactive:cyclical:4,0.0,164.7,4
1788952775.484339,serverless_reactive:cyclical:4,0.0,164.7,4
1788952775.6865506,serverless_reactive:cyclical:4,0.0,164.7,4
1788952775.8887513,serverless_reactive:cyclical:4,0.0,164.7,4
1788952776.0916495,serverless_reactive:cyclical:4,0.0,164.7,4
1788952776.2939,serverless_reactive:cyclical:4,0.0,164.7,4
1788952776.4963772,serverless_reactive:cyclical:4,0.0,164.7,4
1788952776.6985242,serverless_reactive:cyclical:4,0.0,164.7,4
1788952776.900864,serverless_reactive:cyclical:4,0.0,164.7,4
1788952777.103793,serverless_reactive:cyclical:4,0.0,164.7,4
1788952777.3059175,serverless_reactive:cyclical:4,0.0,164.7,4
1788952777.508355,serverless_reactive:cyclical:4,0.0,164.7,4
1788952777.7104743,serverless_reactive:cyclical:4,0.0,164.7,4
1788952777.9126701,serverless_reactive:cyclical:4,0.0,164.7,4
1788952778.1148307,serverless_reactive:cyclical:4,0.0,164.7,4
1788952778.317163,serverless_reactive:cyclical:4,0.0,164.7,4
1788952778.5193813,serverless_reactive:cyclical:4,0.0,164.7,4
1788952778.7215562,serverless_reactive:cyclical:4,0.0,164.7,4
1788952778.9255292,serverless_reactive:cyclical:4,14.7,164.7,4
1788952779.800709,serverless_reactive:cyclical:5,0.0,36.67,1
1788952780.0026286,serverless_reactive:cyclical:5,0.0,36.67,1
1788952780.2048395,serverless_reactive:cyclical:5,0.0,36.67,1
1788952780.4069564,serverless_reactive:cyclical:5,0.0,36.67,1
1788952780.609217,serverless_reactive:cyclical:5,0.0,36.67,1
1788952780.8110888,serverless_reactive:cyclical:5,9.9,36.67,1
1788952781.0133157,serverless_reactive:cyclical:5,0.0,36.67,1
1788952781.2157793,serverless_reactive:cyclical:5,0.0,36.67,1
1788952781.418279,serverless_reactive:cyclical:5,0.0,36.67,1
1788952781.620305,serverless_reactive:cyclical:5,0.0,36.67,1
1788952781.822639,serverless_reactive:cyclical:5,0.0,36.67,1
1788952782.024713,serverless_reactive:cyclical:5,0.0,36.67,1
1788952782.2266443,serverless_reactive:cyclical:5,0.0,36.67,1
1788952782.4287457,serverless_reactive:cyclical:5,0.0,36.67,1
1788952782.6307406,serverless_reactive:cyclical:5,0.0,36.67,1
1788952782.832655,serverless_reactive:cyclical:5,0.0,36.67,1
1788952783.0346053,serverless_reactive:cyclical:5,0.0,36.67,1
1788952783.2366006,serverless_reactive:cyclical:5,0.0,36.67,1
1788952783.438485,serverless_reactive:cyclical:5,0.0,36.67,1
1788952783.6404605,serverless_reactive:cyclical:5,0.0,36.67,1
1788952783.8428981,serverless_reactive:cyclical:5,0.0,36.67,1
1788952784.0448174,serverless_reactive:cyclical:5,0.0,36.67,1
1788952784.24668,serverless_reactive:cyclical:5,0.0,36.67,1
1788952784.448625,serverless_reactive:cyclical:5,0.0,36.67,1
1788952784.6505067,serverless_reactive:cyclical:5,0.0,36.67,1
1788952784.852493,serverless_reactive:cyclical:5,0.0,36.67,1
1788952785.0543694,serverless_reactive:cyclical:5,0.0,36.67,1
1788952785.25644,serverless_reactive:cyclical:5,0.0,36.67,1
1788952785.4583347,serverless_reactive:cyclical:5,0.0,36.67,1
1788952785.6610253,serverless_reactive:cyclical:5,0.0,36.67,1
1788952785.8628924,serverless_reactive:cyclical:5,0.0,36.67,1
1788952786.064802,serverless_reactive:cyclical:5,0.0,36.67,1
1788952786.2667189,serverless_reactive:cyclical:5,0.0,36.67,1
1788952786.4693658,serverless_reactive:cyclical:5,0.0,36.67,1
1788952786.6713545,serverless_reactive:cyclical:5,0.0,36.67,1
1788952786.8734167,serverless_reactive:cyclical:5,0.0,36.67,1
1788952787.075475,serverless_reactive:cyclical:5,0.0,36.67,1
1788952787.2774713,serverless_reactive:cyclical:5,0.0,36.67,1
1788952787.47953,serverless_reactive:cyclical:5,0.0,36.67,1
1788952787.6813965,serverless_reactive:cyclical:5,0.0,36.67,1
1788952787.883342,serverless_reactive:cyclical:5,0.0,36.67,1
1788952788.0852022,serverless_reactive:cyclical:5,0.0,36.67,1
1788952788.2871244,serverless_reactive:cyclical:5,0.0,36.67,1
1788952788.48925,serverless_reactive:cyclical:5,0.0,36.67,1
1788952788.6911695,serverless_reactive:cyclical:5,0.0,36.67,1
1788952788.8931274,serverless_reactive:cyclical:5,0.0,36.67,1
1788952789.095403,serverless_reactive:cyclical:5,0.0,36.67,1
1788952789.297225,serverless_reactive:cyclical:5,0.0,36.67,1
1788952789.499435,serverless_reactive:cyclical:5,0.0,36.67,1
1788952789.70524,serverless_reactive:cyclical:5,4.9,60.27,4
1788952789.9101038,serverless_reactive:cyclical:5,190.3,117.62,4
1788952790.1164498,serverless_reactive:cyclical:5,198.6,141.43,4
1788952790.3202133,serverless_reactive:cyclical:5,196.3,156.09,4
1788952790.5228713,serverless_reactive:cyclical:5,93.8,164.7,4
1788952790.7252467,serverless_reactive:cyclical:5,0.0,164.7,4
1788952790.9281006,serverless_reactive:cyclical:5,0.0,164.7,4
1788952791.1304152,serverless_reactive:cyclical:5,0.0,164.7,4
1788952791.3334749,serverless_reactive:cyclical:5,0.0,164.7,4
1788952791.5359068,serverless_reactive:cyclical:5,0.0,164.7,4
1788952791.738201,serverless_reactive:cyclical:5,0.0,164.7,4
1788952791.9405184,serverless_reactive:cyclical:5,0.0,164.7,4
1788952792.142731,serverless_reactive:cyclical:5,0.0,164.7,4
1788952792.345257,serverless_reactive:cyclical:5,0.0,164.7,4
1788952792.5475903,serverless_reactive:cyclical:5,0.0,164.7,4
1788952792.7500567,serverless_reactive:cyclical:5,0.0,164.7,4
1788952792.9524446,serverless_reactive:cyclical:5,0.0,164.7,4
1788952793.1547585,serverless_reactive:cyclical:5,4.9,164.7,4
1788952793.3573663,serverless_reactive:cyclical:5,4.9,164.7,4
1788952793.5596595,serverless_reactive:cyclical:5,0.0,164.7,4
1788952793.761976,serverless_reactive:cyclical:5,0.0,164.7,4
1788952793.9644272,serverless_reactive:cyclical:5,4.9,164.7,4
1788952794.1667094,serverless_reactive:cyclical:5,0.0,164.7,4
1788952794.3692298,serverless_reactive:cyclical:5,0.0,164.7,4
1788952794.5722609,serverless_reactive:cyclical:5,0.0,164.7,4
1788952794.774632,serverless_reactive:cyclical:5,0.0,164.7,4
1788952794.9770093,serverless_reactive:cyclical:5,0.0,164.7,4
1788952795.1798925,serverless_reactive:cyclical:5,0.0,164.7,4
1788952795.382564,serverless_reactive:cyclical:5,0.0,164.7,4
1788952795.5864933,serverless_reactive:cyclical:5,0.0,164.7,4
1788952795.7890162,serverless_reactive:cyclical:5,0.0,164.7,4
1788952795.9916298,serverless_reactive:cyclical:5,0.0,164.7,4
1788952796.1941893,serverless_reactive:cyclical:5,0.0,164.7,4
1788952796.3967447,serverless_reactive:cyclical:5,0.0,164.7,4
1788952796.5994868,serverless_reactive:cyclical:5,0.0,164.7,4
1788952796.8027341,serverless_reactive:cyclical:5,0.0,164.7,4
1788952797.0051696,serverless_reactive:cyclical:5,0.0,164.7,4
1788952797.2079163,serverless_reactive:cyclical:5,4.9,164.7,4
1788952797.4103587,serverless_reactive:cyclical:5,0.0,164.7,4
1788952797.6128445,serverless_reactive:cyclical:5,0.0,164.7,4
1788952797.8154428,serverless_reactive:cyclical:5,0.0,164.7,4
1788952798.0179496,serverless_reactive:cyclical:5,4.9,164.7,4
1788952798.2204225,serverless_reactive:cyclical:5,0.0,164.7,4
1788952798.4228592,serverless_reactive:cyclical:5,0.0,164.7,4
1788952798.6253183,serverless_reactive:cyclical:5,0.0,164.7,4
1788952798.827684,serverless_reactive:cyclical:5,0.0,164.7,4
1788952799.0313756,serverless_reactive:cyclical:5,0.0,164.7,4
1788952799.2347507,serverless_reactive:cyclical:5,4.9,164.7,4
1788952799.4373057,serverless_reactive:cyclical:5,0.0,164.7,4
1788952799.6396236,serverless_reactive:cyclical:5,0.0,164.7,4
1788952799.842623,serverless_reactive:cyclical:5,14.7,164.73,4
1788952800.0451941,serverless_reactive:cyclical:5,4.9,164.73,4
1788952800.247657,serverless_reactive:cyclical:5,0.0,164.73,4
1788952800.4500594,serverless_reactive:cyclical:5,0.0,164.73,4
1788952800.6525867,serverless_reactive:cyclical:5,0.0,164.73,4
1788952800.8550112,serverless_reactive:cyclical:5,0.0,164.73,4
1788952801.0576282,serverless_reactive:cyclical:5,4.9,164.73,4
1788952801.2601333,serverless_reactive:cyclical:5,0.0,164.73,4
1788952801.4626,serverless_reactive:cyclical:5,0.0,164.73,4
1788952801.6652143,serverless_reactive:cyclical:5,0.0,164.73,4
1788952801.8677142,serverless_reactive:cyclical:5,4.9,164.73,4
1788952802.070456,serverless_reactive:cyclical:5,0.0,164.73,4
1788952802.273181,serverless_reactive:cyclical:5,0.0,164.73,4
1788952802.4756677,serverless_reactive:cyclical:5,4.9,164.73,4
1788952802.6782875,serverless_reactive:cyclical:5,0.0,164.73,4
1788952802.8810916,serverless_reactive:cyclical:5,0.0,164.73,4
1788952803.0846114,serverless_reactive:cyclical:5,0.0,164.73,4
1788952803.28776,serverless_reactive:cyclical:5,0.0,164.73,4
1788952803.490145,serverless_reactive:cyclical:5,0.0,164.73,4
1788952803.692546,serverless_reactive:cyclical:5,0.0,164.73,4
1788952803.8948894,serverless_reactive:cyclical:5,0.0,164.73,4
1788952804.0973825,serverless_reactive:cyclical:5,0.0,164.73,4
1788952804.3037448,serverless_reactive:cyclical:5,0.0,164.73,4
1788952804.5060866,serverless_reactive:cyclical:5,0.0,164.73,4
1788952804.7085075,serverless_reactive:cyclical:5,0.0,164.73,4
1788952804.911005,serverless_reactive:cyclical:5,4.9,164.73,4
1788952805.11349,serverless_reactive:cyclical:5,4.9,164.73,4
1788952805.315857,serverless_reactive:cyclical:5,0.0,164.73,4
1788952805.5180867,serverless_reactive:cyclical:5,0.0,164.73,4
1788952805.7203526,serverless_reactive:cyclical:5,0.0,164.73,4
1788952805.9225373,serverless_reactive:cyclical:5,0.0,164.73,4
1788952806.1250393,serverless_reactive:cyclical:5,0.0,164.73,4
1788952806.3273325,serverless_reactive:cyclical:5,0.0,164.73,4
1788952806.5297246,serverless_reactive:cyclical:5,0.0,164.73,4
1788952806.7320147,serverless_reactive:cyclical:5,0.0,164.73,4
1788952806.9348207,serverless_reactive:cyclical:5,0.0,164.73,4
1788952807.1371021,serverless_reactive:cyclical:5,4.9,164.73,4
1788952807.3399389,serverless_reactive:cyclical:5,0.0,164.73,4
1788952807.5431306,serverless_reactive:cyclical:5,4.9,164.73,4
1788952807.7457237,serverless_reactive:cyclical:5,0.0,164.73,4
1788952807.9483786,serverless_reactive:cyclical:5,0.0,164.73,4
1788952808.1517472,serverless_reactive:cyclical:5,9.8,164.73,4
1788952808.353992,serverless_reactive:cyclical:5,0.0,164.73,4
1788952808.55626,serverless_reactive:cyclical:5,0.0,164.73,4
1788952808.7601478,serverless_reactive:cyclical:5,0.0,164.73,4
1788952808.9625058,serverless_reactive:cyclical:5,0.0,164.73,4
1788952809.1649394,serverless_reactive:cyclical:5,0.0,164.73,4
1788952809.367731,serverless_reactive:cyclical:5,0.0,164.73,4
1788952809.5699236,serverless_reactive:cyclical:5,0.0,164.73,4
1788952809.7732933,serverless_reactive:cyclical:5,0.0,164.73,4
1788952809.9756858,serverless_reactive:cyclical:5,0.0,164.73,4
1788952810.1780019,serverless_reactive:cyclical:5,4.9,164.73,4
1788952810.3803704,serverless_reactive:cyclical:5,0.0,164.73,4
1788952810.585653,serverless_reactive:cyclical:5,4.9,164.73,4
1788952810.7879462,serverless_reactive:cyclical:5,0.0,164.73,4
1788952810.9902718,serverless_reactive:cyclical:5,0.0,164.73,4
1788952811.1928527,serverless_reactive:cyclical:5,0.0,164.73,4
1788952811.3953688,serverless_reactive:cyclical:5,0.0,164.73,4
1788952811.5976703,serverless_reactive:cyclical:5,0.0,164.73,4
1788952811.8005824,serverless_reactive:cyclical:5,0.0,164.73,4
1788952812.0028985,serverless_reactive:cyclical:5,0.0,164.73,4
1788952812.205075,serverless_reactive:cyclical:5,0.0,164.73,4
1788952812.4082668,serverless_reactive:cyclical:5,0.0,164.73,4
1788952812.6108778,serverless_reactive:cyclical:5,0.0,164.73,4
1788952812.813279,serverless_reactive:cyclical:5,0.0,164.73,4
1788952813.0155807,serverless_reactive:cyclical:5,0.0,164.73,4
1788952813.217812,serverless_reactive:cyclical:5,0.0,164.73,4
1788952813.4199922,serverless_reactive:cyclical:5,0.0,164.73,4
1788952813.6222718,serverless_reactive:cyclical:5,0.0,164.73,4
1788952813.8246727,serverless_reactive:cyclical:5,0.0,164.73,4
1788952814.0267801,serverless_reactive:cyclical:5,4.9,164.73,4
1788952814.2290597,serverless_reactive:cyclical:5,0.0,164.73,4
1788952814.4313595,serverless_reactive:cyclical:5,0.0,164.73,4
1788952814.6336482,serverless_reactive:cyclical:5,0.0,164.73,4
1788952814.8358717,serverless_reactive:cyclical:5,0.0,164.73,4
1788952815.0498984,serverless_reactive:cyclical:5,0.0,164.73,4
1788952815.252343,serverless_reactive:cyclical:5,0.0,164.73,4
1788952815.454542,serverless_reactive:cyclical:5,0.0,164.73,4
1788952815.6567395,serverless_reactive:cyclical:5,0.0,164.73,4
1788952815.8588727,serverless_reactive:cyclical:5,4.9,164.73,4
1788952816.0732028,serverless_reactive:cyclical:5,0.0,164.73,4
1788952816.2755,serverless_reactive:cyclical:5,0.0,164.73,4
1788952816.4777126,serverless_reactive:cyclical:5,0.0,164.73,4
1788952816.6800704,serverless_reactive:cyclical:5,4.9,164.73,4
1788952816.8822665,serverless_reactive:cyclical:5,0.0,164.73,4
1788952817.0845292,serverless_reactive:cyclical:5,0.0,164.73,4
1788952817.288719,serverless_reactive:cyclical:5,9.8,164.75,4
1788952817.4910464,serverless_reactive:cyclical:5,0.0,164.75,4
1788952817.6935687,serverless_reactive:cyclical:5,0.0,164.75,4
1788952817.8959546,serverless_reactive:cyclical:5,0.0,164.75,4
1788952818.0981581,serverless_reactive:cyclical:5,0.0,164.75,4
1788952818.300517,serverless_reactive:cyclical:5,0.0,164.75,4
1788952818.5028574,serverless_reactive:cyclical:5,0.0,164.75,4
1788952818.7052565,serverless_reactive:cyclical:5,0.0,164.75,4
1788952818.9074922,serverless_reactive:cyclical:5,4.9,164.75,4
1788952819.1097286,serverless_reactive:cyclical:5,4.9,164.75,4
1788952819.3123264,serverless_reactive:cyclical:5,0.0,164.75,4
1788952819.514928,serverless_reactive:cyclical:5,0.0,164.75,4
1788952819.717341,serverless_reactive:cyclical:5,0.0,164.75,4
1788952819.9195423,serverless_reactive:cyclical:5,0.0,164.75,4
1788952820.1221294,serverless_reactive:cyclical:5,0.0,164.75,4
1788952820.3251135,serverless_reactive:cyclical:5,0.0,164.75,4
1788952820.5274112,serverless_reactive:cyclical:5,0.0,164.75,4
1788952820.730409,serverless_reactive:cyclical:5,0.0,164.75,4
1788952820.932881,serverless_reactive:cyclical:5,0.0,164.75,4
1788952821.1351333,serverless_reactive:cyclical:5,0.0,164.75,4
1788952821.3373466,serverless_reactive:cyclical:5,0.0,164.75,4
1788952821.5398982,serverless_reactive:cyclical:5,0.0,164.75,4
1788952821.7421205,serverless_reactive:cyclical:5,0.0,164.75,4
1788952821.9445117,serverless_reactive:cyclical:5,0.0,164.75,4
1788952822.1468375,serverless_reactive:cyclical:5,0.0,164.75,4
1788952822.3491373,serverless_reactive:cyclical:5,4.9,164.75,4
1788952822.5515203,serverless_reactive:cyclical:5,0.0,164.75,4
1788952822.7546012,serverless_reactive:cyclical:5,0.0,164.75,4
1788952822.9568312,serverless_reactive:cyclical:5,4.9,164.75,4
1788952823.1592658,serverless_reactive:cyclical:5,0.0,164.75,4
1788952823.3627195,serverless_reactive:cyclical:5,0.0,164.75,4
1788952823.5649366,serverless_reactive:cyclical:5,0.0,164.75,4
1788952823.7672648,serverless_reactive:cyclical:5,0.0,164.75,4
1788952823.9696488,serverless_reactive:cyclical:5,0.0,164.75,4
1788952824.1724415,serverless_reactive:cyclical:5,0.0,164.75,4
1788952824.3750477,serverless_reactive:cyclical:5,4.9,164.75,4
1788952824.5773666,serverless_reactive:cyclical:5,0.0,164.75,4
1788952824.7796798,serverless_reactive:cyclical:5,4.9,164.75,4
1788952824.9819438,serverless_reactive:cyclical:5,0.0,164.75,4
1788952825.185368,serverless_reactive:cyclical:5,0.0,164.75,4
1788952825.3883257,serverless_reactive:cyclical:5,0.0,164.75,4
1788952825.590522,serverless_reactive:cyclical:5,0.0,164.75,4
