t,label,cpu_pct_sum,rss_mb_sum,n_procs
1788974579.5117013,learning_extended:serverless_predictive_lastgap,0.0,36.68,1
1788974579.713535,learning_extended:serverless_predictive_lastgap,0.0,36.68,1
1788974579.9158812,learning_extended:serverless_predictive_lastgap,0.0,36.68,1
1788974580.1176512,learning_extended:serverless_predictive_lastgap,0.0,36.68,1
1788974580.3193977,learning_extended:serverless_predictive_lastgap,0.0,36.68,1
1788974580.521266,learning_extended:serverless_predictive_lastgap,0.0,36.68,1
1788974580.7229574,learning_extended:serverless_predictive_lastgap,0.0,36.68,1
1788974580.9246497,learning_extended:serverless_predictive_lastgap,0.0,36.68,1
1788974581.1263273,learning_extended:serverless_predictive_lastgap,0.0,36.68,1
1788974581.3279586,learning_extended:serverless_predictive_lastgap,0.0,36.68,1
1788974581.529712,learning_extended:serverless_predictive_lastgap,0.0,36.68,1
1788974581.7323136,learning_extended:serverless_predictive_lastgap,4.9,36.68,1
1788974581.9340303,learning_extended:serverless_predictive_lastgap,0.0,36.68,1
1788974582.1360567,learning_extended:serverless_predictive_lastgap,0.0,36.68,1
1788974582.3377292,learning_extended:serverless_predictive_lastgap,0.0,36.68,1
1788974582.5394914,learning_extended:serverless_predictive_lastgap,0.0,36.68,1
1788974582.741727,learning_extended:serverless_predictive_lastgap,0.0,36.68,1
1788974582.943439,learning_extended:serverless_predictive_lastgap,0.0,36.68,1
1788974583.1450088,learning_extended:serverless_predictive_lastgap,0.0,36.68,1
1788974583.346542,learning_extended:serverless_predictive_lastgap,0.0,36.68,1
1788974583.5481598,learning_extended:serverless_predictive_lastgap,0.0,36.68,1
1788974583.7499177,learning_extended:serverless_predictive_lastgap,0.0,36.68,1
1788974583.951535,learning_extended:serverless_predictive_lastgap,0.0,36.68,1
1788974584.153063,learning_extended:serverless_predictive_lastgap,0.0,36.68,1
1788974584.3555098,learning_extended:serverless_predictive_lastgap,0.0,36.68,1
1788974584.5583048,learning_extended:serverless_predictive_lastgap,0.0,36.68,1
1788974584.7600863,learning_extended:serverless_predictive_lastgap,0.0,36.68,1
1788974584.9618225,learning_extended:serverless_predictive_lastgap,0.0,36.68,1
1788974585.1642597,learning_extended:serverless_predictive_lastgap,0.0,36.68,1
1788974585.3660781,learning_extended:serverless_predictive_lastgap,5.0,36.68,1
1788974585.567851,learning_extended:serverless_predictive_lastgap,0.0,36.68,1
1788974585.7697165,learning_extended:serverless_predictive_lastgap,0.0,36.68,1
1788974585.9720666,learning_extended:serverless_predictive_lastgap,4.9,36.68,1
1788974586.1742663,learning_extended:serverless_predictive_lastgap,0.0,36.68,1
1788974586.3758867,learning_extended:serverless_predictive_lastgap,0.0,36.68,1
1788974586.5775352,learning_extended:serverless_predictive_lastgap,0.0,36.68,1
1788974586.7792633,learning_extended:serverless_predictive_lastgap,0.0,36.68,1
1788974586.9809477,learning_extended:serverless_predictive_lastgap,0.0,36.68,1
1788974587.1825593,learning_extended:serverless_predictive_lastgap,0.0,36.68,1
1788974587.3842297,learning_extended:serverless_predictive_lastgap,0.0,36.68,1
1788974587.5906096,learning_extended:serverless_predictive_lastgap,0.0,60.35,4
1788974587.7923284,learning_extended:serverless_predictive_lastgap,208.2,125.21,4
1788974587.9939027,learning_extended:serverless_predictive_lastgap,188.5,151.51,4
1788974588.1954827,learning_extended:serverless_predictive_lastgap,158.8,164.95,4
1788974588.3973794,learning_extended:serverless_predictive_lastgap,5.0,164.95,4
1788974588.5991175,learning_extended:serverless_predictive_lastgap,0.0,164.95,4
1788974588.800855,learning_extended:serverless_predictive_lastgap,0.0,164.95,4
1788974589.0026026,learning_extended:serverless_predictive_lastgap,5.0,164.95,4
1788974589.20444,learning_extended:serverless_predictive_lastgap,0.0,164.95,4
1788974589.4063523,learning_extended:serverless_predictive_lastgap,0.0,164.95,4
1788974589.6090317,learning_extended:serverless_predictive_lastgap,0.0,164.95,4
1788974589.8118737,learning_extended:serverless_predictive_lastgap,0.0,164.95,4
1788974590.0146122,learning_extended:serverless_predictive_lastgap,0.0,164.95,4
1788974590.2172759,learning_extended:serverless_predictive_lastgap,0.0,164.95,4
1788974590.4191084,learning_extended:serverless_predictive_lastgap,0.0,164.95,4
1788974590.6209433,learning_extended:serverless_predictive_lastgap,0.0,164.95,4
1788974590.8228319,learning_extended:serverless_predictive_lastgap,0.0,164.95,4
1788974591.0248656,learning_extended:serverless_predictive_lastgap,0.0,164.95,4
1788974591.2266922,learning_extended:serverless_predictive_lastgap,0.0,164.95,4
1788974591.4285862,learning_extended:serverless_predictive_lastgap,0.0,164.95,4
1788974591.630443,learning_extended:serverless_predictive_lastgap,0.0,164.95,4
1788974591.8323574,learning_extended:serverless_predictive_lastgap,0.0,164.95,4
1788974592.034331,learning_extended:serverless_predictive_lastgap,0.0,164.95,4
1788974592.2361772,learning_extended:serverless_predictive_lastgap,5.0,164.95,4
1788974592.4380612,learning_extended:serverless_predictive_lastgap,5.0,164.95,4
1788974592.6398995,learning_extended:serverless_predictive_lastgap,0.0,164.95,4
1788974592.841818,learning_extended:serverless_predictive_lastgap,0.0,164.95,4
1788974593.0436144,learning_extended:serverless_predictive_lastgap,0.0,164.95,4
1788974593.2459385,learning_extended:serverless_predictive_lastgap,0.0,164.95,4
1788974593.4478748,learning_extended:serverless_predictive_lastgap,0.0,164.95,4
1788974593.6498013,learning_extended:serverless_predictive_lastgap,5.0,164.95,4
1788974593.8517098,learning_extended:serverless_predictive_lastgap,0.0,164.95,4
1788974594.0536213,learning_extended:serverless_predictive_lastgap,5.0,164.95,4
1788974594.2554133,learning_extended:serverless_predictive_lastgap,0.0,165.02,4
1788974594.4573903,learning_extended:serverless_predictive_lastgap,5.0,122.51,3
1788974594.659278,learning_extended:serverless_predictive_lastgap,0.0,79.8,2
1788974594.8615448,learning_extended:serverless_predictive_lastgap,0.0,37.18,1
1788974595.0632756,learning_extended:serverless_predictive_lastgap,0.0,37.18,1
1788974595.2649567,learning_extended:serverless_predictive_lastgap,0.0,37.18,1
1788974595.4667673,learning_extended:serverless_predictive_lastgap,0.0,37.18,1
1788974595.6688282,learning_extended:serverless_predictive_lastgap,0.0,37.18,1
1788974595.8707836,learning_extended:serverless_predictive_lastgap,0.0,37.18,1
1788974596.0726287,learning_extended:serverless_predictive_lastgap,0.0,37.18,1
1788974596.2744153,learning_extended:serverless_predictive_lastgap,0.0,37.18,1
1788974596.4767003,learning_extended:serverless_predictive_lastgap,9.9,94.38,4
1788974596.6827984,learning_extended:serverless_predictive_lastgap,189.2,137.09,4
1788974596.889444,learning_extended:serverless_predictive_lastgap,198.4,154.82,4
1788974597.0917141,learning_extended:serverless_predictive_lastgap,108.7,165.04,4
1788974597.293737,learning_extended:serverless_predictive_lastgap,0.0,165.04,4
1788974597.4956708,learning_extended:serverless_predictive_lastgap,0.0,165.04,4
1788974597.6977046,learning_extended:serverless_predictive_lastgap,0.0,165.04,4
1788974597.8998566,learning_extended:serverless_predictive_lastgap,0.0,165.04,4
1788974598.1019495,learning_extended:serverless_predictive_lastgap,0.0,165.04,4
1788974598.3038433,learning_extended:serverless_predictive_lastgap,0.0,165.04,4
1788974598.5057752,learning_extended:serverless_predictive_lastgap,0.0,165.04,4
1788974598.7077627,learning_extended:serverless_predictive_lastgap,0.0,165.04,4
1788974598.9097717,learning_extended:serverless_predictive_lastgap,0.0,165.04,4
1788974599.1117074,learning_extended:serverless_predictive_lastgap,0.0,165.04,4
1788974599.313744,learning_extended:serverless_predictive_lastgap,5.0,165.04,4
1788974599.5156887,learning_extended:serverless_predictive_lastgap,10.0,165.04,4
1788974599.7183843,learning_extended:serverless_predictive_lastgap,0.0,165.04,4
1788974599.9204879,learning_extended:serverless_predictive_lastgap,0.0,165.04,4
1788974600.1225858,learning_extended:serverless_predictive_lastgap,0.0,165.04,4
1788974600.324592,learning_extended:serverless_predictive_lastgap,0.0,165.04,4
1788974600.526687,learning_extended:serverless_predictive_lastgap,4.9,165.04,4
1788974600.7287598,learning_extended:serverless_predictive_lastgap,0.0,165.04,4
1788974600.9308267,learning_extended:serverless_predictive_lastgap,0.0,165.04,4
1788974601.132788,learning_extended:serverless_predictive_lastgap,0.0,165.04,4
1788974601.334737,learning_extended:serverless_predictive_lastgap,0.0,165.04,4
1788974601.5367682,learning_extended:serverless_predictive_lastgap,0.0,165.04,4
1788974601.739434,learning_extended:serverless_predictive_lastgap,0.0,165.04,4
1788974601.9416046,learning_extended:serverless_predictive_lastgap,0.0,165.04,4
1788974602.1435623,learning_extended:serverless_predictive_lastgap,0.0,165.04,4
1788974602.3455381,learning_extended:serverless_predictive_lastgap,0.0,165.04,4
1788974602.5475264,learning_extended:serverless_predictive_lastgap,0.0,165.04,4
1788974602.7496037,learning_extended:serverless_predictive_lastgap,0.0,165.04,4
1788974602.9516125,learning_extended:serverless_predictive_lastgap,0.0,165.04,4
1788974603.1535637,learning_extended:serverless_predictive_lastgap,0.0,165.04,4
1788974603.3555148,learning_extended:serverless_predictive_lastgap,0.0,122.5,3
1788974603.5581465,learning_extended:serverless_predictive_lastgap,0.0,79.98,2
1788974603.7601974,learning_extended:serverless_predictive_lastgap,4.9,79.98,2
1788974603.9621515,learning_extended:serverless_predictive_lastgap,0.0,37.31,1
1788974604.163903,learning_extended:serverless_predictive_lastgap,0.0,37.31,1
1788974604.3657923,learning_extended:serverless_predictive_lastgap,0.0,61.46,2
1788974604.5675914,learning_extended:serverless_predictive_lastgap,104.1,74.94,2
1788974604.76953,learning_extended:serverless_predictive_lastgap,44.6,79.86,2
1788974604.9714003,learning_extended:serverless_predictive_lastgap,0.0,79.86,2
1788974605.1735637,learning_extended:serverless_predictive_lastgap,0.0,79.86,2
1788974605.3754127,learning_extended:serverless_predictive_lastgap,0.0,79.86,2
1788974605.577362,learning_extended:serverless_predictive_lastgap,0.0,79.86,2
1788974605.7791536,learning_extended:serverless_predictive_lastgap,5.0,79.86,2
1788974605.9812143,learning_extended:serverless_predictive_lastgap,0.0,79.86,2
1788974606.18317,learning_extended:serverless_predictive_lastgap,0.0,79.86,2
1788974606.3858361,learning_extended:serverless_predictive_lastgap,0.0,79.86,2
1788974606.588489,learning_extended:serverless_predictive_lastgap,0.0,79.86,2
1788974606.7905147,learning_extended:serverless_predictive_lastgap,4.9,79.86,2
1788974606.9923182,learning_extended:serverless_predictive_lastgap,0.0,79.86,2
1788974607.1987011,learning_extended:serverless_predictive_lastgap,14.5,144.2,4
1788974607.4008763,learning_extended:serverless_predictive_lastgap,197.8,162.35,4
1788974607.6031642,learning_extended:serverless_predictive_lastgap,19.7,165.11,4
1788974607.8050673,learning_extended:serverless_predictive_lastgap,0.0,165.11,4
1788974608.0069168,learning_extended:serverless_predictive_lastgap,0.0,165.11,4
1788974608.2087564,learning_extended:serverless_predictive_lastgap,0.0,165.11,4
1788974608.4108975,learning_extended:serverless_predictive_lastgap,0.0,165.11,4
1788974608.6129014,learning_extended:serverless_predictive_lastgap,5.0,165.11,4
1788974608.8148901,learning_extended:serverless_predictive_lastgap,0.0,165.11,4
1788974609.0167522,learning_extended:serverless_predictive_lastgap,5.0,165.11,4
1788974609.2188766,learning_extended:serverless_predictive_lastgap,4.9,165.11,4
1788974609.4217615,learning_extended:serverless_predictive_lastgap,0.0,165.11,4
1788974609.6235874,learning_extended:serverless_predictive_lastgap,0.0,165.11,4
1788974609.8256695,learning_extended:serverless_predictive_lastgap,0.0,165.11,4
1788974610.0275083,learning_extended:serverless_predictive_lastgap,0.0,165.11,4
1788974610.229391,learning_extended:serverless_predictive_lastgap,0.0,165.11,4
1788974610.4314022,learning_extended:serverless_predictive_lastgap,0.0,165.11,4
1788974610.633476,learning_extended:serverless_predictive_lastgap,0.0,165.11,4
1788974610.836415,learning_extended:serverless_predictive_lastgap,0.0,165.11,4
1788974611.0395503,learning_extended:serverless_predictive_lastgap,0.0,165.11,4
1788974611.242523,learning_extended:serverless_predictive_lastgap,0.0,165.11,4
1788974611.4455514,learning_extended:serverless_predictive_lastgap,0.0,165.11,4
1788974611.647789,learning_extended:serverless_predictive_lastgap,0.0,165.11,4
1788974611.8497455,learning_extended:serverless_predictive_lastgap,0.0,165.11,4
1788974612.0515597,learning_extended:serverless_predictive_lastgap,5.0,165.11,4
1788974612.253636,learning_extended:serverless_predictive_lastgap,0.0,165.11,4
1788974612.4554274,learning_extended:serverless_predictive_lastgap,0.0,165.11,4
1788974612.6573477,learning_extended:serverless_predictive_lastgap,0.0,165.11,4
1788974612.8592706,learning_extended:serverless_predictive_lastgap,0.0,165.11,4
1788974613.061423,learning_extended:serverless_predictive_lastgap,0.0,165.11,4
1788974613.263556,learning_extended:serverless_predictive_lastgap,9.8,165.11,4
1788974613.4656558,learning_extended:serverless_predictive_lastgap,4.9,165.11,4
1788974613.6676202,learning_extended:serverless_predictive_lastgap,0.0,122.55,3
1788974613.8695338,learning_extended:serverless_predictive_lastgap,0.0,79.96,2
1788974614.0719314,learning_extended:serverless_predictive_lastgap,0.0,79.96,2
1788974614.2736218,learning_extended:serverless_predictive_lastgap,0.0,37.32,1
1788974614.4754157,learning_extended:serverless_predictive_lastgap,0.0,37.32,1
1788974614.6771944,learning_extended:serverless_predictive_lastgap,0.0,37.32,1
1788974614.8789973,learning_extended:serverless_predictive_lastgap,0.0,37.32,1
1788974615.0806897,learning_extended:serverless_predictive_lastgap,0.0,37.32,1
1788974615.2830179,learning_extended:serverless_predictive_lastgap,0.0,37.32,1
1788974615.4853652,learning_extended:serverless_predictive_lastgap,0.0,37.32,1
1788974615.6907213,learning_extended:serverless_predictive_lastgap,9.7,113.45,4
1788974615.89249,learning_extended:serverless_predictive_lastgap,208.2,146.22,4
1788974616.0939987,learning_extended:serverless_predictive_lastgap,188.6,158.93,4
1788974616.296002,learning_extended:serverless_predictive_lastgap,59.5,165.23,4
1788974616.4979634,learning_extended:serverless_predictive_lastgap,0.0,165.23,4
1788974616.6997764,learning_extended:serverless_predictive_lastgap,5.0,165.23,4
1788974616.901727,learning_extended:serverless_predictive_lastgap,0.0,165.23,4
1788974617.1035976,learning_extended:serverless_predictive_lastgap,0.0,165.23,4
1788974617.3056004,learning_extended:serverless_predictive_lastgap,0.0,165.23,4
1788974617.5075338,learning_extended:serverless_predictive_lastgap,0.0,165.23,4
1788974617.7094285,learning_extended:serverless_predictive_lastgap,5.0,165.23,4
1788974617.9113286,learning_extended:serverless_predictive_lastgap,0.0,165.23,4
1788974618.1132522,learning_extended:serverless_predictive_lastgap,0.0,165.23,4
1788974618.3151402,learning_extended:serverless_predictive_lastgap,0.0,165.23,4
1788974618.517011,learning_extended:serverless_predictive_lastgap,0.0,165.23,4
1788974618.7189186,learning_extended:serverless_predictive_lastgap,0.0,165.23,4
1788974618.9209886,learning_extended:serverless_predictive_lastgap,0.0,165.23,4
1788974619.1230175,learning_extended:serverless_predictive_lastgap,0.0,165.23,4
1788974619.3248372,learning_extended:serverless_predictive_lastgap,0.0,165.23,4
1788974619.526972,learning_extended:serverless_predictive_lastgap,0.0,165.23,4
1788974619.729276,learning_extended:serverless_predictive_lastgap,0.0,165.23,4
1788974619.931553,learning_extended:serverless_predictive_lastgap,0.0,165.23,4
1788974620.1336699,learning_extended:serverless_predictive_lastgap,0.0,165.23,4
1788974620.3360655,learning_extended:serverless_predictive_lastgap,4.9,165.23,4
1788974620.5382245,learning_extended:serverless_predictive_lastgap,0.0,165.23,4
1788974620.74033,learning_extended:serverless_predictive_lastgap,0.0,165.23,4
1788974620.9423249,learning_extended:serverless_predictive_lastgap,0.0,165.23,4
1788974621.1443295,learning_extended:serverless_predictive_lastgap,5.0,165.23,4
1788974621.3462303,learning_extended:serverless_predictive_lastgap,5.0,165.23,4
1788974621.5481048,learning_extended:serverless_predictive_lastgap,0.0,165.23,4
1788974621.7501152,learning_extended:serverless_predictive_lastgap,0.0,165.23,4
1788974621.9521165,learning_extended:serverless_predictive_lastgap,0.0,165.23,4
1788974622.1540265,learning_extended:serverless_predictive_lastgap,0.0,165.23,4
1788974622.3558302,learning_extended:serverless_predictive_lastgap,5.0,165.23,4
1788974622.5576591,learning_extended:serverless_predictive_lastgap,0.0,122.64,3
1788974622.7593148,learning_extended:serverless_predictive_lastgap,0.0,80.02,2
1788974622.961056,learning_extended:serverless_predictive_lastgap,0.0,37.36,1
1788974623.1628857,learning_extended:serverless_predictive_lastgap,5.0,60.62,2
1788974623.3645048,learning_extended:serverless_predictive_lastgap,109.2,74.96,2
1788974623.5664225,learning_extended:serverless_predictive_lastgap,44.6,79.95,2
1788974623.7680688,learning_extended:serverless_predictive_lastgap,5.0,79.95,2
1788974623.970087,learning_extended:serverless_predictive_lastgap,0.0,79.95,2
1788974624.171869,learning_extended:serverless_predictive_lastgap,0.0,79.95,2
1788974624.373673,learning_extended:serverless_predictive_lastgap,0.0,79.95,2
1788974624.5753927,learning_extended:serverless_predictive_lastgap,0.0,79.95,2
1788974624.7770348,learning_extended:serverless_predictive_lastgap,0.0,79.95,2
1788974624.9787114,learning_extended:serverless_predictive_lastgap,0.0,79.95,2
1788974625.1804152,learning_extended:serverless_predictive_lastgap,0.0,79.95,2
1788974625.3821144,learning_extended:serverless_predictive_lastgap,0.0,79.95,2
1788974625.5836952,learning_extended:serverless_predictive_lastgap,0.0,79.95,2
1788974625.7855859,learning_extended:serverless_predictive_lastgap,0.0,79.95,2
1788974625.9873874,learning_extended:serverless_predictive_lastgap,14.9,137.21,4
1788974626.1942124,learning_extended:serverless_predictive_lastgap,193.4,157.75,4
1788974626.3960164,learning_extended:serverless_predictive_lastgap,59.5,165.23,4
1788974626.5979555,learning_extended:serverless_predictive_lastgap,0.0,165.23,4
1788974626.799728,learning_extended:serverless_predictive_lastgap,0.0,165.23,4
1788974627.0031154,learning_extended:serverless_predictive_lastgap,0.0,165.23,4
1788974627.20533,learning_extended:serverless_predictive_lastgap,4.9,165.23,4
1788974627.4076834,learning_extended:serverless_predictive_lastgap,0.0,165.23,4
1788974627.6098378,learning_extended:serverless_predictive_lastgap,0.0,165.23,4
1788974627.812113,learning_extended:serverless_predictive_lastgap,9.8,165.23,4
1788974628.0142357,learning_extended:serverless_predictive_lastgap,0.0,165.23,4
1788974628.2162209,learning_extended:serverless_predictive_lastgap,0.0,165.23,4
1788974628.4184282,learning_extended:serverless_predictive_lastgap,0.0,165.23,4
1788974628.620521,learning_extended:serverless_predictive_lastgap,0.0,165.23,4
1788974628.8228993,learning_extended:serverless_predictive_lastgap,0.0,165.23,4
1788974629.025446,learning_extended:serverless_predictive_lastgap,4.9,165.23,4
1788974629.2275283,learning_extended:serverless_predictive_lastgap,0.0,165.23,4
1788974629.4306462,learning_extended:serverless_predictive_lastgap,0.0,165.23,4
1788974629.6328235,learning_extended:serverless_predictive_lastgap,0.0,165.23,4
1788974629.8349264,learning_extended:serverless_predictive_lastgap,0.0,165.23,4
1788974630.0372286,learning_extended:serverless_predictive_lastgap,0.0,165.23,4
1788974630.2392597,learning_extended:serverless_predictive_lastgap,0.0,165.23,4
1788974630.4414687,learning_extended:serverless_predictive_lastgap,0.0,165.23,4
1788974630.6435113,learning_extended:serverless_predictive_lastgap,0.0,165.23,4
1788974630.8458705,learning_extended:serverless_predictive_lastgap,0.0,165.23,4
1788974631.0478804,learning_extended:serverless_predictive_lastgap,4.9,165.23,4
1788974631.2502851,learning_extended:serverless_predictive_lastgap,0.0,165.23,4
1788974631.4523623,learning_extended:serverless_predictive_lastgap,0.0,165.23,4
1788974631.6548595,learning_extended:serverless_predictive_lastgap,0.0,165.23,4
1788974631.857038,learning_extended:serverless_predictive_lastgap,0.0,165.23,4
1788974632.0591567,learning_extended:serverless_predictive_lastgap,4.9,165.23,4
1788974632.2610953,learning_extended:serverless_predictive_lastgap,0.0,165.23,4
1788974632.463301,learning_extended:serverless_predictive_lastgap,0.0,122.62,3
1788974632.6653152,learning_extended:serverless_predictive_lastgap,5.0,80.04,3
1788974632.867306,learning_extended:serverless_predictive_lastgap,0.0,80.04,2
1788974633.0692556,learning_extended:serverless_predictive_lastgap,0.0,37.38,1
1788974633.2711403,learning_extended:serverless_predictive_lastgap,0.0,37.38,1
1788974633.4729156,learning_extended:serverless_predictive_lastgap,0.0,37.38,1
1788974633.6747372,learning_extended:serverless_predictive_lastgap,5.0,37.38,1
1788974633.8765502,learning_extended:serverless_predictive_lastgap,0.0,37.38,1
1788974634.0784323,learning_extended:serverless_predictive_lastgap,0.0,37.38,1
1788974634.2802129,learning_extended:serverless_predictive_lastgap,0.0,37.38,1
1788974634.4830503,learning_extended:serverless_predictive_lastgap,4.9,90.67,4
1788974634.6867776,learning_extended:serverless_predictive_lastgap,191.4,136.23,4
1788974634.8907416,learning_extended:serverless_predictive_lastgap,191.1,150.95,4
1788974635.0928535,learning_extended:serverless_predictive_lastgap,133.5,164.93,4
1788974635.294897,learning_extended:serverless_predictive_lastgap,0.0,164.93,4
1788974635.4968328,learning_extended:serverless_predictive_lastgap,0.0,164.93,4
1788974635.6989212,learning_extended:serverless_predictive_lastgap,0.0,164.93,4
1788974635.9017541,learning_extended:serverless_predictive_lastgap,0.0,164.93,4
1788974636.104079,learning_extended:serverless_predictive_lastgap,0.0,164.93,4
1788974636.3061986,learning_extended:serverless_predictive_lastgap,0.0,164.93,4
1788974636.5082011,learning_extended:serverless_predictive_lastgap,5.0,164.93,4
1788974636.7103677,learning_extended:serverless_predictive_lastgap,0.0,164.93,4
1788974636.912257,learning_extended:serverless_predictive_lastgap,0.0,164.93,4
1788974637.1143131,learning_extended:serverless_predictive_lastgap,0.0,164.93,4
1788974637.3162787,learning_extended:serverless_predictive_lastgap,0.0,164.93,4
1788974637.518345,learning_extended:serverless_predictive_lastgap,0.0,164.93,4
1788974637.7203252,learning_extended:serverless_predictive_lastgap,0.0,164.93,4
1788974637.9223347,learning_extended:serverless_predictive_lastgap,5.0,164.93,4
1788974638.1247425,learning_extended:serverless_predictive_lastgap,0.0,164.93,4
1788974638.3267045,learning_extended:serverless_predictive_lastgap,0.0,164.93,4
1788974638.5287778,learning_extended:serverless_predictive_lastgap,0.0,164.93,4
1788974638.730762,learning_extended:serverless_predictive_lastgap,0.0,164.93,4
1788974638.932808,learning_extended:serverless_predictive_lastgap,0.0,164.93,4
1788974639.1347558,learning_extended:serverless_predictive_lastgap,0.0,164.93,4
1788974639.3367145,learning_extended:serverless_predictive_lastgap,0.0,164.93,4
1788974639.5387714,learning_extended:serverless_predictive_lastgap,4.9,164.93,4
1788974639.7408063,learning_extended:serverless_predictive_lastgap,0.0,164.93,4
1788974639.9429855,learning_extended:serverless_predictive_lastgap,0.0,164.93,4
1788974640.1462471,learning_extended:serverless_predictive_lastgap,4.9,164.93,4
1788974640.348152,learning_extended:serverless_predictive_lastgap,0.0,164.93,4
1788974640.5501115,learning_extended:serverless_predictive_lastgap,5.0,164.93,4
1788974640.7523484,learning_extended:serverless_predictive_lastgap,0.0,164.93,4
1788974640.954506,learning_extended:serverless_predictive_lastgap,0.0,164.93,4
1788974641.1565082,learning_extended:serverless_predictive_lastgap,5.0,164.93,4
1788974641.3586946,learning_extended:serverless_predictive_lastgap,0.0,164.93,4
1788974641.5607495,learning_extended:serverless_predictive_lastgap,0.0,79.91,3
1788974641.7626228,learning_extended:serverless_predictive_lastgap,0.0,37.41,1
1788974641.9647212,learning_extended:serverless_predictive_lastgap,0.0,37.41,1
1788974642.166589,learning_extended:serverless_predictive_lastgap,5.0,72.46,2
1788974642.3684103,learning_extended:serverless_predictive_lastgap,89.2,80.07,2
1788974642.5703373,learning_extended:serverless_predictive_lastgap,0.0,80.07,2
1788974642.772117,learning_extended:serverless_predictive_lastgap,0.0,80.07,2
1788974642.974261,learning_extended:serverless_predictive_lastgap,0.0,80.07,2
1788974643.1761258,learning_extended:serverless_predictive_lastgap,5.0,80.07,2
1788974643.378028,learning_extended:serverless_predictive_lastgap,0.0,80.07,2
1788974643.5798657,learning_extended:serverless_predictive_lastgap,0.0,80.07,2
1788974643.7819462,learning_extended:serverless_predictive_lastgap,0.0,80.07,2
1788974643.9838738,learning_extended:serverless_predictive_lastgap,0.0,80.07,2
1788974644.1858008,learning_extended:serverless_predictive_lastgap,0.0,80.07,2
1788974644.3882601,learning_extended:serverless_predictive_lastgap,19.7,146.0,4
1788974644.5900788,learning_extended:serverless_predictive_lastgap,198.2,165.04,4
1788974644.7937782,learning_extended:serverless_predictive_lastgap,4.9,165.2,4
1788974644.9964476,learning_extended:serverless_predictive_lastgap,0.0,165.2,4
1788974645.1985974,learning_extended:serverless_predictive_lastgap,0.0,165.2,4
1788974645.400549,learning_extended:serverless_predictive_lastgap,4.9,165.2,4
1788974645.602581,learning_extended:serverless_predictive_lastgap,0.0,165.2,4
1788974645.804628,learning_extended:serverless_predictive_lastgap,0.0,165.2,4
1788974646.0076628,learning_extended:serverless_predictive_lastgap,4.9,165.2,4
1788974646.2105753,learning_extended:serverless_predictive_lastgap,0.0,165.2,4
1788974646.4125202,learning_extended:serverless_predictive_lastgap,0.0,165.2,4
1788974646.6145668,learning_extended:serverless_predictive_lastgap,0.0,165.2,4
1788974646.8167229,learning_extended:serverless_predictive_lastgap,0.0,165.2,4
1788974647.0189934,learning_extended:serverless_predictive_lastgap,0.0,165.2,4
1788974647.2212932,learning_extended:serverless_predictive_lastgap,0.0,165.2,4
1788974647.4237115,learning_extended:serverless_predictive_lastgap,0.0,165.2,4
1788974647.6265051,learning_extended:serverless_predictive_lastgap,4.9,165.2,4
1788974647.8290102,learning_extended:serverless_predictive_lastgap,0.0,165.2,4
1788974648.0313177,learning_extended:serverless_predictive_lastgap,0.0,165.2,4
1788974648.2333817,learning_extended:serverless_predictive_lastgap,4.9,165.2,4
1788974648.4356427,learning_extended:serverless_predictive_lastgap,0.0,165.2,4
1788974648.6378915,learning_extended:serverless_predictive_lastgap,0.0,165.2,4
1788974648.8400187,learning_extended:serverless_predictive_lastgap,0.0,165.2,4
1788974649.042848,learning_extended:serverless_predictive_lastgap,0.0,165.2,4
1788974649.2461133,learning_extended:serverless_predictive_lastgap,0.0,165.2,4
1788974649.4492853,learning_extended:serverless_predictive_lastgap,0.0,165.2,4
1788974649.6522052,learning_extended:serverless_predictive_lastgap,0.0,165.2,4
1788974649.854275,learning_extended:serverless_predictive_lastgap,0.0,165.2,4
1788974650.05653,learning_extended:serverless_predictive_lastgap,4.9,165.2,4
1788974650.258808,learning_extended:serverless_predictive_lastgap,0.0,165.2,4
1788974650.4608657,learning_extended:serverless_predictive_lastgap,0.0,165.2,4
1788974650.6629174,learning_extended:serverless_predictive_lastgap,0.0,165.2,4
1788974650.86505,learning_extended:serverless_predictive_lastgap,0.0,122.54,3
1788974651.067316,learning_extended:serverless_predictive_lastgap,4.9,122.54,3
1788974651.2694807,learning_extended:serverless_predictive_lastgap,4.9,79.97,2
1788974651.4716449,learning_extended:serverless_predictive_lastgap,0.0,37.42,1
1788974651.673708,learning_extended:serverless_predictive_lastgap,0.0,37.42,1
1788974651.875526,learning_extended:serverless_predictive_lastgap,5.0,37.42,1
1788974652.077368,learning_extended:serverless_predictive_lastgap,0.0,37.42,1
1788974652.2792313,learning_extended:serverless_predictive_lastgap,0.0,37.42,1
1788974652.4809752,learning_extended:serverless_predictive_lastgap,0.0,37.42,1
1788974652.6827385,learning_extended:serverless_predictive_lastgap,0.0,37.42,1
1788974652.8846927,learning_extended:serverless_predictive_lastgap,0.0,37.42,1
1788974653.086481,learning_extended:serverless_predictive_lastgap,0.0,60.6,2
1788974653.2881825,learning_extended:serverless_predictive_lastgap,99.2,75.07,2
1788974653.490123,learning_extended:serverless_predictive_lastgap,39.6,79.98,2
1788974653.691909,learning_extended:serverless_predictive_lastgap,5.0,79.98,2
1788974653.8938282,learning_extended:serverless_predictive_lastgap,0.0,79.98,2
1788974654.095632,learning_extended:serverless_predictive_lastgap,0.0,79.98,2
1788974654.2975273,learning_extended:serverless_predictive_lastgap,0.0,79.98,2
1788974654.499596,learning_extended:serverless_predictive_lastgap,0.0,79.98,2
1788974654.701569,learning_extended:serverless_predictive_lastgap,24.8,145.05,4
1788974654.9042563,learning_extended:serverless_predictive_lastgap,182.5,164.7,4
1788974655.1076295,learning_extended:serverless_predictive_lastgap,14.7,165.13,4
1788974655.3098562,learning_extended:serverless_predictive_lastgap,0.0,165.13,4
1788974655.5117967,learning_extended:serverless_predictive_lastgap,0.0,165.13,4
1788974655.713821,learning_extended:serverless_predictive_lastgap,0.0,165.13,4
1788974655.915818,learning_extended:serverless_predictive_lastgap,0.0,165.13,4
1788974656.1178067,learning_extended:serverless_predictive_lastgap,5.0,165.13,4
1788974656.3197,learning_extended:serverless_predictive_lastgap,0.0,165.13,4
1788974656.5220096,learning_extended:serverless_predictive_lastgap,0.0,165.13,4
1788974656.7239158,learning_extended:serverless_predictive_lastgap,0.0,165.13,4
1788974656.9260025,learning_extended:serverless_predictive_lastgap,0.0,165.13,4
1788974657.1280537,learning_extended:serverless_predictive_lastgap,0.0,165.13,4
1788974657.3302426,learning_extended:serverless_predictive_lastgap,0.0,165.13,4
1788974657.532237,learning_extended:serverless_predictive_lastgap,5.0,165.13,4
1788974657.7344503,learning_extended:serverless_predictive_lastgap,4.9,165.13,4
1788974657.9364448,learning_extended:serverless_predictive_lastgap,5.0,165.13,4
1788974658.1387246,learning_extended:serverless_predictive_lastgap,0.0,165.13,4
1788974658.3407903,learning_extended:serverless_predictive_lastgap,0.0,165.13,4
1788974658.5428452,learning_extended:serverless_predictive_lastgap,0.0,165.13,4
1788974658.744936,learning_extended:serverless_predictive_lastgap,0.0,165.13,4
1788974658.948162,learning_extended:serverless_predictive_lastgap,0.0,165.13,4
1788974659.1502297,learning_extended:serverless_predictive_lastgap,0.0,165.13,4
1788974659.352372,learning_extended:serverless_predictive_lastgap,4.9,165.13,4
1788974659.5545013,learning_extended:serverless_predictive_lastgap,0.0,165.13,4
1788974659.7565491,learning_extended:serverless_predictive_lastgap,0.0,165.13,4
1788974659.9586532,learning_extended:serverless_predictive_lastgap,0.0,165.13,4
1788974660.160646,learning_extended:serverless_predictive_lastgap,0.0,165.13,4
1788974660.3627026,learning_extended:serverless_predictive_lastgap,0.0,165.13,4
1788974660.5654237,learning_extended:serverless_predictive_lastgap,0.0,165.13,4
1788974660.7675261,learning_extended:serverless_predictive_lastgap,0.0,165.13,4
1788974660.9697273,learning_extended:serverless_predictive_lastgap,0.0,165.13,4
1788974661.1741135,learning_extended:serverless_predictive_lastgap,4.9,122.55,3
1788974661.3760169,learning_extended:serverless_predictive_lastgap,5.0,122.55,3
1788974661.5780084,learning_extended:serverless_predictive_lastgap,0.0,37.43,2
1788974661.7799397,learning_extended:serverless_predictive_lastgap,0.0,37.43,1
1788974661.9819086,learning_extended:serverless_predictive_lastgap,0.0,37.43,1
1788974662.18375,learning_extended:serverless_predictive_lastgap,0.0,37.43,1
1788974662.3856053,learning_extended:serverless_predictive_lastgap,0.0,37.43,1
1788974662.587567,learning_extended:serverless_predictive_lastgap,0.0,37.43,1
1788974662.7899597,learning_extended:serverless_predictive_lastgap,0.0,37.43,1
1788974662.991932,learning_extended:serverless_predictive_lastgap,0.0,37.43,1
1788974663.1939764,learning_extended:serverless_predictive_lastgap,0.0,37.43,1
1788974663.3963988,learning_extended:serverless_predictive_lastgap,0.0,37.43,1
1788974663.5981555,learning_extended:serverless_predictive_lastgap,0.0,37.43,1
1788974663.799819,learning_extended:serverless_predictive_lastgap,0.0,37.43,1
1788974664.0016773,learning_extended:serverless_predictive_lastgap,5.0,69.56,2
1788974664.2033777,learning_extended:serverless_predictive_lastgap,99.2,79.47,2
1788974664.405555,learning_extended:serverless_predictive_lastgap,9.9,80.14,2
1788974664.6077828,learning_extended:serverless_predictive_lastgap,9.8,137.36,4
1788974664.8116243,learning_extended:serverless_predictive_lastgap,201.1,158.07,4
1788974665.0163002,learning_extended:serverless_predictive_lastgap,53.8,165.35,4
1788974665.218398,learning_extended:serverless_predictive_lastgap,0.0,165.35,4
1788974665.420405,learning_extended:serverless_predictive_lastgap,0.0,165.35,4
1788974665.6225276,learning_extended:serverless_predictive_lastgap,0.0,165.35,4
1788974665.8243704,learning_extended:serverless_predictive_lastgap,0.0,165.35,4
1788974666.026549,learning_extended:serverless_predictive_lastgap,4.9,165.35,4
1788974666.2293262,learning_extended:serverless_predictive_lastgap,0.0,165.35,4
1788974666.4313128,learning_extended:serverless_predictive_lastgap,0.0,165.35,4
1788974666.6334667,learning_extended:serverless_predictive_lastgap,0.0,165.35,4
1788974666.8355446,learning_extended:serverless_predictive_lastgap,0.0,165.35,4
1788974667.0376437,learning_extended:serverless_predictive_lastgap,0.0,165.35,4
1788974667.2401183,learning_extended:serverless_predictive_lastgap,4.9,165.35,4
1788974667.442337,learning_extended:serverless_predictive_lastgap,0.0,165.35,4
1788974667.6446407,learning_extended:serverless_predictive_lastgap,0.0,165.35,4
1788974667.846738,learning_extended:serverless_predictive_lastgap,0.0,165.35,4
1788974668.0487304,learning_extended:serverless_predictive_lastgap,0.0,165.35,4
1788974668.2508104,learning_extended:serverless_predictive_lastgap,0.0,165.35,4
1788974668.4529023,learning_extended:serverless_predictive_lastgap,0.0,165.35,4
1788974668.6549196,learning_extended:serverless_predictive_lastgap,10.0,165.35,4
1788974668.8568609,learning_extended:serverless_predictive_lastgap,0.0,165.35,4
1788974669.0588758,learning_extended:serverless_predictive_lastgap,0.0,165.35,4
1788974669.2608986,learning_extended:serverless_predictive_lastgap,0.0,165.35,4
1788974669.4627752,learning_extended:serverless_predictive_lastgap,0.0,165.35,4
1788974669.6647696,learning_extended:serverless_predictive_lastgap,0.0,165.35,4
1788974669.8667617,learning_extended:serverless_predictive_lastgap,5.0,165.35,4
1788974670.0687847,learning_extended:serverless_predictive_lastgap,0.0,165.35,4
1788974670.2707992,learning_extended:serverless_predictive_lastgap,0.0,165.35,4
1788974670.472759,learning_extended:serverless_predictive_lastgap,5.0,165.35,4
1788974670.6748002,learning_extended:serverless_predictive_lastgap,0.0,165.35,4
1788974670.8767998,learning_extended:serverless_predictive_lastgap,0.0,165.35,4
1788974671.0790718,learning_extended:serverless_predictive_lastgap,0.0,122.62,4
1788974671.2813985,learning_extended:serverless_predictive_lastgap,0.0,80.06,3
1788974671.4834836,learning_extended:serverless_predictive_lastgap,0.0,80.06,2
1788974671.6854863,learning_extended:serverless_predictive_lastgap,0.0,80.06,2
1788974671.8873594,learning_extended:serverless_predictive_lastgap,0.0,37.43,1
1788974672.0892909,learning_extended:serverless_predictive_lastgap,0.0,37.43,1
1788974672.2910423,learning_extended:serverless_predictive_lastgap,0.0,37.43,1
1788974672.4927309,learning_extended:serverless_predictive_lastgap,0.0,37.43,1
1788974672.6945424,learning_extended:serverless_predictive_lastgap,0.0,37.43,1
1788974672.8963733,learning_extended:serverless_predictive_lastgap,5.0,37.43,1
1788974673.0982668,learning_extended:serverless_predictive_lastgap,0.0,37.43,1
1788974673.3003137,learning_extended:serverless_predictive_lastgap,0.0,37.43,1
1788974673.5022283,learning_extended:serverless_predictive_lastgap,0.0,44.88,2
1788974673.7039263,learning_extended:serverless_predictive_lastgap,99.2,73.71,2
1788974673.9057925,learning_extended:serverless_predictive_lastgap,79.3,79.98,2
1788974674.1076849,learning_extended:serverless_predictive_lastgap,0.0,79.98,2
1788974674.3096073,learning_extended:serverless_predictive_lastgap,0.0,79.98,2
1788974674.5140812,learning_extended:serverless_predictive_lastgap,19.6,144.32,4
1788974674.7163174,learning_extended:serverless_predictive_lastgap,187.9,163.12,4
1788974674.9197261,learning_extended:serverless_predictive_lastgap,24.5,165.19,4
1788974675.1217344,learning_extended:serverless_predictive_lastgap,0.0,165.19,4
1788974675.3237834,learning_extended:serverless_predictive_lastgap,0.0,165.19,4
1788974675.5258904,learning_extended:serverless_predictive_lastgap,0.0,165.19,4
1788974675.7279203,learning_extended:serverless_predictive_lastgap,0.0,165.19,4
1788974675.9310017,learning_extended:serverless_predictive_lastgap,0.0,165.19,4
1788974676.1329606,learning_extended:serverless_predictive_lastgap,0.0,165.19,4
1788974676.334844,learning_extended:serverless_predictive_lastgap,0.0,165.19,4
1788974676.5378282,learning_extended:serverless_predictive_lastgap,0.0,165.19,4
1788974676.7398856,learning_extended:serverless_predictive_lastgap,0.0,165.19,4
1788974676.9419227,learning_extended:serverless_predictive_lastgap,0.0,165.19,4
1788974677.1438477,learning_extended:serverless_predictive_lastgap,0.0,165.19,4
1788974677.3459363,learning_extended:serverless_predictive_lastgap,4.9,165.19,4
1788974677.547894,learning_extended:serverless_predictive_lastgap,0.0,165.19,4
1788974677.7499585,learning_extended:serverless_predictive_lastgap,4.9,165.19,4
1788974677.9519014,learning_extended:serverless_predictive_lastgap,0.0,165.19,4
1788974678.1539326,learning_extended:serverless_predictive_lastgap,0.0,165.19,4
1788974678.355979,learning_extended:serverless_predictive_lastgap,0.0,165.19,4
1788974678.5580273,learning_extended:serverless_predictive_lastgap,0.0,165.19,4
1788974678.7602096,learning_extended:serverless_predictive_lastgap,4.9,165.19,4
1788974678.9623003,learning_extended:serverless_predictive_lastgap,0.0,165.19,4
1788974679.1643133,learning_extended:serverless_predictive_lastgap,5.0,165.19,4
1788974679.3664749,learning_extended:serverless_predictive_lastgap,0.0,165.19,4
1788974679.5686169,learning_extended:serverless_predictive_lastgap,0.0,165.19,4
1788974679.7709155,learning_extended:serverless_predictive_lastgap,0.0,165.19,4
1788974679.9730859,learning_extended:serverless_predictive_lastgap,0.0,165.19,4
1788974680.175571,learning_extended:serverless_predictive_lastgap,0.0,165.19,4
1788974680.3782148,learning_extended:serverless_predictive_lastgap,0.0,165.19,4
1788974680.580548,learning_extended:serverless_predictive_lastgap,4.9,165.19,4
1788974680.7831404,learning_extended:serverless_predictive_lastgap,0.0,165.19,4
1788974680.9855251,learning_extended:serverless_predictive_lastgap,4.9,122.63,3
1788974681.1875467,learning_extended:serverless_predictive_lastgap,0.0,80.08,2
1788974681.3894699,learning_extended:serverless_predictive_lastgap,0.0,37.43,1
1788974681.591316,learning_extended:serverless_predictive_lastgap,0.0,37.43,1
1788974681.7934346,learning_extended:serverless_predictive_lastgap,0.0,37.43,1
1788974681.9953003,learning_extended:serverless_predictive_lastgap,0.0,37.43,1
1788974682.1971843,learning_extended:serverless_predictive_lastgap,0.0,37.43,1
1788974682.3990388,learning_extended:serverless_predictive_lastgap,0.0,37.43,1
1788974682.6072607,learning_extended:serverless_predictive_lastgap,0.0,37.43,1
1788974682.8093193,learning_extended:serverless_predictive_lastgap,0.0,37.43,1
1788974683.0111234,learning_extended:serverless_predictive_lastgap,0.0,37.43,1
1788974683.2129402,learning_extended:serverless_predictive_lastgap,0.0,37.43,1
1788974683.4146533,learning_extended:serverless_predictive_lastgap,0.0,71.52,2
1788974683.616509,learning_extended:serverless_predictive_lastgap,104.1,79.92,2
1788974683.8186593,learning_extended:serverless_predictive_lastgap,0.0,80.07,2
1788974684.0205984,learning_extended:serverless_predictive_lastgap,0.0,80.07,2
1788974684.2226362,learning_extended:serverless_predictive_lastgap,0.0,80.07,2
1788974684.4244833,learning_extended:serverless_predictive_lastgap,5.0,80.07,2
1788974684.6265728,learning_extended:serverless_predictive_lastgap,4.9,99.8,4
1788974684.8332427,learning_extended:serverless_predictive_lastgap,192.5,149.1,4
1788974685.0363228,learning_extended:serverless_predictive_lastgap,183.4,165.43,4
1788974685.238348,learning_extended:serverless_predictive_lastgap,0.0,165.43,4
1788974685.4403155,learning_extended:serverless_predictive_lastgap,0.0,165.43,4
1788974685.6424189,learning_extended:serverless_predictive_lastgap,0.0,165.43,4
1788974685.8443928,learning_extended:serverless_predictive_lastgap,0.0,165.43,4
1788974686.0463998,learning_extended:serverless_predictive_lastgap,0.0,165.43,4
1788974686.2483964,learning_extended:serverless_predictive_lastgap,0.0,165.43,4
1788974686.4503899,learning_extended:serverless_predictive_lastgap,0.0,165.43,4
1788974686.6526263,learning_extended:serverless_predictive_lastgap,0.0,165.43,4
1788974686.8547056,learning_extended:serverless_predictive_lastgap,0.0,165.43,4
1788974687.0566597,learning_extended:serverless_predictive_lastgap,0.0,165.43,4
1788974687.2588737,learning_extended:serverless_predictive_lastgap,0.0,165.43,4
1788974687.460817,learning_extended:serverless_predictive_lastgap,0.0,165.43,4
1788974687.6628091,learning_extended:serverless_predictive_lastgap,5.0,165.43,4
1788974687.8648155,learning_extended:serverless_predictive_lastgap,5.0,165.43,4
1788974688.0668023,learning_extended:serverless_predictive_lastgap,0.0,165.43,4
1788974688.268866,learning_extended:serverless_predictive_lastgap,0.0,165.43,4
1788974688.471106,learning_extended:serverless_predictive_lastgap,0.0,165.43,4
1788974688.6732821,learning_extended:serverless_predictive_lastgap,0.0,165.43,4
1788974688.875426,learning_extended:serverless_predictive_lastgap,0.0,165.43,4
1788974689.077488,learning_extended:serverless_predictive_lastgap,0.0,165.43,4
1788974689.2794752,learning_extended:serverless_predictive_lastgap,0.0,165.43,4
1788974689.4815927,learning_extended:serverless_predictive_lastgap,0.0,165.43,4
1788974689.684292,learning_extended:serverless_predictive_lastgap,4.9,165.43,4
1788974689.8866274,learning_extended:serverless_predictive_lastgap,0.0,165.43,4
1788974690.0885801,learning_extended:serverless_predictive_lastgap,0.0,165.43,4
1788974690.290617,learning_extended:serverless_predictive_lastgap,0.0,165.43,4
1788974690.4926133,learning_extended:serverless_predictive_lastgap,0.0,165.43,4
1788974690.6946628,learning_extended:serverless_predictive_lastgap,0.0,165.43,4
1788974690.8972688,learning_extended:serverless_predictive_lastgap,0.0,165.43,4
1788974691.0993314,learning_extended:serverless_predictive_lastgap,4.9,122.77,3
1788974691.301431,learning_extended:serverless_predictive_lastgap,0.0,122.77,3
1788974691.5032809,learning_extended:serverless_predictive_lastgap,0.0,80.2,2
1788974691.7050219,learning_extended:serverless_predictive_lastgap,0.0,37.43,1
1788974691.907282,learning_extended:serverless_predictive_lastgap,0.0,37.43,1
1788974692.109204,learning_extended:serverless_predictive_lastgap,0.0,37.43,1
1788974692.311114,learning_extended:serverless_predictive_lastgap,5.0,37.43,1
1788974692.5134883,learning_extended:serverless_predictive_lastgap,0.0,37.43,1
1788974692.7153778,learning_extended:serverless_predictive_lastgap,0.0,37.43,1
1788974692.9171693,learning_extended:serverless_predictive_lastgap,0.0,37.43,1
1788974693.1192245,learning_extended:serverless_predictive_lastgap,0.0,37.43,1
1788974693.3210537,learning_extended:serverless_predictive_lastgap,0.0,37.43,1
1788974693.522934,learning_extended:serverless_predictive_lastgap,0.0,37.43,1
1788974693.724836,learning_extended:serverless_predictive_lastgap,0.0,37.43,1
1788974693.926679,learning_extended:serverless_predictive_lastgap,0.0,37.43,1
1788974694.1284893,learning_extended:serverless_predictive_lastgap,5.0,67.89,2
1788974694.3302479,learning_extended:serverless_predictive_lastgap,99.1,77.3,2
1788974694.5321722,learning_extended:serverless_predictive_lastgap,19.9,80.09,2
1788974694.7345939,learning_extended:serverless_predictive_lastgap,14.8,137.03,4
1788974694.9366324,learning_extended:serverless_predictive_lastgap,188.0,157.55,4
1788974695.139253,learning_extended:serverless_predictive_lastgap,69.1,165.32,4
1788974695.3414116,learning_extended:serverless_predictive_lastgap,0.0,165.32,4
1788974695.5434318,learning_extended:serverless_predictive_lastgap,0.0,165.32,4
1788974695.745506,learning_extended:serverless_predictive_lastgap,0.0,165.32,4
1788974695.9475112,learning_extended:serverless_predictive_lastgap,0.0,165.32,4
1788974696.1495996,learning_extended:serverless_predictive_lastgap,0.0,165.32,4
1788974696.3522744,learning_extended:serverless_predictive_lastgap,0.0,165.32,4
1788974696.5543709,learning_extended:serverless_predictive_lastgap,0.0,165.32,4
1788974696.7563906,learning_extended:serverless_predictive_lastgap,0.0,165.32,4
1788974696.9585564,learning_extended:serverless_predictive_lastgap,0.0,165.32,4
1788974697.160609,learning_extended:serverless_predictive_lastgap,0.0,165.32,4
1788974697.362653,learning_extended:serverless_predictive_lastgap,9.8,165.32,4
1788974697.5647287,learning_extended:serverless_predictive_lastgap,4.9,165.32,4
1788974697.76717,learning_extended:serverless_predictive_lastgap,0.0,165.32,4
1788974697.9695265,learning_extended:serverless_predictive_lastgap,0.0,165.32,4
1788974698.1714401,learning_extended:serverless_predictive_lastgap,5.0,165.32,4
1788974698.3736565,learning_extended:serverless_predictive_lastgap,0.0,165.32,4
1788974698.5757601,learning_extended:serverless_predictive_lastgap,0.0,165.32,4
1788974698.7780187,learning_extended:serverless_predictive_lastgap,0.0,165.32,4
1788974698.9801497,learning_extended:serverless_predictive_lastgap,0.0,165.32,4
1788974699.1824102,learning_extended:serverless_predictive_lastgap,0.0,165.32,4
1788974699.384495,learning_extended:serverless_predictive_lastgap,0.0,165.32,4
1788974699.586719,learning_extended:serverless_predictive_lastgap,0.0,165.32,4
1788974699.7890499,learning_extended:serverless_predictive_lastgap,0.0,165.32,4
1788974699.9912133,learning_extended:serverless_predictive_lastgap,0.0,165.32,4
1788974700.1934834,learning_extended:serverless_predictive_lastgap,0.0,165.32,4
1788974700.395593,learning_extended:serverless_predictive_lastgap,0.0,165.32,4
1788974700.5989716,learning_extended:serverless_predictive_lastgap,0.0,165.32,4
1788974700.8009653,learning_extended:serverless_predictive_lastgap,0.0,165.32,4
1788974701.0028343,learning_extended:serverless_predictive_lastgap,0.0,165.32,4
1788974701.2053595,learning_extended:serverless_predictive_lastgap,0.0,122.66,3
1788974701.4074795,learning_extended:serverless_predictive_lastgap,0.0,122.66,3
1788974701.609678,learning_extended:serverless_predictive_lastgap,0.0,80.02,2
1788974701.8118825,learning_extended:serverless_predictive_lastgap,4.9,37.45,1
1788974702.1106563,learning_extended:serverless_predictive_lastgap,3.3,37.45,1
1788974702.312654,learning_extended:serverless_predictive_lastgap,0.0,37.45,1
1788974702.5145264,learning_extended:serverless_predictive_lastgap,0.0,37.45,1
1788974702.716375,learning_extended:serverless_predictive_lastgap,0.0,37.45,1
1788974702.9185307,learning_extended:serverless_predictive_lastgap,0.0,37.45,1
1788974703.1203523,learning_extended:serverless_predictive_lastgap,0.0,37.45,1
1788974703.3224907,learning_extended:serverless_predictive_lastgap,0.0,37.45,1
1788974703.5243845,learning_extended:serverless_predictive_lastgap,0.0,37.45,1
1788974703.726235,learning_extended:serverless_predictive_lastgap,0.0,61.41,2
1788974703.9280055,learning_extended:serverless_predictive_lastgap,99.2,74.82,2
1788974704.1299706,learning_extended:serverless_predictive_lastgap,49.5,80.02,2
1788974704.3318934,learning_extended:serverless_predictive_lastgap,5.0,80.02,2
1788974704.5340416,learning_extended:serverless_predictive_lastgap,9.8,130.12,4
1788974704.7366145,learning_extended:serverless_predictive_lastgap,197.4,154.68,4
1788974704.9389482,learning_extended:serverless_predictive_lastgap,93.9,165.06,4
1788974705.1413574,learning_extended:serverless_predictive_lastgap,4.9,165.06,4
1788974705.3450546,learning_extended:serverless_predictive_lastgap,0.0,165.06,4
1788974705.5471025,learning_extended:serverless_predictive_lastgap,0.0,165.06,4
1788974705.749351,learning_extended:serverless_predictive_lastgap,0.0,165.06,4
1788974705.9525769,learning_extended:serverless_predictive_lastgap,0.0,165.06,4
1788974706.1548014,learning_extended:serverless_predictive_lastgap,0.0,165.06,4
1788974706.3574457,learning_extended:serverless_predictive_lastgap,4.9,165.06,4
1788974706.5598211,learning_extended:serverless_predictive_lastgap,0.0,165.06,4
1788974706.761999,learning_extended:serverless_predictive_lastgap,4.9,165.06,4
1788974706.9654806,learning_extended:serverless_predictive_lastgap,0.0,165.06,4
1788974707.1675022,learning_extended:serverless_predictive_lastgap,0.0,165.06,4
1788974707.3696208,learning_extended:serverless_predictive_lastgap,0.0,165.06,4
1788974707.5719776,learning_extended:serverless_predictive_lastgap,0.0,165.06,4
1788974707.774354,learning_extended:serverless_predictive_lastgap,0.0,165.06,4
1788974707.976424,learning_extended:serverless_predictive_lastgap,0.0,165.06,4
1788974708.1785634,learning_extended:serverless_predictive_lastgap,4.9,165.06,4
1788974708.3808367,learning_extended:serverless_predictive_lastgap,0.0,165.06,4
1788974708.5829346,learning_extended:serverless_predictive_lastgap,0.0,165.06,4
1788974708.7849815,learning_extended:serverless_predictive_lastgap,0.0,165.06,4
1788974708.9869843,learning_extended:serverless_predictive_lastgap,0.0,165.06,4
1788974709.189042,learning_extended:serverless_predictive_lastgap,0.0,165.06,4
1788974709.391023,learning_extended:serverless_predictive_lastgap,0.0,165.06,4
1788974709.5931983,learning_extended:serverless_predictive_lastgap,0.0,165.06,4
1788974709.795315,learning_extended:serverless_predictive_lastgap,4.9,165.06,4
1788974709.9977806,learning_extended:serverless_predictive_lastgap,0.0,165.06,4
1788974710.1998694,learning_extended:serverless_predictive_lastgap,4.9,165.06,4
1788974710.4023287,learning_extended:serverless_predictive_lastgap,0.0,165.06,4
1788974710.6046376,learning_extended:serverless_predictive_lastgap,4.9,165.06,4
1788974710.8077025,learning_extended:serverless_predictive_lastgap,0.0,165.06,4
1788974711.0098467,learning_extended:serverless_predictive_lastgap,0.0,122.49,3
1788974711.211798,learning_extended:serverless_predictive_lastgap,0.0,122.49,3
1788974711.413962,learning_extended:serverless_predictive_lastgap,0.0,79.97,2
1788974711.6157825,learning_extended:serverless_predictive_lastgap,0.0,37.46,1
1788974711.8183088,learning_extended:serverless_predictive_lastgap,0.0,37.46,1
1788974712.0200086,learning_extended:serverless_predictive_lastgap,0.0,37.46,1
1788974712.2219374,learning_extended:serverless_predictive_lastgap,0.0,37.46,1
1788974712.4236705,learning_extended:serverless_predictive_lastgap,0.0,37.46,1
1788974712.6257784,learning_extended:serverless_predictive_lastgap,0.0,37.46,1
1788974712.8277164,learning_extended:serverless_predictive_lastgap,5.0,37.46,1
1788974713.029568,learning_extended:serverless_predictive_lastgap,0.0,37.46,1
1788974713.2319596,learning_extended:serverless_predictive_lastgap,0.0,37.46,1
1788974713.4341471,learning_extended:serverless_predictive_lastgap,0.0,67.58,2
1788974713.6360843,learning_extended:serverless_predictive_lastgap,94.1,75.74,2
1788974713.8382099,learning_extended:serverless_predictive_lastgap,44.5,79.96,2
1788974714.0403323,learning_extended:serverless_predictive_lastgap,0.0,79.96,2
1788974714.2427468,learning_extended:serverless_predictive_lastgap,9.8,122.97,4
1788974714.4447377,learning_extended:serverless_predictive_lastgap,198.1,154.04,4
1788974714.646589,learning_extended:serverless_predictive_lastgap,123.9,165.2,4
1788974714.8489482,learning_extended:serverless_predictive_lastgap,0.0,165.2,4
1788974715.051078,learning_extended:serverless_predictive_lastgap,0.0,165.2,4
1788974715.2533545,learning_extended:serverless_predictive_lastgap,4.9,165.2,4
1788974715.4554663,learning_extended:serverless_predictive_lastgap,0.0,165.2,4
1788974715.657657,learning_extended:serverless_predictive_lastgap,0.0,165.2,4
1788974715.8597655,learning_extended:serverless_predictive_lastgap,0.0,165.2,4
1788974716.0620072,learning_extended:serverless_predictive_lastgap,0.0,165.2,4
1788974716.2644043,learning_extended:serverless_predictive_lastgap,0.0,165.2,4
1788974716.4666965,learning_extended:serverless_predictive_lastgap,4.9,165.2,4
1788974716.6688192,learning_extended:serverless_predictive_lastgap,0.0,165.2,4
1788974716.8713088,learning_extended:serverless_predictive_lastgap,0.0,165.2,4
1788974717.07372,learning_extended:serverless_predictive_lastgap,0.0,165.2,4
1788974717.2759185,learning_extended:serverless_predictive_lastgap,0.0,165.2,4
1788974717.4780288,learning_extended:serverless_predictive_lastgap,0.0,165.2,4
1788974717.6800838,learning_extended:serverless_predictive_lastgap,4.9,165.2,4
1788974717.8831823,learning_extended:serverless_predictive_lastgap,0.0,165.2,4
1788974718.0853236,learning_extended:serverless_predictive_lastgap,4.9,165.2,4
1788974718.2883983,learning_extended:serverless_predictive_lastgap,0.0,165.2,4
1788974718.4906812,learning_extended:serverless_predictive_lastgap,0.0,165.2,4
1788974718.6940293,learning_extended:serverless_predictive_lastgap,0.0,165.2,4
1788974718.8962197,learning_extended:serverless_predictive_lastgap,0.0,165.2,4
1788974719.0985208,learning_extended:serverless_predictive_lastgap,0.0,165.2,4
1788974719.300677,learning_extended:serverless_predictive_lastgap,0.0,165.2,4
1788974719.5039413,learning_extended:serverless_predictive_lastgap,0.0,165.2,4
1788974719.7072513,learning_extended:serverless_predictive_lastgap,0.0,165.2,4
1788974719.9094355,learning_extended:serverless_predictive_lastgap,4.9,165.2,4
1788974720.1114361,learning_extended:serverless_predictive_lastgap,0.0,165.2,4
1788974720.3137064,learning_extended:serverless_predictive_lastgap,0.0,165.2,4
1788974720.5157564,learning_extended:serverless_predictive_lastgap,0.0,165.2,4
1788974720.717972,learning_extended:serverless_predictive_lastgap,4.9,122.69,3
1788974720.9201057,learning_extended:serverless_predictive_lastgap,0.0,122.69,3
1788974721.122077,learning_extended:serverless_predictive_lastgap,5.0,37.46,2
1788974721.324151,learning_extended:serverless_predictive_lastgap,0.0,37.46,1
1788974721.5262105,learning_extended:serverless_predictive_lastgap,0.0,37.46,1
1788974721.7280676,learning_extended:serverless_predictive_lastgap,0.0,37.46,1
1788974721.9301739,learning_extended:serverless_predictive_lastgap,0.0,37.46,1
1788974722.1322753,learning_extended:serverless_predictive_lastgap,0.0,37.46,1
1788974722.334688,learning_extended:serverless_predictive_lastgap,0.0,37.46,1
1788974722.536573,learning_extended:serverless_predictive_lastgap,0.0,37.46,1
1788974722.7384422,learning_extended:serverless_predictive_lastgap,0.0,37.46,1
1788974722.945323,learning_extended:serverless_predictive_lastgap,4.9,52.93,4
1788974723.1471488,learning_extended:serverless_predictive_lastgap,181.5,121.46,4
1788974723.3507335,learning_extended:serverless_predictive_lastgap,196.5,147.48,4
1788974723.5537524,learning_extended:serverless_predictive_lastgap,192.1,162.92,4
1788974723.7567198,learning_extended:serverless_predictive_lastgap,19.7,165.09,4
1788974723.9592655,learning_extended:serverless_predictive_lastgap,0.0,165.09,4
1788974724.1613822,learning_extended:serverless_predictive_lastgap,0.0,165.09,4
1788974724.3633914,learning_extended:serverless_predictive_lastgap,0.0,165.09,4
1788974724.5654416,learning_extended:serverless_predictive_lastgap,0.0,165.09,4
1788974724.7675326,learning_extended:serverless_predictive_lastgap,0.0,165.09,4
1788974724.9705565,learning_extended:serverless_predictive_lastgap,4.9,165.09,4
1788974725.1725965,learning_extended:serverless_predictive_lastgap,9.8,165.09,4
1788974725.3747828,learning_extended:serverless_predictive_lastgap,0.0,165.09,4
1788974725.5767689,learning_extended:serverless_predictive_lastgap,0.0,165.09,4
1788974725.7790716,learning_extended:serverless_predictive_lastgap,0.0,165.09,4
1788974725.9810762,learning_extended:serverless_predictive_lastgap,0.0,165.09,4
1788974726.1831443,learning_extended:serverless_predictive_lastgap,0.0,165.09,4
1788974726.385259,learning_extended:serverless_predictive_lastgap,0.0,165.09,4
1788974726.5872557,learning_extended:serverless_predictive_lastgap,0.0,165.09,4
1788974726.7895036,learning_extended:serverless_predictive_lastgap,0.0,165.09,4
1788974726.9915278,learning_extended:serverless_predictive_lastgap,4.9,165.09,4
1788974727.1936834,learning_extended:serverless_predictive_lastgap,0.0,165.09,4
1788974727.3957143,learning_extended:serverless_predictive_lastgap,0.0,165.09,4
1788974727.59775,learning_extended:serverless_predictive_lastgap,0.0,165.09,4
1788974727.799969,learning_extended:serverless_predictive_lastgap,0.0,165.09,4
1788974728.002018,learning_extended:serverless_predictive_lastgap,0.0,165.09,4
1788974728.204018,learning_extended:serverless_predictive_lastgap,0.0,165.09,4
1788974728.4061034,learning_extended:serverless_predictive_lastgap,0.0,165.09,4
1788974728.60816,learning_extended:serverless_predictive_lastgap,0.0,165.09,4
1788974728.8101516,learning_extended:serverless_predictive_lastgap,0.0,165.09,4
1788974729.0121388,learning_extended:serverless_predictive_lastgap,0.0,165.09,4
1788974729.2144532,learning_extended:serverless_predictive_lastgap,0.0,165.09,4
1788974729.416563,learning_extended:serverless_predictive_lastgap,0.0,165.09,4
1788974729.6187482,learning_extended:serverless_predictive_lastgap,4.9,165.09,4
1788974729.8208182,learning_extended:serverless_predictive_lastgap,0.0,122.56,4
1788974730.022812,learning_extended:serverless_predictive_lastgap,5.0,80.02,2
1788974730.2248356,learning_extended:serverless_predictive_lastgap,0.0,37.51,1
1788974730.4267695,learning_extended:serverless_predictive_lastgap,0.0,37.51,1
1788974730.6285458,learning_extended:serverless_predictive_lastgap,0.0,37.51,1
1788974730.835452,learning_extended:serverless_predictive_lastgap,0.0,37.51,1
1788974731.0374722,learning_extended:serverless_predictive_lastgap,5.0,71.72,2
1788974731.2391853,learning_extended:serverless_predictive_lastgap,89.2,80.11,2
1788974731.4409235,learning_extended:serverless_predictive_lastgap,5.0,80.11,2
1788974731.6428816,learning_extended:serverless_predictive_lastgap,0.0,80.11,2
1788974731.8447514,learning_extended:serverless_predictive_lastgap,0.0,80.11,2
1788974732.0466106,learning_extended:serverless_predictive_lastgap,0.0,80.11,2
1788974732.2495744,learning_extended:serverless_predictive_lastgap,0.0,80.11,2
1788974732.4514143,learning_extended:serverless_predictive_lastgap,0.0,80.11,2
1788974732.6532815,learning_extended:serverless_predictive_lastgap,0.0,80.11,2
1788974732.8560607,learning_extended:serverless_predictive_lastgap,9.8,118.67,4
1788974733.0593257,learning_extended:serverless_predictive_lastgap,196.7,153.15,4
1788974733.2616885,learning_extended:serverless_predictive_lastgap,133.4,165.27,4
1788974733.4637687,learning_extended:serverless_predictive_lastgap,0.0,165.27,4
1788974733.667181,learning_extended:serverless_predictive_lastgap,0.0,165.27,4
1788974733.86932,learning_extended:serverless_predictive_lastgap,0.0,165.27,4
1788974734.0715568,learning_extended:serverless_predictive_lastgap,0.0,165.27,4
1788974734.2742028,learning_extended:serverless_predictive_lastgap,0.0,165.27,4
1788974734.476303,learning_extended:serverless_predictive_lastgap,0.0,165.27,4
1788974734.6786075,learning_extended:serverless_predictive_lastgap,0.0,165.27,4
1788974734.8807347,learning_extended:serverless_predictive_lastgap,4.9,165.27,4
1788974735.0828888,learning_extended:serverless_predictive_lastgap,0.0,165.27,4
1788974735.2849398,learning_extended:serverless_predictive_lastgap,0.0,165.27,4
1788974735.4870064,learning_extended:serverless_predictive_lastgap,0.0,165.27,4
1788974735.6890535,learning_extended:serverless_predictive_lastgap,0.0,165.27,4
1788974735.8908849,learning_extended:serverless_predictive_lastgap,0.0,165.27,4
1788974736.0928812,learning_extended:serverless_predictive_lastgap,10.0,165.27,4
1788974736.2951498,learning_extended:serverless_predictive_lastgap,0.0,165.27,4
1788974736.497668,learning_extended:serverless_predictive_lastgap,0.0,165.27,4
1788974736.6997092,learning_extended:serverless_predictive_lastgap,4.9,165.27,4
1788974736.9018402,learning_extended:serverless_predictive_lastgap,0.0,165.27,4
1788974737.1047828,learning_extended:serverless_predictive_lastgap,0.0,165.27,4
1788974737.3076897,learning_extended:serverless_predictive_lastgap,0.0,165.27,4
1788974737.5098872,learning_extended:serverless_predictive_lastgap,0.0,165.27,4
1788974737.7118921,learning_extended:serverless_predictive_lastgap,0.0,165.27,4
1788974737.9140694,learning_extended:serverless_predictive_lastgap,0.0,165.27,4
1788974738.1161308,learning_extended:serverless_predictive_lastgap,4.9,165.27,4
1788974738.3185096,learning_extended:serverless_predictive_lastgap,0.0,165.27,4
1788974738.5205278,learning_extended:serverless_predictive_lastgap,0.0,165.27,4
1788974738.7226715,learning_extended:serverless_predictive_lastgap,0.0,165.27,4
1788974738.9250264,learning_extended:serverless_predictive_lastgap,0.0,165.27,4
1788974739.126945,learning_extended:serverless_predictive_lastgap,0.0,165.27,4
1788974739.3292894,learning_extended:serverless_predictive_lastgap,0.0,165.27,4
1788974739.5313416,learning_extended:serverless_predictive_lastgap,0.0,122.66,3
1788974739.7335563,learning_extended:serverless_predictive_lastgap,0.0,122.66,3
1788974739.9356048,learning_extended:serverless_predictive_lastgap,0.0,80.17,2
1788974740.1374776,learning_extended:serverless_predictive_lastgap,0.0,37.51,1
1788974740.339321,learning_extended:serverless_predictive_lastgap,5.0,37.51,1
1788974740.5412428,learning_extended:serverless_predictive_lastgap,0.0,37.51,1
1788974740.7430909,learning_extended:serverless_predictive_lastgap,0.0,37.51,1
1788974740.944848,learning_extended:serverless_predictive_lastgap,0.0,37.51,1
1788974741.1468134,learning_extended:serverless_predictive_lastgap,0.0,37.51,1
1788974741.348667,learning_extended:serverless_predictive_lastgap,0.0,37.51,1
1788974741.552394,learning_extended:serverless_predictive_lastgap,0.0,72.16,4
1788974741.7587004,learning_extended:serverless_predictive_lastgap,198.7,130.83,4
1788974741.9605436,learning_extended:serverless_predictive_lastgap,193.1,150.18,4
1788974742.162514,learning_extended:serverless_predictive_lastgap,143.6,165.36,4
1788974742.3645318,learning_extended:serverless_predictive_lastgap,0.0,165.36,4
1788974742.566784,learning_extended:serverless_predictive_lastgap,0.0,165.36,4
1788974742.7688918,learning_extended:serverless_predictive_lastgap,4.9,165.36,4
1788974742.971689,learning_extended:serverless_predictive_lastgap,0.0,165.36,4
1788974743.1739035,learning_extended:serverless_predictive_lastgap,0.0,165.36,4
1788974743.375886,learning_extended:serverless_predictive_lastgap,0.0,165.36,4
1788974743.5783358,learning_extended:serverless_predictive_lastgap,0.0,165.36,4
1788974743.7803774,learning_extended:serverless_predictive_lastgap,0.0,165.36,4
1788974743.9825118,learning_extended:serverless_predictive_lastgap,4.9,165.36,4
1788974744.1845696,learning_extended:serverless_predictive_lastgap,0.0,165.36,4
1788974744.3933156,learning_extended:serverless_predictive_lastgap,0.0,165.36,4
1788974744.595662,learning_extended:serverless_predictive_lastgap,4.9,165.36,4
1788974744.7987561,learning_extended:serverless_predictive_lastgap,0.0,165.36,4
1788974745.001914,learning_extended:serverless_predictive_lastgap,0.0,165.36,4
1788974745.203877,learning_extended:serverless_predictive_lastgap,0.0,165.36,4
1788974745.4063401,learning_extended:serverless_predictive_lastgap,0.0,165.36,4
1788974745.6083126,learning_extended:serverless_predictive_lastgap,0.0,165.36,4
1788974745.8104417,learning_extended:serverless_predictive_lastgap,0.0,165.36,4
1788974746.0124156,learning_extended:serverless_predictive_lastgap,0.0,165.36,4
1788974746.2145684,learning_extended:serverless_predictive_lastgap,0.0,165.36,4
1788974746.4165595,learning_extended:serverless_predictive_lastgap,0.0,165.36,4
1788974746.6186516,learning_extended:serverless_predictive_lastgap,0.0,165.36,4
1788974746.820922,learning_extended:serverless_predictive_lastgap,4.9,165.36,4
1788974747.0229762,learning_extended:serverless_predictive_lastgap,0.0,165.36,4
1788974747.2250943,learning_extended:serverless_predictive_lastgap,4.9,165.36,4
1788974747.4273345,learning_extended:serverless_predictive_lastgap,0.0,165.36,4
1788974747.6294641,learning_extended:serverless_predictive_lastgap,0.0,165.36,4
1788974747.8314762,learning_extended:serverless_predictive_lastgap,0.0,165.36,4
1788974748.033576,learning_extended:serverless_predictive_lastgap,0.0,165.36,4
1788974748.2357664,learning_extended:serverless_predictive_lastgap,4.9,165.36,4
1788974748.437889,learning_extended:serverless_predictive_lastgap,0.0,165.36,4
1788974748.6398225,learning_extended:serverless_predictive_lastgap,5.0,80.21,2
1788974748.841745,learning_extended:serverless_predictive_lastgap,0.0,37.53,1
1788974749.043635,learning_extended:serverless_predictive_lastgap,0.0,37.53,1
1788974749.2459357,learning_extended:serverless_predictive_lastgap,0.0,42.84,2
1788974749.4476857,learning_extended:serverless_predictive_lastgap,99.2,70.97,2
1788974749.6498728,learning_extended:serverless_predictive_lastgap,98.9,80.08,2
1788974749.8517585,learning_extended:serverless_predictive_lastgap,0.0,80.08,2
1788974750.0541368,learning_extended:serverless_predictive_lastgap,0.0,80.08,2
1788974750.2560701,learning_extended:serverless_predictive_lastgap,0.0,80.08,2
1788974750.4583335,learning_extended:serverless_predictive_lastgap,0.0,80.08,2
1788974750.6605928,learning_extended:serverless_predictive_lastgap,0.0,80.08,2
1788974750.8626297,learning_extended:serverless_predictive_lastgap,0.0,80.08,2
1788974751.064741,learning_extended:serverless_predictive_lastgap,0.0,80.08,2
1788974751.2666383,learning_extended:serverless_predictive_lastgap,5.0,80.08,2
1788974751.4684749,learning_extended:serverless_predictive_lastgap,0.0,80.08,2
1788974751.670441,learning_extended:serverless_predictive_lastgap,0.0,80.08,2
1788974751.872886,learning_extended:serverless_predictive_lastgap,4506.5,142.87,4
1788974752.0759134,learning_extended:serverless_predictive_lastgap,192.1,158.64,4
1788974752.2780604,learning_extended:serverless_predictive_lastgap,59.3,165.21,4
1788974752.4804537,learning_extended:serverless_predictive_lastgap,0.0,165.21,4
1788974752.6830137,learning_extended:serverless_predictive_lastgap,0.0,165.21,4
1788974752.8850424,learning_extended:serverless_predictive_lastgap,0.0,165.21,4
1788974753.087259,learning_extended:serverless_predictive_lastgap,4.9,165.21,4
1788974753.2894025,learning_extended:serverless_predictive_lastgap,0.0,165.21,4
1788974753.4914484,learning_extended:serverless_predictive_lastgap,0.0,165.21,4
1788974753.693549,learning_extended:serverless_predictive_lastgap,0.0,165.21,4
1788974753.895662,learning_extended:serverless_predictive_lastgap,0.0,165.21,4
1788974754.097763,learning_extended:serverless_predictive_lastgap,0.0,165.21,4
1788974754.2998633,learning_extended:serverless_predictive_lastgap,0.0,165.21,4
1788974754.5024326,learning_extended:serverless_predictive_lastgap,0.0,165.21,4
1788974754.7049363,learning_extended:serverless_predictive_lastgap,0.0,165.21,4
1788974754.9075544,learning_extended:serverless_predictive_lastgap,0.0,165.21,4
1788974755.1098516,learning_extended:serverless_predictive_lastgap,0.0,165.21,4
1788974755.3124037,learning_extended:serverless_predictive_lastgap,9.8,165.21,4
1788974755.5149002,learning_extended:serverless_predictive_lastgap,0.0,165.21,4
1788974755.7172956,learning_extended:serverless_predictive_lastgap,0.0,165.21,4
1788974755.9202497,learning_extended:serverless_predictive_lastgap,0.0,165.21,4
1788974756.1224444,learning_extended:serverless_predictive_lastgap,0.0,165.21,4
1788974756.3247747,learning_extended:serverless_predictive_lastgap,0.0,165.21,4
1788974756.526966,learning_extended:serverless_predictive_lastgap,4.9,165.21,4
1788974756.72894,learning_extended:serverless_predictive_lastgap,0.0,165.21,4
1788974756.9309895,learning_extended:serverless_predictive_lastgap,0.0,165.21,4
1788974757.1328619,learning_extended:serverless_predictive_lastgap,0.0,165.21,4
1788974757.3348885,learning_extended:serverless_predictive_lastgap,0.0,165.21,4
1788974757.5369651,learning_extended:serverless_predictive_lastgap,4.9,165.21,4
1788974757.7390041,learning_extended:serverless_predictive_lastgap,4.9,165.21,4
1788974757.9410965,learning_extended:serverless_predictive_lastgap,0.0,165.21,4
1788974758.1433353,learning_extended:serverless_predictive_lastgap,4.9,165.21,4
1788974758.345483,learning_extended:serverless_predictive_lastgap,0.0,122.66,3
1788974758.54751,learning_extended:serverless_predictive_lastgap,0.0,122.66,3
1788974758.7495697,learning_extended:serverless_predictive_lastgap,0.0,80.06,2
1788974758.9516222,learning_extended:serverless_predictive_lastgap,0.0,37.53,1
1788974759.1534925,learning_extended:serverless_predictive_lastgap,0.0,37.53,1
1788974759.3552992,learning_extended:serverless_predictive_lastgap,0.0,37.53,1
1788974759.5573163,learning_extended:serverless_predictive_lastgap,0.0,37.53,1
1788974759.7602606,learning_extended:serverless_predictive_lastgap,0.0,37.53,1
1788974759.962947,learning_extended:serverless_predictive_lastgap,0.0,37.53,1
1788974760.1646879,learning_extended:serverless_predictive_lastgap,5.0,37.53,1
1788974760.3665035,learning_extended:serverless_predictive_lastgap,0.0,37.53,1
1788974760.5684547,learning_extended:serverless_predictive_lastgap,0.0,37.53,1
1788974760.7749453,learning_extended:serverless_predictive_lastgap,0.0,37.53,1
1788974760.9780672,learning_extended:serverless_predictive_lastgap,4.9,109.67,4
1788974761.1826742,learning_extended:serverless_predictive_lastgap,195.5,141.71,4
1788974761.384421,learning_extended:serverless_predictive_lastgap,193.3,159.98,4
1788974761.586512,learning_extended:serverless_predictive_lastgap,49.4,165.34,4
1788974761.7893586,learning_extended:serverless_predictive_lastgap,0.0,165.34,4
1788974761.9913855,learning_extended:serverless_predictive_lastgap,4.9,165.34,4
1788974762.1939137,learning_extended:serverless_predictive_lastgap,0.0,165.34,4
1788974762.3958693,learning_extended:serverless_predictive_lastgap,0.0,165.34,4
1788974762.597997,learning_extended:serverless_predictive_lastgap,0.0,165.34,4
1788974762.8000908,learning_extended:serverless_predictive_lastgap,0.0,165.34,4
1788974763.0022047,learning_extended:serverless_predictive_lastgap,0.0,165.34,4
1788974763.204274,learning_extended:serverless_predictive_lastgap,0.0,165.34,4
1788974763.406478,learning_extended:serverless_predictive_lastgap,0.0,165.34,4
1788974763.6085117,learning_extended:serverless_predictive_lastgap,0.0,165.34,4
1788974763.8107016,learning_extended:serverless_predictive_lastgap,0.0,165.34,4
1788974764.0132837,learning_extended:serverless_predictive_lastgap,0.0,165.34,4
1788974764.2158585,learning_extended:serverless_predictive_lastgap,0.0,165.34,4
1788974764.4192035,learning_extended:serverless_predictive_lastgap,0.0,165.34,4
1788974764.6219158,learning_extended:serverless_predictive_lastgap,4.9,165.34,4
1788974764.8242478,learning_extended:serverless_predictive_lastgap,4.9,165.34,4
1788974765.0264497,learning_extended:serverless_predictive_lastgap,0.0,165.34,4
1788974765.228619,learning_extended:serverless_predictive_lastgap,0.0,165.34,4
1788974765.4306087,learning_extended:serverless_predictive_lastgap,0.0,165.34,4
1788974765.63262,learning_extended:serverless_predictive_lastgap,0.0,165.34,4
1788974765.8347242,learning_extended:serverless_predictive_lastgap,0.0,165.34,4
1788974766.0367615,learning_extended:serverless_predictive_lastgap,0.0,165.34,4
1788974766.2388787,learning_extended:serverless_predictive_lastgap,0.0,165.34,4
1788974766.4407704,learning_extended:serverless_predictive_lastgap,0.0,165.34,4
1788974766.643004,learning_extended:serverless_predictive_lastgap,0.0,165.34,4
1788974766.8450575,learning_extended:serverless_predictive_lastgap,4.9,165.34,4
1788974767.047306,learning_extended:serverless_predictive_lastgap,0.0,165.34,4
1788974767.2506201,learning_extended:serverless_predictive_lastgap,0.0,165.34,4
1788974767.4535124,learning_extended:serverless_predictive_lastgap,4.9,165.34,4
1788974767.6554477,learning_extended:serverless_predictive_lastgap,0.0,165.34,4
1788974767.8575037,learning_extended:serverless_predictive_lastgap,5.0,122.8,3
1788974768.0594788,learning_extended:serverless_predictive_lastgap,0.0,80.14,2
1788974768.2614622,learning_extended:serverless_predictive_lastgap,0.0,37.56,1
1788974768.4632497,learning_extended:serverless_predictive_lastgap,0.0,37.56,1
1788974768.6649745,learning_extended:serverless_predictive_lastgap,0.0,37.56,1
1788974768.8667464,learning_extended:serverless_predictive_lastgap,0.0,37.56,1
1788974769.0685148,learning_extended:serverless_predictive_lastgap,0.0,44.36,2
1788974769.2702687,learning_extended:serverless_predictive_lastgap,104.1,70.57,2
1788974769.472023,learning_extended:serverless_predictive_lastgap,94.2,80.14,2
1788974769.673914,learning_extended:serverless_predictive_lastgap,0.0,80.14,2
1788974769.8757782,learning_extended:serverless_predictive_lastgap,0.0,80.14,2
1788974770.0775332,learning_extended:serverless_predictive_lastgap,10.0,115.46,4
1788974770.2801766,learning_extended:serverless_predictive_lastgap,197.3,153.27,4
1788974770.4823077,learning_extended:serverless_predictive_lastgap,128.6,165.23,4
1788974770.6843,learning_extended:serverless_predictive_lastgap,0.0,165.23,4
1788974770.8866994,learning_extended:serverless_predictive_lastgap,0.0,165.23,4
1788974771.088703,learning_extended:serverless_predictive_lastgap,5.0,165.23,4
1788974771.2907643,learning_extended:serverless_predictive_lastgap,0.0,165.23,4
1788974771.4927359,learning_extended:serverless_predictive_lastgap,0.0,165.23,4
1788974771.694816,learning_extended:serverless_predictive_lastgap,0.0,165.23,4
1788974771.8967566,learning_extended:serverless_predictive_lastgap,5.0,165.23,4
1788974772.0987673,learning_extended:serverless_predictive_lastgap,0.0,165.23,4
1788974772.3007352,learning_extended:serverless_predictive_lastgap,0.0,165.23,4
1788974772.503215,learning_extended:serverless_predictive_lastgap,0.0,165.23,4
1788974772.705343,learning_extended:serverless_predictive_lastgap,0.0,165.23,4
1788974772.907441,learning_extended:serverless_predictive_lastgap,0.0,165.23,4
1788974773.1095304,learning_extended:serverless_predictive_lastgap,0.0,165.23,4
1788974773.3116746,learning_extended:serverless_predictive_lastgap,0.0,165.23,4
1788974773.5139673,learning_extended:serverless_predictive_lastgap,4.9,165.23,4
1788974773.7161217,learning_extended:serverless_predictive_lastgap,0.0,165.23,4
1788974773.9183798,learning_extended:serverless_predictive_lastgap,0.0,165.23,4
1788974774.1203377,learning_extended:serverless_predictive_lastgap,0.0,165.23,4
1788974774.3223631,learning_extended:serverless_predictive_lastgap,0.0,165.23,4
1788974774.5244522,learning_extended:serverless_predictive_lastgap,0.0,165.23,4
1788974774.7265058,learning_extended:serverless_predictive_lastgap,0.0,165.23,4
1788974774.928523,learning_extended:serverless_predictive_lastgap,5.0,165.23,4
1788974775.130644,learning_extended:serverless_predictive_lastgap,0.0,165.23,4
1788974775.3326087,learning_extended:serverless_predictive_lastgap,0.0,165.23,4
1788974775.5359957,learning_extended:serverless_predictive_lastgap,4.9,165.23,4
1788974775.7382448,learning_extended:serverless_predictive_lastgap,0.0,165.23,4
1788974775.9414935,learning_extended:serverless_predictive_lastgap,0.0,165.23,4
1788974776.1436853,learning_extended:serverless_predictive_lastgap,0.0,165.23,4
1788974776.3459835,learning_extended:serverless_predictive_lastgap,0.0,165.23,4
1788974776.548105,learning_extended:serverless_predictive_lastgap,0.0,165.23,4
1788974776.7502425,learning_extended:serverless_predictive_lastgap,0.0,122.64,3
1788974776.9521832,learning_extended:serverless_predictive_lastgap,0.0,80.09,2
1788974777.1541517,learning_extended:serverless_predictive_lastgap,0.0,80.09,2
1788974777.356436,learning_extended:serverless_predictive_lastgap,0.0,37.57,1
1788974777.558357,learning_extended:serverless_predictive_lastgap,0.0,37.57,1
1788974777.7602425,learning_extended:serverless_predictive_lastgap,0.0,37.57,1
1788974777.962314,learning_extended:serverless_predictive_lastgap,4.9,37.57,1
1788974778.1643655,learning_extended:serverless_predictive_lastgap,0.0,37.57,1
1788974778.3662522,learning_extended:serverless_predictive_lastgap,0.0,68.09,2
1788974778.5682855,learning_extended:serverless_predictive_lastgap,103.9,77.12,2
1788974778.7702973,learning_extended:serverless_predictive_lastgap,19.8,80.09,2
1788974778.9721608,learning_extended:serverless_predictive_lastgap,0.0,80.09,2
1788974779.1741245,learning_extended:serverless_predictive_lastgap,0.0,80.09,2
1788974779.3761883,learning_extended:serverless_predictive_lastgap,0.0,80.09,2
1788974779.5781837,learning_extended:serverless_predictive_lastgap,0.0,80.09,2
1788974779.780613,learning_extended:serverless_predictive_lastgap,0.0,80.09,2
1788974779.984015,learning_extended:serverless_predictive_lastgap,4.9,111.58,4
1788974780.1865144,learning_extended:serverless_predictive_lastgap,202.4,152.31,4
1788974780.3893268,learning_extended:serverless_predictive_lastgap,157.8,165.29,4
1788974780.5915127,learning_extended:serverless_predictive_lastgap,4.9,165.29,4
1788974780.7937372,learning_extended:serverless_predictive_lastgap,0.0,165.29,4
1788974780.9962504,learning_extended:serverless_predictive_lastgap,0.0,165.29,4
1788974781.1984603,learning_extended:serverless_predictive_lastgap,0.0,165.29,4
1788974781.4005651,learning_extended:serverless_predictive_lastgap,0.0,165.29,4
1788974781.602831,learning_extended:serverless_predictive_lastgap,0.0,165.29,4
1788974781.8049433,learning_extended:serverless_predictive_lastgap,4.9,165.29,4
1788974782.007207,learning_extended:serverless_predictive_lastgap,0.0,165.29,4
1788974782.209639,learning_extended:serverless_predictive_lastgap,0.0,165.29,4
1788974782.411671,learning_extended:serverless_predictive_lastgap,0.0,165.29,4
1788974782.613988,learning_extended:serverless_predictive_lastgap,0.0,165.29,4
1788974782.816013,learning_extended:serverless_predictive_lastgap,0.0,165.29,4
1788974783.0181088,learning_extended:serverless_predictive_lastgap,0.0,165.29,4
1788974783.2212818,learning_extended:serverless_predictive_lastgap,0.0,165.29,4
1788974783.423492,learning_extended:serverless_predictive_lastgap,0.0,165.29,4
1788974783.6261325,learning_extended:serverless_predictive_lastgap,0.0,165.29,4
1788974783.8281772,learning_extended:serverless_predictive_lastgap,4.9,165.29,4
1788974784.0302403,learning_extended:serverless_predictive_lastgap,0.0,165.29,4
1788974784.2322562,learning_extended:serverless_predictive_lastgap,0.0,165.29,4
1788974784.434366,learning_extended:serverless_predictive_lastgap,0.0,165.29,4
1788974784.6364899,learning_extended:serverless_predictive_lastgap,4.9,165.29,4
1788974784.8385403,learning_extended:serverless_predictive_lastgap,4.9,165.29,4
1788974785.040552,learning_extended:serverless_predictive_lastgap,0.0,165.29,4
1788974785.2426536,learning_extended:serverless_predictive_lastgap,0.0,165.29,4
1788974785.444667,learning_extended:serverless_predictive_lastgap,0.0,165.29,4
1788974785.6468246,learning_extended:serverless_predictive_lastgap,0.0,165.29,4
1788974785.8490531,learning_extended:serverless_predictive_lastgap,4.9,165.29,4
1788974786.0512433,learning_extended:serverless_predictive_lastgap,0.0,165.29,4
1788974786.2542856,learning_extended:serverless_predictive_lastgap,0.0,165.29,4
1788974786.4565053,learning_extended:serverless_predictive_lastgap,0.0,122.77,4
1788974786.6588635,learning_extended:serverless_predictive_lastgap,0.0,122.77,3
1788974786.8613732,learning_extended:serverless_predictive_lastgap,0.0,80.08,3
1788974787.0634181,learning_extended:serverless_predictive_lastgap,0.0,80.08,2
1788974787.2658777,learning_extended:serverless_predictive_lastgap,0.0,37.57,1
1788974787.467678,learning_extended:serverless_predictive_lastgap,0.0,37.57,1
1788974787.669565,learning_extended:serverless_predictive_lastgap,0.0,37.57,1
1788974787.871555,learning_extended:serverless_predictive_lastgap,0.0,37.57,1
1788974788.0738797,learning_extended:serverless_predictive_lastgap,0.0,37.57,1
1788974788.2756383,learning_extended:serverless_predictive_lastgap,5.0,37.57,1
1788974788.4778845,learning_extended:serverless_predictive_lastgap,0.0,86.94,4
1788974788.6829457,learning_extended:serverless_predictive_lastgap,195.0,131.74,4
1788974788.886807,learning_extended:serverless_predictive_lastgap,201.2,149.65,4
1788974789.090863,learning_extended:serverless_predictive_lastgap,166.6,165.28,4
1788974789.2948794,learning_extended:serverless_predictive_lastgap,4.9,165.28,4
1788974789.4982336,learning_extended:serverless_predictive_lastgap,4.9,165.28,4
1788974789.7015433,learning_extended:serverless_predictive_lastgap,0.0,165.28,4
1788974789.903391,learning_extended:serverless_predictive_lastgap,0.0,165.28,4
1788974790.1055157,learning_extended:serverless_predictive_lastgap,0.0,165.28,4
1788974790.3078587,learning_extended:serverless_predictive_lastgap,0.0,165.28,4
1788974790.510169,learning_extended:serverless_predictive_lastgap,0.0,165.28,4
1788974790.712147,learning_extended:serverless_predictive_lastgap,0.0,165.28,4
1788974790.9142058,learning_extended:serverless_predictive_lastgap,0.0,165.28,4
1788974791.1161702,learning_extended:serverless_predictive_lastgap,0.0,165.28,4
1788974791.3182354,learning_extended:serverless_predictive_lastgap,0.0,165.28,4
1788974791.520153,learning_extended:serverless_predictive_lastgap,0.0,165.28,4
1788974791.7221265,learning_extended:serverless_predictive_lastgap,0.0,165.28,4
1788974791.9243093,learning_extended:serverless_predictive_lastgap,4.9,165.28,4
1788974792.1263201,learning_extended:serverless_predictive_lastgap,0.0,165.28,4
1788974792.3282502,learning_extended:serverless_predictive_lastgap,0.0,165.28,4
1788974792.5310774,learning_extended:serverless_predictive_lastgap,0.0,165.28,4
1788974792.7332277,learning_extended:serverless_predictive_lastgap,0.0,165.28,4
1788974792.9350429,learning_extended:serverless_predictive_lastgap,0.0,165.28,4
1788974793.1368651,learning_extended:serverless_predictive_lastgap,10.0,165.28,4
1788974793.339048,learning_extended:serverless_predictive_lastgap,0.0,165.28,4
1788974793.5412843,learning_extended:serverless_predictive_lastgap,0.0,165.28,4
1788974793.743774,learning_extended:serverless_predictive_lastgap,0.0,165.28,4
1788974793.9460042,learning_extended:serverless_predictive_lastgap,4.9,165.28,4
1788974794.148463,learning_extended:serverless_predictive_lastgap,0.0,165.28,4
1788974794.3504982,learning_extended:serverless_predictive_lastgap,0.0,165.28,4
1788974794.5523548,learning_extended:serverless_predictive_lastgap,0.0,165.28,4
1788974794.7547789,learning_extended:serverless_predictive_lastgap,0.0,165.28,4
1788974794.9573634,learning_extended:serverless_predictive_lastgap,0.0,165.28,4
1788974795.15936,learning_extended:serverless_predictive_lastgap,4.9,165.28,4
1788974795.3616922,learning_extended:serverless_predictive_lastgap,0.0,122.71,3
1788974795.5639668,learning_extended:serverless_predictive_lastgap,0.0,80.12,2
1788974795.7659886,learning_extended:serverless_predictive_lastgap,0.0,37.61,1
1788974795.9676428,learning_extended:serverless_predictive_lastgap,0.0,55.11,2
1788974796.171098,learning_extended:serverless_predictive_lastgap,103.2,74.15,2
1788974796.372946,learning_extended:serverless_predictive_lastgap,79.3,80.18,2
1788974796.574756,learning_extended:serverless_predictive_lastgap,0.0,80.18,2
1788974796.7766602,learning_extended:serverless_predictive_lastgap,0.0,80.18,2
1788974796.9787943,learning_extended:serverless_predictive_lastgap,0.0,80.18,2
1788974797.1806865,learning_extended:serverless_predictive_lastgap,0.0,80.18,2
1788974797.3827572,learning_extended:serverless_predictive_lastgap,0.0,80.18,2
1788974797.5846286,learning_extended:serverless_predictive_lastgap,0.0,80.18,2
1788974797.7864676,learning_extended:serverless_predictive_lastgap,0.0,80.18,2
1788974797.9882307,learning_extended:serverless_predictive_lastgap,0.0,80.18,2
1788974798.1901684,learning_extended:serverless_predictive_lastgap,5.0,80.18,2
1788974798.3920028,learning_extended:serverless_predictive_lastgap,0.0,80.18,2
1788974798.593849,learning_extended:serverless_predictive_lastgap,0.0,80.18,2
1788974798.7957697,learning_extended:serverless_predictive_lastgap,0.0,80.18,2
1788974798.9977021,learning_extended:serverless_predictive_lastgap,5.0,115.75,4
1788974799.1997795,learning_extended:serverless_predictive_lastgap,187.9,152.55,4
1788974799.4016886,learning_extended:serverless_predictive_lastgap,168.3,165.33,4
1788974799.6038084,learning_extended:serverless_predictive_lastgap,0.0,165.33,4
1788974799.8059783,learning_extended:serverless_predictive_lastgap,0.0,165.33,4
1788974800.0079002,learning_extended:serverless_predictive_lastgap,0.0,165.33,4
1788974800.2105048,learning_extended:serverless_predictive_lastgap,0.0,165.33,4
1788974800.412642,learning_extended:serverless_predictive_lastgap,4.9,165.33,4
1788974800.6146805,learning_extended:serverless_predictive_lastgap,0.0,165.33,4
1788974800.8166623,learning_extended:serverless_predictive_lastgap,5.0,165.33,4
1788974801.0187836,learning_extended:serverless_predictive_lastgap,0.0,165.33,4
1788974801.2208307,learning_extended:serverless_predictive_lastgap,0.0,165.33,4
1788974801.4228628,learning_extended:serverless_predictive_lastgap,5.0,165.33,4
1788974801.6254418,learning_extended:serverless_predictive_lastgap,0.0,165.33,4
1788974801.8278422,learning_extended:serverless_predictive_lastgap,0.0,165.33,4
1788974802.0298367,learning_extended:serverless_predictive_lastgap,0.0,165.33,4
1788974802.2328482,learning_extended:serverless_predictive_lastgap,0.0,165.33,4
1788974802.435108,learning_extended:serverless_predictive_lastgap,0.0,165.33,4
1788974802.6372647,learning_extended:serverless_predictive_lastgap,0.0,165.33,4
1788974802.8392658,learning_extended:serverless_predictive_lastgap,0.0,165.33,4
1788974803.0416615,learning_extended:serverless_predictive_lastgap,0.0,165.33,4
1788974803.2436464,learning_extended:serverless_predictive_lastgap,0.0,165.33,4
1788974803.445666,learning_extended:serverless_predictive_lastgap,0.0,165.33,4
1788974803.6476672,learning_extended:serverless_predictive_lastgap,0.0,165.33,4
1788974803.850395,learning_extended:serverless_predictive_lastgap,0.0,165.33,4
1788974804.0522478,learning_extended:serverless_predictive_lastgap,0.0,165.33,4
1788974804.2542048,learning_extended:serverless_predictive_lastgap,5.0,165.33,4
1788974804.457037,learning_extended:serverless_predictive_lastgap,4.9,165.33,4
1788974804.6601725,learning_extended:serverless_predictive_lastgap,0.0,165.33,4
1788974804.8627117,learning_extended:serverless_predictive_lastgap,4.9,165.33,4
1788974805.0648084,learning_extended:serverless_predictive_lastgap,0.0,165.33,4
1788974805.26669,learning_extended:serverless_predictive_lastgap,0.0,165.33,4
1788974805.468798,learning_extended:serverless_predictive_lastgap,0.0,122.75,3
1788974805.6705472,learning_extended:serverless_predictive_lastgap,0.0,122.75,3
1788974805.8734205,learning_extended:serverless_predictive_lastgap,0.0,80.18,2
1788974806.075904,learning_extended:serverless_predictive_lastgap,0.0,37.61,1
1788974806.2784483,learning_extended:serverless_predictive_lastgap,0.0,37.61,1
1788974806.4802687,learning_extended:serverless_predictive_lastgap,0.0,37.61,1
1788974806.6820667,learning_extended:serverless_predictive_lastgap,0.0,37.61,1
1788974806.88371,learning_extended:serverless_predictive_lastgap,0.0,37.61,1
1788974807.0857522,learning_extended:serverless_predictive_lastgap,0.0,37.61,1
1788974807.287404,learning_extended:serverless_predictive_lastgap,0.0,37.61,1
1788974807.4893947,learning_extended:serverless_predictive_lastgap,0.0,37.61,1
1788974807.6912549,learning_extended:serverless_predictive_lastgap,0.0,37.61,1
1788974807.8930035,learning_extended:serverless_predictive_lastgap,0.0,37.61,1
1788974808.094782,learning_extended:serverless_predictive_lastgap,0.0,37.61,1
1788974808.2966447,learning_extended:serverless_predictive_lastgap,0.0,37.61,1
1788974808.5073278,learning_extended:serverless_predictive_lastgap,14.2,104.86,4
1788974808.709339,learning_extended:serverless_predictive_lastgap,193.0,139.52,4
1788974808.911164,learning_extended:serverless_predictive_lastgap,183.4,154.43,4
1788974809.1139853,learning_extended:serverless_predictive_lastgap,133.1,165.35,4
1788974809.3158338,learning_extended:serverless_predictive_lastgap,0.0,165.35,4
1788974809.517805,learning_extended:serverless_predictive_lastgap,0.0,165.35,4
1788974809.7196298,learning_extended:serverless_predictive_lastgap,0.0,165.35,4
1788974809.9218013,learning_extended:serverless_predictive_lastgap,0.0,165.35,4
1788974810.1237278,learning_extended:serverless_predictive_lastgap,0.0,165.35,4
1788974810.3258483,learning_extended:serverless_predictive_lastgap,4.9,165.35,4
1788974810.5277836,learning_extended:serverless_predictive_lastgap,0.0,165.35,4
1788974810.729822,learning_extended:serverless_predictive_lastgap,0.0,165.35,4
1788974810.9317305,learning_extended:serverless_predictive_lastgap,0.0,165.35,4
1788974811.1337714,learning_extended:serverless_predictive_lastgap,0.0,165.35,4
1788974811.3356738,learning_extended:serverless_predictive_lastgap,5.0,165.35,4
1788974811.5376072,learning_extended:serverless_predictive_lastgap,0.0,165.35,4
1788974811.7396312,learning_extended:serverless_predictive_lastgap,5.0,165.35,4
1788974811.9416995,learning_extended:serverless_predictive_lastgap,0.0,165.35,4
1788974812.1438026,learning_extended:serverless_predictive_lastgap,0.0,165.35,4
1788974812.3459191,learning_extended:serverless_predictive_lastgap,4.9,165.35,4
1788974812.5481505,learning_extended:serverless_predictive_lastgap,0.0,165.35,4
1788974812.7500732,learning_extended:serverless_predictive_lastgap,0.0,165.35,4
1788974812.9520013,learning_extended:serverless_predictive_lastgap,0.0,165.35,4
1788974813.1541142,learning_extended:serverless_predictive_lastgap,0.0,165.35,4
1788974813.355991,learning_extended:serverless_predictive_lastgap,0.0,165.35,4
1788974813.557901,learning_extended:serverless_predictive_lastgap,0.0,165.35,4
1788974813.759741,learning_extended:serverless_predictive_lastgap,0.0,165.35,4
1788974813.9616728,learning_extended:serverless_predictive_lastgap,0.0,165.35,4
1788974814.1634986,learning_extended:serverless_predictive_lastgap,0.0,165.35,4
1788974814.3655078,learning_extended:serverless_predictive_lastgap,0.0,165.35,4
1788974814.5673394,learning_extended:serverless_predictive_lastgap,0.0,165.35,4
1788974814.7692888,learning_extended:serverless_predictive_lastgap,0.0,165.35,4
1788974814.9711337,learning_extended:serverless_predictive_lastgap,0.0,165.35,4
1788974815.1729796,learning_extended:serverless_predictive_lastgap,0.0,165.35,4
1788974815.374838,learning_extended:serverless_predictive_lastgap,5.0,80.21,2
1788974815.5768402,learning_extended:serverless_predictive_lastgap,0.0,80.21,2
1788974815.7790706,learning_extended:serverless_predictive_lastgap,0.0,37.62,2
1788974815.980744,learning_extended:serverless_predictive_lastgap,0.0,37.62,1
1788974816.1824868,learning_extended:serverless_predictive_lastgap,0.0,37.62,1
1788974816.384311,learning_extended:serverless_predictive_lastgap,0.0,37.62,1
1788974816.5860782,learning_extended:serverless_predictive_lastgap,0.0,37.62,1
1788974816.7876732,learning_extended:serverless_predictive_lastgap,0.0,37.62,1
1788974816.9893558,learning_extended:serverless_predictive_lastgap,5.0,67.85,2
1788974817.1947696,learning_extended:serverless_predictive_lastgap,102.3,90.85,4
1788974817.3970227,learning_extended:serverless_predictive_lastgap,197.8,145.51,4
1788974817.5992384,learning_extended:serverless_predictive_lastgap,183.0,164.27,4
1788974818.4467146,learning_extended:serverless_predictive_movavg,0.0,36.62,1
1788974818.6484585,learning_extended:serverless_predictive_movavg,0.0,36.62,1
1788974818.850222,learning_extended:serverless_predictive_movavg,0.0,36.62,1
1788974819.0525017,learning_extended:serverless_predictive_movavg,0.0,36.62,1
1788974819.254266,learning_extended:serverless_predictive_movavg,0.0,36.62,1
1788974819.4562428,learning_extended:serverless_predictive_movavg,0.0,36.62,1
1788974819.6580462,learning_extended:serverless_predictive_movavg,0.0,36.62,1
1788974819.859592,learning_extended:serverless_predictive_movavg,0.0,36.62,1
1788974820.0613403,learning_extended:serverless_predictive_movavg,0.0,36.62,1
1788974820.2630036,learning_extended:serverless_predictive_movavg,0.0,36.62,1
1788974820.4646142,learning_extended:serverless_predictive_movavg,0.0,36.62,1
1788974820.666445,learning_extended:serverless_predictive_movavg,0.0,36.62,1
1788974820.868145,learning_extended:serverless_predictive_movavg,0.0,36.62,1
1788974821.0699172,learning_extended:serverless_predictive_movavg,0.0,36.62,1
1788974821.2715054,learning_extended:serverless_predictive_movavg,0.0,36.62,1
1788974821.473047,learning_extended:serverless_predictive_movavg,5.0,36.62,1
1788974821.6746361,learning_extended:serverless_predictive_movavg,0.0,36.62,1
1788974821.8761954,learning_extended:serverless_predictive_movavg,0.0,36.62,1
1788974822.0778818,learning_extended:serverless_predictive_movavg,0.0,36.62,1
1788974822.2794619,learning_extended:serverless_predictive_movavg,0.0,36.62,1
1788974822.4814193,learning_extended:serverless_predictive_movavg,0.0,36.62,1
1788974822.6830573,learning_extended:serverless_predictive_movavg,0.0,36.62,1
1788974822.8846424,learning_extended:serverless_predictive_movavg,0.0,36.62,1
1788974823.0863955,learning_extended:serverless_predictive_movavg,0.0,36.62,1
1788974823.288139,learning_extended:serverless_predictive_movavg,0.0,36.62,1
1788974823.489809,learning_extended:serverless_predictive_movavg,0.0,36.62,1
1788974823.6913943,learning_extended:serverless_predictive_movavg,0.0,36.62,1
1788974823.8929932,learning_extended:serverless_predictive_movavg,0.0,36.62,1
1788974824.094646,learning_extended:serverless_predictive_movavg,0.0,36.62,1
1788974824.2963254,learning_extended:serverless_predictive_movavg,0.0,36.62,1
1788974824.4980838,learning_extended:serverless_predictive_movavg,0.0,36.62,1
1788974824.699761,learning_extended:serverless_predictive_movavg,5.0,36.62,1
1788974824.9014719,learning_extended:serverless_predictive_movavg,0.0,36.62,1
1788974825.1036665,learning_extended:serverless_predictive_movavg,0.0,36.62,1
1788974825.3053713,learning_extended:serverless_predictive_movavg,0.0,36.62,1
1788974825.5077798,learning_extended:serverless_predictive_movavg,0.0,36.62,1
1788974825.710356,learning_extended:serverless_predictive_movavg,0.0,36.62,1
1788974825.9120097,learning_extended:serverless_predictive_movavg,0.0,36.62,1
1788974826.1137192,learning_extended:serverless_predictive_movavg,0.0,36.62,1
1788974826.3155875,learning_extended:serverless_predictive_movavg,0.0,36.62,1
1788974826.5214548,learning_extended:serverless_predictive_movavg,236.1,57.82,4
1788974826.7265751,learning_extended:serverless_predictive_movavg,190.1,125.2,4
1788974826.9283018,learning_extended:serverless_predictive_movavg,188.4,149.09,4
1788974827.130579,learning_extended:serverless_predictive_movavg,168.0,164.65,4
1788974827.3324084,learning_extended:serverless_predictive_movavg,5.0,164.79,4
1788974827.5343492,learning_extended:serverless_predictive_movavg,0.0,164.79,4
1788974827.7362254,learning_extended:serverless_predictive_movavg,0.0,164.79,4
1788974827.9383216,learning_extended:serverless_predictive_movavg,0.0,164.79,4
1788974828.1400704,learning_extended:serverless_predictive_movavg,0.0,164.79,4
1788974828.341971,learning_extended:serverless_predictive_movavg,0.0,164.79,4
1788974828.5438294,learning_extended:serverless_predictive_movavg,0.0,164.79,4
1788974828.745787,learning_extended:serverless_predictive_movavg,0.0,164.79,4
1788974828.9475853,learning_extended:serverless_predictive_movavg,5.0,164.79,4
1788974829.1494758,learning_extended:serverless_predictive_movavg,0.0,164.79,4
1788974829.3514833,learning_extended:serverless_predictive_movavg,0.0,164.79,4
1788974829.5533693,learning_extended:serverless_predictive_movavg,0.0,164.79,4
1788974829.755318,learning_extended:serverless_predictive_movavg,0.0,164.79,4
1788974829.957286,learning_extended:serverless_predictive_movavg,0.0,164.79,4
1788974830.160021,learning_extended:serverless_predictive_movavg,4.9,164.79,4
1788974830.3628843,learning_extended:serverless_predictive_movavg,0.0,164.79,4
1788974830.5656238,learning_extended:serverless_predictive_movavg,4.9,164.79,4
1788974830.7683067,learning_extended:serverless_predictive_movavg,0.0,164.79,4
1788974830.9705462,learning_extended:serverless_predictive_movavg,0.0,164.79,4
1788974831.1723385,learning_extended:serverless_predictive_movavg,0.0,164.79,4
1788974831.374682,learning_extended:serverless_predictive_movavg,0.0,164.79,4
1788974831.5767179,learning_extended:serverless_predictive_movavg,0.0,164.79,4
1788974831.7787998,learning_extended:serverless_predictive_movavg,0.0,164.79,4
1788974831.981082,learning_extended:serverless_predictive_movavg,0.0,164.79,4
1788974832.1833825,learning_extended:serverless_predictive_movavg,4.9,164.8,4
1788974832.3854325,learning_extended:serverless_predictive_movavg,0.0,164.8,4
1788974832.5875957,learning_extended:serverless_predictive_movavg,0.0,164.8,4
1788974832.7904155,learning_extended:serverless_predictive_movavg,0.0,164.8,4
1788974832.9928315,learning_extended:serverless_predictive_movavg,0.0,164.8,4
1788974833.1949787,learning_extended:serverless_predictive_movavg,4.9,164.88,4
1788974833.3972998,learning_extended:serverless_predictive_movavg,0.0,122.38,3
1788974833.5996158,learning_extended:serverless_predictive_movavg,0.0,79.8,2
1788974833.8017988,learning_extended:serverless_predictive_movavg,0.0,37.13,1
1788974834.0039449,learning_extended:serverless_predictive_movavg,0.0,37.13,1
1788974834.20596,learning_extended:serverless_predictive_movavg,0.0,37.13,1
1788974834.408398,learning_extended:serverless_predictive_movavg,0.0,37.13,1
1788974834.6104827,learning_extended:serverless_predictive_movavg,0.0,37.13,1
1788974834.813219,learning_extended:serverless_predictive_movavg,0.0,37.13,1
1788974835.0152624,learning_extended:serverless_predictive_movavg,0.0,37.13,1
1788974835.2175624,learning_extended:serverless_predictive_movavg,4.9,37.13,1
1788974835.4234653,learning_extended:serverless_predictive_movavg,4.9,83.52,4
1788974835.6296139,learning_extended:serverless_predictive_movavg,199.0,131.07,4
1788974835.8337023,learning_extended:serverless_predictive_movavg,196.0,152.39,4
1788974836.0365136,learning_extended:serverless_predictive_movavg,152.8,164.97,4
1788974836.2388093,learning_extended:serverless_predictive_movavg,0.0,164.97,4
1788974836.4423604,learning_extended:serverless_predictive_movavg,0.0,164.97,4
1788974836.6444962,learning_extended:serverless_predictive_movavg,4.9,164.97,4
1788974836.847281,learning_extended:serverless_predictive_movavg,4.9,164.97,4
1788974837.0494137,learning_extended:serverless_predictive_movavg,0.0,164.97,4
1788974837.2515554,learning_extended:serverless_predictive_movavg,0.0,164.97,4
1788974837.4538095,learning_extended:serverless_predictive_movavg,0.0,164.97,4
1788974837.6569638,learning_extended:serverless_predictive_movavg,4.9,164.97,4
1788974837.858877,learning_extended:serverless_predictive_movavg,0.0,164.97,4
1788974838.060886,learning_extended:serverless_predictive_movavg,0.0,164.97,4
1788974838.2628942,learning_extended:serverless_predictive_movavg,0.0,164.97,4
1788974838.4650378,learning_extended:serverless_predictive_movavg,0.0,164.97,4
1788974838.6672504,learning_extended:serverless_predictive_movavg,0.0,164.97,4
1788974838.8693132,learning_extended:serverless_predictive_movavg,5.0,164.97,4
1788974839.0712826,learning_extended:serverless_predictive_movavg,0.0,164.97,4
1788974839.273372,learning_extended:serverless_predictive_movavg,0.0,164.97,4
1788974839.4766853,learning_extended:serverless_predictive_movavg,0.0,164.97,4
1788974839.678807,learning_extended:serverless_predictive_movavg,0.0,164.97,4
1788974839.880853,learning_extended:serverless_predictive_movavg,0.0,164.97,4
1788974840.083616,learning_extended:serverless_predictive_movavg,0.0,164.97,4
1788974840.285788,learning_extended:serverless_predictive_movavg,0.0,164.97,4
1788974840.4877727,learning_extended:serverless_predictive_movavg,0.0,164.97,4
1788974840.6898477,learning_extended:serverless_predictive_movavg,0.0,164.97,4
1788974840.8918986,learning_extended:serverless_predictive_movavg,0.0,164.97,4
1788974841.0941038,learning_extended:serverless_predictive_movavg,4.9,164.97,4
1788974841.2961333,learning_extended:serverless_predictive_movavg,0.0,164.97,4
1788974841.4981678,learning_extended:serverless_predictive_movavg,0.0,164.97,4
1788974841.700306,learning_extended:serverless_predictive_movavg,0.0,164.97,4
1788974841.9024804,learning_extended:serverless_predictive_movavg,0.0,164.97,4
1788974842.104645,learning_extended:serverless_predictive_movavg,0.0,164.97,4
1788974842.306658,learning_extended:serverless_predictive_movavg,5.0,79.81,3
1788974842.5088215,learning_extended:serverless_predictive_movavg,0.0,79.81,2
1788974842.7107005,learning_extended:serverless_predictive_movavg,0.0,79.81,2
1788974842.912619,learning_extended:serverless_predictive_movavg,0.0,37.25,1
1788974843.114808,learning_extended:serverless_predictive_movavg,0.0,37.25,1
1788974843.316738,learning_extended:serverless_predictive_movavg,0.0,67.61,2
1788974843.5185258,learning_extended:serverless_predictive_movavg,104.1,76.6,2
1788974843.720453,learning_extended:serverless_predictive_movavg,24.8,79.8,2
1788974843.9224231,learning_extended:serverless_predictive_movavg,0.0,79.8,2
1788974844.1243792,learning_extended:serverless_predictive_movavg,5.0,79.8,2
1788974844.3263338,learning_extended:serverless_predictive_movavg,0.0,79.8,2
1788974844.5283017,learning_extended:serverless_predictive_movavg,0.0,79.8,2
1788974844.730378,learning_extended:serverless_predictive_movavg,0.0,79.8,2
1788974844.9323053,learning_extended:serverless_predictive_movavg,0.0,79.8,2
1788974845.1344852,learning_extended:serverless_predictive_movavg,0.0,79.8,2
1788974845.3364716,learning_extended:serverless_predictive_movavg,0.0,79.8,2
1788974845.5390773,learning_extended:serverless_predictive_movavg,0.0,79.8,2
1788974845.7410007,learning_extended:serverless_predictive_movavg,0.0,79.8,2
1788974845.9429262,learning_extended:serverless_predictive_movavg,0.0,79.8,2
1788974846.145191,learning_extended:serverless_predictive_movavg,9.8,137.18,4
1788974846.348034,learning_extended:serverless_predictive_movavg,197.1,158.74,4
1788974846.550823,learning_extended:serverless_predictive_movavg,54.2,164.98,4
1788974846.7530208,learning_extended:serverless_predictive_movavg,0.0,164.98,4
1788974846.9548175,learning_extended:serverless_predictive_movavg,5.0,164.98,4
1788974847.1567948,learning_extended:serverless_predictive_movavg,0.0,164.98,4
1788974847.3588982,learning_extended:serverless_predictive_movavg,4.9,164.98,4
1788974847.5609832,learning_extended:serverless_predictive_movavg,0.0,164.98,4
1788974847.7630472,learning_extended:serverless_predictive_movavg,0.0,164.98,4
1788974847.965056,learning_extended:serverless_predictive_movavg,0.0,164.98,4
1788974848.1671746,learning_extended:serverless_predictive_movavg,0.0,164.98,4
1788974848.3693151,learning_extended:serverless_predictive_movavg,0.0,164.98,4
1788974848.5713456,learning_extended:serverless_predictive_movavg,0.0,164.98,4
1788974848.7738268,learning_extended:serverless_predictive_movavg,0.0,164.98,4
1788974848.9759276,learning_extended:serverless_predictive_movavg,4.9,164.98,4
1788974849.1779602,learning_extended:serverless_predictive_movavg,0.0,164.98,4
1788974849.3802695,learning_extended:serverless_predictive_movavg,0.0,164.98,4
1788974849.5823016,learning_extended:serverless_predictive_movavg,0.0,164.98,4
1788974849.7842734,learning_extended:serverless_predictive_movavg,0.0,164.98,4
1788974849.9863467,learning_extended:serverless_predictive_movavg,0.0,164.98,4
1788974850.1882918,learning_extended:serverless_predictive_movavg,0.0,164.98,4
1788974850.3903482,learning_extended:serverless_predictive_movavg,0.0,164.98,4
1788974850.5928702,learning_extended:serverless_predictive_movavg,0.0,164.98,4
1788974850.7952852,learning_extended:serverless_predictive_movavg,0.0,164.98,4
1788974850.9973934,learning_extended:serverless_predictive_movavg,0.0,164.98,4
1788974851.1994243,learning_extended:serverless_predictive_movavg,0.0,164.98,4
1788974851.401435,learning_extended:serverless_predictive_movavg,0.0,164.98,4
1788974851.6035137,learning_extended:serverless_predictive_movavg,4.9,164.98,4
1788974851.805674,learning_extended:serverless_predictive_movavg,0.0,164.98,4
1788974852.0086427,learning_extended:serverless_predictive_movavg,0.0,164.98,4
1788974852.2106614,learning_extended:serverless_predictive_movavg,4.9,164.98,4
1788974852.4126697,learning_extended:serverless_predictive_movavg,10.0,164.98,4
1788974852.6146057,learning_extended:serverless_predictive_movavg,0.0,122.44,3
1788974852.8164942,learning_extended:serverless_predictive_movavg,0.0,122.44,3
1788974853.0183787,learning_extended:serverless_predictive_movavg,0.0,79.91,2
1788974853.2201874,learning_extended:serverless_predictive_movavg,0.0,37.26,1
1788974853.4220064,learning_extended:serverless_predictive_movavg,0.0,37.26,1
1788974853.6238525,learning_extended:serverless_predictive_movavg,0.0,37.26,1
1788974853.825678,learning_extended:serverless_predictive_movavg,0.0,37.26,1
1788974854.0273893,learning_extended:serverless_predictive_movavg,0.0,37.26,1
1788974854.2297397,learning_extended:serverless_predictive_movavg,0.0,37.26,1
1788974854.4314084,learning_extended:serverless_predictive_movavg,0.0,37.26,1
1788974854.637822,learning_extended:serverless_predictive_movavg,4.8,100.99,4
1788974854.839686,learning_extended:serverless_predictive_movavg,198.2,137.02,4
1788974855.042258,learning_extended:serverless_predictive_movavg,182.6,155.38,4
1788974855.2442935,learning_extended:serverless_predictive_movavg,108.8,165.11,4
1788974855.4463012,learning_extended:serverless_predictive_movavg,0.0,165.11,4
1788974855.6482723,learning_extended:serverless_predictive_movavg,0.0,165.11,4
1788974855.8503454,learning_extended:serverless_predictive_movavg,0.0,165.11,4
1788974856.052392,learning_extended:serverless_predictive_movavg,0.0,165.11,4
1788974856.254507,learning_extended:serverless_predictive_movavg,0.0,165.11,4
1788974856.4565597,learning_extended:serverless_predictive_movavg,0.0,165.11,4
1788974856.6587381,learning_extended:serverless_predictive_movavg,0.0,165.11,4
1788974856.8609996,learning_extended:serverless_predictive_movavg,0.0,165.11,4
1788974857.0640864,learning_extended:serverless_predictive_movavg,0.0,165.11,4
1788974857.2672238,learning_extended:serverless_predictive_movavg,0.0,165.11,4
1788974857.4702432,learning_extended:serverless_predictive_movavg,0.0,165.11,4
1788974857.6732879,learning_extended:serverless_predictive_movavg,0.0,165.11,4
1788974857.8761628,learning_extended:serverless_predictive_movavg,0.0,165.11,4
1788974858.0782652,learning_extended:serverless_predictive_movavg,0.0,165.11,4
1788974858.280351,learning_extended:serverless_predictive_movavg,0.0,165.11,4
1788974858.4824984,learning_extended:serverless_predictive_movavg,4.9,165.11,4
1788974858.6854851,learning_extended:serverless_predictive_movavg,4.9,165.11,4
1788974858.8873882,learning_extended:serverless_predictive_movavg,0.0,165.11,4
1788974859.0894141,learning_extended:serverless_predictive_movavg,0.0,165.11,4
1788974859.292121,learning_extended:serverless_predictive_movavg,0.0,165.11,4
1788974859.4942422,learning_extended:serverless_predictive_movavg,0.0,165.11,4
1788974859.6962626,learning_extended:serverless_predictive_movavg,0.0,165.11,4
1788974859.898272,learning_extended:serverless_predictive_movavg,10.0,165.11,4
1788974860.1003225,learning_extended:serverless_predictive_movavg,0.0,165.11,4
1788974860.302598,learning_extended:serverless_predictive_movavg,4.9,165.11,4
1788974860.5046287,learning_extended:serverless_predictive_movavg,0.0,165.11,4
1788974860.7067218,learning_extended:serverless_predictive_movavg,0.0,165.11,4
1788974860.9085853,learning_extended:serverless_predictive_movavg,0.0,165.11,4
1788974861.1105905,learning_extended:serverless_predictive_movavg,0.0,165.11,4
1788974861.3125868,learning_extended:serverless_predictive_movavg,0.0,165.11,4
1788974861.5148842,learning_extended:serverless_predictive_movavg,0.0,122.52,3
1788974861.7169337,learning_extended:serverless_predictive_movavg,4.9,79.85,2
1788974861.9186745,learning_extended:serverless_predictive_movavg,0.0,37.32,1
1788974862.1206892,learning_extended:serverless_predictive_movavg,0.0,37.32,1
1788974862.322658,learning_extended:serverless_predictive_movavg,0.0,37.32,1
1788974862.5248492,learning_extended:serverless_predictive_movavg,0.0,37.32,1
1788974862.7266757,learning_extended:serverless_predictive_movavg,0.0,37.32,1
1788974862.9284217,learning_extended:serverless_predictive_movavg,0.0,57.41,2
1788974863.13022,learning_extended:serverless_predictive_movavg,99.1,74.41,2
1788974863.3322892,learning_extended:serverless_predictive_movavg,54.5,79.87,2
1788974863.5342312,learning_extended:serverless_predictive_movavg,0.0,79.87,2
1788974863.7361205,learning_extended:serverless_predictive_movavg,0.0,79.87,2
1788974863.9380043,learning_extended:serverless_predictive_movavg,0.0,79.87,2
1788974864.1398623,learning_extended:serverless_predictive_movavg,0.0,79.87,2
1788974864.3419633,learning_extended:serverless_predictive_movavg,4.9,79.87,2
1788974864.5439045,learning_extended:serverless_predictive_movavg,0.0,79.87,2
1788974864.7459133,learning_extended:serverless_predictive_movavg,0.0,79.87,2
1788974864.9500964,learning_extended:serverless_predictive_movavg,14.7,131.02,4
1788974865.1529024,learning_extended:serverless_predictive_movavg,202.1,154.24,4
1788974865.3551316,learning_extended:serverless_predictive_movavg,98.8,165.01,4
1788974865.5572283,learning_extended:serverless_predictive_movavg,0.0,165.01,4
1788974865.7592797,learning_extended:serverless_predictive_movavg,4.9,165.01,4
1788974865.9619076,learning_extended:serverless_predictive_movavg,0.0,165.01,4
1788974866.164248,learning_extended:serverless_predictive_movavg,0.0,165.01,4
1788974866.3662953,learning_extended:serverless_predictive_movavg,0.0,165.01,4
1788974866.5695124,learning_extended:serverless_predictive_movavg,0.0,165.01,4
1788974866.772439,learning_extended:serverless_predictive_movavg,0.0,165.01,4
1788974866.9747882,learning_extended:serverless_predictive_movavg,4.9,165.01,4
1788974867.1767902,learning_extended:serverless_predictive_movavg,5.0,165.01,4
1788974867.379011,learning_extended:serverless_predictive_movavg,0.0,165.01,4
1788974867.5810304,learning_extended:serverless_predictive_movavg,4.9,165.01,4
1788974867.7831845,learning_extended:serverless_predictive_movavg,0.0,165.01,4
1788974867.985399,learning_extended:serverless_predictive_movavg,0.0,165.01,4
1788974868.1877613,learning_extended:serverless_predictive_movavg,0.0,165.01,4
1788974868.3899484,learning_extended:serverless_predictive_movavg,0.0,165.01,4
1788974868.5933998,learning_extended:serverless_predictive_movavg,0.0,165.01,4
1788974868.7964025,learning_extended:serverless_predictive_movavg,0.0,165.01,4
1788974868.9985735,learning_extended:serverless_predictive_movavg,0.0,165.01,4
1788974869.2006087,learning_extended:serverless_predictive_movavg,0.0,165.01,4
1788974869.4028475,learning_extended:serverless_predictive_movavg,0.0,165.01,4
1788974869.6059034,learning_extended:serverless_predictive_movavg,4.9,165.01,4
1788974869.8079808,learning_extended:serverless_predictive_movavg,0.0,165.01,4
1788974870.010068,learning_extended:serverless_predictive_movavg,0.0,165.01,4
1788974870.2121046,learning_extended:serverless_predictive_movavg,0.0,165.01,4
1788974870.414597,learning_extended:serverless_predictive_movavg,0.0,165.01,4
1788974870.616896,learning_extended:serverless_predictive_movavg,4.9,165.01,4
1788974870.8189452,learning_extended:serverless_predictive_movavg,0.0,165.01,4
1788974871.0217636,learning_extended:serverless_predictive_movavg,0.0,165.01,4
1788974871.224584,learning_extended:serverless_predictive_movavg,0.0,165.01,4
1788974871.4265378,learning_extended:serverless_predictive_movavg,0.0,122.45,3
1788974871.628457,learning_extended:serverless_predictive_movavg,0.0,122.45,3
1788974871.8304336,learning_extended:serverless_predictive_movavg,0.0,79.96,2
1788974872.0328438,learning_extended:serverless_predictive_movavg,0.0,37.33,1
1788974872.235187,learning_extended:serverless_predictive_movavg,0.0,37.33,1
1788974872.436888,learning_extended:serverless_predictive_movavg,0.0,37.33,1
1788974872.6393747,learning_extended:serverless_predictive_movavg,0.0,37.33,1
1788974872.8410776,learning_extended:serverless_predictive_movavg,0.0,37.33,1
1788974873.0432837,learning_extended:serverless_predictive_movavg,4.9,37.33,1
1788974873.2451599,learning_extended:serverless_predictive_movavg,0.0,37.33,1
1788974873.4508529,learning_extended:serverless_predictive_movavg,0.0,80.25,4
1788974873.652882,learning_extended:serverless_predictive_movavg,188.0,128.72,4
1788974873.8548217,learning_extended:serverless_predictive_movavg,193.2,151.72,4
1788974874.0597658,learning_extended:serverless_predictive_movavg,141.6,165.34,4
1788974874.2618785,learning_extended:serverless_predictive_movavg,4.9,165.34,4
1788974874.464493,learning_extended:serverless_predictive_movavg,0.0,165.34,4
1788974874.6665337,learning_extended:serverless_predictive_movavg,0.0,165.34,4
1788974874.8685207,learning_extended:serverless_predictive_movavg,0.0,165.34,4
1788974875.0712302,learning_extended:serverless_predictive_movavg,4.9,165.34,4
1788974875.2734551,learning_extended:serverless_predictive_movavg,0.0,165.34,4
1788974875.4754324,learning_extended:serverless_predictive_movavg,0.0,165.34,4
1788974875.6775799,learning_extended:serverless_predictive_movavg,0.0,165.34,4
1788974875.8797238,learning_extended:serverless_predictive_movavg,0.0,165.34,4
1788974876.0821812,learning_extended:serverless_predictive_movavg,0.0,165.34,4
1788974876.2844307,learning_extended:serverless_predictive_movavg,0.0,165.34,4
1788974876.4865675,learning_extended:serverless_predictive_movavg,0.0,165.34,4
1788974876.6888006,learning_extended:serverless_predictive_movavg,0.0,165.34,4
1788974876.8908722,learning_extended:serverless_predictive_movavg,0.0,165.34,4
1788974877.09287,learning_extended:serverless_predictive_movavg,0.0,165.34,4
1788974877.2949631,learning_extended:serverless_predictive_movavg,0.0,165.34,4
1788974877.4969425,learning_extended:serverless_predictive_movavg,0.0,165.34,4
1788974877.6989799,learning_extended:serverless_predictive_movavg,0.0,165.34,4
1788974877.9009237,learning_extended:serverless_predictive_movavg,5.0,165.34,4
1788974878.1028934,learning_extended:serverless_predictive_movavg,0.0,165.34,4
1788974878.3050678,learning_extended:serverless_predictive_movavg,0.0,165.34,4
1788974878.5071194,learning_extended:serverless_predictive_movavg,0.0,165.34,4
1788974878.709079,learning_extended:serverless_predictive_movavg,0.0,165.34,4
1788974878.9114287,learning_extended:serverless_predictive_movavg,4.9,165.34,4
1788974879.1134322,learning_extended:serverless_predictive_movavg,0.0,165.34,4
1788974879.315365,learning_extended:serverless_predictive_movavg,0.0,165.34,4
1788974879.5174625,learning_extended:serverless_predictive_movavg,0.0,165.34,4
1788974879.7194383,learning_extended:serverless_predictive_movavg,5.0,165.34,4
1788974879.9217405,learning_extended:serverless_predictive_movavg,4.9,165.34,4
1788974880.123813,learning_extended:serverless_predictive_movavg,0.0,165.34,4
1788974880.3262017,learning_extended:serverless_predictive_movavg,0.0,165.34,4
1788974880.5282884,learning_extended:serverless_predictive_movavg,0.0,122.57,3
1788974880.7303948,learning_extended:serverless_predictive_movavg,0.0,80.03,2
1788974880.9424071,learning_extended:serverless_predictive_movavg,0.0,37.35,1
1788974881.1442847,learning_extended:serverless_predictive_movavg,0.0,37.35,1
1788974881.3461676,learning_extended:serverless_predictive_movavg,0.0,37.35,1
1788974881.5479116,learning_extended:serverless_predictive_movavg,0.0,37.35,1
1788974881.7499254,learning_extended:serverless_predictive_movavg,5.0,37.35,1
1788974881.9518735,learning_extended:serverless_predictive_movavg,0.0,61.77,2
1788974882.153786,learning_extended:serverless_predictive_movavg,104.1,75.09,2
1788974882.355566,learning_extended:serverless_predictive_movavg,44.6,79.98,2
1788974882.5574634,learning_extended:serverless_predictive_movavg,0.0,79.98,2
1788974882.7599804,learning_extended:serverless_predictive_movavg,0.0,79.98,2
1788974882.962098,learning_extended:serverless_predictive_movavg,0.0,79.98,2
1788974883.167214,learning_extended:serverless_predictive_movavg,4.9,96.64,4
1788974883.3737528,learning_extended:serverless_predictive_movavg,188.8,148.43,4
1788974883.5757008,learning_extended:serverless_predictive_movavg,183.2,164.46,4
1788974883.7782369,learning_extended:serverless_predictive_movavg,9.8,165.13,4
1788974883.9801955,learning_extended:serverless_predictive_movavg,0.0,165.13,4
1788974884.1831136,learning_extended:serverless_predictive_movavg,4.9,165.13,4
1788974884.3852565,learning_extended:serverless_predictive_movavg,0.0,165.13,4
1788974884.587176,learning_extended:serverless_predictive_movavg,5.0,165.13,4
1788974884.7893867,learning_extended:serverless_predictive_movavg,0.0,165.13,4
1788974884.9914186,learning_extended:serverless_predictive_movavg,4.9,165.13,4
1788974885.193472,learning_extended:serverless_predictive_movavg,0.0,165.13,4
1788974885.3957813,learning_extended:serverless_predictive_movavg,0.0,165.13,4
1788974885.5981889,learning_extended:serverless_predictive_movavg,0.0,165.13,4
1788974885.8001971,learning_extended:serverless_predictive_movavg,0.0,165.13,4
1788974886.002614,learning_extended:serverless_predictive_movavg,0.0,165.13,4
1788974886.2046793,learning_extended:serverless_predictive_movavg,0.0,165.13,4
1788974886.4067209,learning_extended:serverless_predictive_movavg,0.0,165.13,4
1788974886.6087575,learning_extended:serverless_predictive_movavg,0.0,165.13,4
1788974886.8118465,learning_extended:serverless_predictive_movavg,0.0,165.13,4
1788974887.0139825,learning_extended:serverless_predictive_movavg,0.0,165.13,4
1788974887.2163684,learning_extended:serverless_predictive_movavg,4.9,165.13,4
1788974887.4188173,learning_extended:serverless_predictive_movavg,0.0,165.13,4
1788974887.6219325,learning_extended:serverless_predictive_movavg,0.0,165.13,4
1788974887.8239152,learning_extended:serverless_predictive_movavg,0.0,165.13,4
1788974888.0259566,learning_extended:serverless_predictive_movavg,0.0,165.13,4
1788974888.228134,learning_extended:serverless_predictive_movavg,0.0,165.13,4
1788974888.4303124,learning_extended:serverless_predictive_movavg,0.0,165.13,4
1788974888.6323802,learning_extended:serverless_predictive_movavg,0.0,165.13,4
1788974888.8346221,learning_extended:serverless_predictive_movavg,0.0,165.13,4
1788974889.0366464,learning_extended:serverless_predictive_movavg,0.0,165.13,4
1788974889.2393534,learning_extended:serverless_predictive_movavg,0.0,165.13,4
1788974889.4418972,learning_extended:serverless_predictive_movavg,4.9,165.13,4
1788974889.6438875,learning_extended:serverless_predictive_movavg,0.0,122.51,3
1788974889.8459036,learning_extended:serverless_predictive_movavg,0.0,122.51,3
1788974890.0479288,learning_extended:serverless_predictive_movavg,0.0,80.01,2
1788974890.2499278,learning_extended:serverless_predictive_movavg,0.0,37.37,1
1788974890.4517183,learning_extended:serverless_predictive_movavg,0.0,37.37,1
1788974890.6535456,learning_extended:serverless_predictive_movavg,0.0,37.37,1
1788974890.8560896,learning_extended:serverless_predictive_movavg,0.0,37.37,1
1788974891.0592377,learning_extended:serverless_predictive_movavg,0.0,37.37,1
1788974891.2610846,learning_extended:serverless_predictive_movavg,0.0,37.37,1
1788974891.463063,learning_extended:serverless_predictive_movavg,5.0,37.37,1
1788974891.6649866,learning_extended:serverless_predictive_movavg,0.0,37.37,1
1788974891.8667595,learning_extended:serverless_predictive_movavg,0.0,54.0,2
1788974892.068709,learning_extended:serverless_predictive_movavg,104.0,73.55,2
1788974892.2706428,learning_extended:serverless_predictive_movavg,89.1,79.9,2
1788974892.4725375,learning_extended:serverless_predictive_movavg,0.0,79.9,2
1788974892.674461,learning_extended:serverless_predictive_movavg,5.0,79.9,2
1788974892.8764951,learning_extended:serverless_predictive_movavg,0.0,79.9,2
1788974893.079187,learning_extended:serverless_predictive_movavg,0.0,79.9,2
1788974893.281815,learning_extended:serverless_predictive_movavg,4.9,79.9,2
1788974893.48417,learning_extended:serverless_predictive_movavg,0.0,80.96,3
1788974893.6863654,learning_extended:serverless_predictive_movavg,118.7,145.86,4
1788974893.8888643,learning_extended:serverless_predictive_movavg,187.6,164.38,4
1788974894.0916398,learning_extended:serverless_predictive_movavg,14.8,165.12,4
1788974894.2940025,learning_extended:serverless_predictive_movavg,0.0,165.12,4
1788974894.4960194,learning_extended:serverless_predictive_movavg,0.0,165.12,4
1788974894.6981192,learning_extended:serverless_predictive_movavg,0.0,165.12,4
1788974894.9000654,learning_extended:serverless_predictive_movavg,0.0,165.12,4
1788974895.1020875,learning_extended:serverless_predictive_movavg,0.0,165.12,4
1788974895.3040547,learning_extended:serverless_predictive_movavg,0.0,165.12,4
1788974895.5062094,learning_extended:serverless_predictive_movavg,0.0,165.12,4
1788974895.7082384,learning_extended:serverless_predictive_movavg,0.0,165.12,4
1788974895.9104588,learning_extended:serverless_predictive_movavg,0.0,165.12,4
1788974896.1126888,learning_extended:serverless_predictive_movavg,0.0,165.12,4
1788974896.3159292,learning_extended:serverless_predictive_movavg,0.0,165.12,4
1788974896.5184226,learning_extended:serverless_predictive_movavg,4.9,165.12,4
1788974896.720539,learning_extended:serverless_predictive_movavg,0.0,165.12,4
1788974896.922693,learning_extended:serverless_predictive_movavg,0.0,165.12,4
1788974897.1255772,learning_extended:serverless_predictive_movavg,0.0,165.12,4
1788974897.327758,learning_extended:serverless_predictive_movavg,0.0,165.12,4
1788974897.5299041,learning_extended:serverless_predictive_movavg,0.0,165.12,4
1788974897.7321532,learning_extended:serverless_predictive_movavg,9.8,165.12,4
1788974897.9342268,learning_extended:serverless_predictive_movavg,0.0,165.12,4
1788974898.1362474,learning_extended:serverless_predictive_movavg,0.0,165.12,4
1788974898.3384163,learning_extended:serverless_predictive_movavg,4.9,165.12,4
1788974898.5403965,learning_extended:serverless_predictive_movavg,0.0,165.12,4
1788974898.742552,learning_extended:serverless_predictive_movavg,0.0,165.12,4
1788974898.9454434,learning_extended:serverless_predictive_movavg,0.0,165.12,4
1788974899.1475797,learning_extended:serverless_predictive_movavg,0.0,165.12,4
1788974899.3498073,learning_extended:serverless_predictive_movavg,0.0,165.12,4
1788974899.5522935,learning_extended:serverless_predictive_movavg,0.0,165.12,4
1788974899.7544708,learning_extended:serverless_predictive_movavg,0.0,165.12,4
1788974899.9564784,learning_extended:serverless_predictive_movavg,0.0,165.12,4
1788974900.1585884,learning_extended:serverless_predictive_movavg,0.0,122.58,3
1788974900.3606548,learning_extended:serverless_predictive_movavg,0.0,79.93,2
1788974900.5626578,learning_extended:serverless_predictive_movavg,0.0,37.37,1
1788974900.7646053,learning_extended:serverless_predictive_movavg,0.0,37.37,1
1788974900.9664822,learning_extended:serverless_predictive_movavg,0.0,37.37,1
1788974901.1685832,learning_extended:serverless_predictive_movavg,0.0,37.37,1
1788974901.3707514,learning_extended:serverless_predictive_movavg,4.9,37.37,1
1788974901.572583,learning_extended:serverless_predictive_movavg,0.0,37.37,1
1788974901.774739,learning_extended:serverless_predictive_movavg,0.0,37.37,1
1788974901.976591,learning_extended:serverless_predictive_movavg,0.0,37.37,1
1788974902.1786528,learning_extended:serverless_predictive_movavg,0.0,68.74,2
1788974902.3804853,learning_extended:serverless_predictive_movavg,104.1,79.21,2
1788974902.5827193,learning_extended:serverless_predictive_movavg,4.9,79.97,2
1788974902.7848942,learning_extended:serverless_predictive_movavg,0.0,79.97,2
1788974902.9868581,learning_extended:serverless_predictive_movavg,5.0,79.97,2
1788974903.1892838,learning_extended:serverless_predictive_movavg,0.0,79.97,2
1788974903.3917418,learning_extended:serverless_predictive_movavg,0.0,79.97,2
1788974903.595099,learning_extended:serverless_predictive_movavg,19.6,131.05,4
1788974903.797981,learning_extended:serverless_predictive_movavg,187.2,155.09,4
1788974904.000119,learning_extended:serverless_predictive_movavg,98.9,165.29,4
1788974904.202162,learning_extended:serverless_predictive_movavg,0.0,165.29,4
1788974904.4053612,learning_extended:serverless_predictive_movavg,0.0,165.29,4
1788974904.607732,learning_extended:serverless_predictive_movavg,4.9,165.29,4
1788974904.809788,learning_extended:serverless_predictive_movavg,0.0,165.29,4
1788974905.0117676,learning_extended:serverless_predictive_movavg,5.0,165.29,4
1788974905.2139242,learning_extended:serverless_predictive_movavg,0.0,165.29,4
1788974905.4169738,learning_extended:serverless_predictive_movavg,0.0,165.29,4
1788974905.6200206,learning_extended:serverless_predictive_movavg,0.0,165.29,4
1788974905.8223655,learning_extended:serverless_predictive_movavg,0.0,165.29,4
1788974906.024343,learning_extended:serverless_predictive_movavg,0.0,165.29,4
1788974906.2266023,learning_extended:serverless_predictive_movavg,4.9,165.29,4
1788974906.4288034,learning_extended:serverless_predictive_movavg,4.9,165.29,4
1788974906.6309779,learning_extended:serverless_predictive_movavg,0.0,165.29,4
1788974906.832948,learning_extended:serverless_predictive_movavg,0.0,165.29,4
1788974907.0349767,learning_extended:serverless_predictive_movavg,0.0,165.29,4
1788974907.2380414,learning_extended:serverless_predictive_movavg,0.0,165.29,4
1788974907.4406095,learning_extended:serverless_predictive_movavg,0.0,165.29,4
1788974907.642897,learning_extended:serverless_predictive_movavg,0.0,165.29,4
1788974907.846369,learning_extended:serverless_predictive_movavg,0.0,165.29,4
1788974908.0490727,learning_extended:serverless_predictive_movavg,0.0,165.29,4
1788974908.2511704,learning_extended:serverless_predictive_movavg,0.0,165.29,4
1788974908.4537487,learning_extended:serverless_predictive_movavg,0.0,165.29,4
1788974908.6557646,learning_extended:serverless_predictive_movavg,5.0,165.29,4
1788974908.8580022,learning_extended:serverless_predictive_movavg,0.0,165.29,4
1788974909.0600886,learning_extended:serverless_predictive_movavg,0.0,165.29,4
1788974909.2623124,learning_extended:serverless_predictive_movavg,0.0,165.29,4
1788974909.464537,learning_extended:serverless_predictive_movavg,4.9,165.29,4
1788974909.6666915,learning_extended:serverless_predictive_movavg,0.0,165.29,4
1788974909.8690507,learning_extended:serverless_predictive_movavg,0.0,165.29,4
1788974910.0712261,learning_extended:serverless_predictive_movavg,0.0,122.68,3
1788974910.2733366,learning_extended:serverless_predictive_movavg,0.0,122.68,3
1788974910.4754493,learning_extended:serverless_predictive_movavg,0.0,79.97,2
1788974910.6774085,learning_extended:serverless_predictive_movavg,0.0,37.38,1
1788974910.8914742,learning_extended:serverless_predictive_movavg,0.0,37.38,1
1788974911.0937662,learning_extended:serverless_predictive_movavg,0.0,37.38,1
1788974911.2955983,learning_extended:serverless_predictive_movavg,0.0,37.38,1
1788974911.4974215,learning_extended:serverless_predictive_movavg,0.0,37.38,1
1788974911.6994596,learning_extended:serverless_predictive_movavg,0.0,37.38,1
1788974911.9014575,learning_extended:serverless_predictive_movavg,0.0,37.38,1
1788974912.1032736,learning_extended:serverless_predictive_movavg,0.0,37.38,1
1788974912.3051853,learning_extended:serverless_predictive_movavg,0.0,43.43,2
1788974912.5078213,learning_extended:serverless_predictive_movavg,103.6,68.9,2
1788974912.7097087,learning_extended:serverless_predictive_movavg,104.1,79.73,2
1788974912.911654,learning_extended:serverless_predictive_movavg,5.0,79.99,2
1788974913.1135633,learning_extended:serverless_predictive_movavg,0.0,79.99,2
1788974913.3156552,learning_extended:serverless_predictive_movavg,0.0,79.99,2
1788974913.5180764,learning_extended:serverless_predictive_movavg,14.8,143.29,4
1788974913.720438,learning_extended:serverless_predictive_movavg,197.6,162.29,4
1788974913.9233065,learning_extended:serverless_predictive_movavg,19.7,165.14,4
1788974914.1259527,learning_extended:serverless_predictive_movavg,0.0,165.14,4
1788974914.3278494,learning_extended:serverless_predictive_movavg,0.0,165.14,4
1788974914.5298302,learning_extended:serverless_predictive_movavg,0.0,165.14,4
1788974914.7317996,learning_extended:serverless_predictive_movavg,0.0,165.14,4
1788974914.9340062,learning_extended:serverless_predictive_movavg,0.0,165.14,4
1788974915.1359003,learning_extended:serverless_predictive_movavg,0.0,165.14,4
1788974915.3379564,learning_extended:serverless_predictive_movavg,0.0,165.14,4
1788974915.5398455,learning_extended:serverless_predictive_movavg,0.0,165.14,4
1788974915.7423947,learning_extended:serverless_predictive_movavg,0.0,165.14,4
1788974915.9443922,learning_extended:serverless_predictive_movavg,4.9,165.14,4
1788974916.1464074,learning_extended:serverless_predictive_movavg,0.0,165.14,4
1788974916.348392,learning_extended:serverless_predictive_movavg,0.0,165.14,4
1788974916.5504456,learning_extended:serverless_predictive_movavg,0.0,165.14,4
1788974916.7525532,learning_extended:serverless_predictive_movavg,0.0,165.14,4
1788974916.9545863,learning_extended:serverless_predictive_movavg,0.0,165.14,4
1788974917.1565397,learning_extended:serverless_predictive_movavg,5.0,165.14,4
1788974917.3585663,learning_extended:serverless_predictive_movavg,0.0,165.14,4
1788974917.5605881,learning_extended:serverless_predictive_movavg,0.0,165.14,4
1788974917.7635493,learning_extended:serverless_predictive_movavg,4.9,165.14,4
1788974917.9657588,learning_extended:serverless_predictive_movavg,0.0,165.14,4
1788974918.1677396,learning_extended:serverless_predictive_movavg,0.0,165.14,4
1788974918.3697884,learning_extended:serverless_predictive_movavg,0.0,165.14,4
1788974918.571739,learning_extended:serverless_predictive_movavg,0.0,165.14,4
1788974918.7736592,learning_extended:serverless_predictive_movavg,0.0,165.14,4
1788974918.9756083,learning_extended:serverless_predictive_movavg,0.0,165.14,4
1788974919.1776652,learning_extended:serverless_predictive_movavg,0.0,165.14,4
1788974919.3800354,learning_extended:serverless_predictive_movavg,0.0,165.14,4
1788974919.582361,learning_extended:serverless_predictive_movavg,0.0,165.14,4
1788974919.7843344,learning_extended:serverless_predictive_movavg,5.0,122.52,3
1788974919.9867373,learning_extended:serverless_predictive_movavg,0.0,122.52,3
1788974920.18863,learning_extended:serverless_predictive_movavg,0.0,79.96,2
1788974920.3905652,learning_extended:serverless_predictive_movavg,0.0,37.38,2
1788974920.5926213,learning_extended:serverless_predictive_movavg,0.0,37.38,1
1788974920.7945921,learning_extended:serverless_predictive_movavg,0.0,37.38,1
1788974920.9967885,learning_extended:serverless_predictive_movavg,0.0,37.38,1
1788974921.1986074,learning_extended:serverless_predictive_movavg,0.0,37.38,1
1788974921.4007869,learning_extended:serverless_predictive_movavg,0.0,37.38,1
1788974921.6025891,learning_extended:serverless_predictive_movavg,0.0,37.38,1
1788974921.8044221,learning_extended:serverless_predictive_movavg,0.0,37.38,1
1788974922.0065506,learning_extended:serverless_predictive_movavg,0.0,37.38,1
1788974922.2083557,learning_extended:serverless_predictive_movavg,5.0,67.95,2
1788974922.4103994,learning_extended:serverless_predictive_movavg,103.9,76.56,2
1788974922.6122591,learning_extended:serverless_predictive_movavg,24.8,79.95,2
1788974922.8142142,learning_extended:serverless_predictive_movavg,0.0,79.95,2
1788974923.016232,learning_extended:serverless_predictive_movavg,0.0,79.95,2
1788974923.2181997,learning_extended:serverless_predictive_movavg,5.0,79.95,2
1788974923.4205718,learning_extended:serverless_predictive_movavg,0.0,79.95,2
1788974923.6234562,learning_extended:serverless_predictive_movavg,0.0,98.04,4
1788974923.8264177,learning_extended:serverless_predictive_movavg,192.2,150.91,4
1788974924.0280638,learning_extended:serverless_predictive_movavg,168.7,165.07,4
1788974924.230402,learning_extended:serverless_predictive_movavg,0.0,165.07,4
1788974924.4325237,learning_extended:serverless_predictive_movavg,0.0,165.07,4
1788974924.6346598,learning_extended:serverless_predictive_movavg,0.0,165.07,4
1788974924.83771,learning_extended:serverless_predictive_movavg,0.0,165.07,4
1788974925.0405061,learning_extended:serverless_predictive_movavg,0.0,165.07,4
1788974925.2426708,learning_extended:serverless_predictive_movavg,0.0,165.07,4
1788974925.4446948,learning_extended:serverless_predictive_movavg,0.0,165.07,4
1788974925.6470182,learning_extended:serverless_predictive_movavg,4.9,165.07,4
1788974925.8494475,learning_extended:serverless_predictive_movavg,0.0,165.07,4
1788974926.051351,learning_extended:serverless_predictive_movavg,5.0,165.07,4
1788974926.2535834,learning_extended:serverless_predictive_movavg,0.0,165.07,4
1788974926.4558852,learning_extended:serverless_predictive_movavg,0.0,165.07,4
1788974926.657818,learning_extended:serverless_predictive_movavg,0.0,165.07,4
1788974926.8597872,learning_extended:serverless_predictive_movavg,5.0,165.07,4
1788974927.0624294,learning_extended:serverless_predictive_movavg,0.0,165.07,4
1788974927.264389,learning_extended:serverless_predictive_movavg,5.0,165.07,4
1788974927.4664257,learning_extended:serverless_predictive_movavg,5.0,165.07,4
1788974927.66836,learning_extended:serverless_predictive_movavg,0.0,165.07,4
1788974927.8704817,learning_extended:serverless_predictive_movavg,0.0,165.07,4
1788974928.0723956,learning_extended:serverless_predictive_movavg,0.0,165.07,4
1788974928.2760227,learning_extended:serverless_predictive_movavg,0.0,165.07,4
1788974928.478152,learning_extended:serverless_predictive_movavg,0.0,165.07,4
1788974928.6825135,learning_extended:serverless_predictive_movavg,0.0,165.07,4
1788974928.884741,learning_extended:serverless_predictive_movavg,0.0,165.07,4
1788974929.0867372,learning_extended:serverless_predictive_movavg,0.0,165.07,4
1788974929.2887642,learning_extended:serverless_predictive_movavg,0.0,165.07,4
1788974929.490854,learning_extended:serverless_predictive_movavg,0.0,165.07,4
1788974929.692819,learning_extended:serverless_predictive_movavg,0.0,165.07,4
1788974929.8950617,learning_extended:serverless_predictive_movavg,0.0,165.07,4
1788974930.0970893,learning_extended:serverless_predictive_movavg,0.0,122.5,4
1788974930.299125,learning_extended:serverless_predictive_movavg,4.9,122.5,3
1788974930.5010653,learning_extended:serverless_predictive_movavg,0.0,79.94,3
1788974930.7031102,learning_extended:serverless_predictive_movavg,0.0,37.39,1
1788974930.9052305,learning_extended:serverless_predictive_movavg,0.0,37.39,1
1788974931.1073089,learning_extended:serverless_predictive_movavg,0.0,37.39,1
1788974931.3090315,learning_extended:serverless_predictive_movavg,0.0,37.39,1
1788974931.5106897,learning_extended:serverless_predictive_movavg,0.0,37.39,1
1788974931.7124577,learning_extended:serverless_predictive_movavg,0.0,37.39,1
1788974931.9142134,learning_extended:serverless_predictive_movavg,0.0,37.39,1
1788974932.1161196,learning_extended:serverless_predictive_movavg,0.0,37.39,1
1788974932.3180122,learning_extended:serverless_predictive_movavg,0.0,37.39,1
1788974932.5197408,learning_extended:serverless_predictive_movavg,0.0,37.39,1
1788974932.721517,learning_extended:serverless_predictive_movavg,0.0,44.05,2
1788974932.9232342,learning_extended:serverless_predictive_movavg,104.1,73.4,2
1788974933.125204,learning_extended:serverless_predictive_movavg,79.3,79.91,2
1788974933.3270671,learning_extended:serverless_predictive_movavg,0.0,79.91,2
1788974933.5289352,learning_extended:serverless_predictive_movavg,5.0,79.91,2
1788974933.7311144,learning_extended:serverless_predictive_movavg,9.8,137.49,4
1788974933.9338236,learning_extended:serverless_predictive_movavg,197.3,158.73,4
1788974934.1365373,learning_extended:serverless_predictive_movavg,59.2,165.05,4
1788974934.3386612,learning_extended:serverless_predictive_movavg,0.0,165.05,4
1788974934.54065,learning_extended:serverless_predictive_movavg,0.0,165.05,4
1788974934.7427511,learning_extended:serverless_predictive_movavg,4.9,165.05,4
1788974934.944805,learning_extended:serverless_predictive_movavg,0.0,165.05,4
1788974935.1471264,learning_extended:serverless_predictive_movavg,0.0,165.05,4
1788974935.349894,learning_extended:serverless_predictive_movavg,0.0,165.05,4
1788974935.5533464,learning_extended:serverless_predictive_movavg,0.0,165.05,4
1788974935.7555113,learning_extended:serverless_predictive_movavg,0.0,165.05,4
1788974935.9576716,learning_extended:serverless_predictive_movavg,0.0,165.05,4
1788974936.1596496,learning_extended:serverless_predictive_movavg,0.0,165.05,4
1788974936.362083,learning_extended:serverless_predictive_movavg,0.0,165.05,4
1788974936.564529,learning_extended:serverless_predictive_movavg,0.0,165.05,4
1788974936.766583,learning_extended:serverless_predictive_movavg,0.0,165.05,4
1788974936.9685607,learning_extended:serverless_predictive_movavg,0.0,165.05,4
1788974937.1707168,learning_extended:serverless_predictive_movavg,0.0,165.05,4
1788974937.3726492,learning_extended:serverless_predictive_movavg,0.0,165.05,4
1788974937.5746913,learning_extended:serverless_predictive_movavg,0.0,165.05,4
1788974937.7765374,learning_extended:serverless_predictive_movavg,0.0,165.05,4
1788974937.9783983,learning_extended:serverless_predictive_movavg,0.0,165.05,4
1788974938.1804616,learning_extended:serverless_predictive_movavg,0.0,165.05,4
1788974938.3823678,learning_extended:serverless_predictive_movavg,0.0,165.05,4
1788974938.5842304,learning_extended:serverless_predictive_movavg,0.0,165.05,4
1788974938.7863586,learning_extended:serverless_predictive_movavg,0.0,165.05,4
1788974938.9883602,learning_extended:serverless_predictive_movavg,10.0,165.05,4
1788974939.1903555,learning_extended:serverless_predictive_movavg,0.0,165.05,4
1788974939.392289,learning_extended:serverless_predictive_movavg,5.0,165.05,4
1788974939.5944085,learning_extended:serverless_predictive_movavg,0.0,165.05,4
1788974939.7967637,learning_extended:serverless_predictive_movavg,0.0,165.05,4
1788974939.9987261,learning_extended:serverless_predictive_movavg,0.0,165.05,4
1788974940.2019072,learning_extended:serverless_predictive_movavg,0.0,122.52,3
1788974940.4039624,learning_extended:serverless_predictive_movavg,0.0,79.99,2
1788974940.605931,learning_extended:serverless_predictive_movavg,0.0,79.99,2
1788974940.8076963,learning_extended:serverless_predictive_movavg,0.0,37.4,1
1788974941.010179,learning_extended:serverless_predictive_movavg,0.0,37.4,1
1788974941.2119174,learning_extended:serverless_predictive_movavg,0.0,37.4,1
1788974941.4137204,learning_extended:serverless_predictive_movavg,0.0,37.4,1
1788974941.6159754,learning_extended:serverless_predictive_movavg,0.0,37.4,1
1788974941.8180606,learning_extended:serverless_predictive_movavg,4.9,37.4,1
1788974942.020372,learning_extended:serverless_predictive_movavg,0.0,37.4,1
1788974942.2232332,learning_extended:serverless_predictive_movavg,0.0,37.4,1
1788974942.4250047,learning_extended:serverless_predictive_movavg,0.0,37.4,1
1788974942.6268165,learning_extended:serverless_predictive_movavg,0.0,37.4,1
1788974942.8287225,learning_extended:serverless_predictive_movavg,0.0,59.6,2
1788974943.0304933,learning_extended:serverless_predictive_movavg,109.1,75.0,2
1788974943.2322114,learning_extended:serverless_predictive_movavg,39.7,79.91,2
1788974943.439117,learning_extended:serverless_predictive_movavg,0.0,99.17,4
1788974943.6412013,learning_extended:serverless_predictive_movavg,198.1,151.18,4
1788974943.843924,learning_extended:serverless_predictive_movavg,172.6,165.05,4
1788974944.0459318,learning_extended:serverless_predictive_movavg,0.0,165.05,4
1788974944.2479627,learning_extended:serverless_predictive_movavg,0.0,165.05,4
1788974944.4500134,learning_extended:serverless_predictive_movavg,0.0,165.05,4
1788974944.6520605,learning_extended:serverless_predictive_movavg,0.0,165.05,4
1788974944.8540914,learning_extended:serverless_predictive_movavg,0.0,165.05,4
1788974945.056052,learning_extended:serverless_predictive_movavg,5.0,165.05,4
1788974945.258894,learning_extended:serverless_predictive_movavg,0.0,165.05,4
1788974945.460915,learning_extended:serverless_predictive_movavg,0.0,165.05,4
1788974945.6634357,learning_extended:serverless_predictive_movavg,0.0,165.05,4
1788974945.865521,learning_extended:serverless_predictive_movavg,0.0,165.05,4
1788974946.0675104,learning_extended:serverless_predictive_movavg,0.0,165.05,4
1788974946.2696023,learning_extended:serverless_predictive_movavg,0.0,165.05,4
1788974946.4716122,learning_extended:serverless_predictive_movavg,0.0,165.05,4
1788974946.673675,learning_extended:serverless_predictive_movavg,0.0,165.05,4
1788974946.8761637,learning_extended:serverless_predictive_movavg,0.0,165.05,4
1788974947.0783424,learning_extended:serverless_predictive_movavg,0.0,165.05,4
1788974947.280861,learning_extended:serverless_predictive_movavg,4.9,165.05,4
1788974947.4828076,learning_extended:serverless_predictive_movavg,0.0,165.05,4
1788974947.6848254,learning_extended:serverless_predictive_movavg,0.0,165.05,4
1788974947.8878796,learning_extended:serverless_predictive_movavg,0.0,165.05,4
1788974948.0901918,learning_extended:serverless_predictive_movavg,0.0,165.05,4
1788974948.2922764,learning_extended:serverless_predictive_movavg,0.0,165.05,4
1788974948.4943748,learning_extended:serverless_predictive_movavg,0.0,165.05,4
1788974948.696396,learning_extended:serverless_predictive_movavg,0.0,165.05,4
1788974948.8984468,learning_extended:serverless_predictive_movavg,4.9,165.05,4
1788974949.1004212,learning_extended:serverless_predictive_movavg,0.0,165.05,4
1788974949.3024757,learning_extended:serverless_predictive_movavg,4.9,165.05,4
1788974949.5045104,learning_extended:serverless_predictive_movavg,0.0,165.05,4
1788974949.7066116,learning_extended:serverless_predictive_movavg,0.0,165.05,4
1788974949.9085968,learning_extended:serverless_predictive_movavg,5.0,165.05,4
1788974950.110736,learning_extended:serverless_predictive_movavg,0.0,122.53,3
1788974950.3134227,learning_extended:serverless_predictive_movavg,0.0,79.98,2
1788974950.5153048,learning_extended:serverless_predictive_movavg,5.0,79.98,2
1788974950.7171805,learning_extended:serverless_predictive_movavg,0.0,37.4,1
1788974950.9190886,learning_extended:serverless_predictive_movavg,0.0,37.4,1
1788974951.1208231,learning_extended:serverless_predictive_movavg,0.0,37.4,1
1788974951.3234246,learning_extended:serverless_predictive_movavg,0.0,37.4,1
1788974951.5252976,learning_extended:serverless_predictive_movavg,0.0,37.4,1
1788974951.727358,learning_extended:serverless_predictive_movavg,4.9,37.4,1
1788974951.929943,learning_extended:serverless_predictive_movavg,0.0,37.4,1
1788974952.1317012,learning_extended:serverless_predictive_movavg,0.0,37.4,1
1788974952.3335252,learning_extended:serverless_predictive_movavg,0.0,37.4,1
1788974952.5353694,learning_extended:serverless_predictive_movavg,0.0,57.51,2
1788974952.7370698,learning_extended:serverless_predictive_movavg,99.2,74.09,2
1788974952.9389753,learning_extended:serverless_predictive_movavg,54.5,80.05,2
1788974953.14081,learning_extended:serverless_predictive_movavg,5.0,98.28,4
1788974953.3468902,learning_extended:serverless_predictive_movavg,184.5,151.14,4
1788974953.5488255,learning_extended:serverless_predictive_movavg,168.4,165.2,4
1788974953.7507875,learning_extended:serverless_predictive_movavg,0.0,165.2,4
1788974953.9528358,learning_extended:serverless_predictive_movavg,0.0,165.2,4
1788974954.1547973,learning_extended:serverless_predictive_movavg,5.0,165.2,4
1788974954.3568943,learning_extended:serverless_predictive_movavg,0.0,165.2,4
1788974954.5589242,learning_extended:serverless_predictive_movavg,0.0,165.2,4
1788974954.7610228,learning_extended:serverless_predictive_movavg,0.0,165.2,4
1788974954.9629881,learning_extended:serverless_predictive_movavg,0.0,165.2,4
1788974955.1649628,learning_extended:serverless_predictive_movavg,0.0,165.2,4
1788974955.3670936,learning_extended:serverless_predictive_movavg,4.9,165.2,4
1788974955.569331,learning_extended:serverless_predictive_movavg,0.0,165.2,4
1788974955.7714975,learning_extended:serverless_predictive_movavg,0.0,165.2,4
1788974955.9738119,learning_extended:serverless_predictive_movavg,0.0,165.2,4
1788974956.1758523,learning_extended:serverless_predictive_movavg,0.0,165.2,4
1788974956.3779976,learning_extended:serverless_predictive_movavg,0.0,165.2,4
1788974956.5799284,learning_extended:serverless_predictive_movavg,0.0,165.2,4
1788974956.7820115,learning_extended:serverless_predictive_movavg,0.0,165.2,4
1788974956.9841282,learning_extended:serverless_predictive_movavg,4.9,165.2,4
1788974957.1861796,learning_extended:serverless_predictive_movavg,0.0,165.2,4
1788974957.3882954,learning_extended:serverless_predictive_movavg,4.9,165.2,4
1788974957.5903842,learning_extended:serverless_predictive_movavg,0.0,165.2,4
1788974957.792421,learning_extended:serverless_predictive_movavg,0.0,165.2,4
1788974957.9948373,learning_extended:serverless_predictive_movavg,0.0,165.2,4
1788974958.1968532,learning_extended:serverless_predictive_movavg,0.0,165.2,4
1788974958.398878,learning_extended:serverless_predictive_movavg,0.0,165.2,4
1788974958.6008844,learning_extended:serverless_predictive_movavg,0.0,165.2,4
1788974958.8028433,learning_extended:serverless_predictive_movavg,0.0,165.2,4
1788974959.0048695,learning_extended:serverless_predictive_movavg,0.0,165.2,4
1788974959.2068617,learning_extended:serverless_predictive_movavg,0.0,165.2,4
1788974959.4098022,learning_extended:serverless_predictive_movavg,4.9,165.2,4
1788974959.611791,learning_extended:serverless_predictive_movavg,0.0,122.54,3
1788974959.8137054,learning_extended:serverless_predictive_movavg,0.0,122.54,3
1788974960.0172577,learning_extended:serverless_predictive_movavg,0.0,79.96,2
1788974960.2194028,learning_extended:serverless_predictive_movavg,0.0,37.4,1
1788974960.4212937,learning_extended:serverless_predictive_movavg,0.0,37.4,1
1788974960.6231492,learning_extended:serverless_predictive_movavg,0.0,37.4,1
1788974960.824953,learning_extended:serverless_predictive_movavg,0.0,37.4,1
1788974961.026797,learning_extended:serverless_predictive_movavg,0.0,37.4,1
1788974961.228468,learning_extended:serverless_predictive_movavg,0.0,37.4,1
1788974961.4302912,learning_extended:serverless_predictive_movavg,5.0,37.4,1
1788974961.6320972,learning_extended:serverless_predictive_movavg,0.0,37.4,1
1788974961.833838,learning_extended:serverless_predictive_movavg,0.0,37.4,1
1788974962.0362675,learning_extended:serverless_predictive_movavg,4.9,112.18,4
1788974962.2420776,learning_extended:serverless_predictive_movavg,189.5,144.28,4
1788974962.4439855,learning_extended:serverless_predictive_movavg,208.0,162.34,4
1788974962.64693,learning_extended:serverless_predictive_movavg,29.5,165.04,4
1788974962.848983,learning_extended:serverless_predictive_movavg,0.0,165.04,4
1788974963.0514243,learning_extended:serverless_predictive_movavg,0.0,165.04,4
1788974963.2537022,learning_extended:serverless_predictive_movavg,0.0,165.04,4
1788974963.455868,learning_extended:serverless_predictive_movavg,0.0,165.04,4
1788974963.6580858,learning_extended:serverless_predictive_movavg,0.0,165.04,4
1788974963.8600445,learning_extended:serverless_predictive_movavg,0.0,165.04,4
1788974964.0620618,learning_extended:serverless_predictive_movavg,0.0,165.04,4
1788974964.2641864,learning_extended:serverless_predictive_movavg,0.0,165.04,4
1788974964.4669323,learning_extended:serverless_predictive_movavg,0.0,165.04,4
1788974964.6688929,learning_extended:serverless_predictive_movavg,5.0,165.04,4
1788974964.8708234,learning_extended:serverless_predictive_movavg,0.0,165.04,4
1788974965.0728767,learning_extended:serverless_predictive_movavg,0.0,165.04,4
1788974965.2749846,learning_extended:serverless_predictive_movavg,0.0,165.04,4
1788974965.4772687,learning_extended:serverless_predictive_movavg,0.0,165.04,4
1788974965.6792746,learning_extended:serverless_predictive_movavg,9.8,165.04,4
1788974965.8812888,learning_extended:serverless_predictive_movavg,0.0,165.04,4
1788974966.083249,learning_extended:serverless_predictive_movavg,0.0,165.04,4
1788974966.2854257,learning_extended:serverless_predictive_movavg,0.0,165.04,4
1788974966.4873497,learning_extended:serverless_predictive_movavg,0.0,165.04,4
1788974966.6893034,learning_extended:serverless_predictive_movavg,5.0,165.04,4
1788974966.891207,learning_extended:serverless_predictive_movavg,0.0,165.04,4
1788974967.0932553,learning_extended:serverless_predictive_movavg,0.0,165.04,4
1788974967.295329,learning_extended:serverless_predictive_movavg,0.0,165.04,4
1788974967.4973197,learning_extended:serverless_predictive_movavg,0.0,165.04,4
1788974967.6993384,learning_extended:serverless_predictive_movavg,0.0,165.04,4
1788974967.901382,learning_extended:serverless_predictive_movavg,0.0,165.04,4
1788974968.1035886,learning_extended:serverless_predictive_movavg,0.0,165.04,4
1788974968.3057106,learning_extended:serverless_predictive_movavg,0.0,165.04,4
1788974968.507682,learning_extended:serverless_predictive_movavg,0.0,165.04,4
1788974968.7097218,learning_extended:serverless_predictive_movavg,0.0,165.04,4
1788974968.9117548,learning_extended:serverless_predictive_movavg,5.0,122.5,3
1788974969.1140513,learning_extended:serverless_predictive_movavg,0.0,79.96,2
1788974969.3159506,learning_extended:serverless_predictive_movavg,0.0,37.45,1
1788974969.5178428,learning_extended:serverless_predictive_movavg,0.0,37.45,1
1788974969.7195947,learning_extended:serverless_predictive_movavg,0.0,37.45,1
1788974969.9215193,learning_extended:serverless_predictive_movavg,0.0,37.45,1
1788974970.1240857,learning_extended:serverless_predictive_movavg,0.0,37.45,1
1788974970.3260098,learning_extended:serverless_predictive_movavg,0.0,37.45,1
1788974970.528015,learning_extended:serverless_predictive_movavg,0.0,37.45,1
1788974970.729991,learning_extended:serverless_predictive_movavg,0.0,61.76,2
1788974970.9317138,learning_extended:serverless_predictive_movavg,104.1,75.39,2
1788974971.1336873,learning_extended:serverless_predictive_movavg,39.6,80.15,2
1788974971.3359118,learning_extended:serverless_predictive_movavg,4.9,80.15,2
1788974971.5379214,learning_extended:serverless_predictive_movavg,0.0,80.15,2
1788974971.7398274,learning_extended:serverless_predictive_movavg,5.0,117.99,4
1788974971.9419684,learning_extended:serverless_predictive_movavg,192.8,153.29,4
1788974972.1453066,learning_extended:serverless_predictive_movavg,122.9,165.23,4
1788974972.3474593,learning_extended:serverless_predictive_movavg,0.0,165.23,4
1788974972.549663,learning_extended:serverless_predictive_movavg,4.9,165.23,4
1788974972.751712,learning_extended:serverless_predictive_movavg,4.9,165.23,4
1788974972.9539344,learning_extended:serverless_predictive_movavg,0.0,165.23,4
1788974973.1559842,learning_extended:serverless_predictive_movavg,0.0,165.23,4
1788974973.3581178,learning_extended:serverless_predictive_movavg,0.0,165.23,4
1788974973.5602152,learning_extended:serverless_predictive_movavg,0.0,165.23,4
1788974973.7623675,learning_extended:serverless_predictive_movavg,0.0,165.23,4
1788974973.9644868,learning_extended:serverless_predictive_movavg,4.9,165.23,4
1788974974.1671784,learning_extended:serverless_predictive_movavg,0.0,165.23,4
1788974974.3692734,learning_extended:serverless_predictive_movavg,0.0,165.23,4
1788974974.5714421,learning_extended:serverless_predictive_movavg,0.0,165.23,4
1788974974.7736428,learning_extended:serverless_predictive_movavg,4.9,165.23,4
1788974974.975814,learning_extended:serverless_predictive_movavg,0.0,165.23,4
1788974975.1777875,learning_extended:serverless_predictive_movavg,0.0,165.23,4
1788974975.3798478,learning_extended:serverless_predictive_movavg,4.9,165.23,4
1788974975.5819259,learning_extended:serverless_predictive_movavg,0.0,165.23,4
1788974975.783965,learning_extended:serverless_predictive_movavg,0.0,165.23,4
1788974975.9860408,learning_extended:serverless_predictive_movavg,0.0,165.23,4
1788974976.187993,learning_extended:serverless_predictive_movavg,0.0,165.23,4
1788974976.3901248,learning_extended:serverless_predictive_movavg,0.0,165.23,4
1788974976.5920105,learning_extended:serverless_predictive_movavg,0.0,165.23,4
1788974976.7940562,learning_extended:serverless_predictive_movavg,0.0,165.23,4
1788974976.9960432,learning_extended:serverless_predictive_movavg,0.0,165.23,4
1788974977.1983774,learning_extended:serverless_predictive_movavg,4.9,165.23,4
1788974977.4005053,learning_extended:serverless_predictive_movavg,0.0,165.23,4
1788974977.60261,learning_extended:serverless_predictive_movavg,0.0,165.23,4
1788974977.804517,learning_extended:serverless_predictive_movavg,0.0,165.23,4
1788974978.006515,learning_extended:serverless_predictive_movavg,5.0,165.23,4
1788974978.208437,learning_extended:serverless_predictive_movavg,0.0,122.51,3
1788974978.4104621,learning_extended:serverless_predictive_movavg,0.0,122.51,3
1788974978.612365,learning_extended:serverless_predictive_movavg,0.0,79.99,3
1788974978.8148293,learning_extended:serverless_predictive_movavg,0.0,37.45,1
1788974979.0168622,learning_extended:serverless_predictive_movavg,0.0,37.45,1
1788974979.218603,learning_extended:serverless_predictive_movavg,0.0,37.45,1
1788974979.4204743,learning_extended:serverless_predictive_movavg,0.0,37.45,1
1788974979.6222997,learning_extended:serverless_predictive_movavg,0.0,37.45,1
1788974979.8241491,learning_extended:serverless_predictive_movavg,5.0,37.45,1
1788974980.0260012,learning_extended:serverless_predictive_movavg,0.0,37.45,1
1788974980.2277586,learning_extended:serverless_predictive_movavg,0.0,37.45,1
1788974980.4339643,learning_extended:serverless_predictive_movavg,4.9,92.31,4
1788974980.635825,learning_extended:serverless_predictive_movavg,193.2,138.02,4
1788974980.8377018,learning_extended:serverless_predictive_movavg,203.1,155.17,4
1788974981.0397909,learning_extended:serverless_predictive_movavg,93.9,165.19,4
1788974981.2417903,learning_extended:serverless_predictive_movavg,0.0,165.19,4
1788974981.4438848,learning_extended:serverless_predictive_movavg,0.0,165.19,4
1788974981.6461258,learning_extended:serverless_predictive_movavg,4.9,165.19,4
1788974981.8481522,learning_extended:serverless_predictive_movavg,0.0,165.19,4
1788974982.050135,learning_extended:serverless_predictive_movavg,0.0,165.19,4
1788974982.252122,learning_extended:serverless_predictive_movavg,0.0,165.19,4
1788974982.4542296,learning_extended:serverless_predictive_movavg,0.0,165.19,4
1788974982.6562495,learning_extended:serverless_predictive_movavg,0.0,165.19,4
1788974982.8583868,learning_extended:serverless_predictive_movavg,0.0,165.19,4
1788974983.060361,learning_extended:serverless_predictive_movavg,0.0,165.19,4
1788974983.2624032,learning_extended:serverless_predictive_movavg,0.0,165.19,4
1788974983.4644778,learning_extended:serverless_predictive_movavg,0.0,165.19,4
1788974983.6666126,learning_extended:serverless_predictive_movavg,0.0,165.19,4
1788974983.8687012,learning_extended:serverless_predictive_movavg,0.0,165.19,4
1788974984.0707307,learning_extended:serverless_predictive_movavg,0.0,165.19,4
1788974984.272925,learning_extended:serverless_predictive_movavg,0.0,165.19,4
1788974984.4748936,learning_extended:serverless_predictive_movavg,0.0,165.19,4
1788974984.677013,learning_extended:serverless_predictive_movavg,0.0,165.19,4
1788974984.879133,learning_extended:serverless_predictive_movavg,0.0,165.19,4
1788974985.0813694,learning_extended:serverless_predictive_movavg,0.0,165.19,4
1788974985.283527,learning_extended:serverless_predictive_movavg,0.0,165.19,4
1788974985.4856546,learning_extended:serverless_predictive_movavg,0.0,165.19,4
1788974985.688419,learning_extended:serverless_predictive_movavg,4.9,165.19,4
1788974985.8904898,learning_extended:serverless_predictive_movavg,14.7,165.19,4
1788974986.0924547,learning_extended:serverless_predictive_movavg,0.0,165.19,4
1788974986.2945397,learning_extended:serverless_predictive_movavg,0.0,165.19,4
1788974986.496439,learning_extended:serverless_predictive_movavg,0.0,165.19,4
1788974986.6985192,learning_extended:serverless_predictive_movavg,0.0,165.19,4
1788974986.900468,learning_extended:serverless_predictive_movavg,0.0,165.19,4
1788974987.102499,learning_extended:serverless_predictive_movavg,0.0,165.19,4
1788974987.3044405,learning_extended:serverless_predictive_movavg,0.0,122.62,3
1788974987.5064228,learning_extended:serverless_predictive_movavg,0.0,80.05,2
1788974987.708288,learning_extended:serverless_predictive_movavg,0.0,37.47,1
1788974987.9102514,learning_extended:serverless_predictive_movavg,0.0,37.47,1
1788974988.1120033,learning_extended:serverless_predictive_movavg,0.0,37.47,1
1788974988.313778,learning_extended:serverless_predictive_movavg,0.0,37.47,1
1788974988.5156095,learning_extended:serverless_predictive_movavg,0.0,37.47,1
1788974988.7174592,learning_extended:serverless_predictive_movavg,0.0,42.04,2
1788974988.9191372,learning_extended:serverless_predictive_movavg,99.2,73.48,2
1788974989.1209283,learning_extended:serverless_predictive_movavg,79.3,80.02,2
1788974989.3226342,learning_extended:serverless_predictive_movavg,0.0,80.02,2
1788974989.524499,learning_extended:serverless_predictive_movavg,0.0,80.02,2
1788974989.7264667,learning_extended:serverless_predictive_movavg,0.0,80.02,2
1788974989.928319,learning_extended:serverless_predictive_movavg,0.0,80.02,2
1788974990.1302876,learning_extended:serverless_predictive_movavg,0.0,80.02,2
1788974990.3322105,learning_extended:serverless_predictive_movavg,0.0,80.02,2
1788974990.5387506,learning_extended:serverless_predictive_movavg,9.6,104.23,4
1788974990.7424984,learning_extended:serverless_predictive_movavg,201.2,152.25,4
1788974990.9447386,learning_extended:serverless_predictive_movavg,143.4,165.06,4
1788974991.1467671,learning_extended:serverless_predictive_movavg,0.0,165.06,4
1788974991.3488522,learning_extended:serverless_predictive_movavg,4.9,165.06,4
1788974991.5509405,learning_extended:serverless_predictive_movavg,0.0,165.06,4
1788974991.7529552,learning_extended:serverless_predictive_movavg,0.0,165.06,4
1788974991.9549503,learning_extended:serverless_predictive_movavg,0.0,165.06,4
1788974992.1573272,learning_extended:serverless_predictive_movavg,0.0,165.06,4
1788974992.3593118,learning_extended:serverless_predictive_movavg,0.0,165.06,4
1788974992.561482,learning_extended:serverless_predictive_movavg,0.0,165.06,4
1788974992.7634876,learning_extended:serverless_predictive_movavg,0.0,165.06,4
1788974992.9656994,learning_extended:serverless_predictive_movavg,0.0,165.06,4
1788974993.167757,learning_extended:serverless_predictive_movavg,0.0,165.06,4
1788974993.3697548,learning_extended:serverless_predictive_movavg,0.0,165.06,4
1788974993.5717547,learning_extended:serverless_predictive_movavg,0.0,165.06,4
1788974993.7739232,learning_extended:serverless_predictive_movavg,0.0,165.06,4
1788974993.9759803,learning_extended:serverless_predictive_movavg,5.0,165.06,4
1788974994.1779623,learning_extended:serverless_predictive_movavg,5.0,165.06,4
1788974994.3800504,learning_extended:serverless_predictive_movavg,0.0,165.06,4
1788974994.5821962,learning_extended:serverless_predictive_movavg,4.9,165.06,4
1788974994.7844028,learning_extended:serverless_predictive_movavg,0.0,165.06,4
1788974994.9867523,learning_extended:serverless_predictive_movavg,0.0,165.06,4
1788974995.1893554,learning_extended:serverless_predictive_movavg,0.0,165.06,4
1788974995.3916388,learning_extended:serverless_predictive_movavg,4.9,165.06,4
1788974995.5938609,learning_extended:serverless_predictive_movavg,0.0,165.06,4
1788974995.7959752,learning_extended:serverless_predictive_movavg,0.0,165.06,4
1788974995.9983816,learning_extended:serverless_predictive_movavg,0.0,165.06,4
1788974996.2003403,learning_extended:serverless_predictive_movavg,0.0,165.06,4
1788974996.4029415,learning_extended:serverless_predictive_movavg,0.0,165.06,4
1788974996.605318,learning_extended:serverless_predictive_movavg,0.0,165.06,4
1788974996.8072708,learning_extended:serverless_predictive_movavg,0.0,165.06,4
1788974997.0092607,learning_extended:serverless_predictive_movavg,0.0,122.5,4
1788974997.2112913,learning_extended:serverless_predictive_movavg,0.0,122.5,3
1788974997.4132903,learning_extended:serverless_predictive_movavg,0.0,79.98,3
1788974997.6152627,learning_extended:serverless_predictive_movavg,0.0,79.98,2
1788974997.8171778,learning_extended:serverless_predictive_movavg,5.0,37.47,1
1788974998.0189483,learning_extended:serverless_predictive_movavg,0.0,37.47,1
1788974998.220689,learning_extended:serverless_predictive_movavg,0.0,37.47,1
1788974998.4225175,learning_extended:serverless_predictive_movavg,0.0,37.47,1
1788974998.624458,learning_extended:serverless_predictive_movavg,0.0,37.47,1
1788974998.8263574,learning_extended:serverless_predictive_movavg,0.0,37.47,1
1788974999.0281737,learning_extended:serverless_predictive_movavg,5.0,59.77,2
1788974999.230148,learning_extended:serverless_predictive_movavg,99.0,75.12,2
1788974999.4317214,learning_extended:serverless_predictive_movavg,39.7,80.06,2
1788974999.6338437,learning_extended:serverless_predictive_movavg,9.8,104.73,4
1788974999.8388326,learning_extended:serverless_predictive_movavg,200.1,151.58,4
1788975000.0413172,learning_extended:serverless_predictive_movavg,167.9,165.12,4
1788975000.2433124,learning_extended:serverless_predictive_movavg,0.0,165.12,4
1788975000.4452703,learning_extended:serverless_predictive_movavg,0.0,165.12,4
1788975000.6471472,learning_extended:serverless_predictive_movavg,0.0,165.12,4
1788975000.8502073,learning_extended:serverless_predictive_movavg,4.9,165.12,4
1788975001.0528429,learning_extended:serverless_predictive_movavg,0.0,165.12,4
1788975001.2548125,learning_extended:serverless_predictive_movavg,0.0,165.12,4
1788975001.4568017,learning_extended:serverless_predictive_movavg,0.0,165.12,4
1788975001.6588464,learning_extended:serverless_predictive_movavg,0.0,165.12,4
1788975001.8610082,learning_extended:serverless_predictive_movavg,0.0,165.12,4
1788975002.0633702,learning_extended:serverless_predictive_movavg,4.9,165.12,4
1788975002.265298,learning_extended:serverless_predictive_movavg,0.0,165.12,4
1788975002.4671977,learning_extended:serverless_predictive_movavg,0.0,165.12,4
1788975002.6694126,learning_extended:serverless_predictive_movavg,0.0,165.12,4
1788975002.8713577,learning_extended:serverless_predictive_movavg,0.0,165.12,4
1788975003.0733438,learning_extended:serverless_predictive_movavg,0.0,165.12,4
1788975003.2751806,learning_extended:serverless_predictive_movavg,0.0,165.12,4
1788975003.4769762,learning_extended:serverless_predictive_movavg,0.0,165.12,4
1788975003.678916,learning_extended:serverless_predictive_movavg,0.0,165.12,4
1788975003.8808699,learning_extended:serverless_predictive_movavg,0.0,165.12,4
1788975004.0826576,learning_extended:serverless_predictive_movavg,5.0,165.12,4
1788975004.2845297,learning_extended:serverless_predictive_movavg,10.0,165.12,4
1788975004.4868114,learning_extended:serverless_predictive_movavg,0.0,165.12,4
1788975004.6887121,learning_extended:serverless_predictive_movavg,0.0,165.12,4
1788975004.8906016,learning_extended:serverless_predictive_movavg,0.0,165.12,4
1788975005.0924733,learning_extended:serverless_predictive_movavg,0.0,165.12,4
1788975005.2944183,learning_extended:serverless_predictive_movavg,0.0,165.12,4
1788975005.496268,learning_extended:serverless_predictive_movavg,0.0,165.12,4
1788975005.698594,learning_extended:serverless_predictive_movavg,0.0,165.12,4
1788975005.9005146,learning_extended:serverless_predictive_movavg,0.0,165.12,4
1788975006.1027384,learning_extended:serverless_predictive_movavg,0.0,122.52,3
1788975006.3047826,learning_extended:serverless_predictive_movavg,0.0,122.52,3
1788975006.5066,learning_extended:serverless_predictive_movavg,0.0,80.01,2
1788975006.7088666,learning_extended:serverless_predictive_movavg,4.9,37.47,1
1788975006.910557,learning_extended:serverless_predictive_movavg,0.0,37.47,1
1788975007.1121662,learning_extended:serverless_predictive_movavg,0.0,37.47,1
1788975007.3140328,learning_extended:serverless_predictive_movavg,0.0,37.47,1
1788975007.5156443,learning_extended:serverless_predictive_movavg,0.0,37.47,1
1788975007.7178574,learning_extended:serverless_predictive_movavg,0.0,37.47,1
1788975007.9202642,learning_extended:serverless_predictive_movavg,0.0,37.47,1
1788975008.1220725,learning_extended:serverless_predictive_movavg,5.0,67.93,2
1788975008.3236477,learning_extended:serverless_predictive_movavg,99.2,77.45,2
1788975008.5255673,learning_extended:serverless_predictive_movavg,14.9,80.11,2
1788975008.728748,learning_extended:serverless_predictive_movavg,9.8,136.84,4
1788975008.9305522,learning_extended:serverless_predictive_movavg,203.2,157.11,4
1788975009.133274,learning_extended:serverless_predictive_movavg,64.1,165.25,4
1788975009.3352327,learning_extended:serverless_predictive_movavg,0.0,165.25,4
1788975009.537299,learning_extended:serverless_predictive_movavg,0.0,165.25,4
1788975009.739203,learning_extended:serverless_predictive_movavg,0.0,165.25,4
1788975009.941395,learning_extended:serverless_predictive_movavg,4.9,165.25,4
1788975010.1433008,learning_extended:serverless_predictive_movavg,0.0,165.25,4
1788975010.3455255,learning_extended:serverless_predictive_movavg,0.0,165.25,4
1788975010.5475144,learning_extended:serverless_predictive_movavg,0.0,165.25,4
1788975010.7494845,learning_extended:serverless_predictive_movavg,0.0,165.25,4
1788975010.9517007,learning_extended:serverless_predictive_movavg,0.0,165.25,4
1788975011.1536288,learning_extended:serverless_predictive_movavg,0.0,165.25,4
1788975011.355464,learning_extended:serverless_predictive_movavg,5.0,165.25,4
1788975011.5573342,learning_extended:serverless_predictive_movavg,0.0,165.25,4
1788975011.7591815,learning_extended:serverless_predictive_movavg,0.0,165.25,4
1788975011.9616446,learning_extended:serverless_predictive_movavg,0.0,165.25,4
1788975012.1634376,learning_extended:serverless_predictive_movavg,0.0,165.25,4
1788975012.3654134,learning_extended:serverless_predictive_movavg,0.0,165.25,4
1788975012.5674837,learning_extended:serverless_predictive_movavg,4.9,165.25,4
1788975012.7694895,learning_extended:serverless_predictive_movavg,0.0,165.25,4
1788975012.9712472,learning_extended:serverless_predictive_movavg,0.0,165.25,4
1788975013.1731002,learning_extended:serverless_predictive_movavg,0.0,165.25,4
1788975013.3749928,learning_extended:serverless_predictive_movavg,5.0,165.25,4
1788975013.576809,learning_extended:serverless_predictive_movavg,0.0,165.25,4
1788975013.7787735,learning_extended:serverless_predictive_movavg,0.0,165.25,4
1788975013.980771,learning_extended:serverless_predictive_movavg,0.0,165.25,4
1788975014.1829822,learning_extended:serverless_predictive_movavg,0.0,165.25,4
1788975014.3849628,learning_extended:serverless_predictive_movavg,0.0,165.25,4
1788975014.5867958,learning_extended:serverless_predictive_movavg,0.0,165.25,4
1788975014.7890117,learning_extended:serverless_predictive_movavg,0.0,165.25,4
1788975014.9917006,learning_extended:serverless_predictive_movavg,0.0,165.25,4
1788975015.193734,learning_extended:serverless_predictive_movavg,0.0,122.61,4
1788975015.395727,learning_extended:serverless_predictive_movavg,5.0,122.61,3
1788975015.5975804,learning_extended:serverless_predictive_movavg,5.0,80.02,3
1788975015.7993395,learning_extended:serverless_predictive_movavg,0.0,37.48,1
1788975016.0009544,learning_extended:serverless_predictive_movavg,0.0,37.48,1
1788975016.2024093,learning_extended:serverless_predictive_movavg,0.0,37.48,1
1788975016.404488,learning_extended:serverless_predictive_movavg,0.0,37.48,1
1788975016.6061478,learning_extended:serverless_predictive_movavg,0.0,37.48,1
1788975016.8077724,learning_extended:serverless_predictive_movavg,0.0,37.48,1
1788975017.009464,learning_extended:serverless_predictive_movavg,0.0,45.57,2
1788975017.2112393,learning_extended:serverless_predictive_movavg,104.1,73.87,2
1788975017.4132414,learning_extended:serverless_predictive_movavg,74.3,80.02,2
1788975017.6151178,learning_extended:serverless_predictive_movavg,0.0,80.02,2
1788975017.816948,learning_extended:serverless_predictive_movavg,0.0,80.02,2
1788975018.018662,learning_extended:serverless_predictive_movavg,0.0,80.02,2
1788975018.220625,learning_extended:serverless_predictive_movavg,0.0,80.02,2
1788975018.4225354,learning_extended:serverless_predictive_movavg,5.0,80.02,2
1788975018.6244767,learning_extended:serverless_predictive_movavg,14.9,128.11,4
1788975018.8270626,learning_extended:serverless_predictive_movavg,182.7,154.31,4
1788975019.0296464,learning_extended:serverless_predictive_movavg,98.7,165.24,4
1788975019.2316625,learning_extended:serverless_predictive_movavg,5.0,165.24,4
1788975019.4336123,learning_extended:serverless_predictive_movavg,0.0,165.24,4
1788975019.6354356,learning_extended:serverless_predictive_movavg,0.0,165.24,4
1788975019.8373237,learning_extended:serverless_predictive_movavg,0.0,165.24,4
1788975020.0402238,learning_extended:serverless_predictive_movavg,4.9,165.24,4
1788975020.242167,learning_extended:serverless_predictive_movavg,0.0,165.24,4
1788975020.4440172,learning_extended:serverless_predictive_movavg,0.0,165.24,4
1788975020.6459572,learning_extended:serverless_predictive_movavg,0.0,165.24,4
1788975020.8478563,learning_extended:serverless_predictive_movavg,0.0,165.24,4
1788975021.0498734,learning_extended:serverless_predictive_movavg,0.0,165.24,4
1788975021.2516813,learning_extended:serverless_predictive_movavg,0.0,165.24,4
1788975021.4535797,learning_extended:serverless_predictive_movavg,0.0,165.24,4
1788975021.656418,learning_extended:serverless_predictive_movavg,0.0,165.24,4
1788975021.8594263,learning_extended:serverless_predictive_movavg,0.0,165.24,4
1788975022.0623925,learning_extended:serverless_predictive_movavg,0.0,165.24,4
1788975022.2642567,learning_extended:serverless_predictive_movavg,0.0,165.24,4
1788975022.4662018,learning_extended:serverless_predictive_movavg,0.0,165.24,4
1788975022.6682925,learning_extended:serverless_predictive_movavg,0.0,165.24,4
1788975022.870192,learning_extended:serverless_predictive_movavg,0.0,165.24,4
1788975023.0721006,learning_extended:serverless_predictive_movavg,0.0,165.24,4
1788975023.2741542,learning_extended:serverless_predictive_movavg,4.9,165.24,4
1788975023.4760656,learning_extended:serverless_predictive_movavg,5.0,165.24,4
1788975023.6780834,learning_extended:serverless_predictive_movavg,0.0,165.24,4
1788975023.8800673,learning_extended:serverless_predictive_movavg,5.0,165.24,4
1788975024.081989,learning_extended:serverless_predictive_movavg,0.0,165.24,4
1788975024.2838137,learning_extended:serverless_predictive_movavg,5.0,165.24,4
1788975024.4856842,learning_extended:serverless_predictive_movavg,0.0,165.24,4
1788975024.687423,learning_extended:serverless_predictive_movavg,0.0,165.24,4
1788975024.8892608,learning_extended:serverless_predictive_movavg,0.0,165.24,4
1788975025.091463,learning_extended:serverless_predictive_movavg,0.0,122.7,3
1788975025.2933,learning_extended:serverless_predictive_movavg,0.0,122.7,3
1788975025.495005,learning_extended:serverless_predictive_movavg,0.0,80.17,2
1788975025.697633,learning_extended:serverless_predictive_movavg,0.0,37.49,1
1788975025.8992898,learning_extended:serverless_predictive_movavg,0.0,37.49,1
1788975026.1008928,learning_extended:serverless_predictive_movavg,0.0,37.49,1
1788975026.3024313,learning_extended:serverless_predictive_movavg,0.0,37.49,1
1788975026.5041049,learning_extended:serverless_predictive_movavg,0.0,37.49,1
1788975026.7059002,learning_extended:serverless_predictive_movavg,5.0,37.49,1
1788975026.9082603,learning_extended:serverless_predictive_movavg,0.0,37.49,1
1788975027.1146882,learning_extended:serverless_predictive_movavg,4.8,111.95,4
1788975027.3185298,learning_extended:serverless_predictive_movavg,196.3,143.3,4
1788975027.5217583,learning_extended:serverless_predictive_movavg,191.8,161.21,4
1788975027.7241378,learning_extended:serverless_predictive_movavg,34.5,165.17,4
1788975027.926065,learning_extended:serverless_predictive_movavg,0.0,165.17,4
1788975028.1279905,learning_extended:serverless_predictive_movavg,0.0,165.17,4
1788975028.32991,learning_extended:serverless_predictive_movavg,0.0,165.17,4
1788975028.53175,learning_extended:serverless_predictive_movavg,0.0,165.17,4
1788975028.7336369,learning_extended:serverless_predictive_movavg,0.0,165.17,4
1788975028.9358232,learning_extended:serverless_predictive_movavg,0.0,165.17,4
1788975029.1377983,learning_extended:serverless_predictive_movavg,0.0,165.17,4
1788975029.339614,learning_extended:serverless_predictive_movavg,0.0,165.17,4
1788975029.5415335,learning_extended:serverless_predictive_movavg,10.0,165.17,4
1788975029.7433352,learning_extended:serverless_predictive_movavg,0.0,165.17,4
1788975029.9452415,learning_extended:serverless_predictive_movavg,0.0,165.17,4
1788975030.1471064,learning_extended:serverless_predictive_movavg,0.0,165.17,4
1788975030.349003,learning_extended:serverless_predictive_movavg,0.0,165.17,4
1788975030.5508788,learning_extended:serverless_predictive_movavg,0.0,165.17,4
1788975030.7535596,learning_extended:serverless_predictive_movavg,0.0,165.17,4
1788975030.9554226,learning_extended:serverless_predictive_movavg,0.0,165.17,4
1788975031.1573267,learning_extended:serverless_predictive_movavg,0.0,165.17,4
1788975031.3592477,learning_extended:serverless_predictive_movavg,0.0,165.17,4
1788975031.5610619,learning_extended:serverless_predictive_movavg,0.0,165.17,4
1788975031.7629964,learning_extended:serverless_predictive_movavg,0.0,165.17,4
1788975031.9648647,learning_extended:serverless_predictive_movavg,0.0,165.17,4
1788975032.1667123,learning_extended:serverless_predictive_movavg,0.0,165.17,4
1788975032.3685317,learning_extended:serverless_predictive_movavg,0.0,165.17,4
1788975032.5703342,learning_extended:serverless_predictive_movavg,5.0,165.17,4
1788975032.7721474,learning_extended:serverless_predictive_movavg,5.0,165.17,4
1788975032.974103,learning_extended:serverless_predictive_movavg,0.0,165.17,4
1788975033.1760926,learning_extended:serverless_predictive_movavg,0.0,165.17,4
1788975033.3780377,learning_extended:serverless_predictive_movavg,0.0,165.17,4
1788975033.5800302,learning_extended:serverless_predictive_movavg,0.0,165.17,4
1788975033.7819273,learning_extended:serverless_predictive_movavg,5.0,122.62,3
1788975033.9836,learning_extended:serverless_predictive_movavg,0.0,80.06,2
1788975034.1853485,learning_extended:serverless_predictive_movavg,0.0,37.52,1
1788975034.3871386,learning_extended:serverless_predictive_movavg,0.0,37.52,1
1788975034.588727,learning_extended:serverless_predictive_movavg,0.0,37.52,1
1788975034.7904131,learning_extended:serverless_predictive_movavg,0.0,37.52,1
1788975034.9920423,learning_extended:serverless_predictive_movavg,0.0,37.52,1
1788975035.1937037,learning_extended:serverless_predictive_movavg,0.0,37.52,1
1788975035.3952775,learning_extended:serverless_predictive_movavg,0.0,54.97,2
1788975035.5968473,learning_extended:serverless_predictive_movavg,109.2,74.15,2
1788975035.7990403,learning_extended:serverless_predictive_movavg,59.3,80.11,2
1788975036.0009375,learning_extended:serverless_predictive_movavg,0.0,80.11,2
1788975036.2026353,learning_extended:serverless_predictive_movavg,0.0,80.11,2
1788975036.4042792,learning_extended:serverless_predictive_movavg,0.0,80.11,2
1788975036.6068633,learning_extended:serverless_predictive_movavg,0.0,80.11,2
1788975036.8085768,learning_extended:serverless_predictive_movavg,0.0,80.11,2
1788975037.0103831,learning_extended:serverless_predictive_movavg,0.0,80.11,2
1788975037.2122998,learning_extended:serverless_predictive_movavg,0.0,80.11,2
1788975037.413995,learning_extended:serverless_predictive_movavg,0.0,80.11,2
1788975037.6168985,learning_extended:serverless_predictive_movavg,14.8,148.23,4
1788975037.8186605,learning_extended:serverless_predictive_movavg,173.5,165.19,4
1788975038.0204399,learning_extended:serverless_predictive_movavg,5.0,165.19,4
1788975038.222316,learning_extended:serverless_predictive_movavg,5.0,165.19,4
1788975038.4241564,learning_extended:serverless_predictive_movavg,5.0,165.19,4
1788975038.6261036,learning_extended:serverless_predictive_movavg,0.0,165.19,4
1788975038.8279324,learning_extended:serverless_predictive_movavg,0.0,165.19,4
1788975039.0305538,learning_extended:serverless_predictive_movavg,0.0,165.19,4
1788975039.2324474,learning_extended:serverless_predictive_movavg,0.0,165.19,4
1788975039.4342847,learning_extended:serverless_predictive_movavg,0.0,165.19,4
1788975039.6370106,learning_extended:serverless_predictive_movavg,0.0,165.19,4
1788975039.8398976,learning_extended:serverless_predictive_movavg,4.9,165.19,4
1788975040.0418708,learning_extended:serverless_predictive_movavg,0.0,165.19,4
1788975040.2438974,learning_extended:serverless_predictive_movavg,4.9,165.19,4
1788975040.4463246,learning_extended:serverless_predictive_movavg,0.0,165.19,4
1788975040.64824,learning_extended:serverless_predictive_movavg,0.0,165.19,4
1788975040.8503947,learning_extended:serverless_predictive_movavg,0.0,165.19,4
1788975041.0523553,learning_extended:serverless_predictive_movavg,0.0,165.19,4
1788975041.2543983,learning_extended:serverless_predictive_movavg,0.0,165.19,4
1788975041.4563124,learning_extended:serverless_predictive_movavg,0.0,165.19,4
1788975041.6590335,learning_extended:serverless_predictive_movavg,0.0,165.19,4
1788975041.8610117,learning_extended:serverless_predictive_movavg,0.0,165.19,4
1788975042.062975,learning_extended:serverless_predictive_movavg,10.0,165.19,4
1788975042.264833,learning_extended:serverless_predictive_movavg,0.0,165.19,4
1788975042.466871,learning_extended:serverless_predictive_movavg,0.0,165.19,4
1788975042.669649,learning_extended:serverless_predictive_movavg,0.0,165.19,4
1788975042.8718753,learning_extended:serverless_predictive_movavg,0.0,165.19,4
1788975043.0744061,learning_extended:serverless_predictive_movavg,0.0,165.19,4
1788975043.276788,learning_extended:serverless_predictive_movavg,0.0,165.19,4
1788975043.4789782,learning_extended:serverless_predictive_movavg,0.0,165.19,4
1788975043.6808696,learning_extended:serverless_predictive_movavg,0.0,165.19,4
1788975043.8828666,learning_extended:serverless_predictive_movavg,0.0,122.6,3
1788975044.0855792,learning_extended:serverless_predictive_movavg,0.0,122.6,3
1788975044.2873254,learning_extended:serverless_predictive_movavg,0.0,80.08,2
1788975044.4889436,learning_extended:serverless_predictive_movavg,5.0,37.52,1
1788975044.6913662,learning_extended:serverless_predictive_movavg,0.0,37.52,1
1788975044.8930295,learning_extended:serverless_predictive_movavg,0.0,37.52,1
1788975045.0947356,learning_extended:serverless_predictive_movavg,0.0,37.52,1
1788975045.2963598,learning_extended:serverless_predictive_movavg,0.0,37.52,1
1788975045.4980602,learning_extended:serverless_predictive_movavg,0.0,37.52,1
1788975045.699734,learning_extended:serverless_predictive_movavg,0.0,37.52,1
1788975045.901474,learning_extended:serverless_predictive_movavg,0.0,46.84,2
1788975046.1031597,learning_extended:serverless_predictive_movavg,104.2,74.04,2
1788975046.304904,learning_extended:serverless_predictive_movavg,74.3,80.07,2
1788975046.5066023,learning_extended:serverless_predictive_movavg,0.0,80.07,2
1788975046.7083485,learning_extended:serverless_predictive_movavg,0.0,80.07,2
1788975046.9104578,learning_extended:serverless_predictive_movavg,14.8,132.38,4
1788975047.1133988,learning_extended:serverless_predictive_movavg,187.2,155.61,4
1788975047.3159862,learning_extended:serverless_predictive_movavg,84.0,165.26,4
1788975047.5179136,learning_extended:serverless_predictive_movavg,0.0,165.26,4
1788975047.7200007,learning_extended:serverless_predictive_movavg,0.0,165.26,4
1788975047.9221451,learning_extended:serverless_predictive_movavg,0.0,165.26,4
1788975048.1239798,learning_extended:serverless_predictive_movavg,5.0,165.26,4
1788975048.3259182,learning_extended:serverless_predictive_movavg,0.0,165.26,4
1788975048.5279667,learning_extended:serverless_predictive_movavg,0.0,165.26,4
1788975048.729821,learning_extended:serverless_predictive_movavg,5.0,165.26,4
1788975048.9317381,learning_extended:serverless_predictive_movavg,0.0,165.26,4
1788975049.1337116,learning_extended:serverless_predictive_movavg,0.0,165.26,4
1788975049.335511,learning_extended:serverless_predictive_movavg,0.0,165.26,4
1788975049.5373948,learning_extended:serverless_predictive_movavg,5.0,165.26,4
1788975049.7393694,learning_extended:serverless_predictive_movavg,0.0,165.26,4
1788975049.9419577,learning_extended:serverless_predictive_movavg,0.0,165.26,4
1788975050.1438766,learning_extended:serverless_predictive_movavg,5.0,165.26,4
1788975050.3457556,learning_extended:serverless_predictive_movavg,0.0,165.26,4
1788975050.547611,learning_extended:serverless_predictive_movavg,0.0,165.26,4
1788975050.7499075,learning_extended:serverless_predictive_movavg,0.0,165.26,4
1788975050.9526608,learning_extended:serverless_predictive_movavg,0.0,165.26,4
1788975051.1550114,learning_extended:serverless_predictive_movavg,0.0,165.26,4
1788975051.3567526,learning_extended:serverless_predictive_movavg,0.0,165.26,4
1788975051.558615,learning_extended:serverless_predictive_movavg,0.0,165.26,4
1788975051.7605462,learning_extended:serverless_predictive_movavg,0.0,165.26,4
1788975051.962593,learning_extended:serverless_predictive_movavg,0.0,165.26,4
1788975052.1645179,learning_extended:serverless_predictive_movavg,5.0,165.26,4
1788975052.3670104,learning_extended:serverless_predictive_movavg,0.0,165.26,4
1788975052.5700336,learning_extended:serverless_predictive_movavg,0.0,165.26,4
1788975052.7719898,learning_extended:serverless_predictive_movavg,4.9,165.26,4
1788975052.9741852,learning_extended:serverless_predictive_movavg,0.0,165.26,4
1788975053.1759393,learning_extended:serverless_predictive_movavg,0.0,165.26,4
1788975053.3778875,learning_extended:serverless_predictive_movavg,0.0,122.71,3
1788975053.5796382,learning_extended:serverless_predictive_movavg,0.0,122.71,3
1788975053.781471,learning_extended:serverless_predictive_movavg,0.0,80.12,2
1788975053.983202,learning_extended:serverless_predictive_movavg,0.0,37.53,1
1788975054.1848662,learning_extended:serverless_predictive_movavg,0.0,37.53,1
1788975054.3866513,learning_extended:serverless_predictive_movavg,0.0,37.53,1
1788975054.5885196,learning_extended:serverless_predictive_movavg,0.0,37.53,1
1788975054.7902343,learning_extended:serverless_predictive_movavg,0.0,37.53,1
1788975054.992242,learning_extended:serverless_predictive_movavg,0.0,37.53,1
1788975055.1940951,learning_extended:serverless_predictive_movavg,0.0,37.53,1
1788975055.396193,learning_extended:serverless_predictive_movavg,5.0,92.04,4
1788975055.599535,learning_extended:serverless_predictive_movavg,196.7,135.1,4
1788975055.8026006,learning_extended:serverless_predictive_movavg,206.8,154.75,4
1788975056.7833982,learning_extended:serverless_predictive_fixed,0.0,36.68,1
1788975056.9850297,learning_extended:serverless_predictive_fixed,0.0,36.68,1
1788975057.1867316,learning_extended:serverless_predictive_fixed,0.0,36.68,1
1788975057.38889,learning_extended:serverless_predictive_fixed,0.0,36.68,1
1788975057.5905511,learning_extended:serverless_predictive_fixed,0.0,36.68,1
1788975057.7924552,learning_extended:serverless_predictive_fixed,0.0,36.68,1
1788975057.9941773,learning_extended:serverless_predictive_fixed,0.0,36.68,1
1788975058.1960213,learning_extended:serverless_predictive_fixed,0.0,36.68,1
1788975058.397799,learning_extended:serverless_predictive_fixed,0.0,36.68,1
1788975058.5994189,learning_extended:serverless_predictive_fixed,0.0,36.68,1
1788975058.8009815,learning_extended:serverless_predictive_fixed,0.0,36.68,1
1788975059.0038753,learning_extended:serverless_predictive_fixed,4.9,36.68,1
1788975059.205544,learning_extended:serverless_predictive_fixed,0.0,36.68,1
1788975059.4072006,learning_extended:serverless_predictive_fixed,0.0,36.68,1
1788975059.6090128,learning_extended:serverless_predictive_fixed,0.0,36.68,1
1788975059.8112845,learning_extended:serverless_predictive_fixed,0.0,36.68,1
1788975060.0137658,learning_extended:serverless_predictive_fixed,0.0,36.68,1
1788975060.2154245,learning_extended:serverless_predictive_fixed,0.0,36.68,1
1788975060.417164,learning_extended:serverless_predictive_fixed,0.0,36.68,1
1788975060.6187575,learning_extended:serverless_predictive_fixed,0.0,36.68,1
1788975060.8313663,learning_extended:serverless_predictive_fixed,0.0,36.68,1
1788975061.033352,learning_extended:serverless_predictive_fixed,0.0,36.68,1
1788975061.234873,learning_extended:serverless_predictive_fixed,0.0,36.68,1
1788975061.4365366,learning_extended:serverless_predictive_fixed,0.0,36.68,1
1788975061.638577,learning_extended:serverless_predictive_fixed,0.0,36.68,1
1788975061.8409317,learning_extended:serverless_predictive_fixed,0.0,36.68,1
1788975062.0431833,learning_extended:serverless_predictive_fixed,0.0,36.68,1
1788975062.2449577,learning_extended:serverless_predictive_fixed,0.0,36.68,1
1788975062.4465926,learning_extended:serverless_predictive_fixed,0.0,36.68,1
1788975062.6482167,learning_extended:serverless_predictive_fixed,5.0,36.68,1
1788975062.8499196,learning_extended:serverless_predictive_fixed,0.0,36.68,1
1788975063.0515842,learning_extended:serverless_predictive_fixed,0.0,36.68,1
1788975063.2532976,learning_extended:serverless_predictive_fixed,0.0,36.68,1
1788975063.4549246,learning_extended:serverless_predictive_fixed,0.0,36.68,1
1788975063.6565611,learning_extended:serverless_predictive_fixed,0.0,36.68,1
1788975063.8582938,learning_extended:serverless_predictive_fixed,0.0,36.68,1
1788975064.0598674,learning_extended:serverless_predictive_fixed,0.0,36.68,1
1788975064.2617083,learning_extended:serverless_predictive_fixed,0.0,36.68,1
1788975064.463236,learning_extended:serverless_predictive_fixed,0.0,36.68,1
1788975064.6649544,learning_extended:serverless_predictive_fixed,0.0,36.68,1
1788975064.870676,learning_extended:serverless_predictive_fixed,4.9,64.19,4
1788975065.0777001,learning_extended:serverless_predictive_fixed,198.1,128.56,4
1788975065.2794435,learning_extended:serverless_predictive_fixed,198.3,150.05,4
1788975065.480984,learning_extended:serverless_predictive_fixed,153.7,164.88,4
1788975065.683225,learning_extended:serverless_predictive_fixed,0.0,164.88,4
1788975065.8855271,learning_extended:serverless_predictive_fixed,9.8,164.88,4
1788975066.087355,learning_extended:serverless_predictive_fixed,0.0,164.88,4
1788975066.289376,learning_extended:serverless_predictive_fixed,0.0,164.88,4
1788975066.491262,learning_extended:serverless_predictive_fixed,0.0,164.88,4
1788975066.6933424,learning_extended:serverless_predictive_fixed,0.0,164.88,4
1788975066.895543,learning_extended:serverless_predictive_fixed,0.0,164.88,4
1788975067.0977502,learning_extended:serverless_predictive_fixed,0.0,164.88,4
1788975067.2996736,learning_extended:serverless_predictive_fixed,0.0,164.88,4
1788975067.5017455,learning_extended:serverless_predictive_fixed,0.0,164.88,4
1788975067.7037706,learning_extended:serverless_predictive_fixed,5.0,164.88,4
1788975067.9057968,learning_extended:serverless_predictive_fixed,0.0,164.88,4
1788975068.1075757,learning_extended:serverless_predictive_fixed,0.0,164.88,4
1788975068.30949,learning_extended:serverless_predictive_fixed,0.0,164.88,4
1788975068.511322,learning_extended:serverless_predictive_fixed,0.0,164.88,4
1788975068.7133405,learning_extended:serverless_predictive_fixed,5.0,164.88,4
1788975068.9154396,learning_extended:serverless_predictive_fixed,0.0,164.88,4
1788975069.117444,learning_extended:serverless_predictive_fixed,0.0,164.88,4
1788975069.3203197,learning_extended:serverless_predictive_fixed,0.0,164.88,4
1788975069.5222783,learning_extended:serverless_predictive_fixed,0.0,164.88,4
1788975069.7242634,learning_extended:serverless_predictive_fixed,0.0,164.88,4
1788975069.927006,learning_extended:serverless_predictive_fixed,0.0,164.88,4
1788975070.1288805,learning_extended:serverless_predictive_fixed,0.0,164.88,4
1788975070.3306746,learning_extended:serverless_predictive_fixed,0.0,164.88,4
1788975070.5325172,learning_extended:serverless_predictive_fixed,0.0,164.89,4
1788975070.7354271,learning_extended:serverless_predictive_fixed,4.9,164.89,4
1788975070.9380646,learning_extended:serverless_predictive_fixed,4.9,164.89,4
1788975071.1398437,learning_extended:serverless_predictive_fixed,0.0,164.89,4
1788975071.3417659,learning_extended:serverless_predictive_fixed,5.0,164.89,4
1788975071.5436156,learning_extended:serverless_predictive_fixed,5.0,164.95,4
1788975071.7463558,learning_extended:serverless_predictive_fixed,0.0,122.39,3
1788975071.9481254,learning_extended:serverless_predictive_fixed,0.0,79.81,2
1788975072.1499655,learning_extended:serverless_predictive_fixed,0.0,37.16,1
1788975072.3516212,learning_extended:serverless_predictive_fixed,0.0,37.16,1
1788975072.5539653,learning_extended:serverless_predictive_fixed,0.0,37.16,1
1788975072.7556703,learning_extended:serverless_predictive_fixed,0.0,37.16,1
1788975072.9573493,learning_extended:serverless_predictive_fixed,0.0,56.98,2
1788975073.1589875,learning_extended:serverless_predictive_fixed,104.2,73.87,2
1788975073.3610613,learning_extended:serverless_predictive_fixed,49.5,79.77,2
1788975073.5628462,learning_extended:serverless_predictive_fixed,0.0,79.77,2
1788975073.7649293,learning_extended:serverless_predictive_fixed,9.9,126.18,4
1788975073.9669282,learning_extended:serverless_predictive_fixed,193.2,154.48,4
1788975074.168747,learning_extended:serverless_predictive_fixed,94.1,165.09,4
1788975074.3706412,learning_extended:serverless_predictive_fixed,0.0,165.09,4
1788975074.572621,learning_extended:serverless_predictive_fixed,0.0,165.09,4
1788975074.7746534,learning_extended:serverless_predictive_fixed,0.0,165.09,4
1788975074.9774637,learning_extended:serverless_predictive_fixed,0.0,165.09,4
1788975075.1793983,learning_extended:serverless_predictive_fixed,0.0,165.09,4
1788975075.381331,learning_extended:serverless_predictive_fixed,5.0,165.09,4
1788975075.5832481,learning_extended:serverless_predictive_fixed,0.0,165.09,4
1788975075.7851849,learning_extended:serverless_predictive_fixed,0.0,165.09,4
1788975075.987008,learning_extended:serverless_predictive_fixed,5.0,165.09,4
1788975076.1888957,learning_extended:serverless_predictive_fixed,0.0,165.09,4
1788975076.3906803,learning_extended:serverless_predictive_fixed,0.0,165.09,4
1788975076.592678,learning_extended:serverless_predictive_fixed,0.0,165.09,4
1788975076.7945843,learning_extended:serverless_predictive_fixed,0.0,165.09,4
1788975076.9965074,learning_extended:serverless_predictive_fixed,0.0,165.09,4
1788975077.1985428,learning_extended:serverless_predictive_fixed,0.0,165.09,4
1788975077.400453,learning_extended:serverless_predictive_fixed,0.0,165.09,4
1788975077.6024308,learning_extended:serverless_predictive_fixed,10.0,165.09,4
1788975077.8043382,learning_extended:serverless_predictive_fixed,0.0,165.09,4
1788975078.0063388,learning_extended:serverless_predictive_fixed,0.0,165.09,4
1788975078.2082748,learning_extended:serverless_predictive_fixed,5.0,165.09,4
1788975078.4102502,learning_extended:serverless_predictive_fixed,0.0,165.09,4
1788975078.612517,learning_extended:serverless_predictive_fixed,4.9,165.09,4
1788975078.8145425,learning_extended:serverless_predictive_fixed,0.0,165.09,4
1788975079.0163784,learning_extended:serverless_predictive_fixed,0.0,165.09,4
1788975079.2183197,learning_extended:serverless_predictive_fixed,5.0,165.09,4
1788975079.420516,learning_extended:serverless_predictive_fixed,0.0,165.09,4
1788975079.6225233,learning_extended:serverless_predictive_fixed,0.0,165.09,4
1788975079.824353,learning_extended:serverless_predictive_fixed,0.0,165.09,4
1788975080.0262532,learning_extended:serverless_predictive_fixed,0.0,165.09,4
1788975080.2281067,learning_extended:serverless_predictive_fixed,0.0,122.52,3
1788975080.4298844,learning_extended:serverless_predictive_fixed,0.0,79.81,2
1788975080.6315906,learning_extended:serverless_predictive_fixed,0.0,79.81,2
1788975080.8332703,learning_extended:serverless_predictive_fixed,0.0,37.27,1
1788975081.034986,learning_extended:serverless_predictive_fixed,0.0,37.27,1
1788975081.2366118,learning_extended:serverless_predictive_fixed,0.0,37.27,1
1788975081.4382515,learning_extended:serverless_predictive_fixed,5.0,37.27,1
1788975081.6398878,learning_extended:serverless_predictive_fixed,0.0,37.27,1
1788975081.8415794,learning_extended:serverless_predictive_fixed,0.0,64.1,2
1788975082.0433595,learning_extended:serverless_predictive_fixed,94.2,76.22,2
1788975082.2450235,learning_extended:serverless_predictive_fixed,34.8,79.84,2
1788975082.4469018,learning_extended:serverless_predictive_fixed,0.0,79.84,2
1788975082.6486676,learning_extended:serverless_predictive_fixed,0.0,79.84,2
1788975082.8503737,learning_extended:serverless_predictive_fixed,0.0,79.84,2
1788975083.0522287,learning_extended:serverless_predictive_fixed,0.0,79.84,2
1788975083.254717,learning_extended:serverless_predictive_fixed,0.0,79.84,2
1788975083.4564507,learning_extended:serverless_predictive_fixed,0.0,79.84,2
1788975083.6583114,learning_extended:serverless_predictive_fixed,0.0,79.84,2
1788975083.8600056,learning_extended:serverless_predictive_fixed,0.0,79.84,2
1788975084.0623012,learning_extended:serverless_predictive_fixed,4.9,89.97,4
1788975084.2645462,learning_extended:serverless_predictive_fixed,187.9,144.64,4
1788975084.4666343,learning_extended:serverless_predictive_fixed,188.1,161.44,4
1788975084.6699214,learning_extended:serverless_predictive_fixed,34.4,165.11,4
1788975084.8718019,learning_extended:serverless_predictive_fixed,0.0,165.11,4
1788975085.0741816,learning_extended:serverless_predictive_fixed,0.0,165.11,4
1788975085.2761264,learning_extended:serverless_predictive_fixed,0.0,165.11,4
1788975085.4780674,learning_extended:serverless_predictive_fixed,0.0,165.11,4
1788975085.6799421,learning_extended:serverless_predictive_fixed,5.0,165.11,4
1788975085.8823097,learning_extended:serverless_predictive_fixed,0.0,165.11,4
1788975086.084211,learning_extended:serverless_predictive_fixed,0.0,165.11,4
1788975086.2863793,learning_extended:serverless_predictive_fixed,0.0,165.11,4
1788975086.4893389,learning_extended:serverless_predictive_fixed,4.9,165.11,4
1788975086.6913633,learning_extended:serverless_predictive_fixed,0.0,165.11,4
1788975086.8941262,learning_extended:serverless_predictive_fixed,0.0,165.11,4
1788975087.0960953,learning_extended:serverless_predictive_fixed,5.0,165.11,4
1788975087.2981434,learning_extended:serverless_predictive_fixed,0.0,165.11,4
1788975087.5000048,learning_extended:serverless_predictive_fixed,0.0,165.11,4
1788975087.7020118,learning_extended:serverless_predictive_fixed,0.0,165.11,4
1788975087.904163,learning_extended:serverless_predictive_fixed,0.0,165.11,4
1788975088.106345,learning_extended:serverless_predictive_fixed,4.9,165.11,4
1788975088.3083262,learning_extended:serverless_predictive_fixed,0.0,165.11,4
1788975088.5103698,learning_extended:serverless_predictive_fixed,0.0,165.11,4
1788975088.7124681,learning_extended:serverless_predictive_fixed,0.0,165.11,4
1788975088.9144607,learning_extended:serverless_predictive_fixed,0.0,165.11,4
1788975089.1163223,learning_extended:serverless_predictive_fixed,0.0,165.11,4
1788975089.3182664,learning_extended:serverless_predictive_fixed,0.0,165.11,4
1788975089.5202198,learning_extended:serverless_predictive_fixed,0.0,165.11,4
1788975089.7222228,learning_extended:serverless_predictive_fixed,0.0,165.11,4
1788975089.9241567,learning_extended:serverless_predictive_fixed,0.0,165.11,4
1788975090.1260943,learning_extended:serverless_predictive_fixed,0.0,165.11,4
1788975090.327912,learning_extended:serverless_predictive_fixed,0.0,165.11,4
1788975090.5300362,learning_extended:serverless_predictive_fixed,0.0,122.55,3
1788975090.7321854,learning_extended:serverless_predictive_fixed,0.0,122.55,3
1788975090.934591,learning_extended:serverless_predictive_fixed,4.9,122.55,3
1788975091.1364806,learning_extended:serverless_predictive_fixed,5.0,79.91,2
1788975091.3382936,learning_extended:serverless_predictive_fixed,0.0,37.3,1
1788975091.5401847,learning_extended:serverless_predictive_fixed,0.0,37.3,1
1788975091.7420757,learning_extended:serverless_predictive_fixed,0.0,37.3,1
1788975091.9437444,learning_extended:serverless_predictive_fixed,0.0,37.3,1
1788975092.145499,learning_extended:serverless_predictive_fixed,0.0,58.4,2
1788975092.3473248,learning_extended:serverless_predictive_fixed,109.0,73.91,2
1788975092.5495229,learning_extended:serverless_predictive_fixed,54.4,79.86,2
1788975092.7515557,learning_extended:serverless_predictive_fixed,10.0,137.21,4
1788975092.9536917,learning_extended:serverless_predictive_fixed,197.8,158.36,4
1788975093.1557384,learning_extended:serverless_predictive_fixed,44.4,165.14,4
1788975093.3576353,learning_extended:serverless_predictive_fixed,0.0,165.14,4
1788975093.5603714,learning_extended:serverless_predictive_fixed,0.0,165.14,4
1788975093.7623534,learning_extended:serverless_predictive_fixed,0.0,165.14,4
1788975093.9642234,learning_extended:serverless_predictive_fixed,0.0,165.14,4
1788975094.1661944,learning_extended:serverless_predictive_fixed,0.0,165.14,4
1788975094.3682961,learning_extended:serverless_predictive_fixed,0.0,165.14,4
1788975094.5711777,learning_extended:serverless_predictive_fixed,0.0,165.14,4
1788975094.7732472,learning_extended:serverless_predictive_fixed,0.0,165.14,4
1788975094.9754107,learning_extended:serverless_predictive_fixed,4.9,165.14,4
1788975095.1782048,learning_extended:serverless_predictive_fixed,4.9,165.14,4
1788975095.3801405,learning_extended:serverless_predictive_fixed,0.0,165.14,4
1788975095.58223,learning_extended:serverless_predictive_fixed,4.9,165.14,4
1788975095.7841792,learning_extended:serverless_predictive_fixed,0.0,165.14,4
1788975095.9864156,learning_extended:serverless_predictive_fixed,0.0,165.14,4
1788975096.1885161,learning_extended:serverless_predictive_fixed,0.0,165.14,4
1788975096.3905697,learning_extended:serverless_predictive_fixed,0.0,165.14,4
1788975096.592375,learning_extended:serverless_predictive_fixed,0.0,165.14,4
1788975096.794314,learning_extended:serverless_predictive_fixed,0.0,165.14,4
1788975096.996175,learning_extended:serverless_predictive_fixed,0.0,165.14,4
1788975097.1982338,learning_extended:serverless_predictive_fixed,0.0,165.14,4
1788975097.4000978,learning_extended:serverless_predictive_fixed,5.0,165.14,4
1788975097.6020966,learning_extended:serverless_predictive_fixed,0.0,165.14,4
1788975097.803954,learning_extended:serverless_predictive_fixed,0.0,165.14,4
1788975098.006222,learning_extended:serverless_predictive_fixed,0.0,165.14,4
1788975098.2081332,learning_extended:serverless_predictive_fixed,0.0,165.14,4
1788975098.4103513,learning_extended:serverless_predictive_fixed,0.0,165.14,4
1788975098.6123924,learning_extended:serverless_predictive_fixed,0.0,165.14,4
1788975098.814534,learning_extended:serverless_predictive_fixed,0.0,165.14,4
1788975099.016428,learning_extended:serverless_predictive_fixed,5.0,165.14,4
1788975099.2184508,learning_extended:serverless_predictive_fixed,0.0,122.57,3
1788975099.4207275,learning_extended:serverless_predictive_fixed,0.0,122.57,3
1788975099.6226084,learning_extended:serverless_predictive_fixed,0.0,80.0,2
1788975099.8242176,learning_extended:serverless_predictive_fixed,0.0,37.32,1
1788975100.025897,learning_extended:serverless_predictive_fixed,0.0,37.32,1
1788975100.2282977,learning_extended:serverless_predictive_fixed,0.0,37.32,1
1788975100.430079,learning_extended:serverless_predictive_fixed,0.0,37.32,1
1788975100.631704,learning_extended:serverless_predictive_fixed,5.0,37.32,1
1788975100.8335834,learning_extended:serverless_predictive_fixed,0.0,66.32,2
1788975101.0351453,learning_extended:serverless_predictive_fixed,109.2,76.42,2
1788975101.236788,learning_extended:serverless_predictive_fixed,19.8,79.84,2
1788975101.4385717,learning_extended:serverless_predictive_fixed,0.0,79.84,2
1788975101.6403792,learning_extended:serverless_predictive_fixed,0.0,79.84,2
1788975101.8422172,learning_extended:serverless_predictive_fixed,0.0,79.84,2
1788975102.0439649,learning_extended:serverless_predictive_fixed,0.0,79.84,2
1788975102.2457566,learning_extended:serverless_predictive_fixed,0.0,79.84,2
1788975102.44795,learning_extended:serverless_predictive_fixed,0.0,79.84,2
1788975102.649845,learning_extended:serverless_predictive_fixed,0.0,79.84,2
1788975102.8517432,learning_extended:serverless_predictive_fixed,24.8,143.29,4
1788975103.0542724,learning_extended:serverless_predictive_fixed,202.5,161.11,4
1788975103.2569296,learning_extended:serverless_predictive_fixed,19.7,165.24,4
1788975103.4587522,learning_extended:serverless_predictive_fixed,0.0,165.24,4
1788975103.6609902,learning_extended:serverless_predictive_fixed,0.0,165.24,4
1788975103.8629642,learning_extended:serverless_predictive_fixed,0.0,165.24,4
1788975104.0649483,learning_extended:serverless_predictive_fixed,10.0,165.24,4
1788975104.2666397,learning_extended:serverless_predictive_fixed,0.0,165.24,4
1788975104.4684932,learning_extended:serverless_predictive_fixed,0.0,165.24,4
1788975104.6706357,learning_extended:serverless_predictive_fixed,0.0,165.24,4
1788975104.8725255,learning_extended:serverless_predictive_fixed,0.0,165.24,4
1788975105.074494,learning_extended:serverless_predictive_fixed,0.0,165.24,4
1788975105.2762673,learning_extended:serverless_predictive_fixed,0.0,165.24,4
1788975105.4783108,learning_extended:serverless_predictive_fixed,0.0,165.24,4
1788975105.6801739,learning_extended:serverless_predictive_fixed,0.0,165.24,4
1788975105.8822153,learning_extended:serverless_predictive_fixed,0.0,165.24,4
1788975106.0841882,learning_extended:serverless_predictive_fixed,5.0,165.24,4
1788975106.2861865,learning_extended:serverless_predictive_fixed,0.0,165.24,4
1788975106.4880292,learning_extended:serverless_predictive_fixed,0.0,165.24,4
1788975106.6901603,learning_extended:serverless_predictive_fixed,0.0,165.24,4
1788975106.892296,learning_extended:serverless_predictive_fixed,0.0,165.24,4
1788975107.0943365,learning_extended:serverless_predictive_fixed,0.0,165.24,4
1788975107.2963226,learning_extended:serverless_predictive_fixed,0.0,165.24,4
1788975107.4982893,learning_extended:serverless_predictive_fixed,0.0,165.24,4
1788975107.700549,learning_extended:serverless_predictive_fixed,0.0,165.24,4
1788975107.9024248,learning_extended:serverless_predictive_fixed,10.0,165.24,4
1788975108.1042402,learning_extended:serverless_predictive_fixed,0.0,165.24,4
1788975108.3061402,learning_extended:serverless_predictive_fixed,0.0,165.24,4
1788975108.508045,learning_extended:serverless_predictive_fixed,0.0,165.24,4
1788975108.709915,learning_extended:serverless_predictive_fixed,0.0,165.24,4
1788975108.9116728,learning_extended:serverless_predictive_fixed,0.0,165.24,4
1788975109.113632,learning_extended:serverless_predictive_fixed,0.0,165.24,4
1788975109.315539,learning_extended:serverless_predictive_fixed,5.0,122.71,3
1788975109.5180514,learning_extended:serverless_predictive_fixed,0.0,122.71,3
1788975109.7197928,learning_extended:serverless_predictive_fixed,0.0,80.05,2
1788975109.9214687,learning_extended:serverless_predictive_fixed,0.0,37.34,2
1788975110.1231482,learning_extended:serverless_predictive_fixed,0.0,37.34,1
1788975110.3247995,learning_extended:serverless_predictive_fixed,0.0,37.34,1
1788975110.5264063,learning_extended:serverless_predictive_fixed,0.0,37.34,1
1788975110.7281616,learning_extended:serverless_predictive_fixed,5.0,37.34,1
1788975110.9300082,learning_extended:serverless_predictive_fixed,0.0,71.31,2
1788975111.1315942,learning_extended:serverless_predictive_fixed,99.3,79.86,2
1788975111.333885,learning_extended:serverless_predictive_fixed,9.8,132.96,4
1788975111.5363095,learning_extended:serverless_predictive_fixed,192.6,157.04,4
1788975111.7389553,learning_extended:serverless_predictive_fixed,59.2,165.17,4
1788975111.9407578,learning_extended:serverless_predictive_fixed,0.0,165.17,4
1788975112.1427233,learning_extended:serverless_predictive_fixed,0.0,165.17,4
1788975112.344548,learning_extended:serverless_predictive_fixed,0.0,165.17,4
1788975112.5464773,learning_extended:serverless_predictive_fixed,5.0,165.17,4
1788975112.7498739,learning_extended:serverless_predictive_fixed,0.0,165.17,4
1788975112.9517055,learning_extended:serverless_predictive_fixed,0.0,165.17,4
1788975113.153638,learning_extended:serverless_predictive_fixed,5.0,165.17,4
1788975113.3558018,learning_extended:serverless_predictive_fixed,0.0,165.17,4
1788975113.5579236,learning_extended:serverless_predictive_fixed,0.0,165.17,4
1788975113.7598727,learning_extended:serverless_predictive_fixed,0.0,165.17,4
1788975113.9630396,learning_extended:serverless_predictive_fixed,0.0,165.17,4
1788975114.1650496,learning_extended:serverless_predictive_fixed,0.0,165.17,4
1788975114.3670228,learning_extended:serverless_predictive_fixed,5.0,165.17,4
1788975114.5695274,learning_extended:serverless_predictive_fixed,0.0,165.17,4
1788975114.7715676,learning_extended:serverless_predictive_fixed,0.0,165.17,4
1788975114.9736466,learning_extended:serverless_predictive_fixed,0.0,165.17,4
1788975115.1756828,learning_extended:serverless_predictive_fixed,0.0,165.17,4
1788975115.3778472,learning_extended:serverless_predictive_fixed,0.0,165.17,4
1788975115.5799367,learning_extended:serverless_predictive_fixed,0.0,165.17,4
1788975115.7822096,learning_extended:serverless_predictive_fixed,0.0,165.17,4
1788975115.9842267,learning_extended:serverless_predictive_fixed,0.0,165.17,4
1788975116.1867032,learning_extended:serverless_predictive_fixed,0.0,165.17,4
1788975116.3887887,learning_extended:serverless_predictive_fixed,9.8,165.17,4
1788975116.5908613,learning_extended:serverless_predictive_fixed,0.0,165.17,4
1788975116.7928119,learning_extended:serverless_predictive_fixed,0.0,165.17,4
1788975116.9948065,learning_extended:serverless_predictive_fixed,0.0,165.17,4
1788975117.1968913,learning_extended:serverless_predictive_fixed,0.0,165.17,4
1788975117.3989232,learning_extended:serverless_predictive_fixed,0.0,165.17,4
1788975117.6009996,learning_extended:serverless_predictive_fixed,0.0,165.17,4
1788975117.8030882,learning_extended:serverless_predictive_fixed,0.0,122.64,3
1788975118.00558,learning_extended:serverless_predictive_fixed,9.8,122.64,3
1788975118.207412,learning_extended:serverless_predictive_fixed,0.0,79.94,2
1788975118.40927,learning_extended:serverless_predictive_fixed,0.0,37.36,1
1788975118.6110919,learning_extended:serverless_predictive_fixed,0.0,37.36,1
1788975118.8129308,learning_extended:serverless_predictive_fixed,0.0,37.36,1
1788975119.0148866,learning_extended:serverless_predictive_fixed,5.0,37.36,1
1788975119.2166536,learning_extended:serverless_predictive_fixed,0.0,37.36,1
1788975119.4188833,learning_extended:serverless_predictive_fixed,0.0,69.43,2
1788975119.6205587,learning_extended:serverless_predictive_fixed,94.2,79.82,2
1788975119.8226697,learning_extended:serverless_predictive_fixed,4.9,79.96,2
1788975120.0244682,learning_extended:serverless_predictive_fixed,0.0,79.96,2
1788975120.2263272,learning_extended:serverless_predictive_fixed,5.0,79.96,2
1788975120.428186,learning_extended:serverless_predictive_fixed,0.0,79.96,2
1788975120.6300707,learning_extended:serverless_predictive_fixed,0.0,79.96,2
1788975120.8390892,learning_extended:serverless_predictive_fixed,4.8,128.78,4
1788975121.0413768,learning_extended:serverless_predictive_fixed,197.7,154.45,4
1788975121.2432203,learning_extended:serverless_predictive_fixed,94.1,165.25,4
1788975121.445302,learning_extended:serverless_predictive_fixed,0.0,165.25,4
1788975121.6472833,learning_extended:serverless_predictive_fixed,0.0,165.25,4
1788975121.849325,learning_extended:serverless_predictive_fixed,0.0,165.25,4
1788975122.051265,learning_extended:serverless_predictive_fixed,0.0,165.25,4
1788975122.2532885,learning_extended:serverless_predictive_fixed,0.0,165.25,4
1788975122.4552152,learning_extended:serverless_predictive_fixed,0.0,165.25,4
1788975122.6577551,learning_extended:serverless_predictive_fixed,0.0,165.25,4
1788975122.8597353,learning_extended:serverless_predictive_fixed,0.0,165.25,4
1788975123.061841,learning_extended:serverless_predictive_fixed,0.0,165.25,4
1788975123.2637334,learning_extended:serverless_predictive_fixed,5.0,165.25,4
1788975123.4657354,learning_extended:serverless_predictive_fixed,0.0,165.25,4
1788975123.667812,learning_extended:serverless_predictive_fixed,0.0,165.25,4
1788975123.8706002,learning_extended:serverless_predictive_fixed,0.0,165.25,4
1788975124.0727096,learning_extended:serverless_predictive_fixed,0.0,165.25,4
1788975124.2746873,learning_extended:serverless_predictive_fixed,5.0,165.25,4
1788975124.4766552,learning_extended:serverless_predictive_fixed,0.0,165.25,4
1788975124.6787105,learning_extended:serverless_predictive_fixed,0.0,165.25,4
1788975124.880704,learning_extended:serverless_predictive_fixed,0.0,165.25,4
1788975125.0827584,learning_extended:serverless_predictive_fixed,4.9,165.25,4
1788975125.28473,learning_extended:serverless_predictive_fixed,0.0,165.25,4
1788975125.4867556,learning_extended:serverless_predictive_fixed,0.0,165.25,4
1788975125.688774,learning_extended:serverless_predictive_fixed,5.0,165.25,4
1788975125.8908498,learning_extended:serverless_predictive_fixed,0.0,165.25,4
1788975126.0928192,learning_extended:serverless_predictive_fixed,0.0,165.25,4
1788975126.2948127,learning_extended:serverless_predictive_fixed,0.0,165.25,4
1788975126.496791,learning_extended:serverless_predictive_fixed,0.0,165.25,4
1788975126.698811,learning_extended:serverless_predictive_fixed,0.0,165.25,4
1788975126.9009168,learning_extended:serverless_predictive_fixed,0.0,165.25,4
1788975127.1029923,learning_extended:serverless_predictive_fixed,0.0,165.25,4
1788975127.3050354,learning_extended:serverless_predictive_fixed,0.0,122.64,3
1788975127.506797,learning_extended:serverless_predictive_fixed,0.0,80.05,2
1788975127.7087557,learning_extended:serverless_predictive_fixed,0.0,80.05,2
1788975127.9105506,learning_extended:serverless_predictive_fixed,0.0,37.38,1
1788975128.114631,learning_extended:serverless_predictive_fixed,4.9,37.38,1
1788975128.316386,learning_extended:serverless_predictive_fixed,0.0,37.38,1
1788975128.5183172,learning_extended:serverless_predictive_fixed,0.0,37.38,1
1788975128.7203665,learning_extended:serverless_predictive_fixed,0.0,37.38,1
1788975128.9224036,learning_extended:serverless_predictive_fixed,5.0,67.19,2
1788975129.1241183,learning_extended:serverless_predictive_fixed,94.2,76.88,2
1788975129.3260756,learning_extended:serverless_predictive_fixed,24.8,79.97,2
1788975129.5279765,learning_extended:serverless_predictive_fixed,0.0,79.97,2
1788975129.72999,learning_extended:serverless_predictive_fixed,0.0,79.97,2
1788975129.931919,learning_extended:serverless_predictive_fixed,0.0,79.97,2
1788975130.133892,learning_extended:serverless_predictive_fixed,0.0,79.97,2
1788975130.3361163,learning_extended:serverless_predictive_fixed,0.0,79.97,2
1788975130.538181,learning_extended:serverless_predictive_fixed,0.0,79.97,2
1788975130.7400594,learning_extended:serverless_predictive_fixed,5.0,79.97,2
1788975130.9420798,learning_extended:serverless_predictive_fixed,0.0,79.97,2
1788975131.1455784,learning_extended:serverless_predictive_fixed,9.8,124.68,4
1788975131.3479228,learning_extended:serverless_predictive_fixed,187.8,153.93,4
1788975131.5500917,learning_extended:serverless_predictive_fixed,98.9,165.1,4
1788975131.7522216,learning_extended:serverless_predictive_fixed,0.0,165.1,4
1788975131.9545808,learning_extended:serverless_predictive_fixed,0.0,165.1,4
1788975132.1565137,learning_extended:serverless_predictive_fixed,0.0,165.1,4
1788975132.3589697,learning_extended:serverless_predictive_fixed,0.0,165.1,4
1788975132.5609794,learning_extended:serverless_predictive_fixed,0.0,165.1,4
1788975132.7632844,learning_extended:serverless_predictive_fixed,0.0,165.1,4
1788975132.9655526,learning_extended:serverless_predictive_fixed,0.0,165.1,4
1788975133.1675687,learning_extended:serverless_predictive_fixed,4.9,165.1,4
1788975133.3698523,learning_extended:serverless_predictive_fixed,4.9,165.1,4
1788975133.5719454,learning_extended:serverless_predictive_fixed,0.0,165.1,4
1788975133.7740653,learning_extended:serverless_predictive_fixed,0.0,165.1,4
1788975133.9760342,learning_extended:serverless_predictive_fixed,0.0,165.1,4
1788975134.17808,learning_extended:serverless_predictive_fixed,0.0,165.1,4
1788975134.38003,learning_extended:serverless_predictive_fixed,0.0,165.1,4
1788975134.5821187,learning_extended:serverless_predictive_fixed,4.9,165.1,4
1788975134.7840924,learning_extended:serverless_predictive_fixed,5.0,165.1,4
1788975134.9861376,learning_extended:serverless_predictive_fixed,0.0,165.1,4
1788975135.1880074,learning_extended:serverless_predictive_fixed,0.0,165.1,4
1788975135.390232,learning_extended:serverless_predictive_fixed,0.0,165.1,4
1788975135.5923026,learning_extended:serverless_predictive_fixed,4.9,165.1,4
1788975135.7947855,learning_extended:serverless_predictive_fixed,0.0,165.1,4
1788975135.9969547,learning_extended:serverless_predictive_fixed,0.0,165.1,4
1788975136.199217,learning_extended:serverless_predictive_fixed,0.0,165.1,4
1788975136.401437,learning_extended:serverless_predictive_fixed,0.0,165.1,4
1788975136.604324,learning_extended:serverless_predictive_fixed,4.9,165.1,4
1788975136.80663,learning_extended:serverless_predictive_fixed,0.0,165.1,4
1788975137.0086246,learning_extended:serverless_predictive_fixed,0.0,165.1,4
1788975137.2108514,learning_extended:serverless_predictive_fixed,0.0,165.1,4
1788975137.413229,learning_extended:serverless_predictive_fixed,0.0,165.1,4
1788975137.6151595,learning_extended:serverless_predictive_fixed,4.9,122.5,4
1788975137.817214,learning_extended:serverless_predictive_fixed,10.0,122.5,3
1788975138.0190444,learning_extended:serverless_predictive_fixed,0.0,122.5,3
1788975138.2209933,learning_extended:serverless_predictive_fixed,0.0,79.92,2
1788975138.4226422,learning_extended:serverless_predictive_fixed,0.0,37.4,1
1788975138.6243033,learning_extended:serverless_predictive_fixed,0.0,37.4,1
1788975138.826223,learning_extended:serverless_predictive_fixed,0.0,37.4,1
1788975139.0283544,learning_extended:serverless_predictive_fixed,0.0,37.4,1
1788975139.2301753,learning_extended:serverless_predictive_fixed,0.0,64.09,2
1788975139.4319184,learning_extended:serverless_predictive_fixed,99.1,76.01,2
1788975139.6340294,learning_extended:serverless_predictive_fixed,29.6,79.95,2
1788975139.8358874,learning_extended:serverless_predictive_fixed,0.0,79.95,2
1788975140.0377953,learning_extended:serverless_predictive_fixed,5.0,79.95,2
1788975140.2397983,learning_extended:serverless_predictive_fixed,0.0,79.95,2
1788975140.4420366,learning_extended:serverless_predictive_fixed,0.0,79.95,2
1788975140.6442215,learning_extended:serverless_predictive_fixed,0.0,79.95,2
1788975140.8462348,learning_extended:serverless_predictive_fixed,0.0,79.95,2
1788975141.0488007,learning_extended:serverless_predictive_fixed,4.9,115.12,4
1788975141.2513626,learning_extended:serverless_predictive_fixed,197.5,153.05,4
1788975141.4530287,learning_extended:serverless_predictive_fixed,153.8,165.19,4
1788975141.655002,learning_extended:serverless_predictive_fixed,0.0,165.19,4
1788975141.8569376,learning_extended:serverless_predictive_fixed,0.0,165.19,4
1788975142.0589876,learning_extended:serverless_predictive_fixed,0.0,165.19,4
1788975142.2610197,learning_extended:serverless_predictive_fixed,0.0,165.19,4
1788975142.462819,learning_extended:serverless_predictive_fixed,0.0,165.19,4
1788975142.6648998,learning_extended:serverless_predictive_fixed,0.0,165.19,4
1788975142.8668385,learning_extended:serverless_predictive_fixed,0.0,165.19,4
1788975143.069323,learning_extended:serverless_predictive_fixed,0.0,165.19,4
1788975143.2714958,learning_extended:serverless_predictive_fixed,0.0,165.19,4
1788975143.4740078,learning_extended:serverless_predictive_fixed,0.0,165.19,4
1788975143.6761775,learning_extended:serverless_predictive_fixed,0.0,165.19,4
1788975143.8785672,learning_extended:serverless_predictive_fixed,4.9,165.19,4
1788975144.080758,learning_extended:serverless_predictive_fixed,0.0,165.19,4
1788975144.2833226,learning_extended:serverless_predictive_fixed,0.0,165.19,4
1788975144.4857304,learning_extended:serverless_predictive_fixed,4.9,165.19,4
1788975144.6879237,learning_extended:serverless_predictive_fixed,0.0,165.19,4
1788975144.8903463,learning_extended:serverless_predictive_fixed,4.9,165.19,4
1788975145.0924952,learning_extended:serverless_predictive_fixed,4.9,165.19,4
1788975145.2948637,learning_extended:serverless_predictive_fixed,0.0,165.19,4
1788975145.4976053,learning_extended:serverless_predictive_fixed,0.0,165.19,4
1788975145.6998134,learning_extended:serverless_predictive_fixed,4.9,165.19,4
1788975145.9021113,learning_extended:serverless_predictive_fixed,4.9,165.19,4
1788975146.104934,learning_extended:serverless_predictive_fixed,0.0,165.19,4
1788975146.3069534,learning_extended:serverless_predictive_fixed,0.0,165.19,4
1788975146.5090504,learning_extended:serverless_predictive_fixed,0.0,165.19,4
1788975146.711268,learning_extended:serverless_predictive_fixed,0.0,165.19,4
1788975146.9136517,learning_extended:serverless_predictive_fixed,0.0,165.19,4
1788975147.1157017,learning_extended:serverless_predictive_fixed,0.0,165.19,4
1788975147.3189864,learning_extended:serverless_predictive_fixed,0.0,165.19,4
1788975147.5215287,learning_extended:serverless_predictive_fixed,0.0,165.19,4
1788975147.7238705,learning_extended:serverless_predictive_fixed,0.0,122.63,3
1788975147.926035,learning_extended:serverless_predictive_fixed,4.9,79.96,3
1788975148.1280537,learning_extended:serverless_predictive_fixed,0.0,79.96,2
1788975148.3301702,learning_extended:serverless_predictive_fixed,0.0,37.4,1
1788975148.5320158,learning_extended:serverless_predictive_fixed,0.0,37.4,1
1788975148.734,learning_extended:serverless_predictive_fixed,0.0,37.4,1
1788975148.9361436,learning_extended:serverless_predictive_fixed,0.0,37.4,1
1788975149.138185,learning_extended:serverless_predictive_fixed,0.0,58.31,2
1788975149.34144,learning_extended:serverless_predictive_fixed,108.2,73.97,2
1788975149.5437791,learning_extended:serverless_predictive_fixed,74.1,79.93,2
1788975149.746044,learning_extended:serverless_predictive_fixed,0.0,79.93,2
1788975149.948019,learning_extended:serverless_predictive_fixed,0.0,79.93,2
1788975150.1502833,learning_extended:serverless_predictive_fixed,0.0,79.93,2
1788975150.3523262,learning_extended:serverless_predictive_fixed,0.0,79.93,2
1788975150.5543854,learning_extended:serverless_predictive_fixed,0.0,79.93,2
1788975150.7567182,learning_extended:serverless_predictive_fixed,0.0,79.93,2
1788975150.9605033,learning_extended:serverless_predictive_fixed,14.7,121.99,4
1788975151.1671464,learning_extended:serverless_predictive_fixed,198.3,153.27,4
1788975151.36968,learning_extended:serverless_predictive_fixed,138.3,165.24,4
1788975151.5718472,learning_extended:serverless_predictive_fixed,0.0,165.24,4
1788975151.774409,learning_extended:serverless_predictive_fixed,4.9,165.24,4
1788975151.976798,learning_extended:serverless_predictive_fixed,0.0,165.24,4
1788975152.179758,learning_extended:serverless_predictive_fixed,0.0,165.24,4
1788975152.382049,learning_extended:serverless_predictive_fixed,0.0,165.24,4
1788975152.584086,learning_extended:serverless_predictive_fixed,0.0,165.24,4
1788975152.7863204,learning_extended:serverless_predictive_fixed,0.0,165.24,4
1788975152.9885092,learning_extended:serverless_predictive_fixed,0.0,165.24,4
1788975153.1906521,learning_extended:serverless_predictive_fixed,0.0,165.24,4
1788975153.3926833,learning_extended:serverless_predictive_fixed,0.0,165.24,4
1788975153.5947266,learning_extended:serverless_predictive_fixed,0.0,165.24,4
1788975153.7967775,learning_extended:serverless_predictive_fixed,0.0,165.24,4
1788975153.9990704,learning_extended:serverless_predictive_fixed,0.0,165.24,4
1788975154.2012246,learning_extended:serverless_predictive_fixed,0.0,165.24,4
1788975154.4035254,learning_extended:serverless_predictive_fixed,0.0,165.24,4
1788975154.6056066,learning_extended:serverless_predictive_fixed,0.0,165.24,4
1788975154.8075833,learning_extended:serverless_predictive_fixed,0.0,165.24,4
1788975155.0099058,learning_extended:serverless_predictive_fixed,0.0,165.24,4
1788975155.2117577,learning_extended:serverless_predictive_fixed,10.0,165.24,4
1788975155.413665,learning_extended:serverless_predictive_fixed,0.0,165.24,4
1788975155.615523,learning_extended:serverless_predictive_fixed,0.0,165.24,4
1788975155.817638,learning_extended:serverless_predictive_fixed,0.0,165.24,4
1788975156.0198257,learning_extended:serverless_predictive_fixed,0.0,165.24,4
1788975156.2219138,learning_extended:serverless_predictive_fixed,4.9,165.24,4
1788975156.4241781,learning_extended:serverless_predictive_fixed,0.0,165.24,4
1788975156.626357,learning_extended:serverless_predictive_fixed,0.0,165.24,4
1788975156.828637,learning_extended:serverless_predictive_fixed,0.0,165.24,4
1788975157.0306258,learning_extended:serverless_predictive_fixed,0.0,165.24,4
1788975157.2324424,learning_extended:serverless_predictive_fixed,5.0,165.24,4
1788975157.4344738,learning_extended:serverless_predictive_fixed,0.0,122.71,3
1788975157.636401,learning_extended:serverless_predictive_fixed,0.0,122.71,3
1788975157.838264,learning_extended:serverless_predictive_fixed,0.0,37.42,1
1788975158.0402987,learning_extended:serverless_predictive_fixed,0.0,37.42,1
1788975158.2422304,learning_extended:serverless_predictive_fixed,0.0,37.42,1
1788975158.444004,learning_extended:serverless_predictive_fixed,0.0,37.42,1
1788975158.6458004,learning_extended:serverless_predictive_fixed,0.0,37.42,1
1788975158.8474028,learning_extended:serverless_predictive_fixed,0.0,37.42,1
1788975159.049781,learning_extended:serverless_predictive_fixed,5.0,61.14,2
1788975159.2515042,learning_extended:serverless_predictive_fixed,103.7,75.19,2
1788975159.4534,learning_extended:serverless_predictive_fixed,39.6,80.11,2
1788975159.655047,learning_extended:serverless_predictive_fixed,0.0,80.11,2
1788975159.8569107,learning_extended:serverless_predictive_fixed,0.0,80.11,2
1788975160.0586965,learning_extended:serverless_predictive_fixed,0.0,80.11,2
1788975160.261217,learning_extended:serverless_predictive_fixed,9.8,80.11,2
1788975160.4628477,learning_extended:serverless_predictive_fixed,0.0,80.11,2
1788975160.6645255,learning_extended:serverless_predictive_fixed,0.0,80.11,2
1788975160.8662689,learning_extended:serverless_predictive_fixed,0.0,80.11,2
1788975161.0679898,learning_extended:serverless_predictive_fixed,0.0,80.11,2
1788975161.2709434,learning_extended:serverless_predictive_fixed,4.9,131.33,4
1788975161.4728892,learning_extended:serverless_predictive_fixed,203.1,156.67,4
1788975161.6753502,learning_extended:serverless_predictive_fixed,54.4,165.25,4
1788975161.8772745,learning_extended:serverless_predictive_fixed,0.0,165.25,4
1788975162.0791552,learning_extended:serverless_predictive_fixed,0.0,165.25,4
1788975162.2809103,learning_extended:serverless_predictive_fixed,0.0,165.25,4
1788975162.4833887,learning_extended:serverless_predictive_fixed,0.0,165.25,4
1788975162.6853213,learning_extended:serverless_predictive_fixed,10.0,165.25,4
1788975162.8871868,learning_extended:serverless_predictive_fixed,0.0,165.25,4
1788975163.0889862,learning_extended:serverless_predictive_fixed,0.0,165.25,4
1788975163.2908435,learning_extended:serverless_predictive_fixed,0.0,165.25,4
1788975163.4925916,learning_extended:serverless_predictive_fixed,0.0,165.25,4
1788975163.694558,learning_extended:serverless_predictive_fixed,10.0,165.25,4
1788975163.896914,learning_extended:serverless_predictive_fixed,0.0,165.25,4
1788975164.0987504,learning_extended:serverless_predictive_fixed,0.0,165.25,4
1788975164.30058,learning_extended:serverless_predictive_fixed,0.0,165.25,4
1788975164.5024395,learning_extended:serverless_predictive_fixed,0.0,165.25,4
1788975164.7044191,learning_extended:serverless_predictive_fixed,0.0,165.25,4
1788975164.9066157,learning_extended:serverless_predictive_fixed,0.0,165.25,4
1788975165.108555,learning_extended:serverless_predictive_fixed,0.0,165.25,4
1788975165.3104115,learning_extended:serverless_predictive_fixed,0.0,165.25,4
1788975165.5123081,learning_extended:serverless_predictive_fixed,0.0,165.25,4
1788975165.714274,learning_extended:serverless_predictive_fixed,0.0,165.25,4
1788975165.9162288,learning_extended:serverless_predictive_fixed,0.0,165.25,4
1788975166.1185434,learning_extended:serverless_predictive_fixed,4.9,165.25,4
1788975166.3205414,learning_extended:serverless_predictive_fixed,0.0,165.25,4
1788975166.5224738,learning_extended:serverless_predictive_fixed,0.0,165.25,4
1788975166.7243268,learning_extended:serverless_predictive_fixed,0.0,165.25,4
1788975166.9273694,learning_extended:serverless_predictive_fixed,0.0,165.25,4
1788975167.1294343,learning_extended:serverless_predictive_fixed,0.0,165.25,4
1788975167.331285,learning_extended:serverless_predictive_fixed,0.0,165.25,4
1788975167.5333655,learning_extended:serverless_predictive_fixed,4.9,165.25,4
1788975167.735258,learning_extended:serverless_predictive_fixed,5.0,122.56,3
1788975167.9370217,learning_extended:serverless_predictive_fixed,0.0,122.56,3
1788975168.1386747,learning_extended:serverless_predictive_fixed,0.0,37.43,1
1788975168.340387,learning_extended:serverless_predictive_fixed,0.0,37.43,1
1788975168.542211,learning_extended:serverless_predictive_fixed,0.0,37.43,1
1788975168.7438703,learning_extended:serverless_predictive_fixed,0.0,37.43,1
1788975168.945622,learning_extended:serverless_predictive_fixed,0.0,37.43,1
1788975169.1472542,learning_extended:serverless_predictive_fixed,0.0,37.43,1
1788975169.3489199,learning_extended:serverless_predictive_fixed,5.0,69.58,2
1788975169.550551,learning_extended:serverless_predictive_fixed,104.2,79.81,2
1788975169.7524412,learning_extended:serverless_predictive_fixed,0.0,79.96,2
1788975169.9542685,learning_extended:serverless_predictive_fixed,5.0,79.96,2
1788975170.1559901,learning_extended:serverless_predictive_fixed,0.0,79.96,2
1788975170.3577652,learning_extended:serverless_predictive_fixed,5.0,79.96,2
1788975170.559465,learning_extended:serverless_predictive_fixed,0.0,79.96,2
1788975170.7612484,learning_extended:serverless_predictive_fixed,0.0,79.96,2
1788975170.9642575,learning_extended:serverless_predictive_fixed,0.0,79.96,2
1788975171.1711276,learning_extended:serverless_predictive_fixed,0.0,98.11,4
1788975171.37332,learning_extended:serverless_predictive_fixed,202.7,150.02,4
1788975171.575475,learning_extended:serverless_predictive_fixed,168.2,164.98,4
1788975171.7774093,learning_extended:serverless_predictive_fixed,0.0,164.98,4
1788975171.9792964,learning_extended:serverless_predictive_fixed,0.0,164.98,4
1788975172.1815977,learning_extended:serverless_predictive_fixed,0.0,164.98,4
1788975172.383453,learning_extended:serverless_predictive_fixed,5.0,164.98,4
1788975172.5855422,learning_extended:serverless_predictive_fixed,0.0,164.98,4
1788975172.7873676,learning_extended:serverless_predictive_fixed,0.0,164.98,4
1788975172.9893513,learning_extended:serverless_predictive_fixed,0.0,164.98,4
1788975173.1912405,learning_extended:serverless_predictive_fixed,0.0,164.98,4
1788975173.3938289,learning_extended:serverless_predictive_fixed,0.0,164.98,4
1788975173.595602,learning_extended:serverless_predictive_fixed,0.0,164.98,4
1788975173.7976253,learning_extended:serverless_predictive_fixed,0.0,164.98,4
1788975173.999576,learning_extended:serverless_predictive_fixed,0.0,164.98,4
1788975174.2016156,learning_extended:serverless_predictive_fixed,0.0,164.98,4
1788975174.4041653,learning_extended:serverless_predictive_fixed,4.9,164.98,4
1788975174.6061413,learning_extended:serverless_predictive_fixed,0.0,164.98,4
1788975174.8088737,learning_extended:serverless_predictive_fixed,0.0,164.98,4
1788975175.0117614,learning_extended:serverless_predictive_fixed,0.0,164.98,4
1788975175.2147458,learning_extended:serverless_predictive_fixed,0.0,164.98,4
1788975175.4167552,learning_extended:serverless_predictive_fixed,0.0,164.98,4
1788975175.6186914,learning_extended:serverless_predictive_fixed,0.0,164.98,4
1788975175.82065,learning_extended:serverless_predictive_fixed,0.0,164.98,4
1788975176.0225754,learning_extended:serverless_predictive_fixed,0.0,164.98,4
1788975176.2244847,learning_extended:serverless_predictive_fixed,0.0,164.98,4
1788975176.4265115,learning_extended:serverless_predictive_fixed,4.9,164.98,4
1788975176.6286962,learning_extended:serverless_predictive_fixed,0.0,164.98,4
1788975176.8313715,learning_extended:serverless_predictive_fixed,0.0,164.98,4
1788975177.0338275,learning_extended:serverless_predictive_fixed,9.8,164.98,4
1788975177.2358007,learning_extended:serverless_predictive_fixed,0.0,164.98,4
1788975177.4377725,learning_extended:serverless_predictive_fixed,0.0,164.98,4
1788975177.63975,learning_extended:serverless_predictive_fixed,0.0,122.44,3
1788975177.8416848,learning_extended:serverless_predictive_fixed,5.0,122.44,3
1788975178.0450613,learning_extended:serverless_predictive_fixed,0.0,122.44,3
1788975178.2470593,learning_extended:serverless_predictive_fixed,0.0,37.44,1
1788975178.4490838,learning_extended:serverless_predictive_fixed,0.0,37.44,1
1788975178.6512206,learning_extended:serverless_predictive_fixed,0.0,37.44,1
1788975178.8530836,learning_extended:serverless_predictive_fixed,0.0,37.44,1
1788975179.055234,learning_extended:serverless_predictive_fixed,0.0,37.44,1
1788975179.2572932,learning_extended:serverless_predictive_fixed,4101.6,50.78,2
1788975179.4590952,learning_extended:serverless_predictive_fixed,99.1,73.95,2
1788975179.6609828,learning_extended:serverless_predictive_fixed,74.3,80.0,2
1788975179.862714,learning_extended:serverless_predictive_fixed,0.0,80.0,2
1788975180.0644553,learning_extended:serverless_predictive_fixed,0.0,80.0,2
1788975180.2663352,learning_extended:serverless_predictive_fixed,0.0,80.0,2
1788975180.4680498,learning_extended:serverless_predictive_fixed,0.0,80.0,2
1788975180.6699579,learning_extended:serverless_predictive_fixed,0.0,80.0,2
1788975180.8716917,learning_extended:serverless_predictive_fixed,0.0,80.0,2
1788975181.0736983,learning_extended:serverless_predictive_fixed,14.9,124.25,4
1788975181.275483,learning_extended:serverless_predictive_fixed,198.3,154.48,4
1788975181.4781854,learning_extended:serverless_predictive_fixed,108.5,165.12,4
1788975181.680142,learning_extended:serverless_predictive_fixed,0.0,165.12,4
1788975181.8821197,learning_extended:serverless_predictive_fixed,0.0,165.12,4
1788975182.0840266,learning_extended:serverless_predictive_fixed,0.0,165.12,4
1788975182.2859533,learning_extended:serverless_predictive_fixed,0.0,165.12,4
1788975182.4877517,learning_extended:serverless_predictive_fixed,0.0,165.12,4
1788975182.689958,learning_extended:serverless_predictive_fixed,0.0,165.12,4
1788975182.891906,learning_extended:serverless_predictive_fixed,0.0,165.12,4
1788975183.0939574,learning_extended:serverless_predictive_fixed,0.0,165.12,4
1788975183.3180435,learning_extended:serverless_predictive_fixed,0.0,165.12,4
1788975183.5207334,learning_extended:serverless_predictive_fixed,0.0,165.12,4
1788975183.7236087,learning_extended:serverless_predictive_fixed,14.8,165.12,4
1788975183.9256387,learning_extended:serverless_predictive_fixed,0.0,165.12,4
1788975184.1274853,learning_extended:serverless_predictive_fixed,0.0,165.12,4
1788975184.3294513,learning_extended:serverless_predictive_fixed,0.0,165.12,4
1788975184.5312986,learning_extended:serverless_predictive_fixed,5.0,165.12,4
1788975184.733227,learning_extended:serverless_predictive_fixed,5.0,165.12,4
1788975184.9350893,learning_extended:serverless_predictive_fixed,0.0,165.12,4
1788975185.1369138,learning_extended:serverless_predictive_fixed,0.0,165.12,4
1788975185.3388927,learning_extended:serverless_predictive_fixed,0.0,165.12,4
1788975185.540708,learning_extended:serverless_predictive_fixed,0.0,165.12,4
1788975185.7433183,learning_extended:serverless_predictive_fixed,0.0,165.12,4
1788975185.945586,learning_extended:serverless_predictive_fixed,0.0,165.12,4
1788975186.1475005,learning_extended:serverless_predictive_fixed,0.0,165.12,4
1788975186.349479,learning_extended:serverless_predictive_fixed,0.0,165.12,4
1788975186.5513766,learning_extended:serverless_predictive_fixed,0.0,165.12,4
1788975186.7533593,learning_extended:serverless_predictive_fixed,0.0,165.12,4
1788975186.9555478,learning_extended:serverless_predictive_fixed,0.0,165.12,4
1788975187.1581783,learning_extended:serverless_predictive_fixed,0.0,165.12,4
1788975187.3599539,learning_extended:serverless_predictive_fixed,0.0,165.12,4
1788975187.5619934,learning_extended:serverless_predictive_fixed,0.0,122.55,3
1788975187.7638004,learning_extended:serverless_predictive_fixed,0.0,122.55,3
1788975187.9657028,learning_extended:serverless_predictive_fixed,0.0,79.99,2
1788975188.1674228,learning_extended:serverless_predictive_fixed,0.0,37.44,1
1788975188.3691688,learning_extended:serverless_predictive_fixed,5.0,37.44,1
1788975188.5709023,learning_extended:serverless_predictive_fixed,0.0,37.44,1
1788975188.7732406,learning_extended:serverless_predictive_fixed,0.0,37.44,1
1788975188.9748476,learning_extended:serverless_predictive_fixed,0.0,37.44,1
1788975189.176446,learning_extended:serverless_predictive_fixed,0.0,67.92,2
1788975189.3783429,learning_extended:serverless_predictive_fixed,104.1,77.74,2
1788975189.580171,learning_extended:serverless_predictive_fixed,24.8,80.1,2
1788975189.7821426,learning_extended:serverless_predictive_fixed,0.0,80.1,2
1788975189.9839213,learning_extended:serverless_predictive_fixed,0.0,80.1,2
1788975190.1858535,learning_extended:serverless_predictive_fixed,0.0,80.1,2
1788975190.3878715,learning_extended:serverless_predictive_fixed,0.0,80.1,2
1788975190.58993,learning_extended:serverless_predictive_fixed,0.0,80.1,2
1788975190.7926166,learning_extended:serverless_predictive_fixed,9.8,121.02,4
1788975190.9946384,learning_extended:serverless_predictive_fixed,128.6,146.24,4
1788975191.1972687,learning_extended:serverless_predictive_fixed,197.3,163.8,4
1788975191.3994455,learning_extended:serverless_predictive_fixed,9.8,165.17,4
1788975191.6015515,learning_extended:serverless_predictive_fixed,0.0,165.17,4
1788975191.8035398,learning_extended:serverless_predictive_fixed,0.0,165.17,4
1788975192.0055368,learning_extended:serverless_predictive_fixed,0.0,165.17,4
1788975192.2075477,learning_extended:serverless_predictive_fixed,0.0,165.17,4
1788975192.409445,learning_extended:serverless_predictive_fixed,0.0,165.17,4
1788975192.6113243,learning_extended:serverless_predictive_fixed,0.0,165.17,4
1788975192.8138523,learning_extended:serverless_predictive_fixed,4.9,165.17,4
1788975193.0172198,learning_extended:serverless_predictive_fixed,0.0,165.17,4
1788975193.220342,learning_extended:serverless_predictive_fixed,0.0,165.17,4
1788975193.4225743,learning_extended:serverless_predictive_fixed,4.9,165.17,4
1788975193.6248224,learning_extended:serverless_predictive_fixed,9.8,165.17,4
1788975193.8274405,learning_extended:serverless_predictive_fixed,0.0,165.17,4
1788975194.0295339,learning_extended:serverless_predictive_fixed,4.9,165.17,4
1788975194.2318964,learning_extended:serverless_predictive_fixed,0.0,165.17,4
1788975194.4340925,learning_extended:serverless_predictive_fixed,0.0,165.17,4
1788975194.6363668,learning_extended:serverless_predictive_fixed,0.0,165.17,4
1788975194.8385904,learning_extended:serverless_predictive_fixed,0.0,165.17,4
1788975195.0412254,learning_extended:serverless_predictive_fixed,0.0,165.17,4
1788975195.2433429,learning_extended:serverless_predictive_fixed,0.0,165.17,4
1788975195.4458218,learning_extended:serverless_predictive_fixed,0.0,165.17,4
1788975195.647889,learning_extended:serverless_predictive_fixed,0.0,165.17,4
1788975195.850181,learning_extended:serverless_predictive_fixed,0.0,165.17,4
1788975196.053209,learning_extended:serverless_predictive_fixed,0.0,165.17,4
1788975196.2561698,learning_extended:serverless_predictive_fixed,0.0,165.17,4
1788975196.458412,learning_extended:serverless_predictive_fixed,4.9,165.17,4
1788975196.6604345,learning_extended:serverless_predictive_fixed,0.0,165.17,4
1788975196.862664,learning_extended:serverless_predictive_fixed,0.0,165.17,4
1788975197.065583,learning_extended:serverless_predictive_fixed,0.0,165.17,4
1788975197.2677574,learning_extended:serverless_predictive_fixed,0.0,122.51,3
1788975197.4698706,learning_extended:serverless_predictive_fixed,4.9,122.51,3
1788975197.6718678,learning_extended:serverless_predictive_fixed,0.0,80.0,2
1788975197.8739262,learning_extended:serverless_predictive_fixed,0.0,37.45,1
1788975198.0758793,learning_extended:serverless_predictive_fixed,0.0,37.45,1
1788975198.278001,learning_extended:serverless_predictive_fixed,0.0,37.45,1
1788975198.4798567,learning_extended:serverless_predictive_fixed,0.0,37.45,1
1788975198.6818242,learning_extended:serverless_predictive_fixed,5.0,37.45,1
1788975198.8837495,learning_extended:serverless_predictive_fixed,0.0,61.85,2
1788975199.0856493,learning_extended:serverless_predictive_fixed,104.1,74.91,2
1788975199.288153,learning_extended:serverless_predictive_fixed,49.4,80.16,2
1788975199.4900577,learning_extended:serverless_predictive_fixed,0.0,80.16,2
1788975199.6927094,learning_extended:serverless_predictive_fixed,19.8,129.09,4
1788975199.8947213,learning_extended:serverless_predictive_fixed,198.1,154.48,4
1788975200.0968645,learning_extended:serverless_predictive_fixed,103.9,165.31,4
1788975200.2988076,learning_extended:serverless_predictive_fixed,0.0,165.31,4
1788975200.500746,learning_extended:serverless_predictive_fixed,0.0,165.31,4
1788975200.7028148,learning_extended:serverless_predictive_fixed,0.0,165.31,4
1788975200.9057064,learning_extended:serverless_predictive_fixed,0.0,165.31,4
1788975201.107736,learning_extended:serverless_predictive_fixed,4.9,165.31,4
1788975201.3098004,learning_extended:serverless_predictive_fixed,0.0,165.31,4
1788975201.511836,learning_extended:serverless_predictive_fixed,0.0,165.31,4
1788975201.7138221,learning_extended:serverless_predictive_fixed,0.0,165.31,4
1788975201.9158518,learning_extended:serverless_predictive_fixed,0.0,165.31,4
1788975202.1179152,learning_extended:serverless_predictive_fixed,0.0,165.31,4
1788975202.3199155,learning_extended:serverless_predictive_fixed,0.0,165.31,4
1788975202.5220761,learning_extended:serverless_predictive_fixed,0.0,165.31,4
1788975202.7242413,learning_extended:serverless_predictive_fixed,4.9,165.31,4
1788975202.9278529,learning_extended:serverless_predictive_fixed,4.9,165.31,4
1788975203.1301541,learning_extended:serverless_predictive_fixed,0.0,165.31,4
1788975203.332091,learning_extended:serverless_predictive_fixed,0.0,165.31,4
1788975203.5340528,learning_extended:serverless_predictive_fixed,0.0,165.31,4
1788975203.7361,learning_extended:serverless_predictive_fixed,0.0,165.31,4
1788975203.9381437,learning_extended:serverless_predictive_fixed,0.0,165.31,4
1788975204.140057,learning_extended:serverless_predictive_fixed,0.0,165.31,4
1788975204.342058,learning_extended:serverless_predictive_fixed,0.0,165.31,4
1788975204.543967,learning_extended:serverless_predictive_fixed,0.0,165.31,4
1788975204.746155,learning_extended:serverless_predictive_fixed,0.0,165.31,4
1788975204.9483426,learning_extended:serverless_predictive_fixed,0.0,165.31,4
1788975205.1503968,learning_extended:serverless_predictive_fixed,9.8,165.31,4
1788975205.353066,learning_extended:serverless_predictive_fixed,0.0,165.31,4
1788975205.555384,learning_extended:serverless_predictive_fixed,0.0,165.31,4
1788975205.7575383,learning_extended:serverless_predictive_fixed,0.0,165.31,4
1788975205.9595973,learning_extended:serverless_predictive_fixed,0.0,165.31,4
1788975206.1615784,learning_extended:serverless_predictive_fixed,0.0,122.59,3
1788975206.36352,learning_extended:serverless_predictive_fixed,5.0,122.59,3
1788975206.5655296,learning_extended:serverless_predictive_fixed,0.0,80.02,2
1788975206.7680666,learning_extended:serverless_predictive_fixed,0.0,37.46,1
1788975206.9698412,learning_extended:serverless_predictive_fixed,0.0,37.46,1
1788975207.1716516,learning_extended:serverless_predictive_fixed,0.0,37.46,1
1788975207.3766844,learning_extended:serverless_predictive_fixed,0.0,37.46,1
1788975207.5786686,learning_extended:serverless_predictive_fixed,0.0,37.46,1
1788975207.7805026,learning_extended:serverless_predictive_fixed,5.0,64.83,2
1788975207.9824257,learning_extended:serverless_predictive_fixed,99.0,76.16,2
1788975208.1842732,learning_extended:serverless_predictive_fixed,29.8,80.06,2
1788975208.3862247,learning_extended:serverless_predictive_fixed,0.0,80.06,2
1788975208.588064,learning_extended:serverless_predictive_fixed,0.0,80.06,2
1788975208.790322,learning_extended:serverless_predictive_fixed,0.0,80.06,2
1788975208.992543,learning_extended:serverless_predictive_fixed,0.0,80.06,2
1788975209.1943235,learning_extended:serverless_predictive_fixed,5.0,80.06,2
1788975209.3976445,learning_extended:serverless_predictive_fixed,14.7,145.8,4
1788975209.6026826,learning_extended:serverless_predictive_fixed,190.2,163.8,4
1788975209.804526,learning_extended:serverless_predictive_fixed,14.9,165.21,4
1788975210.0065572,learning_extended:serverless_predictive_fixed,0.0,165.21,4
1788975210.2086248,learning_extended:serverless_predictive_fixed,0.0,165.21,4
1788975210.4106257,learning_extended:serverless_predictive_fixed,0.0,165.21,4
1788975210.6126225,learning_extended:serverless_predictive_fixed,0.0,165.21,4
1788975210.814609,learning_extended:serverless_predictive_fixed,0.0,165.21,4
1788975211.030459,learning_extended:serverless_predictive_fixed,0.0,165.21,4
1788975211.232371,learning_extended:serverless_predictive_fixed,0.0,165.21,4
1788975211.4343965,learning_extended:serverless_predictive_fixed,0.0,165.21,4
1788975211.636296,learning_extended:serverless_predictive_fixed,5.0,165.21,4
1788975211.8383608,learning_extended:serverless_predictive_fixed,4.9,165.21,4
1788975212.0401955,learning_extended:serverless_predictive_fixed,0.0,165.21,4
1788975212.2420797,learning_extended:serverless_predictive_fixed,0.0,165.21,4
1788975212.4439738,learning_extended:serverless_predictive_fixed,0.0,165.21,4
1788975212.6458716,learning_extended:serverless_predictive_fixed,0.0,165.21,4
1788975212.8476999,learning_extended:serverless_predictive_fixed,5.0,165.21,4
1788975213.0497026,learning_extended:serverless_predictive_fixed,0.0,165.21,4
1788975213.252169,learning_extended:serverless_predictive_fixed,0.0,165.21,4
1788975213.4540398,learning_extended:serverless_predictive_fixed,0.0,165.21,4
1788975213.6558414,learning_extended:serverless_predictive_fixed,0.0,165.21,4
1788975213.857993,learning_extended:serverless_predictive_fixed,0.0,165.21,4
1788975214.060727,learning_extended:serverless_predictive_fixed,0.0,165.21,4
1788975214.262622,learning_extended:serverless_predictive_fixed,0.0,165.21,4
1788975214.4644706,learning_extended:serverless_predictive_fixed,0.0,165.21,4
1788975214.6668882,learning_extended:serverless_predictive_fixed,0.0,165.21,4
1788975214.8687215,learning_extended:serverless_predictive_fixed,0.0,165.21,4
1788975215.0705786,learning_extended:serverless_predictive_fixed,0.0,165.21,4
1788975215.2725108,learning_extended:serverless_predictive_fixed,5.0,165.21,4
1788975215.4744515,learning_extended:serverless_predictive_fixed,0.0,165.21,4
1788975215.677013,learning_extended:serverless_predictive_fixed,4.9,122.59,3
1788975215.8788054,learning_extended:serverless_predictive_fixed,0.0,122.59,3
1788975216.0808837,learning_extended:serverless_predictive_fixed,0.0,80.05,2
1788975216.2834332,learning_extended:serverless_predictive_fixed,4.9,37.47,2
1788975216.4850667,learning_extended:serverless_predictive_fixed,0.0,37.47,1
1788975216.6867473,learning_extended:serverless_predictive_fixed,0.0,37.47,1
1788975216.8884292,learning_extended:serverless_predictive_fixed,0.0,37.47,1
1788975217.0908608,learning_extended:serverless_predictive_fixed,0.0,37.47,1
1788975217.2925203,learning_extended:serverless_predictive_fixed,5.0,60.8,2
1788975217.4941828,learning_extended:serverless_predictive_fixed,104.2,75.06,2
1788975217.6959782,learning_extended:serverless_predictive_fixed,49.6,80.05,2
1788975217.8979537,learning_extended:serverless_predictive_fixed,0.0,80.05,2
1788975218.1005635,learning_extended:serverless_predictive_fixed,14.8,139.23,4
1788975218.3026228,learning_extended:serverless_predictive_fixed,197.9,160.76,4
1788975218.5054471,learning_extended:serverless_predictive_fixed,39.4,165.34,4
1788975218.7081246,learning_extended:serverless_predictive_fixed,0.0,165.34,4
1788975218.9104843,learning_extended:serverless_predictive_fixed,4.9,165.34,4
1788975219.112844,learning_extended:serverless_predictive_fixed,0.0,165.34,4
1788975219.3148563,learning_extended:serverless_predictive_fixed,0.0,165.34,4
1788975219.516692,learning_extended:serverless_predictive_fixed,5.0,165.34,4
1788975219.7185507,learning_extended:serverless_predictive_fixed,0.0,165.34,4
1788975219.9212961,learning_extended:serverless_predictive_fixed,0.0,165.34,4
1788975220.123237,learning_extended:serverless_predictive_fixed,0.0,165.34,4
1788975220.3252861,learning_extended:serverless_predictive_fixed,0.0,165.34,4
1788975220.5272212,learning_extended:serverless_predictive_fixed,0.0,165.34,4
1788975220.7292762,learning_extended:serverless_predictive_fixed,5.0,165.34,4
1788975220.9312558,learning_extended:serverless_predictive_fixed,0.0,165.34,4
1788975221.1332505,learning_extended:serverless_predictive_fixed,9.9,165.34,4
1788975221.3351376,learning_extended:serverless_predictive_fixed,0.0,165.34,4
1788975221.537241,learning_extended:serverless_predictive_fixed,0.0,165.34,4
1788975221.7398915,learning_extended:serverless_predictive_fixed,0.0,165.34,4
1788975221.9421234,learning_extended:serverless_predictive_fixed,0.0,165.34,4
1788975222.1440556,learning_extended:serverless_predictive_fixed,0.0,165.34,4
1788975222.3461232,learning_extended:serverless_predictive_fixed,0.0,165.34,4
1788975222.5479815,learning_extended:serverless_predictive_fixed,0.0,165.34,4
1788975222.7500074,learning_extended:serverless_predictive_fixed,4.9,165.34,4
1788975222.9519083,learning_extended:serverless_predictive_fixed,0.0,165.34,4
1788975223.154421,learning_extended:serverless_predictive_fixed,0.0,165.34,4
1788975223.356968,learning_extended:serverless_predictive_fixed,0.0,165.34,4
1788975223.5589924,learning_extended:serverless_predictive_fixed,0.0,165.34,4
1788975223.7609437,learning_extended:serverless_predictive_fixed,0.0,165.34,4
1788975223.9629023,learning_extended:serverless_predictive_fixed,5.0,165.34,4
1788975224.1651714,learning_extended:serverless_predictive_fixed,0.0,165.34,4
1788975224.3670223,learning_extended:serverless_predictive_fixed,0.0,165.34,4
1788975224.5688303,learning_extended:serverless_predictive_fixed,5.0,122.75,3
1788975224.7705317,learning_extended:serverless_predictive_fixed,0.0,80.19,2
1788975224.9722366,learning_extended:serverless_predictive_fixed,0.0,80.19,2
1788975225.1740746,learning_extended:serverless_predictive_fixed,0.0,80.19,2
1788975225.3757262,learning_extended:serverless_predictive_fixed,0.0,37.48,1
1788975225.577604,learning_extended:serverless_predictive_fixed,0.0,37.48,1
1788975225.7794728,learning_extended:serverless_predictive_fixed,0.0,37.48,1
1788975225.9813085,learning_extended:serverless_predictive_fixed,7057.3,51.3,2
1788975226.1833386,learning_extended:serverless_predictive_fixed,103.9,73.04,2
1788975226.3852644,learning_extended:serverless_predictive_fixed,89.2,80.07,2
1788975226.5870337,learning_extended:serverless_predictive_fixed,0.0,80.07,2
1788975226.7887187,learning_extended:serverless_predictive_fixed,0.0,80.07,2
1788975226.9906695,learning_extended:serverless_predictive_fixed,0.0,80.07,2
1788975227.1926618,learning_extended:serverless_predictive_fixed,0.0,80.07,2
1788975227.3944905,learning_extended:serverless_predictive_fixed,0.0,80.07,2
1788975227.596249,learning_extended:serverless_predictive_fixed,0.0,80.07,2
1788975227.7982156,learning_extended:serverless_predictive_fixed,0.0,80.07,2
1788975228.0002868,learning_extended:serverless_predictive_fixed,0.0,121.57,4
1788975228.2023494,learning_extended:serverless_predictive_fixed,197.9,153.81,4
1788975228.4049592,learning_extended:serverless_predictive_fixed,108.6,165.23,4
1788975228.6067536,learning_extended:serverless_predictive_fixed,0.0,165.23,4
1788975228.8085442,learning_extended:serverless_predictive_fixed,5.0,165.23,4
1788975229.0104873,learning_extended:serverless_predictive_fixed,5.0,165.23,4
1788975229.2135959,learning_extended:serverless_predictive_fixed,0.0,165.23,4
1788975229.415569,learning_extended:serverless_predictive_fixed,0.0,165.23,4
1788975229.6175718,learning_extended:serverless_predictive_fixed,0.0,165.23,4
1788975229.819465,learning_extended:serverless_predictive_fixed,0.0,165.23,4
1788975230.0221171,learning_extended:serverless_predictive_fixed,0.0,165.23,4
1788975230.224027,learning_extended:serverless_predictive_fixed,5.0,165.23,4
1788975230.4259572,learning_extended:serverless_predictive_fixed,0.0,165.23,4
1788975230.6281648,learning_extended:serverless_predictive_fixed,0.0,165.23,4
1788975230.8302221,learning_extended:serverless_predictive_fixed,5.0,165.23,4
1788975231.032153,learning_extended:serverless_predictive_fixed,0.0,165.23,4
1788975231.2341118,learning_extended:serverless_predictive_fixed,0.0,165.23,4
1788975231.4361274,learning_extended:serverless_predictive_fixed,5.0,165.23,4
1788975231.6381648,learning_extended:serverless_predictive_fixed,0.0,165.23,4
1788975231.8402376,learning_extended:serverless_predictive_fixed,0.0,165.23,4
1788975232.042932,learning_extended:serverless_predictive_fixed,0.0,165.23,4
1788975232.2448654,learning_extended:serverless_predictive_fixed,0.0,165.23,4
1788975232.4466932,learning_extended:serverless_predictive_fixed,0.0,165.23,4
1788975232.6492186,learning_extended:serverless_predictive_fixed,0.0,165.23,4
1788975232.8512716,learning_extended:serverless_predictive_fixed,4.9,165.23,4
1788975233.053595,learning_extended:serverless_predictive_fixed,0.0,165.23,4
1788975233.2554336,learning_extended:serverless_predictive_fixed,0.0,165.23,4
1788975233.4574594,learning_extended:serverless_predictive_fixed,0.0,165.23,4
1788975233.659386,learning_extended:serverless_predictive_fixed,0.0,165.23,4
1788975233.861639,learning_extended:serverless_predictive_fixed,4.9,165.23,4
1788975234.0638258,learning_extended:serverless_predictive_fixed,0.0,165.23,4
1788975234.2656937,learning_extended:serverless_predictive_fixed,0.0,165.23,4
1788975234.4675267,learning_extended:serverless_predictive_fixed,0.0,122.64,3
1788975234.6693907,learning_extended:serverless_predictive_fixed,0.0,122.64,3
1788975234.8713386,learning_extended:serverless_predictive_fixed,0.0,80.12,2
1788975235.072975,learning_extended:serverless_predictive_fixed,0.0,37.49,1
1788975235.2746606,learning_extended:serverless_predictive_fixed,0.0,37.49,1
1788975235.476247,learning_extended:serverless_predictive_fixed,0.0,37.49,1
1788975235.6782033,learning_extended:serverless_predictive_fixed,0.0,37.49,1
1788975235.8800583,learning_extended:serverless_predictive_fixed,5.0,37.49,1
1788975236.0819674,learning_extended:serverless_predictive_fixed,0.0,60.62,2
1788975236.2836614,learning_extended:serverless_predictive_fixed,104.2,75.3,2
1788975236.4854276,learning_extended:serverless_predictive_fixed,44.6,80.21,2
1788975236.6874926,learning_extended:serverless_predictive_fixed,0.0,80.21,2
1788975236.889464,learning_extended:serverless_predictive_fixed,0.0,80.21,2
1788975237.0918267,learning_extended:serverless_predictive_fixed,4.9,121.38,4
1788975237.2945511,learning_extended:serverless_predictive_fixed,202.3,154.12,4
1788975237.4977434,learning_extended:serverless_predictive_fixed,123.0,165.43,4
1788975237.6998093,learning_extended:serverless_predictive_fixed,0.0,165.43,4
1788975237.9023218,learning_extended:serverless_predictive_fixed,0.0,165.43,4
1788975238.1044283,learning_extended:serverless_predictive_fixed,0.0,165.43,4
1788975238.3065085,learning_extended:serverless_predictive_fixed,4.9,165.43,4
1788975238.5084653,learning_extended:serverless_predictive_fixed,0.0,165.43,4
1788975238.710532,learning_extended:serverless_predictive_fixed,0.0,165.43,4
1788975238.913608,learning_extended:serverless_predictive_fixed,0.0,165.43,4
1788975239.1156292,learning_extended:serverless_predictive_fixed,4.9,165.43,4
1788975239.3177357,learning_extended:serverless_predictive_fixed,0.0,165.43,4
1788975239.519758,learning_extended:serverless_predictive_fixed,0.0,165.43,4
1788975239.72192,learning_extended:serverless_predictive_fixed,0.0,165.43,4
1788975239.9243627,learning_extended:serverless_predictive_fixed,4.9,165.43,4
1788975240.1274517,learning_extended:serverless_predictive_fixed,4.9,165.43,4
1788975240.32989,learning_extended:serverless_predictive_fixed,0.0,165.43,4
1788975240.532685,learning_extended:serverless_predictive_fixed,0.0,165.43,4
1788975240.734924,learning_extended:serverless_predictive_fixed,0.0,165.43,4
1788975240.9369237,learning_extended:serverless_predictive_fixed,0.0,165.43,4
1788975241.138988,learning_extended:serverless_predictive_fixed,0.0,165.43,4
1788975241.3409636,learning_extended:serverless_predictive_fixed,0.0,165.43,4
1788975241.5430126,learning_extended:serverless_predictive_fixed,0.0,165.43,4
1788975241.7463336,learning_extended:serverless_predictive_fixed,0.0,165.43,4
1788975241.9492998,learning_extended:serverless_predictive_fixed,4.9,165.43,4
1788975242.1514544,learning_extended:serverless_predictive_fixed,0.0,165.43,4
1788975242.3539975,learning_extended:serverless_predictive_fixed,0.0,165.43,4
1788975242.556013,learning_extended:serverless_predictive_fixed,0.0,165.43,4
1788975242.7583807,learning_extended:serverless_predictive_fixed,0.0,165.43,4
1788975242.960456,learning_extended:serverless_predictive_fixed,4.9,165.43,4
1788975243.1625507,learning_extended:serverless_predictive_fixed,0.0,165.43,4
1788975243.3646052,learning_extended:serverless_predictive_fixed,0.0,165.43,4
1788975243.5669627,learning_extended:serverless_predictive_fixed,0.0,122.7,3
1788975243.7690027,learning_extended:serverless_predictive_fixed,4.9,122.7,3
1788975243.9711616,learning_extended:serverless_predictive_fixed,0.0,80.05,2
1788975244.173282,learning_extended:serverless_predictive_fixed,0.0,37.51,1
1788975244.3754902,learning_extended:serverless_predictive_fixed,0.0,37.51,1
1788975244.5775905,learning_extended:serverless_predictive_fixed,0.0,37.51,1
1788975244.779464,learning_extended:serverless_predictive_fixed,0.0,37.51,1
1788975244.9813206,learning_extended:serverless_predictive_fixed,0.0,37.51,1
1788975245.1839917,learning_extended:serverless_predictive_fixed,4.9,64.54,2
1788975245.3862605,learning_extended:serverless_predictive_fixed,108.7,76.42,2
1788975245.5881445,learning_extended:serverless_predictive_fixed,24.8,80.05,2
1788975245.790127,learning_extended:serverless_predictive_fixed,0.0,80.05,2
1788975245.9923375,learning_extended:serverless_predictive_fixed,0.0,80.05,2
1788975246.194526,learning_extended:serverless_predictive_fixed,14.8,136.11,4
1788975246.398296,learning_extended:serverless_predictive_fixed,186.4,156.31,4
1788975246.6007812,learning_extended:serverless_predictive_fixed,79.0,165.27,4
1788975246.8038633,learning_extended:serverless_predictive_fixed,0.0,165.27,4
1788975247.0069702,learning_extended:serverless_predictive_fixed,0.0,165.27,4
1788975247.2095234,learning_extended:serverless_predictive_fixed,0.0,165.27,4
1788975247.4118016,learning_extended:serverless_predictive_fixed,4.9,165.27,4
1788975247.6143367,learning_extended:serverless_predictive_fixed,0.0,165.27,4
1788975247.8166983,learning_extended:serverless_predictive_fixed,0.0,165.27,4
1788975248.0188706,learning_extended:serverless_predictive_fixed,0.0,165.27,4
1788975248.2208009,learning_extended:serverless_predictive_fixed,0.0,165.27,4
1788975248.4231,learning_extended:serverless_predictive_fixed,0.0,165.27,4
1788975248.625225,learning_extended:serverless_predictive_fixed,0.0,165.27,4
1788975248.8271844,learning_extended:serverless_predictive_fixed,0.0,165.27,4
1788975249.0294883,learning_extended:serverless_predictive_fixed,0.0,165.27,4
1788975249.2316346,learning_extended:serverless_predictive_fixed,4.9,165.27,4
1788975249.4337752,learning_extended:serverless_predictive_fixed,0.0,165.27,4
1788975249.6358612,learning_extended:serverless_predictive_fixed,0.0,165.27,4
1788975249.838013,learning_extended:serverless_predictive_fixed,4.9,165.27,4
1788975250.0402038,learning_extended:serverless_predictive_fixed,0.0,165.27,4
1788975250.2423325,learning_extended:serverless_predictive_fixed,4.9,165.27,4
1788975250.4444385,learning_extended:serverless_predictive_fixed,0.0,165.27,4
1788975250.6465948,learning_extended:serverless_predictive_fixed,4.9,165.27,4
1788975250.8486788,learning_extended:serverless_predictive_fixed,0.0,165.27,4
1788975251.0512216,learning_extended:serverless_predictive_fixed,0.0,165.27,4
1788975251.2533097,learning_extended:serverless_predictive_fixed,0.0,165.27,4
1788975251.4553251,learning_extended:serverless_predictive_fixed,0.0,165.27,4
1788975251.6573963,learning_extended:serverless_predictive_fixed,0.0,165.27,4
1788975251.8595812,learning_extended:serverless_predictive_fixed,0.0,165.27,4
1788975252.0623329,learning_extended:serverless_predictive_fixed,0.0,165.27,4
1788975252.2643497,learning_extended:serverless_predictive_fixed,0.0,165.27,4
1788975252.4664898,learning_extended:serverless_predictive_fixed,0.0,165.27,4
1788975252.668516,learning_extended:serverless_predictive_fixed,0.0,122.72,3
1788975252.8705788,learning_extended:serverless_predictive_fixed,4.9,80.14,3
1788975253.0725882,learning_extended:serverless_predictive_fixed,0.0,37.52,1
1788975253.2745214,learning_extended:serverless_predictive_fixed,0.0,37.52,1
1788975253.4766893,learning_extended:serverless_predictive_fixed,4.9,37.52,1
1788975253.6785486,learning_extended:serverless_predictive_fixed,0.0,37.52,1
1788975253.880316,learning_extended:serverless_predictive_fixed,0.0,37.52,1
1788975254.082179,learning_extended:serverless_predictive_fixed,0.0,37.52,1
1788975254.2839773,learning_extended:serverless_predictive_fixed,0.0,72.05,2
1788975254.4857664,learning_extended:serverless_predictive_fixed,94.2,80.18,2
1788975254.6876085,learning_extended:serverless_predictive_fixed,0.0,80.18,2
1788975254.8897097,learning_extended:serverless_predictive_fixed,0.0,80.18,2
1788975255.091829,learning_extended:serverless_predictive_fixed,0.0,80.18,2
1788975255.2938142,learning_extended:serverless_predictive_fixed,0.0,80.18,2
1788975255.4958055,learning_extended:serverless_predictive_fixed,0.0,80.18,2
1788975255.6983964,learning_extended:serverless_predictive_fixed,0.0,80.18,2
1788975255.9012427,learning_extended:serverless_predictive_fixed,0.0,80.18,2
1788975256.1033695,learning_extended:serverless_predictive_fixed,14.8,127.03,4
1788975256.3056514,learning_extended:serverless_predictive_fixed,187.8,153.95,4
1788975256.5082588,learning_extended:serverless_predictive_fixed,108.6,165.34,4
1788975256.7101793,learning_extended:serverless_predictive_fixed,0.0,165.34,4
1788975256.912049,learning_extended:serverless_predictive_fixed,0.0,165.34,4
1788975257.113967,learning_extended:serverless_predictive_fixed,0.0,165.34,4
1788975257.3158362,learning_extended:serverless_predictive_fixed,0.0,165.34,4
1788975257.5177886,learning_extended:serverless_predictive_fixed,0.0,165.34,4
1788975257.7197158,learning_extended:serverless_predictive_fixed,0.0,165.34,4
1788975257.921746,learning_extended:serverless_predictive_fixed,0.0,165.34,4
1788975258.1237416,learning_extended:serverless_predictive_fixed,0.0,165.34,4
1788975258.326116,learning_extended:serverless_predictive_fixed,0.0,165.34,4
1788975258.5284333,learning_extended:serverless_predictive_fixed,0.0,165.34,4
1788975258.7304606,learning_extended:serverless_predictive_fixed,4.9,165.34,4
1788975258.9326434,learning_extended:serverless_predictive_fixed,0.0,165.34,4
1788975259.1347423,learning_extended:serverless_predictive_fixed,4.9,165.34,4
1788975259.3374872,learning_extended:serverless_predictive_fixed,0.0,165.34,4
1788975259.5396106,learning_extended:serverless_predictive_fixed,0.0,165.34,4
1788975259.7421222,learning_extended:serverless_predictive_fixed,0.0,165.34,4
1788975259.9442356,learning_extended:serverless_predictive_fixed,0.0,165.34,4
1788975260.1462977,learning_extended:serverless_predictive_fixed,0.0,165.34,4
1788975260.3487074,learning_extended:serverless_predictive_fixed,0.0,165.34,4
1788975260.5507052,learning_extended:serverless_predictive_fixed,0.0,165.34,4
1788975260.7527301,learning_extended:serverless_predictive_fixed,0.0,165.34,4
1788975260.9547703,learning_extended:serverless_predictive_fixed,0.0,165.34,4
1788975261.1568882,learning_extended:serverless_predictive_fixed,0.0,165.34,4
1788975261.358928,learning_extended:serverless_predictive_fixed,0.0,165.34,4
1788975261.5609825,learning_extended:serverless_predictive_fixed,4.9,165.34,4
1788975261.7630215,learning_extended:serverless_predictive_fixed,4.9,165.34,4
1788975261.964946,learning_extended:serverless_predictive_fixed,0.0,165.34,4
1788975262.1670542,learning_extended:serverless_predictive_fixed,0.0,165.34,4
1788975262.3689713,learning_extended:serverless_predictive_fixed,0.0,165.34,4
1788975262.570816,learning_extended:serverless_predictive_fixed,5.0,122.68,3
1788975262.7729237,learning_extended:serverless_predictive_fixed,0.0,122.68,3
1788975262.9749334,learning_extended:serverless_predictive_fixed,5.0,80.12,3
1788975263.1774485,learning_extended:serverless_predictive_fixed,0.0,37.53,1
1788975263.3793015,learning_extended:serverless_predictive_fixed,0.0,37.53,1
1788975263.581094,learning_extended:serverless_predictive_fixed,0.0,37.53,1
1788975263.7829072,learning_extended:serverless_predictive_fixed,5.0,37.53,1
1788975263.9846234,learning_extended:serverless_predictive_fixed,0.0,37.53,1
1788975264.1864579,learning_extended:serverless_predictive_fixed,0.0,70.71,2
1788975264.3881514,learning_extended:serverless_predictive_fixed,89.2,79.95,2
1788975264.591089,learning_extended:serverless_predictive_fixed,14.8,133.17,4
1788975264.7934027,learning_extended:serverless_predictive_fixed,197.7,156.89,4
1788975264.9960713,learning_extended:serverless_predictive_fixed,69.1,165.33,4
1788975265.1983335,learning_extended:serverless_predictive_fixed,0.0,165.33,4
1788975265.401396,learning_extended:serverless_predictive_fixed,4.9,165.33,4
1788975265.6036868,learning_extended:serverless_predictive_fixed,4.9,165.33,4
1788975265.8059392,learning_extended:serverless_predictive_fixed,0.0,165.33,4
1788975266.0080173,learning_extended:serverless_predictive_fixed,0.0,165.33,4
1788975266.210037,learning_extended:serverless_predictive_fixed,0.0,165.33,4
1788975266.4121728,learning_extended:serverless_predictive_fixed,0.0,165.33,4
1788975266.6142504,learning_extended:serverless_predictive_fixed,0.0,165.33,4
1788975266.8164132,learning_extended:serverless_predictive_fixed,4.9,165.33,4
1788975267.0186744,learning_extended:serverless_predictive_fixed,0.0,165.33,4
1788975267.220784,learning_extended:serverless_predictive_fixed,0.0,165.33,4
1788975267.4229379,learning_extended:serverless_predictive_fixed,0.0,165.33,4
1788975267.6249988,learning_extended:serverless_predictive_fixed,4.9,165.33,4
1788975267.8269255,learning_extended:serverless_predictive_fixed,0.0,165.33,4
1788975268.0292406,learning_extended:serverless_predictive_fixed,0.0,165.33,4
1788975268.2319114,learning_extended:serverless_predictive_fixed,0.0,165.33,4
1788975268.4344494,learning_extended:serverless_predictive_fixed,0.0,165.33,4
1788975268.6365697,learning_extended:serverless_predictive_fixed,0.0,165.33,4
1788975268.8389428,learning_extended:serverless_predictive_fixed,0.0,165.33,4
1788975269.0421607,learning_extended:serverless_predictive_fixed,0.0,165.33,4
1788975269.2443545,learning_extended:serverless_predictive_fixed,0.0,165.33,4
1788975269.4464138,learning_extended:serverless_predictive_fixed,0.0,165.33,4
1788975269.6484585,learning_extended:serverless_predictive_fixed,0.0,165.33,4
1788975269.851119,learning_extended:serverless_predictive_fixed,4.9,165.33,4
1788975270.0533288,learning_extended:serverless_predictive_fixed,4.9,165.33,4
1788975270.2556388,learning_extended:serverless_predictive_fixed,0.0,165.33,4
1788975270.4578896,learning_extended:serverless_predictive_fixed,0.0,165.33,4
1788975270.6600184,learning_extended:serverless_predictive_fixed,0.0,165.33,4
1788975270.8620481,learning_extended:serverless_predictive_fixed,0.0,122.83,3
1788975271.0644846,learning_extended:serverless_predictive_fixed,0.0,122.83,3
1788975271.266635,learning_extended:serverless_predictive_fixed,0.0,80.21,2
1788975271.4686158,learning_extended:serverless_predictive_fixed,0.0,37.55,1
1788975271.6981304,learning_extended:serverless_predictive_fixed,0.0,37.55,1
1788975271.8999732,learning_extended:serverless_predictive_fixed,0.0,37.55,1
1788975272.1021338,learning_extended:serverless_predictive_fixed,0.0,37.55,1
1788975272.303888,learning_extended:serverless_predictive_fixed,0.0,37.55,1
1788975272.5057633,learning_extended:serverless_predictive_fixed,0.0,37.55,1
1788975272.70842,learning_extended:serverless_predictive_fixed,4.9,70.49,2
1788975272.9103868,learning_extended:serverless_predictive_fixed,104.0,79.85,2
1788975273.112246,learning_extended:serverless_predictive_fixed,5.0,80.11,2
1788975273.3143065,learning_extended:serverless_predictive_fixed,0.0,80.11,2
1788975273.5161176,learning_extended:serverless_predictive_fixed,0.0,80.11,2
1788975273.718607,learning_extended:serverless_predictive_fixed,0.0,80.11,2
1788975273.9214199,learning_extended:serverless_predictive_fixed,0.0,80.11,2
1788975274.1232388,learning_extended:serverless_predictive_fixed,0.0,80.11,2
1788975274.325093,learning_extended:serverless_predictive_fixed,0.0,80.11,2
1788975274.527114,learning_extended:serverless_predictive_fixed,0.0,80.11,2
1788975274.730872,learning_extended:serverless_predictive_fixed,4.9,93.66,4
1788975274.9377987,learning_extended:serverless_predictive_fixed,193.4,144.41,4
1788975275.1397436,learning_extended:serverless_predictive_fixed,193.2,161.37,4
1788975275.3423812,learning_extended:serverless_predictive_fixed,44.3,165.25,4
1788975275.5443423,learning_extended:serverless_predictive_fixed,0.0,165.25,4
1788975275.7464767,learning_extended:serverless_predictive_fixed,0.0,165.25,4
1788975275.9485116,learning_extended:serverless_predictive_fixed,0.0,165.25,4
1788975276.1506698,learning_extended:serverless_predictive_fixed,0.0,165.25,4
1788975276.3533704,learning_extended:serverless_predictive_fixed,0.0,165.25,4
1788975276.5554442,learning_extended:serverless_predictive_fixed,0.0,165.25,4
1788975276.7575226,learning_extended:serverless_predictive_fixed,4.9,165.25,4
1788975276.9595351,learning_extended:serverless_predictive_fixed,0.0,165.25,4
1788975277.1615117,learning_extended:serverless_predictive_fixed,0.0,165.25,4
1788975277.363743,learning_extended:serverless_predictive_fixed,0.0,165.25,4
1788975277.565797,learning_extended:serverless_predictive_fixed,0.0,165.25,4
1788975277.7685547,learning_extended:serverless_predictive_fixed,0.0,165.25,4
1788975277.9709244,learning_extended:serverless_predictive_fixed,0.0,165.25,4
1788975278.1729746,learning_extended:serverless_predictive_fixed,0.0,165.25,4
1788975278.374775,learning_extended:serverless_predictive_fixed,5.0,165.25,4
1788975278.576884,learning_extended:serverless_predictive_fixed,4.9,165.25,4
1788975278.779015,learning_extended:serverless_predictive_fixed,0.0,165.25,4
1788975278.9815547,learning_extended:serverless_predictive_fixed,0.0,165.25,4
1788975279.1838586,learning_extended:serverless_predictive_fixed,4.9,165.25,4
1788975279.3860168,learning_extended:serverless_predictive_fixed,0.0,165.25,4
1788975279.5879998,learning_extended:serverless_predictive_fixed,0.0,165.25,4
1788975279.7902207,learning_extended:serverless_predictive_fixed,0.0,165.25,4
1788975279.9921656,learning_extended:serverless_predictive_fixed,0.0,165.25,4
1788975280.1942968,learning_extended:serverless_predictive_fixed,0.0,165.25,4
1788975280.3963177,learning_extended:serverless_predictive_fixed,0.0,165.25,4
1788975280.5985165,learning_extended:serverless_predictive_fixed,4.9,165.25,4
1788975280.800696,learning_extended:serverless_predictive_fixed,0.0,165.25,4
1788975281.0027614,learning_extended:serverless_predictive_fixed,0.0,165.25,4
1788975281.2049317,learning_extended:serverless_predictive_fixed,0.0,165.25,4
1788975281.4070234,learning_extended:serverless_predictive_fixed,0.0,122.68,3
1788975281.6089382,learning_extended:serverless_predictive_fixed,0.0,122.68,3
1788975281.8115141,learning_extended:serverless_predictive_fixed,0.0,80.08,2
1788975282.0135984,learning_extended:serverless_predictive_fixed,0.0,37.55,1
1788975282.2155817,learning_extended:serverless_predictive_fixed,0.0,37.55,1
1788975282.418216,learning_extended:serverless_predictive_fixed,0.0,37.55,1
1788975282.6200955,learning_extended:serverless_predictive_fixed,0.0,37.55,1
1788975282.8220606,learning_extended:serverless_predictive_fixed,5.0,51.33,2
1788975283.0239708,learning_extended:serverless_predictive_fixed,94.1,74.07,2
1788975283.225933,learning_extended:serverless_predictive_fixed,79.3,80.08,2
1788975283.4278421,learning_extended:serverless_predictive_fixed,0.0,80.08,2
1788975283.629772,learning_extended:serverless_predictive_fixed,0.0,80.08,2
1788975283.8322308,learning_extended:serverless_predictive_fixed,0.0,80.08,2
1788975284.0342617,learning_extended:serverless_predictive_fixed,0.0,80.08,2
1788975284.2369542,learning_extended:serverless_predictive_fixed,9.8,109.29,4
1788975284.439403,learning_extended:serverless_predictive_fixed,197.6,148.14,4
1788975284.6415508,learning_extended:serverless_predictive_fixed,158.3,163.45,4
1788975284.8441527,learning_extended:serverless_predictive_fixed,9.9,165.12,4
1788975285.0463464,learning_extended:serverless_predictive_fixed,0.0,165.12,4
1788975285.2482755,learning_extended:serverless_predictive_fixed,5.0,165.12,4
1788975285.4504042,learning_extended:serverless_predictive_fixed,4.9,165.12,4
1788975285.6524293,learning_extended:serverless_predictive_fixed,0.0,165.12,4
1788975285.854572,learning_extended:serverless_predictive_fixed,0.0,165.12,4
1788975286.0567665,learning_extended:serverless_predictive_fixed,4.9,165.12,4
1788975286.2589114,learning_extended:serverless_predictive_fixed,0.0,165.12,4
1788975286.4609156,learning_extended:serverless_predictive_fixed,0.0,165.12,4
1788975286.6629393,learning_extended:serverless_predictive_fixed,0.0,165.12,4
1788975286.8650315,learning_extended:serverless_predictive_fixed,0.0,165.12,4
1788975287.0672216,learning_extended:serverless_predictive_fixed,0.0,165.12,4
1788975287.2694614,learning_extended:serverless_predictive_fixed,0.0,165.12,4
1788975287.471782,learning_extended:serverless_predictive_fixed,4.9,165.12,4
1788975287.6751103,learning_extended:serverless_predictive_fixed,0.0,165.12,4
1788975287.8776782,learning_extended:serverless_predictive_fixed,0.0,165.12,4
1788975288.0806208,learning_extended:serverless_predictive_fixed,0.0,165.12,4
1788975288.283735,learning_extended:serverless_predictive_fixed,0.0,165.12,4
1788975288.485835,learning_extended:serverless_predictive_fixed,0.0,165.12,4
1788975288.6880167,learning_extended:serverless_predictive_fixed,0.0,165.12,4
1788975288.8901353,learning_extended:serverless_predictive_fixed,0.0,165.12,4
1788975289.0920954,learning_extended:serverless_predictive_fixed,5.0,165.12,4
1788975289.2943141,learning_extended:serverless_predictive_fixed,0.0,165.12,4
1788975289.4962313,learning_extended:serverless_predictive_fixed,0.0,165.12,4
1788975289.698428,learning_extended:serverless_predictive_fixed,4.9,165.12,4
1788975289.90067,learning_extended:serverless_predictive_fixed,0.0,165.12,4
1788975290.102992,learning_extended:serverless_predictive_fixed,0.0,165.12,4
1788975290.3049848,learning_extended:serverless_predictive_fixed,0.0,165.12,4
1788975290.506849,learning_extended:serverless_predictive_fixed,0.0,165.12,4
1788975290.7089684,learning_extended:serverless_predictive_fixed,0.0,122.58,3
1788975290.9107847,learning_extended:serverless_predictive_fixed,5.0,122.58,3
1788975291.1128724,learning_extended:serverless_predictive_fixed,0.0,80.11,2
1788975291.3146787,learning_extended:serverless_predictive_fixed,5.0,37.55,1
1788975291.5165071,learning_extended:serverless_predictive_fixed,0.0,37.55,1
1788975291.7183824,learning_extended:serverless_predictive_fixed,0.0,37.55,1
1788975291.920306,learning_extended:serverless_predictive_fixed,0.0,37.55,1
1788975292.1222165,learning_extended:serverless_predictive_fixed,0.0,37.55,1
1788975292.324021,learning_extended:serverless_predictive_fixed,0.0,64.26,2
1788975292.525957,learning_extended:serverless_predictive_fixed,104.0,75.86,2
1788975292.727967,learning_extended:serverless_predictive_fixed,29.7,80.1,2
1788975292.9341366,learning_extended:serverless_predictive_fixed,14.6,136.02,4
1788975293.136276,learning_extended:serverless_predictive_fixed,192.8,156.56,4
